graphst_meta	primary_integrator	primary_meta	graphst_feature_hash	primary_feature_hash	status
/home/xd/y/Benchmark/results/spatial_svg_rebuild_v1/e8p5_embryo/e8p5embryo/graphst/somde/n2000/seed0/embedding.meta.json	scvi	/home/xd/y/Benchmark/results/spatial_svg_rebuild_v1/e8p5_embryo/e8p5embryo/scvi/somde/n2000/seed0/embedding.meta.json	0c65d79151d8e4add5b5e3e4995fc5e6	0c65d79151d8e4add5b5e3e4995fc5e6	PASS
/home/xd/y/Benchmark/results/spatial_svg_rebuild_v1/e8p5_embryo/e8p5embryo/graphst/somde/n2000/seed0/embedding.meta.json	cellcharter	/home/xd/y/Benchmark/results/spatial_svg_rebuild_v1/e8p5_embryo/e8p5embryo/cellcharter/somde/n2000/seed0/embedding.meta.json	0c65d79151d8e4add5b5e3e4995fc5e6	0c65d79151d8e4add5b5e3e4995fc5e6	PASS
/home/xd/y/Benchmark/results/spatial_svg_rebuild_v1/e8p5_embryo/e8p5embryo/graphst/somde/n2000/seed2/embedding.meta.json	scvi	/home/xd/y/Benchmark/results/spatial_svg_rebuild_v1/e8p5_embryo/e8p5embryo/scvi/somde/n2000/seed2/embedding.meta.json	0c65d79151d8e4add5b5e3e4995fc5e6	0c65d79151d8e4add5b5e3e4995fc5e6	PASS
/home/xd/y/Benchmark/results/spatial_svg_rebuild_v1/e8p5_embryo/e8p5embryo/graphst/somde/n2000/seed2/embedding.meta.json	cellcharter	/home/xd/y/Benchmark/results/spatial_svg_rebuild_v1/e8p5_embryo/e8p5embryo/cellcharter/somde/n2000/seed2/embedding.meta.json	0c65d79151d8e4add5b5e3e4995fc5e6	0c65d79151d8e4add5b5e3e4995fc5e6	PASS
/home/xd/y/Benchmark/results/spatial_svg_rebuild_v1/e8p5_embryo/e8p5embryo/graphst/somde/n2000/seed1/embedding.meta.json	scvi	/home/xd/y/Benchmark/results/spatial_svg_rebuild_v1/e8p5_embryo/e8p5embryo/scvi/somde/n2000/seed1/embedding.meta.json	0c65d79151d8e4add5b5e3e4995fc5e6	0c65d79151d8e4add5b5e3e4995fc5e6	PASS
/home/xd/y/Benchmark/results/spatial_svg_rebuild_v1/e8p5_embryo/e8p5embryo/graphst/somde/n2000/seed1/embedding.meta.json	cellcharter	/home/xd/y/Benchmark/results/spatial_svg_rebuild_v1/e8p5_embryo/e8p5embryo/cellcharter/somde/n2000/seed1/embedding.meta.json	0c65d79151d8e4add5b5e3e4995fc5e6	0c65d79151d8e4add5b5e3e4995fc5e6	PASS
/home/xd/y/Benchmark/results/spatial_svg_rebuild_v1/e8p5_embryo/e8p5embryo/graphst/scPNMF/n2000/seed0/embedding.meta.json	scvi	/home/xd/y/Benchmark/results/spatial_svg_rebuild_v1/e8p5_embryo/e8p5embryo/scvi/scPNMF/n2000/seed0/embedding.meta.json	e0d55e5830769fb7c5a7113c7ca4404b	e0d55e5830769fb7c5a7113c7ca4404b	PASS
/home/xd/y/Benchmark/results/spatial_svg_rebuild_v1/e8p5_embryo/e8p5embryo/graphst/scPNMF/n2000/seed0/embedding.meta.json	cellcharter	/home/xd/y/Benchmark/results/spatial_svg_rebuild_v1/e8p5_embryo/e8p5embryo/cellcharter/scPNMF/n2000/seed0/embedding.meta.json	e0d55e5830769fb7c5a7113c7ca4404b	e0d55e5830769fb7c5a7113c7ca4404b	PASS
/home/xd/y/Benchmark/results/spatial_svg_rebuild_v1/e8p5_embryo/e8p5embryo/graphst/scPNMF/n2000/seed2/embedding.meta.json	scvi	/home/xd/y/Benchmark/results/spatial_svg_rebuild_v1/e8p5_embryo/e8p5embryo/scvi/scPNMF/n2000/seed2/embedding.meta.json	4d82d14951a0d048a9cba177616eddd7	4d82d14951a0d048a9cba177616eddd7	PASS
/home/xd/y/Benchmark/results/spatial_svg_rebuild_v1/e8p5_embryo/e8p5embryo/graphst/scPNMF/n2000/seed2/embedding.meta.json	cellcharter	/home/xd/y/Benchmark/results/spatial_svg_rebuild_v1/e8p5_embryo/e8p5embryo/cellcharter/scPNMF/n2000/seed2/embedding.meta.json	4d82d14951a0d048a9cba177616eddd7	4d82d14951a0d048a9cba177616eddd7	PASS
/home/xd/y/Benchmark/results/spatial_svg_rebuild_v1/e8p5_embryo/e8p5embryo/graphst/scPNMF/n2000/seed1/embedding.meta.json	scvi	/home/xd/y/Benchmark/results/spatial_svg_rebuild_v1/e8p5_embryo/e8p5embryo/scvi/scPNMF/n2000/seed1/embedding.meta.json	cfce3a53d2b2c8c02c1b376303e40a74	cfce3a53d2b2c8c02c1b376303e40a74	PASS
/home/xd/y/Benchmark/results/spatial_svg_rebuild_v1/e8p5_embryo/e8p5embryo/graphst/scPNMF/n2000/seed1/embedding.meta.json	cellcharter	/home/xd/y/Benchmark/results/spatial_svg_rebuild_v1/e8p5_embryo/e8p5embryo/cellcharter/scPNMF/n2000/seed1/embedding.meta.json	cfce3a53d2b2c8c02c1b376303e40a74	cfce3a53d2b2c8c02c1b376303e40a74	PASS
/home/xd/y/Benchmark/results/spatial_svg_rebuild_v1/e8p5_embryo/e8p5embryo/graphst/scanpy_seurat_v3/n2000/seed0/embedding.meta.json	scvi	/home/xd/y/Benchmark/results/spatial_svg_rebuild_v1/e8p5_embryo/e8p5embryo/scvi/scanpy_seurat_v3/n2000/seed0/embedding.meta.json	46661d07557e6373f533403494383308	46661d07557e6373f533403494383308	PASS
/home/xd/y/Benchmark/results/spatial_svg_rebuild_v1/e8p5_embryo/e8p5embryo/graphst/scanpy_seurat_v3/n2000/seed0/embedding.meta.json	cellcharter	/home/xd/y/Benchmark/results/spatial_svg_rebuild_v1/e8p5_embryo/e8p5embryo/cellcharter/scanpy_seurat_v3/n2000/seed0/embedding.meta.json	46661d07557e6373f533403494383308	46661d07557e6373f533403494383308	PASS
/home/xd/y/Benchmark/results/spatial_svg_rebuild_v1/e8p5_embryo/e8p5embryo/graphst/scanpy_seurat_v3/n2000/seed2/embedding.meta.json	scvi	/home/xd/y/Benchmark/results/spatial_svg_rebuild_v1/e8p5_embryo/e8p5embryo/scvi/scanpy_seurat_v3/n2000/seed2/embedding.meta.json	46661d07557e6373f533403494383308	46661d07557e6373f533403494383308	PASS
/home/xd/y/Benchmark/results/spatial_svg_rebuild_v1/e8p5_embryo/e8p5embryo/graphst/scanpy_seurat_v3/n2000/seed2/embedding.meta.json	cellcharter	/home/xd/y/Benchmark/results/spatial_svg_rebuild_v1/e8p5_embryo/e8p5embryo/cellcharter/scanpy_seurat_v3/n2000/seed2/embedding.meta.json	46661d07557e6373f533403494383308	46661d07557e6373f533403494383308	PASS
/home/xd/y/Benchmark/results/spatial_svg_rebuild_v1/e8p5_embryo/e8p5embryo/graphst/scanpy_seurat_v3/n2000/seed1/embedding.meta.json	scvi	/home/xd/y/Benchmark/results/spatial_svg_rebuild_v1/e8p5_embryo/e8p5embryo/scvi/scanpy_seurat_v3/n2000/seed1/embedding.meta.json	46661d07557e6373f533403494383308	46661d07557e6373f533403494383308	PASS
/home/xd/y/Benchmark/results/spatial_svg_rebuild_v1/e8p5_embryo/e8p5embryo/graphst/scanpy_seurat_v3/n2000/seed1/embedding.meta.json	cellcharter	/home/xd/y/Benchmark/results/spatial_svg_rebuild_v1/e8p5_embryo/e8p5embryo/cellcharter/scanpy_seurat_v3/n2000/seed1/embedding.meta.json	46661d07557e6373f533403494383308	46661d07557e6373f533403494383308	PASS
/home/xd/y/Benchmark/results/spatial_svg_rebuild_v1/e8p5_embryo/e8p5embryo/graphst/hotspot/n2000/seed0/embedding.meta.json	scvi	/home/xd/y/Benchmark/results/spatial_svg_rebuild_v1/e8p5_embryo/e8p5embryo/scvi/hotspot/n2000/seed0/embedding.meta.json	b6640271ec22255b0b713b5082ba0465	b6640271ec22255b0b713b5082ba0465	PASS
/home/xd/y/Benchmark/results/spatial_svg_rebuild_v1/e8p5_embryo/e8p5embryo/graphst/hotspot/n2000/seed0/embedding.meta.json	cellcharter	/home/xd/y/Benchmark/results/spatial_svg_rebuild_v1/e8p5_embryo/e8p5embryo/cellcharter/hotspot/n2000/seed0/embedding.meta.json	b6640271ec22255b0b713b5082ba0465	b6640271ec22255b0b713b5082ba0465	PASS
/home/xd/y/Benchmark/results/spatial_svg_rebuild_v1/e8p5_embryo/e8p5embryo/graphst/hotspot/n2000/seed2/embedding.meta.json	scvi	/home/xd/y/Benchmark/results/spatial_svg_rebuild_v1/e8p5_embryo/e8p5embryo/scvi/hotspot/n2000/seed2/embedding.meta.json	e4863a255a7c2c57ab2fcfe56177b9e9	e4863a255a7c2c57ab2fcfe56177b9e9	PASS
/home/xd/y/Benchmark/results/spatial_svg_rebuild_v1/e8p5_embryo/e8p5embryo/graphst/hotspot/n2000/seed2/embedding.meta.json	cellcharter	/home/xd/y/Benchmark/results/spatial_svg_rebuild_v1/e8p5_embryo/e8p5embryo/cellcharter/hotspot/n2000/seed2/embedding.meta.json	e4863a255a7c2c57ab2fcfe56177b9e9	e4863a255a7c2c57ab2fcfe56177b9e9	PASS
/home/xd/y/Benchmark/results/spatial_svg_rebuild_v1/e8p5_embryo/e8p5embryo/graphst/hotspot/n2000/seed1/embedding.meta.json	scvi	/home/xd/y/Benchmark/results/spatial_svg_rebuild_v1/e8p5_embryo/e8p5embryo/scvi/hotspot/n2000/seed1/embedding.meta.json	cf11787b6c18f51eb1e0de579f1f45b1	cf11787b6c18f51eb1e0de579f1f45b1	PASS
/home/xd/y/Benchmark/results/spatial_svg_rebuild_v1/e8p5_embryo/e8p5embryo/graphst/hotspot/n2000/seed1/embedding.meta.json	cellcharter	/home/xd/y/Benchmark/results/spatial_svg_rebuild_v1/e8p5_embryo/e8p5embryo/cellcharter/hotspot/n2000/seed1/embedding.meta.json	cf11787b6c18f51eb1e0de579f1f45b1	cf11787b6c18f51eb1e0de579f1f45b1	PASS
/home/xd/y/Benchmark/results/spatial_svg_rebuild_v1/e8p5_embryo/e8p5embryo/graphst/nnsvg/n2000/seed0/embedding.meta.json	scvi	/home/xd/y/Benchmark/results/spatial_svg_rebuild_v1/e8p5_embryo/e8p5embryo/scvi/nnsvg/n2000/seed0/embedding.meta.json	a7be6721f189628526dd9f205165d13d	a7be6721f189628526dd9f205165d13d	PASS
/home/xd/y/Benchmark/results/spatial_svg_rebuild_v1/e8p5_embryo/e8p5embryo/graphst/nnsvg/n2000/seed0/embedding.meta.json	cellcharter	/home/xd/y/Benchmark/results/spatial_svg_rebuild_v1/e8p5_embryo/e8p5embryo/cellcharter/nnsvg/n2000/seed0/embedding.meta.json	a7be6721f189628526dd9f205165d13d	a7be6721f189628526dd9f205165d13d	PASS
/home/xd/y/Benchmark/results/spatial_svg_rebuild_v1/e8p5_embryo/e8p5embryo/graphst/nnsvg/n2000/seed2/embedding.meta.json	scvi	/home/xd/y/Benchmark/results/spatial_svg_rebuild_v1/e8p5_embryo/e8p5embryo/scvi/nnsvg/n2000/seed2/embedding.meta.json	a7be6721f189628526dd9f205165d13d	a7be6721f189628526dd9f205165d13d	PASS
/home/xd/y/Benchmark/results/spatial_svg_rebuild_v1/e8p5_embryo/e8p5embryo/graphst/nnsvg/n2000/seed2/embedding.meta.json	cellcharter	/home/xd/y/Benchmark/results/spatial_svg_rebuild_v1/e8p5_embryo/e8p5embryo/cellcharter/nnsvg/n2000/seed2/embedding.meta.json	a7be6721f189628526dd9f205165d13d	a7be6721f189628526dd9f205165d13d	PASS
/home/xd/y/Benchmark/results/spatial_svg_rebuild_v1/e8p5_embryo/e8p5embryo/graphst/nnsvg/n2000/seed1/embedding.meta.json	scvi	/home/xd/y/Benchmark/results/spatial_svg_rebuild_v1/e8p5_embryo/e8p5embryo/scvi/nnsvg/n2000/seed1/embedding.meta.json	a7be6721f189628526dd9f205165d13d	a7be6721f189628526dd9f205165d13d	PASS
/home/xd/y/Benchmark/results/spatial_svg_rebuild_v1/e8p5_embryo/e8p5embryo/graphst/nnsvg/n2000/seed1/embedding.meta.json	cellcharter	/home/xd/y/Benchmark/results/spatial_svg_rebuild_v1/e8p5_embryo/e8p5embryo/cellcharter/nnsvg/n2000/seed1/embedding.meta.json	a7be6721f189628526dd9f205165d13d	a7be6721f189628526dd9f205165d13d	PASS
/home/xd/y/Benchmark/results/spatial_svg_rebuild_v1/e8p5_embryo/e8p5embryo/graphst/dubstepr/n2000/seed0/embedding.meta.json	scvi	/home/xd/y/Benchmark/results/spatial_svg_rebuild_v1/e8p5_embryo/e8p5embryo/scvi/dubstepr/n2000/seed0/embedding.meta.json	d42f54a7de16b1ef602e07d29b420f8c	d42f54a7de16b1ef602e07d29b420f8c	PASS
/home/xd/y/Benchmark/results/spatial_svg_rebuild_v1/e8p5_embryo/e8p5embryo/graphst/dubstepr/n2000/seed0/embedding.meta.json	cellcharter	/home/xd/y/Benchmark/results/spatial_svg_rebuild_v1/e8p5_embryo/e8p5embryo/cellcharter/dubstepr/n2000/seed0/embedding.meta.json	d42f54a7de16b1ef602e07d29b420f8c	d42f54a7de16b1ef602e07d29b420f8c	PASS
/home/xd/y/Benchmark/results/spatial_svg_rebuild_v1/e8p5_embryo/e8p5embryo/graphst/dubstepr/n2000/seed2/embedding.meta.json	scvi	/home/xd/y/Benchmark/results/spatial_svg_rebuild_v1/e8p5_embryo/e8p5embryo/scvi/dubstepr/n2000/seed2/embedding.meta.json	f8ba64e2ebecda3607afe422ea5323b5	f8ba64e2ebecda3607afe422ea5323b5	PASS
/home/xd/y/Benchmark/results/spatial_svg_rebuild_v1/e8p5_embryo/e8p5embryo/graphst/dubstepr/n2000/seed2/embedding.meta.json	cellcharter	/home/xd/y/Benchmark/results/spatial_svg_rebuild_v1/e8p5_embryo/e8p5embryo/cellcharter/dubstepr/n2000/seed2/embedding.meta.json	f8ba64e2ebecda3607afe422ea5323b5	f8ba64e2ebecda3607afe422ea5323b5	PASS
/home/xd/y/Benchmark/results/spatial_svg_rebuild_v1/e8p5_embryo/e8p5embryo/graphst/dubstepr/n2000/seed1/embedding.meta.json	scvi	/home/xd/y/Benchmark/results/spatial_svg_rebuild_v1/e8p5_embryo/e8p5embryo/scvi/dubstepr/n2000/seed1/embedding.meta.json	f32a0710ea75f28b53d4b7821e02dc4b	f32a0710ea75f28b53d4b7821e02dc4b	PASS
/home/xd/y/Benchmark/results/spatial_svg_rebuild_v1/e8p5_embryo/e8p5embryo/graphst/dubstepr/n2000/seed1/embedding.meta.json	cellcharter	/home/xd/y/Benchmark/results/spatial_svg_rebuild_v1/e8p5_embryo/e8p5embryo/cellcharter/dubstepr/n2000/seed1/embedding.meta.json	f32a0710ea75f28b53d4b7821e02dc4b	f32a0710ea75f28b53d4b7821e02dc4b	PASS
/home/xd/y/Benchmark/results/spatial_svg_rebuild_v1/e8p5_embryo/e8p5embryo/graphst/anticor/n2000/seed0/embedding.meta.json	scvi	/home/xd/y/Benchmark/results/spatial_svg_rebuild_v1/e8p5_embryo/e8p5embryo/scvi/anticor/n2000/seed0/embedding.meta.json	9cc9d7c1845a2d39c14367db873fb3c2	9cc9d7c1845a2d39c14367db873fb3c2	PASS
/home/xd/y/Benchmark/results/spatial_svg_rebuild_v1/e8p5_embryo/e8p5embryo/graphst/anticor/n2000/seed0/embedding.meta.json	cellcharter	/home/xd/y/Benchmark/results/spatial_svg_rebuild_v1/e8p5_embryo/e8p5embryo/cellcharter/anticor/n2000/seed0/embedding.meta.json	9cc9d7c1845a2d39c14367db873fb3c2	9cc9d7c1845a2d39c14367db873fb3c2	PASS
/home/xd/y/Benchmark/results/spatial_svg_rebuild_v1/e8p5_embryo/e8p5embryo/graphst/anticor/n2000/seed2/embedding.meta.json	scvi	/home/xd/y/Benchmark/results/spatial_svg_rebuild_v1/e8p5_embryo/e8p5embryo/scvi/anticor/n2000/seed2/embedding.meta.json	966b4651da9a5bd403e0444775dcb6d1	966b4651da9a5bd403e0444775dcb6d1	PASS
/home/xd/y/Benchmark/results/spatial_svg_rebuild_v1/e8p5_embryo/e8p5embryo/graphst/anticor/n2000/seed2/embedding.meta.json	cellcharter	/home/xd/y/Benchmark/results/spatial_svg_rebuild_v1/e8p5_embryo/e8p5embryo/cellcharter/anticor/n2000/seed2/embedding.meta.json	966b4651da9a5bd403e0444775dcb6d1	966b4651da9a5bd403e0444775dcb6d1	PASS
/home/xd/y/Benchmark/results/spatial_svg_rebuild_v1/e8p5_embryo/e8p5embryo/graphst/anticor/n2000/seed1/embedding.meta.json	scvi	/home/xd/y/Benchmark/results/spatial_svg_rebuild_v1/e8p5_embryo/e8p5embryo/scvi/anticor/n2000/seed1/embedding.meta.json	7380a48095063035392a6e0abbaf4e4b	7380a48095063035392a6e0abbaf4e4b	PASS
/home/xd/y/Benchmark/results/spatial_svg_rebuild_v1/e8p5_embryo/e8p5embryo/graphst/anticor/n2000/seed1/embedding.meta.json	cellcharter	/home/xd/y/Benchmark/results/spatial_svg_rebuild_v1/e8p5_embryo/e8p5embryo/cellcharter/anticor/n2000/seed1/embedding.meta.json	7380a48095063035392a6e0abbaf4e4b	7380a48095063035392a6e0abbaf4e4b	PASS
/home/xd/y/Benchmark/results/spatial_svg_rebuild_v1/e8p5_embryo/e8p5embryo/graphst/triku/n2000/seed0/embedding.meta.json	scvi	/home/xd/y/Benchmark/results/spatial_svg_rebuild_v1/e8p5_embryo/e8p5embryo/scvi/triku/n2000/seed0/embedding.meta.json	0ff5ea64abe3228bf7854e4e301728b9	0ff5ea64abe3228bf7854e4e301728b9	PASS
/home/xd/y/Benchmark/results/spatial_svg_rebuild_v1/e8p5_embryo/e8p5embryo/graphst/triku/n2000/seed0/embedding.meta.json	cellcharter	/home/xd/y/Benchmark/results/spatial_svg_rebuild_v1/e8p5_embryo/e8p5embryo/cellcharter/triku/n2000/seed0/embedding.meta.json	0ff5ea64abe3228bf7854e4e301728b9	0ff5ea64abe3228bf7854e4e301728b9	PASS
/home/xd/y/Benchmark/results/spatial_svg_rebuild_v1/e8p5_embryo/e8p5embryo/graphst/triku/n2000/seed2/embedding.meta.json	scvi	/home/xd/y/Benchmark/results/spatial_svg_rebuild_v1/e8p5_embryo/e8p5embryo/scvi/triku/n2000/seed2/embedding.meta.json	ee7c41b500739da71b9161ca3e1178b5	ee7c41b500739da71b9161ca3e1178b5	PASS
/home/xd/y/Benchmark/results/spatial_svg_rebuild_v1/e8p5_embryo/e8p5embryo/graphst/triku/n2000/seed2/embedding.meta.json	cellcharter	/home/xd/y/Benchmark/results/spatial_svg_rebuild_v1/e8p5_embryo/e8p5embryo/cellcharter/triku/n2000/seed2/embedding.meta.json	ee7c41b500739da71b9161ca3e1178b5	ee7c41b500739da71b9161ca3e1178b5	PASS
/home/xd/y/Benchmark/results/spatial_svg_rebuild_v1/e8p5_embryo/e8p5embryo/graphst/triku/n2000/seed1/embedding.meta.json	scvi	/home/xd/y/Benchmark/results/spatial_svg_rebuild_v1/e8p5_embryo/e8p5embryo/scvi/triku/n2000/seed1/embedding.meta.json	9fc4d1f5ebd357a15e54a9d2a91ed73e	9fc4d1f5ebd357a15e54a9d2a91ed73e	PASS
/home/xd/y/Benchmark/results/spatial_svg_rebuild_v1/e8p5_embryo/e8p5embryo/graphst/triku/n2000/seed1/embedding.meta.json	cellcharter	/home/xd/y/Benchmark/results/spatial_svg_rebuild_v1/e8p5_embryo/e8p5embryo/cellcharter/triku/n2000/seed1/embedding.meta.json	9fc4d1f5ebd357a15e54a9d2a91ed73e	9fc4d1f5ebd357a15e54a9d2a91ed73e	PASS
/home/xd/y/Benchmark/results/spatial_svg_rebuild_v1/e8p5_embryo/e8p5embryo/graphst/scanpy_pearson/n2000/seed0/embedding.meta.json	scvi	/home/xd/y/Benchmark/results/spatial_svg_rebuild_v1/e8p5_embryo/e8p5embryo/scvi/scanpy_pearson/n2000/seed0/embedding.meta.json	b13c37983f415479986b478fc3dc1d72	b13c37983f415479986b478fc3dc1d72	PASS
/home/xd/y/Benchmark/results/spatial_svg_rebuild_v1/e8p5_embryo/e8p5embryo/graphst/scanpy_pearson/n2000/seed0/embedding.meta.json	cellcharter	/home/xd/y/Benchmark/results/spatial_svg_rebuild_v1/e8p5_embryo/e8p5embryo/cellcharter/scanpy_pearson/n2000/seed0/embedding.meta.json	b13c37983f415479986b478fc3dc1d72	b13c37983f415479986b478fc3dc1d72	PASS
/home/xd/y/Benchmark/results/spatial_svg_rebuild_v1/e8p5_embryo/e8p5embryo/graphst/scanpy_pearson/n2000/seed2/embedding.meta.json	scvi	/home/xd/y/Benchmark/results/spatial_svg_rebuild_v1/e8p5_embryo/e8p5embryo/scvi/scanpy_pearson/n2000/seed2/embedding.meta.json	b13c37983f415479986b478fc3dc1d72	b13c37983f415479986b478fc3dc1d72	PASS
/home/xd/y/Benchmark/results/spatial_svg_rebuild_v1/e8p5_embryo/e8p5embryo/graphst/scanpy_pearson/n2000/seed2/embedding.meta.json	cellcharter	/home/xd/y/Benchmark/results/spatial_svg_rebuild_v1/e8p5_embryo/e8p5embryo/cellcharter/scanpy_pearson/n2000/seed2/embedding.meta.json	b13c37983f415479986b478fc3dc1d72	b13c37983f415479986b478fc3dc1d72	PASS
/home/xd/y/Benchmark/results/spatial_svg_rebuild_v1/e8p5_embryo/e8p5embryo/graphst/scanpy_pearson/n2000/seed1/embedding.meta.json	scvi	/home/xd/y/Benchmark/results/spatial_svg_rebuild_v1/e8p5_embryo/e8p5embryo/scvi/scanpy_pearson/n2000/seed1/embedding.meta.json	b13c37983f415479986b478fc3dc1d72	b13c37983f415479986b478fc3dc1d72	PASS
/home/xd/y/Benchmark/results/spatial_svg_rebuild_v1/e8p5_embryo/e8p5embryo/graphst/scanpy_pearson/n2000/seed1/embedding.meta.json	cellcharter	/home/xd/y/Benchmark/results/spatial_svg_rebuild_v1/e8p5_embryo/e8p5embryo/cellcharter/scanpy_pearson/n2000/seed1/embedding.meta.json	b13c37983f415479986b478fc3dc1d72	b13c37983f415479986b478fc3dc1d72	PASS
/home/xd/y/Benchmark/results/spatial_svg_rebuild_v1/e8p5_embryo/e8p5embryo/graphst/seurat_sct/n2000/seed0/embedding.meta.json	scvi	/home/xd/y/Benchmark/results/spatial_svg_rebuild_v1/e8p5_embryo/e8p5embryo/scvi/seurat_sct/n2000/seed0/embedding.meta.json	cea0e1e476062b9f0ce128914588acb2	cea0e1e476062b9f0ce128914588acb2	PASS
/home/xd/y/Benchmark/results/spatial_svg_rebuild_v1/e8p5_embryo/e8p5embryo/graphst/seurat_sct/n2000/seed0/embedding.meta.json	cellcharter	/home/xd/y/Benchmark/results/spatial_svg_rebuild_v1/e8p5_embryo/e8p5embryo/cellcharter/seurat_sct/n2000/seed0/embedding.meta.json	cea0e1e476062b9f0ce128914588acb2	cea0e1e476062b9f0ce128914588acb2	PASS
/home/xd/y/Benchmark/results/spatial_svg_rebuild_v1/e8p5_embryo/e8p5embryo/graphst/seurat_sct/n2000/seed2/embedding.meta.json	scvi	/home/xd/y/Benchmark/results/spatial_svg_rebuild_v1/e8p5_embryo/e8p5embryo/scvi/seurat_sct/n2000/seed2/embedding.meta.json	794e76fd9843065aa89b662274ba4c32	794e76fd9843065aa89b662274ba4c32	PASS
/home/xd/y/Benchmark/results/spatial_svg_rebuild_v1/e8p5_embryo/e8p5embryo/graphst/seurat_sct/n2000/seed2/embedding.meta.json	cellcharter	/home/xd/y/Benchmark/results/spatial_svg_rebuild_v1/e8p5_embryo/e8p5embryo/cellcharter/seurat_sct/n2000/seed2/embedding.meta.json	794e76fd9843065aa89b662274ba4c32	794e76fd9843065aa89b662274ba4c32	PASS
/home/xd/y/Benchmark/results/spatial_svg_rebuild_v1/e8p5_embryo/e8p5embryo/graphst/seurat_sct/n2000/seed1/embedding.meta.json	scvi	/home/xd/y/Benchmark/results/spatial_svg_rebuild_v1/e8p5_embryo/e8p5embryo/scvi/seurat_sct/n2000/seed1/embedding.meta.json	2bab4948ee9407042abbe4c08242174d	2bab4948ee9407042abbe4c08242174d	PASS
/home/xd/y/Benchmark/results/spatial_svg_rebuild_v1/e8p5_embryo/e8p5embryo/graphst/seurat_sct/n2000/seed1/embedding.meta.json	cellcharter	/home/xd/y/Benchmark/results/spatial_svg_rebuild_v1/e8p5_embryo/e8p5embryo/cellcharter/seurat_sct/n2000/seed1/embedding.meta.json	2bab4948ee9407042abbe4c08242174d	2bab4948ee9407042abbe4c08242174d	PASS
/home/xd/y/Benchmark/results/spatial_svg_rebuild_v1/e8p5_embryo/e8p5embryo/graphst/scanpy_cell_ranger/n2000/seed0/embedding.meta.json	scvi	/home/xd/y/Benchmark/results/spatial_svg_rebuild_v1/e8p5_embryo/e8p5embryo/scvi/scanpy_cell_ranger/n2000/seed0/embedding.meta.json	f5e2832fe6f7bd3f916a7826628a1d26	f5e2832fe6f7bd3f916a7826628a1d26	PASS
/home/xd/y/Benchmark/results/spatial_svg_rebuild_v1/e8p5_embryo/e8p5embryo/graphst/scanpy_cell_ranger/n2000/seed0/embedding.meta.json	cellcharter	/home/xd/y/Benchmark/results/spatial_svg_rebuild_v1/e8p5_embryo/e8p5embryo/cellcharter/scanpy_cell_ranger/n2000/seed0/embedding.meta.json	f5e2832fe6f7bd3f916a7826628a1d26	f5e2832fe6f7bd3f916a7826628a1d26	PASS
/home/xd/y/Benchmark/results/spatial_svg_rebuild_v1/e8p5_embryo/e8p5embryo/graphst/scanpy_cell_ranger/n2000/seed2/embedding.meta.json	scvi	/home/xd/y/Benchmark/results/spatial_svg_rebuild_v1/e8p5_embryo/e8p5embryo/scvi/scanpy_cell_ranger/n2000/seed2/embedding.meta.json	f5e2832fe6f7bd3f916a7826628a1d26	f5e2832fe6f7bd3f916a7826628a1d26	PASS
/home/xd/y/Benchmark/results/spatial_svg_rebuild_v1/e8p5_embryo/e8p5embryo/graphst/scanpy_cell_ranger/n2000/seed2/embedding.meta.json	cellcharter	/home/xd/y/Benchmark/results/spatial_svg_rebuild_v1/e8p5_embryo/e8p5embryo/cellcharter/scanpy_cell_ranger/n2000/seed2/embedding.meta.json	f5e2832fe6f7bd3f916a7826628a1d26	f5e2832fe6f7bd3f916a7826628a1d26	PASS
/home/xd/y/Benchmark/results/spatial_svg_rebuild_v1/e8p5_embryo/e8p5embryo/graphst/scanpy_cell_ranger/n2000/seed1/embedding.meta.json	scvi	/home/xd/y/Benchmark/results/spatial_svg_rebuild_v1/e8p5_embryo/e8p5embryo/scvi/scanpy_cell_ranger/n2000/seed1/embedding.meta.json	f5e2832fe6f7bd3f916a7826628a1d26	f5e2832fe6f7bd3f916a7826628a1d26	PASS
/home/xd/y/Benchmark/results/spatial_svg_rebuild_v1/e8p5_embryo/e8p5embryo/graphst/scanpy_cell_ranger/n2000/seed1/embedding.meta.json	cellcharter	/home/xd/y/Benchmark/results/spatial_svg_rebuild_v1/e8p5_embryo/e8p5embryo/cellcharter/scanpy_cell_ranger/n2000/seed1/embedding.meta.json	f5e2832fe6f7bd3f916a7826628a1d26	f5e2832fe6f7bd3f916a7826628a1d26	PASS
/home/xd/y/Benchmark/results/spatial_svg_rebuild_v1/e8p5_embryo/e8p5embryo/graphst/scanpy_pearson_batch/n2000/seed0/embedding.meta.json	scvi	/home/xd/y/Benchmark/results/spatial_svg_rebuild_v1/e8p5_embryo/e8p5embryo/scvi/scanpy_pearson_batch/n2000/seed0/embedding.meta.json	449274f1234dc82fa9f78c9eb75928a3	449274f1234dc82fa9f78c9eb75928a3	PASS
/home/xd/y/Benchmark/results/spatial_svg_rebuild_v1/e8p5_embryo/e8p5embryo/graphst/scanpy_pearson_batch/n2000/seed0/embedding.meta.json	cellcharter	/home/xd/y/Benchmark/results/spatial_svg_rebuild_v1/e8p5_embryo/e8p5embryo/cellcharter/scanpy_pearson_batch/n2000/seed0/embedding.meta.json	449274f1234dc82fa9f78c9eb75928a3	449274f1234dc82fa9f78c9eb75928a3	PASS
/home/xd/y/Benchmark/results/spatial_svg_rebuild_v1/e8p5_embryo/e8p5embryo/graphst/scanpy_pearson_batch/n2000/seed2/embedding.meta.json	scvi	/home/xd/y/Benchmark/results/spatial_svg_rebuild_v1/e8p5_embryo/e8p5embryo/scvi/scanpy_pearson_batch/n2000/seed2/embedding.meta.json	449274f1234dc82fa9f78c9eb75928a3	449274f1234dc82fa9f78c9eb75928a3	PASS
/home/xd/y/Benchmark/results/spatial_svg_rebuild_v1/e8p5_embryo/e8p5embryo/graphst/scanpy_pearson_batch/n2000/seed2/embedding.meta.json	cellcharter	/home/xd/y/Benchmark/results/spatial_svg_rebuild_v1/e8p5_embryo/e8p5embryo/cellcharter/scanpy_pearson_batch/n2000/seed2/embedding.meta.json	449274f1234dc82fa9f78c9eb75928a3	449274f1234dc82fa9f78c9eb75928a3	PASS
/home/xd/y/Benchmark/results/spatial_svg_rebuild_v1/e8p5_embryo/e8p5embryo/graphst/scanpy_pearson_batch/n2000/seed1/embedding.meta.json	scvi	/home/xd/y/Benchmark/results/spatial_svg_rebuild_v1/e8p5_embryo/e8p5embryo/scvi/scanpy_pearson_batch/n2000/seed1/embedding.meta.json	449274f1234dc82fa9f78c9eb75928a3	449274f1234dc82fa9f78c9eb75928a3	PASS
/home/xd/y/Benchmark/results/spatial_svg_rebuild_v1/e8p5_embryo/e8p5embryo/graphst/scanpy_pearson_batch/n2000/seed1/embedding.meta.json	cellcharter	/home/xd/y/Benchmark/results/spatial_svg_rebuild_v1/e8p5_embryo/e8p5embryo/cellcharter/scanpy_pearson_batch/n2000/seed1/embedding.meta.json	449274f1234dc82fa9f78c9eb75928a3	449274f1234dc82fa9f78c9eb75928a3	PASS
/home/xd/y/Benchmark/results/spatial_svg_rebuild_v1/e8p5_embryo/e8p5embryo/graphst/singleCellHaystack/n2000/seed0/embedding.meta.json	scvi	/home/xd/y/Benchmark/results/spatial_svg_rebuild_v1/e8p5_embryo/e8p5embryo/scvi/singleCellHaystack/n2000/seed0/embedding.meta.json	a4ae890f19a611876583dad0366d432e	a4ae890f19a611876583dad0366d432e	PASS
/home/xd/y/Benchmark/results/spatial_svg_rebuild_v1/e8p5_embryo/e8p5embryo/graphst/singleCellHaystack/n2000/seed0/embedding.meta.json	cellcharter	/home/xd/y/Benchmark/results/spatial_svg_rebuild_v1/e8p5_embryo/e8p5embryo/cellcharter/singleCellHaystack/n2000/seed0/embedding.meta.json	a4ae890f19a611876583dad0366d432e	a4ae890f19a611876583dad0366d432e	PASS
/home/xd/y/Benchmark/results/spatial_svg_rebuild_v1/e8p5_embryo/e8p5embryo/graphst/singleCellHaystack/n2000/seed2/embedding.meta.json	scvi	/home/xd/y/Benchmark/results/spatial_svg_rebuild_v1/e8p5_embryo/e8p5embryo/scvi/singleCellHaystack/n2000/seed2/embedding.meta.json	56a0b04e4ee97ccfa9383ef62a2f11a0	56a0b04e4ee97ccfa9383ef62a2f11a0	PASS
/home/xd/y/Benchmark/results/spatial_svg_rebuild_v1/e8p5_embryo/e8p5embryo/graphst/singleCellHaystack/n2000/seed2/embedding.meta.json	cellcharter	/home/xd/y/Benchmark/results/spatial_svg_rebuild_v1/e8p5_embryo/e8p5embryo/cellcharter/singleCellHaystack/n2000/seed2/embedding.meta.json	56a0b04e4ee97ccfa9383ef62a2f11a0	56a0b04e4ee97ccfa9383ef62a2f11a0	PASS
/home/xd/y/Benchmark/results/spatial_svg_rebuild_v1/e8p5_embryo/e8p5embryo/graphst/singleCellHaystack/n2000/seed1/embedding.meta.json	scvi	/home/xd/y/Benchmark/results/spatial_svg_rebuild_v1/e8p5_embryo/e8p5embryo/scvi/singleCellHaystack/n2000/seed1/embedding.meta.json	7c9ab02eb72951ca8d8786b7b251cb4a	7c9ab02eb72951ca8d8786b7b251cb4a	PASS
/home/xd/y/Benchmark/results/spatial_svg_rebuild_v1/e8p5_embryo/e8p5embryo/graphst/singleCellHaystack/n2000/seed1/embedding.meta.json	cellcharter	/home/xd/y/Benchmark/results/spatial_svg_rebuild_v1/e8p5_embryo/e8p5embryo/cellcharter/singleCellHaystack/n2000/seed1/embedding.meta.json	7c9ab02eb72951ca8d8786b7b251cb4a	7c9ab02eb72951ca8d8786b7b251cb4a	PASS
/home/xd/y/Benchmark/results/spatial_svg_rebuild_v1/e8p5_embryo/e8p5embryo/graphst/statistic_mean/n2000/seed0/embedding.meta.json	scvi	/home/xd/y/Benchmark/results/spatial_svg_rebuild_v1/e8p5_embryo/e8p5embryo/scvi/statistic_mean/n2000/seed0/embedding.meta.json	9b24bdeb720067f3345e14f3cf84d886	9b24bdeb720067f3345e14f3cf84d886	PASS
/home/xd/y/Benchmark/results/spatial_svg_rebuild_v1/e8p5_embryo/e8p5embryo/graphst/statistic_mean/n2000/seed0/embedding.meta.json	cellcharter	/home/xd/y/Benchmark/results/spatial_svg_rebuild_v1/e8p5_embryo/e8p5embryo/cellcharter/statistic_mean/n2000/seed0/embedding.meta.json	9b24bdeb720067f3345e14f3cf84d886	9b24bdeb720067f3345e14f3cf84d886	PASS
/home/xd/y/Benchmark/results/spatial_svg_rebuild_v1/e8p5_embryo/e8p5embryo/graphst/statistic_mean/n2000/seed2/embedding.meta.json	scvi	/home/xd/y/Benchmark/results/spatial_svg_rebuild_v1/e8p5_embryo/e8p5embryo/scvi/statistic_mean/n2000/seed2/embedding.meta.json	9b24bdeb720067f3345e14f3cf84d886	9b24bdeb720067f3345e14f3cf84d886	PASS
/home/xd/y/Benchmark/results/spatial_svg_rebuild_v1/e8p5_embryo/e8p5embryo/graphst/statistic_mean/n2000/seed2/embedding.meta.json	cellcharter	/home/xd/y/Benchmark/results/spatial_svg_rebuild_v1/e8p5_embryo/e8p5embryo/cellcharter/statistic_mean/n2000/seed2/embedding.meta.json	9b24bdeb720067f3345e14f3cf84d886	9b24bdeb720067f3345e14f3cf84d886	PASS
/home/xd/y/Benchmark/results/spatial_svg_rebuild_v1/e8p5_embryo/e8p5embryo/graphst/statistic_mean/n2000/seed1/embedding.meta.json	scvi	/home/xd/y/Benchmark/results/spatial_svg_rebuild_v1/e8p5_embryo/e8p5embryo/scvi/statistic_mean/n2000/seed1/embedding.meta.json	9b24bdeb720067f3345e14f3cf84d886	9b24bdeb720067f3345e14f3cf84d886	PASS
/home/xd/y/Benchmark/results/spatial_svg_rebuild_v1/e8p5_embryo/e8p5embryo/graphst/statistic_mean/n2000/seed1/embedding.meta.json	cellcharter	/home/xd/y/Benchmark/results/spatial_svg_rebuild_v1/e8p5_embryo/e8p5embryo/cellcharter/statistic_mean/n2000/seed1/embedding.meta.json	9b24bdeb720067f3345e14f3cf84d886	9b24bdeb720067f3345e14f3cf84d886	PASS
/home/xd/y/Benchmark/results/spatial_svg_rebuild_v1/e8p5_embryo/e8p5embryo/graphst/sparkx/n2000/seed0/embedding.meta.json	scvi	/home/xd/y/Benchmark/results/spatial_svg_rebuild_v1/e8p5_embryo/e8p5embryo/scvi/sparkx/n2000/seed0/embedding.meta.json	78dfa2798e8f45468a27e7309e82afb4	78dfa2798e8f45468a27e7309e82afb4	PASS
/home/xd/y/Benchmark/results/spatial_svg_rebuild_v1/e8p5_embryo/e8p5embryo/graphst/sparkx/n2000/seed0/embedding.meta.json	cellcharter	/home/xd/y/Benchmark/results/spatial_svg_rebuild_v1/e8p5_embryo/e8p5embryo/cellcharter/sparkx/n2000/seed0/embedding.meta.json	78dfa2798e8f45468a27e7309e82afb4	78dfa2798e8f45468a27e7309e82afb4	PASS
/home/xd/y/Benchmark/results/spatial_svg_rebuild_v1/e8p5_embryo/e8p5embryo/graphst/sparkx/n2000/seed2/embedding.meta.json	scvi	/home/xd/y/Benchmark/results/spatial_svg_rebuild_v1/e8p5_embryo/e8p5embryo/scvi/sparkx/n2000/seed2/embedding.meta.json	78dfa2798e8f45468a27e7309e82afb4	78dfa2798e8f45468a27e7309e82afb4	PASS
/home/xd/y/Benchmark/results/spatial_svg_rebuild_v1/e8p5_embryo/e8p5embryo/graphst/sparkx/n2000/seed2/embedding.meta.json	cellcharter	/home/xd/y/Benchmark/results/spatial_svg_rebuild_v1/e8p5_embryo/e8p5embryo/cellcharter/sparkx/n2000/seed2/embedding.meta.json	78dfa2798e8f45468a27e7309e82afb4	78dfa2798e8f45468a27e7309e82afb4	PASS
/home/xd/y/Benchmark/results/spatial_svg_rebuild_v1/e8p5_embryo/e8p5embryo/graphst/sparkx/n2000/seed1/embedding.meta.json	scvi	/home/xd/y/Benchmark/results/spatial_svg_rebuild_v1/e8p5_embryo/e8p5embryo/scvi/sparkx/n2000/seed1/embedding.meta.json	78dfa2798e8f45468a27e7309e82afb4	78dfa2798e8f45468a27e7309e82afb4	PASS
/home/xd/y/Benchmark/results/spatial_svg_rebuild_v1/e8p5_embryo/e8p5embryo/graphst/sparkx/n2000/seed1/embedding.meta.json	cellcharter	/home/xd/y/Benchmark/results/spatial_svg_rebuild_v1/e8p5_embryo/e8p5embryo/cellcharter/sparkx/n2000/seed1/embedding.meta.json	78dfa2798e8f45468a27e7309e82afb4	78dfa2798e8f45468a27e7309e82afb4	PASS
/home/xd/y/Benchmark/results/spatial_svg_rebuild_v1/e8p5_embryo/e8p5embryo/graphst/morans_i/n2000/seed0/embedding.meta.json	scvi	/home/xd/y/Benchmark/results/spatial_svg_rebuild_v1/e8p5_embryo/e8p5embryo/scvi/morans_i/n2000/seed0/embedding.meta.json	caf02ecca7b59ecffb4c8526cbf9759a	caf02ecca7b59ecffb4c8526cbf9759a	PASS
/home/xd/y/Benchmark/results/spatial_svg_rebuild_v1/e8p5_embryo/e8p5embryo/graphst/morans_i/n2000/seed0/embedding.meta.json	cellcharter	/home/xd/y/Benchmark/results/spatial_svg_rebuild_v1/e8p5_embryo/e8p5embryo/cellcharter/morans_i/n2000/seed0/embedding.meta.json	caf02ecca7b59ecffb4c8526cbf9759a	caf02ecca7b59ecffb4c8526cbf9759a	PASS
/home/xd/y/Benchmark/results/spatial_svg_rebuild_v1/e8p5_embryo/e8p5embryo/graphst/morans_i/n2000/seed2/embedding.meta.json	scvi	/home/xd/y/Benchmark/results/spatial_svg_rebuild_v1/e8p5_embryo/e8p5embryo/scvi/morans_i/n2000/seed2/embedding.meta.json	caf02ecca7b59ecffb4c8526cbf9759a	caf02ecca7b59ecffb4c8526cbf9759a	PASS
/home/xd/y/Benchmark/results/spatial_svg_rebuild_v1/e8p5_embryo/e8p5embryo/graphst/morans_i/n2000/seed2/embedding.meta.json	cellcharter	/home/xd/y/Benchmark/results/spatial_svg_rebuild_v1/e8p5_embryo/e8p5embryo/cellcharter/morans_i/n2000/seed2/embedding.meta.json	caf02ecca7b59ecffb4c8526cbf9759a	caf02ecca7b59ecffb4c8526cbf9759a	PASS
/home/xd/y/Benchmark/results/spatial_svg_rebuild_v1/e8p5_embryo/e8p5embryo/graphst/morans_i/n2000/seed1/embedding.meta.json	scvi	/home/xd/y/Benchmark/results/spatial_svg_rebuild_v1/e8p5_embryo/e8p5embryo/scvi/morans_i/n2000/seed1/embedding.meta.json	caf02ecca7b59ecffb4c8526cbf9759a	caf02ecca7b59ecffb4c8526cbf9759a	PASS
/home/xd/y/Benchmark/results/spatial_svg_rebuild_v1/e8p5_embryo/e8p5embryo/graphst/morans_i/n2000/seed1/embedding.meta.json	cellcharter	/home/xd/y/Benchmark/results/spatial_svg_rebuild_v1/e8p5_embryo/e8p5embryo/cellcharter/morans_i/n2000/seed1/embedding.meta.json	caf02ecca7b59ecffb4c8526cbf9759a	caf02ecca7b59ecffb4c8526cbf9759a	PASS
/home/xd/y/Benchmark/results/spatial_svg_rebuild_v1/e8p5_embryo/e8p5embryo/graphst/seurat_mvp/n2000/seed0/embedding.meta.json	scvi	/home/xd/y/Benchmark/results/spatial_svg_rebuild_v1/e8p5_embryo/e8p5embryo/scvi/seurat_mvp/n2000/seed0/embedding.meta.json	0e8f374dddbfc9ab4ead211e095a3803	0e8f374dddbfc9ab4ead211e095a3803	PASS
/home/xd/y/Benchmark/results/spatial_svg_rebuild_v1/e8p5_embryo/e8p5embryo/graphst/seurat_mvp/n2000/seed0/embedding.meta.json	cellcharter	/home/xd/y/Benchmark/results/spatial_svg_rebuild_v1/e8p5_embryo/e8p5embryo/cellcharter/seurat_mvp/n2000/seed0/embedding.meta.json	0e8f374dddbfc9ab4ead211e095a3803	0e8f374dddbfc9ab4ead211e095a3803	PASS
/home/xd/y/Benchmark/results/spatial_svg_rebuild_v1/e8p5_embryo/e8p5embryo/graphst/seurat_mvp/n2000/seed2/embedding.meta.json	scvi	/home/xd/y/Benchmark/results/spatial_svg_rebuild_v1/e8p5_embryo/e8p5embryo/scvi/seurat_mvp/n2000/seed2/embedding.meta.json	0e8f374dddbfc9ab4ead211e095a3803	0e8f374dddbfc9ab4ead211e095a3803	PASS
/home/xd/y/Benchmark/results/spatial_svg_rebuild_v1/e8p5_embryo/e8p5embryo/graphst/seurat_mvp/n2000/seed2/embedding.meta.json	cellcharter	/home/xd/y/Benchmark/results/spatial_svg_rebuild_v1/e8p5_embryo/e8p5embryo/cellcharter/seurat_mvp/n2000/seed2/embedding.meta.json	0e8f374dddbfc9ab4ead211e095a3803	0e8f374dddbfc9ab4ead211e095a3803	PASS
/home/xd/y/Benchmark/results/spatial_svg_rebuild_v1/e8p5_embryo/e8p5embryo/graphst/seurat_mvp/n2000/seed1/embedding.meta.json	scvi	/home/xd/y/Benchmark/results/spatial_svg_rebuild_v1/e8p5_embryo/e8p5embryo/scvi/seurat_mvp/n2000/seed1/embedding.meta.json	0e8f374dddbfc9ab4ead211e095a3803	0e8f374dddbfc9ab4ead211e095a3803	PASS
/home/xd/y/Benchmark/results/spatial_svg_rebuild_v1/e8p5_embryo/e8p5embryo/graphst/seurat_mvp/n2000/seed1/embedding.meta.json	cellcharter	/home/xd/y/Benchmark/results/spatial_svg_rebuild_v1/e8p5_embryo/e8p5embryo/cellcharter/seurat_mvp/n2000/seed1/embedding.meta.json	0e8f374dddbfc9ab4ead211e095a3803	0e8f374dddbfc9ab4ead211e095a3803	PASS
/home/xd/y/Benchmark/results/spatial_svg_rebuild_v1/e8p5_embryo/e8p5embryo/graphst/osca/n2000/seed0/embedding.meta.json	scvi	/home/xd/y/Benchmark/results/spatial_svg_rebuild_v1/e8p5_embryo/e8p5embryo/scvi/osca/n2000/seed0/embedding.meta.json	4e6ec1e81c34fb247794bdef1138691f	4e6ec1e81c34fb247794bdef1138691f	PASS
/home/xd/y/Benchmark/results/spatial_svg_rebuild_v1/e8p5_embryo/e8p5embryo/graphst/osca/n2000/seed0/embedding.meta.json	cellcharter	/home/xd/y/Benchmark/results/spatial_svg_rebuild_v1/e8p5_embryo/e8p5embryo/cellcharter/osca/n2000/seed0/embedding.meta.json	4e6ec1e81c34fb247794bdef1138691f	4e6ec1e81c34fb247794bdef1138691f	PASS
/home/xd/y/Benchmark/results/spatial_svg_rebuild_v1/e8p5_embryo/e8p5embryo/graphst/osca/n2000/seed2/embedding.meta.json	scvi	/home/xd/y/Benchmark/results/spatial_svg_rebuild_v1/e8p5_embryo/e8p5embryo/scvi/osca/n2000/seed2/embedding.meta.json	4e6ec1e81c34fb247794bdef1138691f	4e6ec1e81c34fb247794bdef1138691f	PASS
/home/xd/y/Benchmark/results/spatial_svg_rebuild_v1/e8p5_embryo/e8p5embryo/graphst/osca/n2000/seed2/embedding.meta.json	cellcharter	/home/xd/y/Benchmark/results/spatial_svg_rebuild_v1/e8p5_embryo/e8p5embryo/cellcharter/osca/n2000/seed2/embedding.meta.json	4e6ec1e81c34fb247794bdef1138691f	4e6ec1e81c34fb247794bdef1138691f	PASS
/home/xd/y/Benchmark/results/spatial_svg_rebuild_v1/e8p5_embryo/e8p5embryo/graphst/osca/n2000/seed1/embedding.meta.json	scvi	/home/xd/y/Benchmark/results/spatial_svg_rebuild_v1/e8p5_embryo/e8p5embryo/scvi/osca/n2000/seed1/embedding.meta.json	4e6ec1e81c34fb247794bdef1138691f	4e6ec1e81c34fb247794bdef1138691f	PASS
/home/xd/y/Benchmark/results/spatial_svg_rebuild_v1/e8p5_embryo/e8p5embryo/graphst/osca/n2000/seed1/embedding.meta.json	cellcharter	/home/xd/y/Benchmark/results/spatial_svg_rebuild_v1/e8p5_embryo/e8p5embryo/cellcharter/osca/n2000/seed1/embedding.meta.json	4e6ec1e81c34fb247794bdef1138691f	4e6ec1e81c34fb247794bdef1138691f	PASS
/home/xd/y/Benchmark/results/spatial_svg_rebuild_v1/e8p5_embryo/e8p5embryo/graphst/scanpy_seurat_v3_batch/n2000/seed0/embedding.meta.json	scvi	/home/xd/y/Benchmark/results/spatial_svg_rebuild_v1/e8p5_embryo/e8p5embryo/scvi/scanpy_seurat_v3_batch/n2000/seed0/embedding.meta.json	42c2da7a1923c4a0b03e5ebcc8f0bfc7	42c2da7a1923c4a0b03e5ebcc8f0bfc7	PASS
/home/xd/y/Benchmark/results/spatial_svg_rebuild_v1/e8p5_embryo/e8p5embryo/graphst/scanpy_seurat_v3_batch/n2000/seed0/embedding.meta.json	cellcharter	/home/xd/y/Benchmark/results/spatial_svg_rebuild_v1/e8p5_embryo/e8p5embryo/cellcharter/scanpy_seurat_v3_batch/n2000/seed0/embedding.meta.json	42c2da7a1923c4a0b03e5ebcc8f0bfc7	42c2da7a1923c4a0b03e5ebcc8f0bfc7	PASS
/home/xd/y/Benchmark/results/spatial_svg_rebuild_v1/e8p5_embryo/e8p5embryo/graphst/scanpy_seurat_v3_batch/n2000/seed2/embedding.meta.json	scvi	/home/xd/y/Benchmark/results/spatial_svg_rebuild_v1/e8p5_embryo/e8p5embryo/scvi/scanpy_seurat_v3_batch/n2000/seed2/embedding.meta.json	42c2da7a1923c4a0b03e5ebcc8f0bfc7	42c2da7a1923c4a0b03e5ebcc8f0bfc7	PASS
/home/xd/y/Benchmark/results/spatial_svg_rebuild_v1/e8p5_embryo/e8p5embryo/graphst/scanpy_seurat_v3_batch/n2000/seed2/embedding.meta.json	cellcharter	/home/xd/y/Benchmark/results/spatial_svg_rebuild_v1/e8p5_embryo/e8p5embryo/cellcharter/scanpy_seurat_v3_batch/n2000/seed2/embedding.meta.json	42c2da7a1923c4a0b03e5ebcc8f0bfc7	42c2da7a1923c4a0b03e5ebcc8f0bfc7	PASS
/home/xd/y/Benchmark/results/spatial_svg_rebuild_v1/e8p5_embryo/e8p5embryo/graphst/scanpy_seurat_v3_batch/n2000/seed1/embedding.meta.json	scvi	/home/xd/y/Benchmark/results/spatial_svg_rebuild_v1/e8p5_embryo/e8p5embryo/scvi/scanpy_seurat_v3_batch/n2000/seed1/embedding.meta.json	42c2da7a1923c4a0b03e5ebcc8f0bfc7	42c2da7a1923c4a0b03e5ebcc8f0bfc7	PASS
/home/xd/y/Benchmark/results/spatial_svg_rebuild_v1/e8p5_embryo/e8p5embryo/graphst/scanpy_seurat_v3_batch/n2000/seed1/embedding.meta.json	cellcharter	/home/xd/y/Benchmark/results/spatial_svg_rebuild_v1/e8p5_embryo/e8p5embryo/cellcharter/scanpy_seurat_v3_batch/n2000/seed1/embedding.meta.json	42c2da7a1923c4a0b03e5ebcc8f0bfc7	42c2da7a1923c4a0b03e5ebcc8f0bfc7	PASS
/home/xd/y/Benchmark/results/spatial_svg_rebuild_v1/e8p5_embryo/e8p5embryo/graphst/statistic_variance/n2000/seed0/embedding.meta.json	scvi	/home/xd/y/Benchmark/results/spatial_svg_rebuild_v1/e8p5_embryo/e8p5embryo/scvi/statistic_variance/n2000/seed0/embedding.meta.json	6ae1d2053db8d467dd0b2c3b8a7d130d	6ae1d2053db8d467dd0b2c3b8a7d130d	PASS
/home/xd/y/Benchmark/results/spatial_svg_rebuild_v1/e8p5_embryo/e8p5embryo/graphst/statistic_variance/n2000/seed0/embedding.meta.json	cellcharter	/home/xd/y/Benchmark/results/spatial_svg_rebuild_v1/e8p5_embryo/e8p5embryo/cellcharter/statistic_variance/n2000/seed0/embedding.meta.json	6ae1d2053db8d467dd0b2c3b8a7d130d	6ae1d2053db8d467dd0b2c3b8a7d130d	PASS
/home/xd/y/Benchmark/results/spatial_svg_rebuild_v1/e8p5_embryo/e8p5embryo/graphst/statistic_variance/n2000/seed2/embedding.meta.json	scvi	/home/xd/y/Benchmark/results/spatial_svg_rebuild_v1/e8p5_embryo/e8p5embryo/scvi/statistic_variance/n2000/seed2/embedding.meta.json	6ae1d2053db8d467dd0b2c3b8a7d130d	6ae1d2053db8d467dd0b2c3b8a7d130d	PASS
/home/xd/y/Benchmark/results/spatial_svg_rebuild_v1/e8p5_embryo/e8p5embryo/graphst/statistic_variance/n2000/seed2/embedding.meta.json	cellcharter	/home/xd/y/Benchmark/results/spatial_svg_rebuild_v1/e8p5_embryo/e8p5embryo/cellcharter/statistic_variance/n2000/seed2/embedding.meta.json	6ae1d2053db8d467dd0b2c3b8a7d130d	6ae1d2053db8d467dd0b2c3b8a7d130d	PASS
/home/xd/y/Benchmark/results/spatial_svg_rebuild_v1/e8p5_embryo/e8p5embryo/graphst/statistic_variance/n2000/seed1/embedding.meta.json	scvi	/home/xd/y/Benchmark/results/spatial_svg_rebuild_v1/e8p5_embryo/e8p5embryo/scvi/statistic_variance/n2000/seed1/embedding.meta.json	6ae1d2053db8d467dd0b2c3b8a7d130d	6ae1d2053db8d467dd0b2c3b8a7d130d	PASS
/home/xd/y/Benchmark/results/spatial_svg_rebuild_v1/e8p5_embryo/e8p5embryo/graphst/statistic_variance/n2000/seed1/embedding.meta.json	cellcharter	/home/xd/y/Benchmark/results/spatial_svg_rebuild_v1/e8p5_embryo/e8p5embryo/cellcharter/statistic_variance/n2000/seed1/embedding.meta.json	6ae1d2053db8d467dd0b2c3b8a7d130d	6ae1d2053db8d467dd0b2c3b8a7d130d	PASS
/home/xd/y/Benchmark/results/spatial_svg_rebuild_v1/e8p5_embryo/e8p5embryo/graphst/spatialde/n2000/seed0/embedding.meta.json	scvi	/home/xd/y/Benchmark/results/spatial_svg_rebuild_v1/e8p5_embryo/e8p5embryo/scvi/spatialde/n2000/seed0/embedding.meta.json	731a48d5d1d79ea54371982e85720e49	731a48d5d1d79ea54371982e85720e49	PASS
/home/xd/y/Benchmark/results/spatial_svg_rebuild_v1/e8p5_embryo/e8p5embryo/graphst/spatialde/n2000/seed0/embedding.meta.json	cellcharter	/home/xd/y/Benchmark/results/spatial_svg_rebuild_v1/e8p5_embryo/e8p5embryo/cellcharter/spatialde/n2000/seed0/embedding.meta.json	731a48d5d1d79ea54371982e85720e49	731a48d5d1d79ea54371982e85720e49	PASS
/home/xd/y/Benchmark/results/spatial_svg_rebuild_v1/e8p5_embryo/e8p5embryo/graphst/spatialde/n2000/seed2/embedding.meta.json	scvi	/home/xd/y/Benchmark/results/spatial_svg_rebuild_v1/e8p5_embryo/e8p5embryo/scvi/spatialde/n2000/seed2/embedding.meta.json	aa07023e34b767392b23b1454d420b16	aa07023e34b767392b23b1454d420b16	PASS
/home/xd/y/Benchmark/results/spatial_svg_rebuild_v1/e8p5_embryo/e8p5embryo/graphst/spatialde/n2000/seed2/embedding.meta.json	cellcharter	/home/xd/y/Benchmark/results/spatial_svg_rebuild_v1/e8p5_embryo/e8p5embryo/cellcharter/spatialde/n2000/seed2/embedding.meta.json	aa07023e34b767392b23b1454d420b16	aa07023e34b767392b23b1454d420b16	PASS
/home/xd/y/Benchmark/results/spatial_svg_rebuild_v1/e8p5_embryo/e8p5embryo/graphst/spatialde/n2000/seed1/embedding.meta.json	scvi	/home/xd/y/Benchmark/results/spatial_svg_rebuild_v1/e8p5_embryo/e8p5embryo/scvi/spatialde/n2000/seed1/embedding.meta.json	b64a1220bb5c2236135f460a5ea718e5	b64a1220bb5c2236135f460a5ea718e5	PASS
/home/xd/y/Benchmark/results/spatial_svg_rebuild_v1/e8p5_embryo/e8p5embryo/graphst/spatialde/n2000/seed1/embedding.meta.json	cellcharter	/home/xd/y/Benchmark/results/spatial_svg_rebuild_v1/e8p5_embryo/e8p5embryo/cellcharter/spatialde/n2000/seed1/embedding.meta.json	b64a1220bb5c2236135f460a5ea718e5	b64a1220bb5c2236135f460a5ea718e5	PASS
/home/xd/y/Benchmark/results/spatial_svg_rebuild_v1/e8p5_embryo/e8p5embryo/graphst/Brennecke/n2000/seed0/embedding.meta.json	scvi	/home/xd/y/Benchmark/results/spatial_svg_rebuild_v1/e8p5_embryo/e8p5embryo/scvi/Brennecke/n2000/seed0/embedding.meta.json	003a0daf213be0edcbf5961d2e242870	003a0daf213be0edcbf5961d2e242870	PASS
/home/xd/y/Benchmark/results/spatial_svg_rebuild_v1/e8p5_embryo/e8p5embryo/graphst/Brennecke/n2000/seed0/embedding.meta.json	cellcharter	/home/xd/y/Benchmark/results/spatial_svg_rebuild_v1/e8p5_embryo/e8p5embryo/cellcharter/Brennecke/n2000/seed0/embedding.meta.json	003a0daf213be0edcbf5961d2e242870	003a0daf213be0edcbf5961d2e242870	PASS
/home/xd/y/Benchmark/results/spatial_svg_rebuild_v1/e8p5_embryo/e8p5embryo/graphst/Brennecke/n2000/seed2/embedding.meta.json	scvi	/home/xd/y/Benchmark/results/spatial_svg_rebuild_v1/e8p5_embryo/e8p5embryo/scvi/Brennecke/n2000/seed2/embedding.meta.json	003a0daf213be0edcbf5961d2e242870	003a0daf213be0edcbf5961d2e242870	PASS
/home/xd/y/Benchmark/results/spatial_svg_rebuild_v1/e8p5_embryo/e8p5embryo/graphst/Brennecke/n2000/seed2/embedding.meta.json	cellcharter	/home/xd/y/Benchmark/results/spatial_svg_rebuild_v1/e8p5_embryo/e8p5embryo/cellcharter/Brennecke/n2000/seed2/embedding.meta.json	003a0daf213be0edcbf5961d2e242870	003a0daf213be0edcbf5961d2e242870	PASS
/home/xd/y/Benchmark/results/spatial_svg_rebuild_v1/e8p5_embryo/e8p5embryo/graphst/Brennecke/n2000/seed1/embedding.meta.json	scvi	/home/xd/y/Benchmark/results/spatial_svg_rebuild_v1/e8p5_embryo/e8p5embryo/scvi/Brennecke/n2000/seed1/embedding.meta.json	003a0daf213be0edcbf5961d2e242870	003a0daf213be0edcbf5961d2e242870	PASS
/home/xd/y/Benchmark/results/spatial_svg_rebuild_v1/e8p5_embryo/e8p5embryo/graphst/Brennecke/n2000/seed1/embedding.meta.json	cellcharter	/home/xd/y/Benchmark/results/spatial_svg_rebuild_v1/e8p5_embryo/e8p5embryo/cellcharter/Brennecke/n2000/seed1/embedding.meta.json	003a0daf213be0edcbf5961d2e242870	003a0daf213be0edcbf5961d2e242870	PASS
/home/xd/y/Benchmark/results/spatial_svg_rebuild_v1/e8p5_embryo/e8p5embryo/graphst/scanpy_seurat_batch/n2000/seed0/embedding.meta.json	scvi	/home/xd/y/Benchmark/results/spatial_svg_rebuild_v1/e8p5_embryo/e8p5embryo/scvi/scanpy_seurat_batch/n2000/seed0/embedding.meta.json	cb27e6b7a0b66cfdfbd1f5217e638f7c	cb27e6b7a0b66cfdfbd1f5217e638f7c	PASS
/home/xd/y/Benchmark/results/spatial_svg_rebuild_v1/e8p5_embryo/e8p5embryo/graphst/scanpy_seurat_batch/n2000/seed0/embedding.meta.json	cellcharter	/home/xd/y/Benchmark/results/spatial_svg_rebuild_v1/e8p5_embryo/e8p5embryo/cellcharter/scanpy_seurat_batch/n2000/seed0/embedding.meta.json	cb27e6b7a0b66cfdfbd1f5217e638f7c	cb27e6b7a0b66cfdfbd1f5217e638f7c	PASS
/home/xd/y/Benchmark/results/spatial_svg_rebuild_v1/e8p5_embryo/e8p5embryo/graphst/scanpy_seurat_batch/n2000/seed2/embedding.meta.json	scvi	/home/xd/y/Benchmark/results/spatial_svg_rebuild_v1/e8p5_embryo/e8p5embryo/scvi/scanpy_seurat_batch/n2000/seed2/embedding.meta.json	cb27e6b7a0b66cfdfbd1f5217e638f7c	cb27e6b7a0b66cfdfbd1f5217e638f7c	PASS
/home/xd/y/Benchmark/results/spatial_svg_rebuild_v1/e8p5_embryo/e8p5embryo/graphst/scanpy_seurat_batch/n2000/seed2/embedding.meta.json	cellcharter	/home/xd/y/Benchmark/results/spatial_svg_rebuild_v1/e8p5_embryo/e8p5embryo/cellcharter/scanpy_seurat_batch/n2000/seed2/embedding.meta.json	cb27e6b7a0b66cfdfbd1f5217e638f7c	cb27e6b7a0b66cfdfbd1f5217e638f7c	PASS
/home/xd/y/Benchmark/results/spatial_svg_rebuild_v1/e8p5_embryo/e8p5embryo/graphst/scanpy_seurat_batch/n2000/seed1/embedding.meta.json	scvi	/home/xd/y/Benchmark/results/spatial_svg_rebuild_v1/e8p5_embryo/e8p5embryo/scvi/scanpy_seurat_batch/n2000/seed1/embedding.meta.json	cb27e6b7a0b66cfdfbd1f5217e638f7c	cb27e6b7a0b66cfdfbd1f5217e638f7c	PASS
/home/xd/y/Benchmark/results/spatial_svg_rebuild_v1/e8p5_embryo/e8p5embryo/graphst/scanpy_seurat_batch/n2000/seed1/embedding.meta.json	cellcharter	/home/xd/y/Benchmark/results/spatial_svg_rebuild_v1/e8p5_embryo/e8p5embryo/cellcharter/scanpy_seurat_batch/n2000/seed1/embedding.meta.json	cb27e6b7a0b66cfdfbd1f5217e638f7c	cb27e6b7a0b66cfdfbd1f5217e638f7c	PASS
/home/xd/y/Benchmark/results/spatial_svg_rebuild_v1/e8p5_embryo/e8p5embryo/graphst/scanpy_cell_ranger_batch/n2000/seed0/embedding.meta.json	scvi	/home/xd/y/Benchmark/results/spatial_svg_rebuild_v1/e8p5_embryo/e8p5embryo/scvi/scanpy_cell_ranger_batch/n2000/seed0/embedding.meta.json	e7099a65b3841f4f8a6d8c77e500ba55	e7099a65b3841f4f8a6d8c77e500ba55	PASS
/home/xd/y/Benchmark/results/spatial_svg_rebuild_v1/e8p5_embryo/e8p5embryo/graphst/scanpy_cell_ranger_batch/n2000/seed0/embedding.meta.json	cellcharter	/home/xd/y/Benchmark/results/spatial_svg_rebuild_v1/e8p5_embryo/e8p5embryo/cellcharter/scanpy_cell_ranger_batch/n2000/seed0/embedding.meta.json	e7099a65b3841f4f8a6d8c77e500ba55	e7099a65b3841f4f8a6d8c77e500ba55	PASS
/home/xd/y/Benchmark/results/spatial_svg_rebuild_v1/e8p5_embryo/e8p5embryo/graphst/scanpy_cell_ranger_batch/n2000/seed2/embedding.meta.json	scvi	/home/xd/y/Benchmark/results/spatial_svg_rebuild_v1/e8p5_embryo/e8p5embryo/scvi/scanpy_cell_ranger_batch/n2000/seed2/embedding.meta.json	e7099a65b3841f4f8a6d8c77e500ba55	e7099a65b3841f4f8a6d8c77e500ba55	PASS
/home/xd/y/Benchmark/results/spatial_svg_rebuild_v1/e8p5_embryo/e8p5embryo/graphst/scanpy_cell_ranger_batch/n2000/seed2/embedding.meta.json	cellcharter	/home/xd/y/Benchmark/results/spatial_svg_rebuild_v1/e8p5_embryo/e8p5embryo/cellcharter/scanpy_cell_ranger_batch/n2000/seed2/embedding.meta.json	e7099a65b3841f4f8a6d8c77e500ba55	e7099a65b3841f4f8a6d8c77e500ba55	PASS
/home/xd/y/Benchmark/results/spatial_svg_rebuild_v1/e8p5_embryo/e8p5embryo/graphst/scanpy_cell_ranger_batch/n2000/seed1/embedding.meta.json	scvi	/home/xd/y/Benchmark/results/spatial_svg_rebuild_v1/e8p5_embryo/e8p5embryo/scvi/scanpy_cell_ranger_batch/n2000/seed1/embedding.meta.json	e7099a65b3841f4f8a6d8c77e500ba55	e7099a65b3841f4f8a6d8c77e500ba55	PASS
/home/xd/y/Benchmark/results/spatial_svg_rebuild_v1/e8p5_embryo/e8p5embryo/graphst/scanpy_cell_ranger_batch/n2000/seed1/embedding.meta.json	cellcharter	/home/xd/y/Benchmark/results/spatial_svg_rebuild_v1/e8p5_embryo/e8p5embryo/cellcharter/scanpy_cell_ranger_batch/n2000/seed1/embedding.meta.json	e7099a65b3841f4f8a6d8c77e500ba55	e7099a65b3841f4f8a6d8c77e500ba55	PASS
/home/xd/y/Benchmark/results/spatial_svg_rebuild_v1/e8p5_embryo/e8p5embryo/graphst/scanpy_seurat/n2000/seed0/embedding.meta.json	scvi	/home/xd/y/Benchmark/results/spatial_svg_rebuild_v1/e8p5_embryo/e8p5embryo/scvi/scanpy_seurat/n2000/seed0/embedding.meta.json	1d615f98f63f11f013d42a48721912c6	1d615f98f63f11f013d42a48721912c6	PASS
/home/xd/y/Benchmark/results/spatial_svg_rebuild_v1/e8p5_embryo/e8p5embryo/graphst/scanpy_seurat/n2000/seed0/embedding.meta.json	cellcharter	/home/xd/y/Benchmark/results/spatial_svg_rebuild_v1/e8p5_embryo/e8p5embryo/cellcharter/scanpy_seurat/n2000/seed0/embedding.meta.json	1d615f98f63f11f013d42a48721912c6	1d615f98f63f11f013d42a48721912c6	PASS
/home/xd/y/Benchmark/results/spatial_svg_rebuild_v1/e8p5_embryo/e8p5embryo/graphst/scanpy_seurat/n2000/seed2/embedding.meta.json	scvi	/home/xd/y/Benchmark/results/spatial_svg_rebuild_v1/e8p5_embryo/e8p5embryo/scvi/scanpy_seurat/n2000/seed2/embedding.meta.json	1d615f98f63f11f013d42a48721912c6	1d615f98f63f11f013d42a48721912c6	PASS
/home/xd/y/Benchmark/results/spatial_svg_rebuild_v1/e8p5_embryo/e8p5embryo/graphst/scanpy_seurat/n2000/seed2/embedding.meta.json	cellcharter	/home/xd/y/Benchmark/results/spatial_svg_rebuild_v1/e8p5_embryo/e8p5embryo/cellcharter/scanpy_seurat/n2000/seed2/embedding.meta.json	1d615f98f63f11f013d42a48721912c6	1d615f98f63f11f013d42a48721912c6	PASS
/home/xd/y/Benchmark/results/spatial_svg_rebuild_v1/e8p5_embryo/e8p5embryo/graphst/scanpy_seurat/n2000/seed1/embedding.meta.json	scvi	/home/xd/y/Benchmark/results/spatial_svg_rebuild_v1/e8p5_embryo/e8p5embryo/scvi/scanpy_seurat/n2000/seed1/embedding.meta.json	1d615f98f63f11f013d42a48721912c6	1d615f98f63f11f013d42a48721912c6	PASS
/home/xd/y/Benchmark/results/spatial_svg_rebuild_v1/e8p5_embryo/e8p5embryo/graphst/scanpy_seurat/n2000/seed1/embedding.meta.json	cellcharter	/home/xd/y/Benchmark/results/spatial_svg_rebuild_v1/e8p5_embryo/e8p5embryo/cellcharter/scanpy_seurat/n2000/seed1/embedding.meta.json	1d615f98f63f11f013d42a48721912c6	1d615f98f63f11f013d42a48721912c6	PASS
/home/xd/y/Benchmark/results/spatial_svg_rebuild_v1/e8p5_embryo/e8p5embryo/graphst/seurat_disp/n2000/seed0/embedding.meta.json	scvi	/home/xd/y/Benchmark/results/spatial_svg_rebuild_v1/e8p5_embryo/e8p5embryo/scvi/seurat_disp/n2000/seed0/embedding.meta.json	1c4103481f2a2a8983bb174072160043	1c4103481f2a2a8983bb174072160043	PASS
/home/xd/y/Benchmark/results/spatial_svg_rebuild_v1/e8p5_embryo/e8p5embryo/graphst/seurat_disp/n2000/seed0/embedding.meta.json	cellcharter	/home/xd/y/Benchmark/results/spatial_svg_rebuild_v1/e8p5_embryo/e8p5embryo/cellcharter/seurat_disp/n2000/seed0/embedding.meta.json	1c4103481f2a2a8983bb174072160043	1c4103481f2a2a8983bb174072160043	PASS
/home/xd/y/Benchmark/results/spatial_svg_rebuild_v1/e8p5_embryo/e8p5embryo/graphst/seurat_disp/n2000/seed2/embedding.meta.json	scvi	/home/xd/y/Benchmark/results/spatial_svg_rebuild_v1/e8p5_embryo/e8p5embryo/scvi/seurat_disp/n2000/seed2/embedding.meta.json	1c4103481f2a2a8983bb174072160043	1c4103481f2a2a8983bb174072160043	PASS
/home/xd/y/Benchmark/results/spatial_svg_rebuild_v1/e8p5_embryo/e8p5embryo/graphst/seurat_disp/n2000/seed2/embedding.meta.json	cellcharter	/home/xd/y/Benchmark/results/spatial_svg_rebuild_v1/e8p5_embryo/e8p5embryo/cellcharter/seurat_disp/n2000/seed2/embedding.meta.json	1c4103481f2a2a8983bb174072160043	1c4103481f2a2a8983bb174072160043	PASS
/home/xd/y/Benchmark/results/spatial_svg_rebuild_v1/e8p5_embryo/e8p5embryo/graphst/seurat_disp/n2000/seed1/embedding.meta.json	scvi	/home/xd/y/Benchmark/results/spatial_svg_rebuild_v1/e8p5_embryo/e8p5embryo/scvi/seurat_disp/n2000/seed1/embedding.meta.json	1c4103481f2a2a8983bb174072160043	1c4103481f2a2a8983bb174072160043	PASS
/home/xd/y/Benchmark/results/spatial_svg_rebuild_v1/e8p5_embryo/e8p5embryo/graphst/seurat_disp/n2000/seed1/embedding.meta.json	cellcharter	/home/xd/y/Benchmark/results/spatial_svg_rebuild_v1/e8p5_embryo/e8p5embryo/cellcharter/seurat_disp/n2000/seed1/embedding.meta.json	1c4103481f2a2a8983bb174072160043	1c4103481f2a2a8983bb174072160043	PASS
/home/xd/y/Benchmark/results/spatial_svg_rebuild_v1/e8p5_embryo/e8p5embryo/graphst/nbumi/n2000/seed0/embedding.meta.json	scvi	/home/xd/y/Benchmark/results/spatial_svg_rebuild_v1/e8p5_embryo/e8p5embryo/scvi/nbumi/n2000/seed0/embedding.meta.json	a9340603d244054813ffce62937049d9	a9340603d244054813ffce62937049d9	PASS
/home/xd/y/Benchmark/results/spatial_svg_rebuild_v1/e8p5_embryo/e8p5embryo/graphst/nbumi/n2000/seed0/embedding.meta.json	cellcharter	/home/xd/y/Benchmark/results/spatial_svg_rebuild_v1/e8p5_embryo/e8p5embryo/cellcharter/nbumi/n2000/seed0/embedding.meta.json	a9340603d244054813ffce62937049d9	a9340603d244054813ffce62937049d9	PASS
/home/xd/y/Benchmark/results/spatial_svg_rebuild_v1/e8p5_embryo/e8p5embryo/graphst/nbumi/n2000/seed2/embedding.meta.json	scvi	/home/xd/y/Benchmark/results/spatial_svg_rebuild_v1/e8p5_embryo/e8p5embryo/scvi/nbumi/n2000/seed2/embedding.meta.json	f7ccdc28075271f8383ccb93e2b89859	f7ccdc28075271f8383ccb93e2b89859	PASS
/home/xd/y/Benchmark/results/spatial_svg_rebuild_v1/e8p5_embryo/e8p5embryo/graphst/nbumi/n2000/seed2/embedding.meta.json	cellcharter	/home/xd/y/Benchmark/results/spatial_svg_rebuild_v1/e8p5_embryo/e8p5embryo/cellcharter/nbumi/n2000/seed2/embedding.meta.json	f7ccdc28075271f8383ccb93e2b89859	f7ccdc28075271f8383ccb93e2b89859	PASS
/home/xd/y/Benchmark/results/spatial_svg_rebuild_v1/e8p5_embryo/e8p5embryo/graphst/nbumi/n2000/seed1/embedding.meta.json	scvi	/home/xd/y/Benchmark/results/spatial_svg_rebuild_v1/e8p5_embryo/e8p5embryo/scvi/nbumi/n2000/seed1/embedding.meta.json	7f9a9ae5440c32d6e7f9dbaeb17724d0	7f9a9ae5440c32d6e7f9dbaeb17724d0	PASS
/home/xd/y/Benchmark/results/spatial_svg_rebuild_v1/e8p5_embryo/e8p5embryo/graphst/nbumi/n2000/seed1/embedding.meta.json	cellcharter	/home/xd/y/Benchmark/results/spatial_svg_rebuild_v1/e8p5_embryo/e8p5embryo/cellcharter/nbumi/n2000/seed1/embedding.meta.json	7f9a9ae5440c32d6e7f9dbaeb17724d0	7f9a9ae5440c32d6e7f9dbaeb17724d0	PASS
/home/xd/y/Benchmark/results/spatial_svg_rebuild_v1/e8p5_embryo/e8p5embryo/graphst/seurat_vst/n2000/seed0/embedding.meta.json	scvi	/home/xd/y/Benchmark/results/spatial_svg_rebuild_v1/e8p5_embryo/e8p5embryo/scvi/seurat_vst/n2000/seed0/embedding.meta.json	a2d27dd029320beaff50440f4827c933	a2d27dd029320beaff50440f4827c933	PASS
/home/xd/y/Benchmark/results/spatial_svg_rebuild_v1/e8p5_embryo/e8p5embryo/graphst/seurat_vst/n2000/seed0/embedding.meta.json	cellcharter	/home/xd/y/Benchmark/results/spatial_svg_rebuild_v1/e8p5_embryo/e8p5embryo/cellcharter/seurat_vst/n2000/seed0/embedding.meta.json	a2d27dd029320beaff50440f4827c933	a2d27dd029320beaff50440f4827c933	PASS
/home/xd/y/Benchmark/results/spatial_svg_rebuild_v1/e8p5_embryo/e8p5embryo/graphst/seurat_vst/n2000/seed2/embedding.meta.json	scvi	/home/xd/y/Benchmark/results/spatial_svg_rebuild_v1/e8p5_embryo/e8p5embryo/scvi/seurat_vst/n2000/seed2/embedding.meta.json	a2d27dd029320beaff50440f4827c933	a2d27dd029320beaff50440f4827c933	PASS
/home/xd/y/Benchmark/results/spatial_svg_rebuild_v1/e8p5_embryo/e8p5embryo/graphst/seurat_vst/n2000/seed2/embedding.meta.json	cellcharter	/home/xd/y/Benchmark/results/spatial_svg_rebuild_v1/e8p5_embryo/e8p5embryo/cellcharter/seurat_vst/n2000/seed2/embedding.meta.json	a2d27dd029320beaff50440f4827c933	a2d27dd029320beaff50440f4827c933	PASS
/home/xd/y/Benchmark/results/spatial_svg_rebuild_v1/e8p5_embryo/e8p5embryo/graphst/seurat_vst/n2000/seed1/embedding.meta.json	scvi	/home/xd/y/Benchmark/results/spatial_svg_rebuild_v1/e8p5_embryo/e8p5embryo/scvi/seurat_vst/n2000/seed1/embedding.meta.json	a2d27dd029320beaff50440f4827c933	a2d27dd029320beaff50440f4827c933	PASS
/home/xd/y/Benchmark/results/spatial_svg_rebuild_v1/e8p5_embryo/e8p5embryo/graphst/seurat_vst/n2000/seed1/embedding.meta.json	cellcharter	/home/xd/y/Benchmark/results/spatial_svg_rebuild_v1/e8p5_embryo/e8p5embryo/cellcharter/seurat_vst/n2000/seed1/embedding.meta.json	a2d27dd029320beaff50440f4827c933	a2d27dd029320beaff50440f4827c933	PASS
/home/xd/y/Benchmark/results/spatial_svg_rebuild_v1/e8p5_embryo/e8p5embryo/graphst/scry/n2000/seed0/embedding.meta.json	scvi	/home/xd/y/Benchmark/results/spatial_svg_rebuild_v1/e8p5_embryo/e8p5embryo/scvi/scry/n2000/seed0/embedding.meta.json	5e9a1b7e83ce863fb52cd8d31c2176c9	5e9a1b7e83ce863fb52cd8d31c2176c9	PASS
/home/xd/y/Benchmark/results/spatial_svg_rebuild_v1/e8p5_embryo/e8p5embryo/graphst/scry/n2000/seed0/embedding.meta.json	cellcharter	/home/xd/y/Benchmark/results/spatial_svg_rebuild_v1/e8p5_embryo/e8p5embryo/cellcharter/scry/n2000/seed0/embedding.meta.json	5e9a1b7e83ce863fb52cd8d31c2176c9	5e9a1b7e83ce863fb52cd8d31c2176c9	PASS
/home/xd/y/Benchmark/results/spatial_svg_rebuild_v1/e8p5_embryo/e8p5embryo/graphst/scry/n2000/seed2/embedding.meta.json	scvi	/home/xd/y/Benchmark/results/spatial_svg_rebuild_v1/e8p5_embryo/e8p5embryo/scvi/scry/n2000/seed2/embedding.meta.json	5e9a1b7e83ce863fb52cd8d31c2176c9	5e9a1b7e83ce863fb52cd8d31c2176c9	PASS
/home/xd/y/Benchmark/results/spatial_svg_rebuild_v1/e8p5_embryo/e8p5embryo/graphst/scry/n2000/seed2/embedding.meta.json	cellcharter	/home/xd/y/Benchmark/results/spatial_svg_rebuild_v1/e8p5_embryo/e8p5embryo/cellcharter/scry/n2000/seed2/embedding.meta.json	5e9a1b7e83ce863fb52cd8d31c2176c9	5e9a1b7e83ce863fb52cd8d31c2176c9	PASS
/home/xd/y/Benchmark/results/spatial_svg_rebuild_v1/e8p5_embryo/e8p5embryo/graphst/scry/n2000/seed1/embedding.meta.json	scvi	/home/xd/y/Benchmark/results/spatial_svg_rebuild_v1/e8p5_embryo/e8p5embryo/scvi/scry/n2000/seed1/embedding.meta.json	5e9a1b7e83ce863fb52cd8d31c2176c9	5e9a1b7e83ce863fb52cd8d31c2176c9	PASS
/home/xd/y/Benchmark/results/spatial_svg_rebuild_v1/e8p5_embryo/e8p5embryo/graphst/scry/n2000/seed1/embedding.meta.json	cellcharter	/home/xd/y/Benchmark/results/spatial_svg_rebuild_v1/e8p5_embryo/e8p5embryo/cellcharter/scry/n2000/seed1/embedding.meta.json	5e9a1b7e83ce863fb52cd8d31c2176c9	5e9a1b7e83ce863fb52cd8d31c2176c9	PASS
/home/xd/y/Benchmark/results/spatial_svg_rebuild_v1/stomics_0212/stomics0212/graphst/somde/n2000/seed0/embedding.meta.json	scvi	/home/xd/y/Benchmark/results/spatial_svg_rebuild_v1/stomics_0212/stomics0212/scvi/somde/n2000/seed0/embedding.meta.json	2304b31be82639956a6140a167b1de53	2304b31be82639956a6140a167b1de53	PASS
/home/xd/y/Benchmark/results/spatial_svg_rebuild_v1/stomics_0212/stomics0212/graphst/somde/n2000/seed0/embedding.meta.json	cellcharter	/home/xd/y/Benchmark/results/spatial_svg_rebuild_v1/stomics_0212/stomics0212/cellcharter/somde/n2000/seed0/embedding.meta.json	2304b31be82639956a6140a167b1de53	2304b31be82639956a6140a167b1de53	PASS
/home/xd/y/Benchmark/results/spatial_svg_rebuild_v1/stomics_0212/stomics0212/graphst/somde/n2000/seed2/embedding.meta.json	scvi	/home/xd/y/Benchmark/results/spatial_svg_rebuild_v1/stomics_0212/stomics0212/scvi/somde/n2000/seed2/embedding.meta.json	2304b31be82639956a6140a167b1de53	2304b31be82639956a6140a167b1de53	PASS
/home/xd/y/Benchmark/results/spatial_svg_rebuild_v1/stomics_0212/stomics0212/graphst/somde/n2000/seed2/embedding.meta.json	cellcharter	/home/xd/y/Benchmark/results/spatial_svg_rebuild_v1/stomics_0212/stomics0212/cellcharter/somde/n2000/seed2/embedding.meta.json	2304b31be82639956a6140a167b1de53	2304b31be82639956a6140a167b1de53	PASS
/home/xd/y/Benchmark/results/spatial_svg_rebuild_v1/stomics_0212/stomics0212/graphst/somde/n2000/seed1/embedding.meta.json	scvi	/home/xd/y/Benchmark/results/spatial_svg_rebuild_v1/stomics_0212/stomics0212/scvi/somde/n2000/seed1/embedding.meta.json	2304b31be82639956a6140a167b1de53	2304b31be82639956a6140a167b1de53	PASS
/home/xd/y/Benchmark/results/spatial_svg_rebuild_v1/stomics_0212/stomics0212/graphst/somde/n2000/seed1/embedding.meta.json	cellcharter	/home/xd/y/Benchmark/results/spatial_svg_rebuild_v1/stomics_0212/stomics0212/cellcharter/somde/n2000/seed1/embedding.meta.json	2304b31be82639956a6140a167b1de53	2304b31be82639956a6140a167b1de53	PASS
/home/xd/y/Benchmark/results/spatial_svg_rebuild_v1/stomics_0212/stomics0212/graphst/scPNMF/n2000/seed0/embedding.meta.json	scvi	/home/xd/y/Benchmark/results/spatial_svg_rebuild_v1/stomics_0212/stomics0212/scvi/scPNMF/n2000/seed0/embedding.meta.json	451cbfcd9800e001d2a0b01aa0d04275	451cbfcd9800e001d2a0b01aa0d04275	PASS
/home/xd/y/Benchmark/results/spatial_svg_rebuild_v1/stomics_0212/stomics0212/graphst/scPNMF/n2000/seed0/embedding.meta.json	cellcharter	/home/xd/y/Benchmark/results/spatial_svg_rebuild_v1/stomics_0212/stomics0212/cellcharter/scPNMF/n2000/seed0/embedding.meta.json	451cbfcd9800e001d2a0b01aa0d04275	451cbfcd9800e001d2a0b01aa0d04275	PASS
/home/xd/y/Benchmark/results/spatial_svg_rebuild_v1/stomics_0212/stomics0212/graphst/scPNMF/n2000/seed2/embedding.meta.json	scvi	/home/xd/y/Benchmark/results/spatial_svg_rebuild_v1/stomics_0212/stomics0212/scvi/scPNMF/n2000/seed2/embedding.meta.json	2229d87729e732c9f9cbe26fb3adcc95	2229d87729e732c9f9cbe26fb3adcc95	PASS
/home/xd/y/Benchmark/results/spatial_svg_rebuild_v1/stomics_0212/stomics0212/graphst/scPNMF/n2000/seed2/embedding.meta.json	cellcharter	/home/xd/y/Benchmark/results/spatial_svg_rebuild_v1/stomics_0212/stomics0212/cellcharter/scPNMF/n2000/seed2/embedding.meta.json	2229d87729e732c9f9cbe26fb3adcc95	2229d87729e732c9f9cbe26fb3adcc95	PASS
/home/xd/y/Benchmark/results/spatial_svg_rebuild_v1/stomics_0212/stomics0212/graphst/scPNMF/n2000/seed1/embedding.meta.json	scvi	/home/xd/y/Benchmark/results/spatial_svg_rebuild_v1/stomics_0212/stomics0212/scvi/scPNMF/n2000/seed1/embedding.meta.json	527ffeef7e2282ea7f9d757664a47dd3	527ffeef7e2282ea7f9d757664a47dd3	PASS
/home/xd/y/Benchmark/results/spatial_svg_rebuild_v1/stomics_0212/stomics0212/graphst/scPNMF/n2000/seed1/embedding.meta.json	cellcharter	/home/xd/y/Benchmark/results/spatial_svg_rebuild_v1/stomics_0212/stomics0212/cellcharter/scPNMF/n2000/seed1/embedding.meta.json	527ffeef7e2282ea7f9d757664a47dd3	527ffeef7e2282ea7f9d757664a47dd3	PASS
/home/xd/y/Benchmark/results/spatial_svg_rebuild_v1/stomics_0212/stomics0212/graphst/scanpy_seurat_v3/n2000/seed0/embedding.meta.json	scvi	/home/xd/y/Benchmark/results/spatial_svg_rebuild_v1/stomics_0212/stomics0212/scvi/scanpy_seurat_v3/n2000/seed0/embedding.meta.json	3eea81fc36a4c691a83f932c4bb3f3c8	3eea81fc36a4c691a83f932c4bb3f3c8	PASS
/home/xd/y/Benchmark/results/spatial_svg_rebuild_v1/stomics_0212/stomics0212/graphst/scanpy_seurat_v3/n2000/seed0/embedding.meta.json	cellcharter	/home/xd/y/Benchmark/results/spatial_svg_rebuild_v1/stomics_0212/stomics0212/cellcharter/scanpy_seurat_v3/n2000/seed0/embedding.meta.json	3eea81fc36a4c691a83f932c4bb3f3c8	3eea81fc36a4c691a83f932c4bb3f3c8	PASS
/home/xd/y/Benchmark/results/spatial_svg_rebuild_v1/stomics_0212/stomics0212/graphst/scanpy_seurat_v3/n2000/seed2/embedding.meta.json	scvi	/home/xd/y/Benchmark/results/spatial_svg_rebuild_v1/stomics_0212/stomics0212/scvi/scanpy_seurat_v3/n2000/seed2/embedding.meta.json	3eea81fc36a4c691a83f932c4bb3f3c8	3eea81fc36a4c691a83f932c4bb3f3c8	PASS
/home/xd/y/Benchmark/results/spatial_svg_rebuild_v1/stomics_0212/stomics0212/graphst/scanpy_seurat_v3/n2000/seed2/embedding.meta.json	cellcharter	/home/xd/y/Benchmark/results/spatial_svg_rebuild_v1/stomics_0212/stomics0212/cellcharter/scanpy_seurat_v3/n2000/seed2/embedding.meta.json	3eea81fc36a4c691a83f932c4bb3f3c8	3eea81fc36a4c691a83f932c4bb3f3c8	PASS
/home/xd/y/Benchmark/results/spatial_svg_rebuild_v1/stomics_0212/stomics0212/graphst/scanpy_seurat_v3/n2000/seed1/embedding.meta.json	scvi	/home/xd/y/Benchmark/results/spatial_svg_rebuild_v1/stomics_0212/stomics0212/scvi/scanpy_seurat_v3/n2000/seed1/embedding.meta.json	3eea81fc36a4c691a83f932c4bb3f3c8	3eea81fc36a4c691a83f932c4bb3f3c8	PASS
/home/xd/y/Benchmark/results/spatial_svg_rebuild_v1/stomics_0212/stomics0212/graphst/scanpy_seurat_v3/n2000/seed1/embedding.meta.json	cellcharter	/home/xd/y/Benchmark/results/spatial_svg_rebuild_v1/stomics_0212/stomics0212/cellcharter/scanpy_seurat_v3/n2000/seed1/embedding.meta.json	3eea81fc36a4c691a83f932c4bb3f3c8	3eea81fc36a4c691a83f932c4bb3f3c8	PASS
/home/xd/y/Benchmark/results/spatial_svg_rebuild_v1/stomics_0212/stomics0212/graphst/hotspot/n2000/seed0/embedding.meta.json	scvi	/home/xd/y/Benchmark/results/spatial_svg_rebuild_v1/stomics_0212/stomics0212/scvi/hotspot/n2000/seed0/embedding.meta.json	539bb449f1ba6466655de16681dd6e7d	539bb449f1ba6466655de16681dd6e7d	PASS
/home/xd/y/Benchmark/results/spatial_svg_rebuild_v1/stomics_0212/stomics0212/graphst/hotspot/n2000/seed0/embedding.meta.json	cellcharter	/home/xd/y/Benchmark/results/spatial_svg_rebuild_v1/stomics_0212/stomics0212/cellcharter/hotspot/n2000/seed0/embedding.meta.json	539bb449f1ba6466655de16681dd6e7d	539bb449f1ba6466655de16681dd6e7d	PASS
/home/xd/y/Benchmark/results/spatial_svg_rebuild_v1/stomics_0212/stomics0212/graphst/hotspot/n2000/seed2/embedding.meta.json	scvi	/home/xd/y/Benchmark/results/spatial_svg_rebuild_v1/stomics_0212/stomics0212/scvi/hotspot/n2000/seed2/embedding.meta.json	e84e21ba5c88433cd95b694efab4d18d	e84e21ba5c88433cd95b694efab4d18d	PASS
/home/xd/y/Benchmark/results/spatial_svg_rebuild_v1/stomics_0212/stomics0212/graphst/hotspot/n2000/seed2/embedding.meta.json	cellcharter	/home/xd/y/Benchmark/results/spatial_svg_rebuild_v1/stomics_0212/stomics0212/cellcharter/hotspot/n2000/seed2/embedding.meta.json	e84e21ba5c88433cd95b694efab4d18d	e84e21ba5c88433cd95b694efab4d18d	PASS
/home/xd/y/Benchmark/results/spatial_svg_rebuild_v1/stomics_0212/stomics0212/graphst/hotspot/n2000/seed1/embedding.meta.json	scvi	/home/xd/y/Benchmark/results/spatial_svg_rebuild_v1/stomics_0212/stomics0212/scvi/hotspot/n2000/seed1/embedding.meta.json	d0434a94f8765a8e1a2d841e48060247	d0434a94f8765a8e1a2d841e48060247	PASS
/home/xd/y/Benchmark/results/spatial_svg_rebuild_v1/stomics_0212/stomics0212/graphst/hotspot/n2000/seed1/embedding.meta.json	cellcharter	/home/xd/y/Benchmark/results/spatial_svg_rebuild_v1/stomics_0212/stomics0212/cellcharter/hotspot/n2000/seed1/embedding.meta.json	d0434a94f8765a8e1a2d841e48060247	d0434a94f8765a8e1a2d841e48060247	PASS
/home/xd/y/Benchmark/results/spatial_svg_rebuild_v1/stomics_0212/stomics0212/graphst/nnsvg/n2000/seed0/embedding.meta.json	scvi	/home/xd/y/Benchmark/results/spatial_svg_rebuild_v1/stomics_0212/stomics0212/scvi/nnsvg/n2000/seed0/embedding.meta.json	bcc75da1f36e0f30fa0e2a98f35e511f	bcc75da1f36e0f30fa0e2a98f35e511f	PASS
/home/xd/y/Benchmark/results/spatial_svg_rebuild_v1/stomics_0212/stomics0212/graphst/nnsvg/n2000/seed0/embedding.meta.json	cellcharter	/home/xd/y/Benchmark/results/spatial_svg_rebuild_v1/stomics_0212/stomics0212/cellcharter/nnsvg/n2000/seed0/embedding.meta.json	bcc75da1f36e0f30fa0e2a98f35e511f	bcc75da1f36e0f30fa0e2a98f35e511f	PASS
/home/xd/y/Benchmark/results/spatial_svg_rebuild_v1/stomics_0212/stomics0212/graphst/nnsvg/n2000/seed2/embedding.meta.json	scvi	/home/xd/y/Benchmark/results/spatial_svg_rebuild_v1/stomics_0212/stomics0212/scvi/nnsvg/n2000/seed2/embedding.meta.json	bcc75da1f36e0f30fa0e2a98f35e511f	bcc75da1f36e0f30fa0e2a98f35e511f	PASS
/home/xd/y/Benchmark/results/spatial_svg_rebuild_v1/stomics_0212/stomics0212/graphst/nnsvg/n2000/seed2/embedding.meta.json	cellcharter	/home/xd/y/Benchmark/results/spatial_svg_rebuild_v1/stomics_0212/stomics0212/cellcharter/nnsvg/n2000/seed2/embedding.meta.json	bcc75da1f36e0f30fa0e2a98f35e511f	bcc75da1f36e0f30fa0e2a98f35e511f	PASS
/home/xd/y/Benchmark/results/spatial_svg_rebuild_v1/stomics_0212/stomics0212/graphst/nnsvg/n2000/seed1/embedding.meta.json	scvi	/home/xd/y/Benchmark/results/spatial_svg_rebuild_v1/stomics_0212/stomics0212/scvi/nnsvg/n2000/seed1/embedding.meta.json	bcc75da1f36e0f30fa0e2a98f35e511f	bcc75da1f36e0f30fa0e2a98f35e511f	PASS
/home/xd/y/Benchmark/results/spatial_svg_rebuild_v1/stomics_0212/stomics0212/graphst/nnsvg/n2000/seed1/embedding.meta.json	cellcharter	/home/xd/y/Benchmark/results/spatial_svg_rebuild_v1/stomics_0212/stomics0212/cellcharter/nnsvg/n2000/seed1/embedding.meta.json	bcc75da1f36e0f30fa0e2a98f35e511f	bcc75da1f36e0f30fa0e2a98f35e511f	PASS
/home/xd/y/Benchmark/results/spatial_svg_rebuild_v1/stomics_0212/stomics0212/graphst/dubstepr/n2000/seed0/embedding.meta.json	scvi	/home/xd/y/Benchmark/results/spatial_svg_rebuild_v1/stomics_0212/stomics0212/scvi/dubstepr/n2000/seed0/embedding.meta.json	8c6c03c3a25dd07b40bafdc12480fbb2	8c6c03c3a25dd07b40bafdc12480fbb2	PASS
/home/xd/y/Benchmark/results/spatial_svg_rebuild_v1/stomics_0212/stomics0212/graphst/dubstepr/n2000/seed0/embedding.meta.json	cellcharter	/home/xd/y/Benchmark/results/spatial_svg_rebuild_v1/stomics_0212/stomics0212/cellcharter/dubstepr/n2000/seed0/embedding.meta.json	8c6c03c3a25dd07b40bafdc12480fbb2	8c6c03c3a25dd07b40bafdc12480fbb2	PASS
/home/xd/y/Benchmark/results/spatial_svg_rebuild_v1/stomics_0212/stomics0212/graphst/dubstepr/n2000/seed2/embedding.meta.json	scvi	/home/xd/y/Benchmark/results/spatial_svg_rebuild_v1/stomics_0212/stomics0212/scvi/dubstepr/n2000/seed2/embedding.meta.json	e7b61b7683412735e006e8131fe04d94	e7b61b7683412735e006e8131fe04d94	PASS
/home/xd/y/Benchmark/results/spatial_svg_rebuild_v1/stomics_0212/stomics0212/graphst/dubstepr/n2000/seed2/embedding.meta.json	cellcharter	/home/xd/y/Benchmark/results/spatial_svg_rebuild_v1/stomics_0212/stomics0212/cellcharter/dubstepr/n2000/seed2/embedding.meta.json	e7b61b7683412735e006e8131fe04d94	e7b61b7683412735e006e8131fe04d94	PASS
/home/xd/y/Benchmark/results/spatial_svg_rebuild_v1/stomics_0212/stomics0212/graphst/dubstepr/n2000/seed1/embedding.meta.json	scvi	/home/xd/y/Benchmark/results/spatial_svg_rebuild_v1/stomics_0212/stomics0212/scvi/dubstepr/n2000/seed1/embedding.meta.json	597e71733aa736e3dcdc9bc82aba838a	597e71733aa736e3dcdc9bc82aba838a	PASS
/home/xd/y/Benchmark/results/spatial_svg_rebuild_v1/stomics_0212/stomics0212/graphst/dubstepr/n2000/seed1/embedding.meta.json	cellcharter	/home/xd/y/Benchmark/results/spatial_svg_rebuild_v1/stomics_0212/stomics0212/cellcharter/dubstepr/n2000/seed1/embedding.meta.json	597e71733aa736e3dcdc9bc82aba838a	597e71733aa736e3dcdc9bc82aba838a	PASS
/home/xd/y/Benchmark/results/spatial_svg_rebuild_v1/stomics_0212/stomics0212/graphst/anticor/n2000/seed0/embedding.meta.json	scvi	/home/xd/y/Benchmark/results/spatial_svg_rebuild_v1/stomics_0212/stomics0212/scvi/anticor/n2000/seed0/embedding.meta.json	613c04a31ccf78ee6c643704dcd2326d	613c04a31ccf78ee6c643704dcd2326d	PASS
/home/xd/y/Benchmark/results/spatial_svg_rebuild_v1/stomics_0212/stomics0212/graphst/anticor/n2000/seed0/embedding.meta.json	cellcharter	/home/xd/y/Benchmark/results/spatial_svg_rebuild_v1/stomics_0212/stomics0212/cellcharter/anticor/n2000/seed0/embedding.meta.json	613c04a31ccf78ee6c643704dcd2326d	613c04a31ccf78ee6c643704dcd2326d	PASS
/home/xd/y/Benchmark/results/spatial_svg_rebuild_v1/stomics_0212/stomics0212/graphst/anticor/n2000/seed2/embedding.meta.json	scvi	/home/xd/y/Benchmark/results/spatial_svg_rebuild_v1/stomics_0212/stomics0212/scvi/anticor/n2000/seed2/embedding.meta.json	4fe4b035226bc4c5e9113ee206c9d345	4fe4b035226bc4c5e9113ee206c9d345	PASS
/home/xd/y/Benchmark/results/spatial_svg_rebuild_v1/stomics_0212/stomics0212/graphst/anticor/n2000/seed2/embedding.meta.json	cellcharter	/home/xd/y/Benchmark/results/spatial_svg_rebuild_v1/stomics_0212/stomics0212/cellcharter/anticor/n2000/seed2/embedding.meta.json	4fe4b035226bc4c5e9113ee206c9d345	4fe4b035226bc4c5e9113ee206c9d345	PASS
/home/xd/y/Benchmark/results/spatial_svg_rebuild_v1/stomics_0212/stomics0212/graphst/anticor/n2000/seed1/embedding.meta.json	scvi	/home/xd/y/Benchmark/results/spatial_svg_rebuild_v1/stomics_0212/stomics0212/scvi/anticor/n2000/seed1/embedding.meta.json	a1fe51603ed69482678fabef37d5441a	a1fe51603ed69482678fabef37d5441a	PASS
/home/xd/y/Benchmark/results/spatial_svg_rebuild_v1/stomics_0212/stomics0212/graphst/anticor/n2000/seed1/embedding.meta.json	cellcharter	/home/xd/y/Benchmark/results/spatial_svg_rebuild_v1/stomics_0212/stomics0212/cellcharter/anticor/n2000/seed1/embedding.meta.json	a1fe51603ed69482678fabef37d5441a	a1fe51603ed69482678fabef37d5441a	PASS
/home/xd/y/Benchmark/results/spatial_svg_rebuild_v1/stomics_0212/stomics0212/graphst/triku/n2000/seed0/embedding.meta.json	scvi	/home/xd/y/Benchmark/results/spatial_svg_rebuild_v1/stomics_0212/stomics0212/scvi/triku/n2000/seed0/embedding.meta.json	a1f1f835202d9622482218e0e46f54b2	a1f1f835202d9622482218e0e46f54b2	PASS
/home/xd/y/Benchmark/results/spatial_svg_rebuild_v1/stomics_0212/stomics0212/graphst/triku/n2000/seed0/embedding.meta.json	cellcharter	/home/xd/y/Benchmark/results/spatial_svg_rebuild_v1/stomics_0212/stomics0212/cellcharter/triku/n2000/seed0/embedding.meta.json	a1f1f835202d9622482218e0e46f54b2	a1f1f835202d9622482218e0e46f54b2	PASS
/home/xd/y/Benchmark/results/spatial_svg_rebuild_v1/stomics_0212/stomics0212/graphst/triku/n2000/seed2/embedding.meta.json	scvi	/home/xd/y/Benchmark/results/spatial_svg_rebuild_v1/stomics_0212/stomics0212/scvi/triku/n2000/seed2/embedding.meta.json	6b7434a0775f78bb58d2339ddcbb3aa9	6b7434a0775f78bb58d2339ddcbb3aa9	PASS
/home/xd/y/Benchmark/results/spatial_svg_rebuild_v1/stomics_0212/stomics0212/graphst/triku/n2000/seed2/embedding.meta.json	cellcharter	/home/xd/y/Benchmark/results/spatial_svg_rebuild_v1/stomics_0212/stomics0212/cellcharter/triku/n2000/seed2/embedding.meta.json	6b7434a0775f78bb58d2339ddcbb3aa9	6b7434a0775f78bb58d2339ddcbb3aa9	PASS
/home/xd/y/Benchmark/results/spatial_svg_rebuild_v1/stomics_0212/stomics0212/graphst/triku/n2000/seed1/embedding.meta.json	scvi	/home/xd/y/Benchmark/results/spatial_svg_rebuild_v1/stomics_0212/stomics0212/scvi/triku/n2000/seed1/embedding.meta.json	65abbfd383ef159510af95b45b84e004	65abbfd383ef159510af95b45b84e004	PASS
/home/xd/y/Benchmark/results/spatial_svg_rebuild_v1/stomics_0212/stomics0212/graphst/triku/n2000/seed1/embedding.meta.json	cellcharter	/home/xd/y/Benchmark/results/spatial_svg_rebuild_v1/stomics_0212/stomics0212/cellcharter/triku/n2000/seed1/embedding.meta.json	65abbfd383ef159510af95b45b84e004	65abbfd383ef159510af95b45b84e004	PASS
/home/xd/y/Benchmark/results/spatial_svg_rebuild_v1/stomics_0212/stomics0212/graphst/scanpy_pearson/n2000/seed0/embedding.meta.json	scvi	/home/xd/y/Benchmark/results/spatial_svg_rebuild_v1/stomics_0212/stomics0212/scvi/scanpy_pearson/n2000/seed0/embedding.meta.json	e04ac13264ace519e46471f769fb4938	e04ac13264ace519e46471f769fb4938	PASS
/home/xd/y/Benchmark/results/spatial_svg_rebuild_v1/stomics_0212/stomics0212/graphst/scanpy_pearson/n2000/seed0/embedding.meta.json	cellcharter	/home/xd/y/Benchmark/results/spatial_svg_rebuild_v1/stomics_0212/stomics0212/cellcharter/scanpy_pearson/n2000/seed0/embedding.meta.json	e04ac13264ace519e46471f769fb4938	e04ac13264ace519e46471f769fb4938	PASS
/home/xd/y/Benchmark/results/spatial_svg_rebuild_v1/stomics_0212/stomics0212/graphst/scanpy_pearson/n2000/seed2/embedding.meta.json	scvi	/home/xd/y/Benchmark/results/spatial_svg_rebuild_v1/stomics_0212/stomics0212/scvi/scanpy_pearson/n2000/seed2/embedding.meta.json	e04ac13264ace519e46471f769fb4938	e04ac13264ace519e46471f769fb4938	PASS
/home/xd/y/Benchmark/results/spatial_svg_rebuild_v1/stomics_0212/stomics0212/graphst/scanpy_pearson/n2000/seed2/embedding.meta.json	cellcharter	/home/xd/y/Benchmark/results/spatial_svg_rebuild_v1/stomics_0212/stomics0212/cellcharter/scanpy_pearson/n2000/seed2/embedding.meta.json	e04ac13264ace519e46471f769fb4938	e04ac13264ace519e46471f769fb4938	PASS
/home/xd/y/Benchmark/results/spatial_svg_rebuild_v1/stomics_0212/stomics0212/graphst/scanpy_pearson/n2000/seed1/embedding.meta.json	scvi	/home/xd/y/Benchmark/results/spatial_svg_rebuild_v1/stomics_0212/stomics0212/scvi/scanpy_pearson/n2000/seed1/embedding.meta.json	e04ac13264ace519e46471f769fb4938	e04ac13264ace519e46471f769fb4938	PASS
/home/xd/y/Benchmark/results/spatial_svg_rebuild_v1/stomics_0212/stomics0212/graphst/scanpy_pearson/n2000/seed1/embedding.meta.json	cellcharter	/home/xd/y/Benchmark/results/spatial_svg_rebuild_v1/stomics_0212/stomics0212/cellcharter/scanpy_pearson/n2000/seed1/embedding.meta.json	e04ac13264ace519e46471f769fb4938	e04ac13264ace519e46471f769fb4938	PASS
/home/xd/y/Benchmark/results/spatial_svg_rebuild_v1/stomics_0212/stomics0212/graphst/seurat_sct/n2000/seed0/embedding.meta.json	scvi	/home/xd/y/Benchmark/results/spatial_svg_rebuild_v1/stomics_0212/stomics0212/scvi/seurat_sct/n2000/seed0/embedding.meta.json	72739957ec00ff1cda0bab2c0afb0632	72739957ec00ff1cda0bab2c0afb0632	PASS
/home/xd/y/Benchmark/results/spatial_svg_rebuild_v1/stomics_0212/stomics0212/graphst/seurat_sct/n2000/seed0/embedding.meta.json	cellcharter	/home/xd/y/Benchmark/results/spatial_svg_rebuild_v1/stomics_0212/stomics0212/cellcharter/seurat_sct/n2000/seed0/embedding.meta.json	72739957ec00ff1cda0bab2c0afb0632	72739957ec00ff1cda0bab2c0afb0632	PASS
/home/xd/y/Benchmark/results/spatial_svg_rebuild_v1/stomics_0212/stomics0212/graphst/seurat_sct/n2000/seed2/embedding.meta.json	scvi	/home/xd/y/Benchmark/results/spatial_svg_rebuild_v1/stomics_0212/stomics0212/scvi/seurat_sct/n2000/seed2/embedding.meta.json	cd80aee1a71ff8e5ebd788750aefc38b	cd80aee1a71ff8e5ebd788750aefc38b	PASS
/home/xd/y/Benchmark/results/spatial_svg_rebuild_v1/stomics_0212/stomics0212/graphst/seurat_sct/n2000/seed2/embedding.meta.json	cellcharter	/home/xd/y/Benchmark/results/spatial_svg_rebuild_v1/stomics_0212/stomics0212/cellcharter/seurat_sct/n2000/seed2/embedding.meta.json	cd80aee1a71ff8e5ebd788750aefc38b	cd80aee1a71ff8e5ebd788750aefc38b	PASS
/home/xd/y/Benchmark/results/spatial_svg_rebuild_v1/stomics_0212/stomics0212/graphst/seurat_sct/n2000/seed1/embedding.meta.json	scvi	/home/xd/y/Benchmark/results/spatial_svg_rebuild_v1/stomics_0212/stomics0212/scvi/seurat_sct/n2000/seed1/embedding.meta.json	5941c96de8f5a341e0b06c7074cf2416	5941c96de8f5a341e0b06c7074cf2416	PASS
/home/xd/y/Benchmark/results/spatial_svg_rebuild_v1/stomics_0212/stomics0212/graphst/seurat_sct/n2000/seed1/embedding.meta.json	cellcharter	/home/xd/y/Benchmark/results/spatial_svg_rebuild_v1/stomics_0212/stomics0212/cellcharter/seurat_sct/n2000/seed1/embedding.meta.json	5941c96de8f5a341e0b06c7074cf2416	5941c96de8f5a341e0b06c7074cf2416	PASS
/home/xd/y/Benchmark/results/spatial_svg_rebuild_v1/stomics_0212/stomics0212/graphst/scanpy_cell_ranger/n2000/seed0/embedding.meta.json	scvi	/home/xd/y/Benchmark/results/spatial_svg_rebuild_v1/stomics_0212/stomics0212/scvi/scanpy_cell_ranger/n2000/seed0/embedding.meta.json	9532a4a11699ca7c5cca46f5422fd4ac	9532a4a11699ca7c5cca46f5422fd4ac	PASS
/home/xd/y/Benchmark/results/spatial_svg_rebuild_v1/stomics_0212/stomics0212/graphst/scanpy_cell_ranger/n2000/seed0/embedding.meta.json	cellcharter	/home/xd/y/Benchmark/results/spatial_svg_rebuild_v1/stomics_0212/stomics0212/cellcharter/scanpy_cell_ranger/n2000/seed0/embedding.meta.json	9532a4a11699ca7c5cca46f5422fd4ac	9532a4a11699ca7c5cca46f5422fd4ac	PASS
/home/xd/y/Benchmark/results/spatial_svg_rebuild_v1/stomics_0212/stomics0212/graphst/scanpy_cell_ranger/n2000/seed2/embedding.meta.json	scvi	/home/xd/y/Benchmark/results/spatial_svg_rebuild_v1/stomics_0212/stomics0212/scvi/scanpy_cell_ranger/n2000/seed2/embedding.meta.json	9532a4a11699ca7c5cca46f5422fd4ac	9532a4a11699ca7c5cca46f5422fd4ac	PASS
/home/xd/y/Benchmark/results/spatial_svg_rebuild_v1/stomics_0212/stomics0212/graphst/scanpy_cell_ranger/n2000/seed2/embedding.meta.json	cellcharter	/home/xd/y/Benchmark/results/spatial_svg_rebuild_v1/stomics_0212/stomics0212/cellcharter/scanpy_cell_ranger/n2000/seed2/embedding.meta.json	9532a4a11699ca7c5cca46f5422fd4ac	9532a4a11699ca7c5cca46f5422fd4ac	PASS
/home/xd/y/Benchmark/results/spatial_svg_rebuild_v1/stomics_0212/stomics0212/graphst/scanpy_cell_ranger/n2000/seed1/embedding.meta.json	scvi	/home/xd/y/Benchmark/results/spatial_svg_rebuild_v1/stomics_0212/stomics0212/scvi/scanpy_cell_ranger/n2000/seed1/embedding.meta.json	9532a4a11699ca7c5cca46f5422fd4ac	9532a4a11699ca7c5cca46f5422fd4ac	PASS
/home/xd/y/Benchmark/results/spatial_svg_rebuild_v1/stomics_0212/stomics0212/graphst/scanpy_cell_ranger/n2000/seed1/embedding.meta.json	cellcharter	/home/xd/y/Benchmark/results/spatial_svg_rebuild_v1/stomics_0212/stomics0212/cellcharter/scanpy_cell_ranger/n2000/seed1/embedding.meta.json	9532a4a11699ca7c5cca46f5422fd4ac	9532a4a11699ca7c5cca46f5422fd4ac	PASS
/home/xd/y/Benchmark/results/spatial_svg_rebuild_v1/stomics_0212/stomics0212/graphst/scanpy_pearson_batch/n2000/seed0/embedding.meta.json	scvi	/home/xd/y/Benchmark/results/spatial_svg_rebuild_v1/stomics_0212/stomics0212/scvi/scanpy_pearson_batch/n2000/seed0/embedding.meta.json	9945cfe677dfa68c58e2177abce4cd64	9945cfe677dfa68c58e2177abce4cd64	PASS
/home/xd/y/Benchmark/results/spatial_svg_rebuild_v1/stomics_0212/stomics0212/graphst/scanpy_pearson_batch/n2000/seed0/embedding.meta.json	cellcharter	/home/xd/y/Benchmark/results/spatial_svg_rebuild_v1/stomics_0212/stomics0212/cellcharter/scanpy_pearson_batch/n2000/seed0/embedding.meta.json	9945cfe677dfa68c58e2177abce4cd64	9945cfe677dfa68c58e2177abce4cd64	PASS
/home/xd/y/Benchmark/results/spatial_svg_rebuild_v1/stomics_0212/stomics0212/graphst/scanpy_pearson_batch/n2000/seed2/embedding.meta.json	scvi	/home/xd/y/Benchmark/results/spatial_svg_rebuild_v1/stomics_0212/stomics0212/scvi/scanpy_pearson_batch/n2000/seed2/embedding.meta.json	9945cfe677dfa68c58e2177abce4cd64	9945cfe677dfa68c58e2177abce4cd64	PASS
/home/xd/y/Benchmark/results/spatial_svg_rebuild_v1/stomics_0212/stomics0212/graphst/scanpy_pearson_batch/n2000/seed2/embedding.meta.json	cellcharter	/home/xd/y/Benchmark/results/spatial_svg_rebuild_v1/stomics_0212/stomics0212/cellcharter/scanpy_pearson_batch/n2000/seed2/embedding.meta.json	9945cfe677dfa68c58e2177abce4cd64	9945cfe677dfa68c58e2177abce4cd64	PASS
/home/xd/y/Benchmark/results/spatial_svg_rebuild_v1/stomics_0212/stomics0212/graphst/scanpy_pearson_batch/n2000/seed1/embedding.meta.json	scvi	/home/xd/y/Benchmark/results/spatial_svg_rebuild_v1/stomics_0212/stomics0212/scvi/scanpy_pearson_batch/n2000/seed1/embedding.meta.json	9945cfe677dfa68c58e2177abce4cd64	9945cfe677dfa68c58e2177abce4cd64	PASS
/home/xd/y/Benchmark/results/spatial_svg_rebuild_v1/stomics_0212/stomics0212/graphst/scanpy_pearson_batch/n2000/seed1/embedding.meta.json	cellcharter	/home/xd/y/Benchmark/results/spatial_svg_rebuild_v1/stomics_0212/stomics0212/cellcharter/scanpy_pearson_batch/n2000/seed1/embedding.meta.json	9945cfe677dfa68c58e2177abce4cd64	9945cfe677dfa68c58e2177abce4cd64	PASS
/home/xd/y/Benchmark/results/spatial_svg_rebuild_v1/stomics_0212/stomics0212/graphst/singleCellHaystack/n2000/seed0/embedding.meta.json	scvi	/home/xd/y/Benchmark/results/spatial_svg_rebuild_v1/stomics_0212/stomics0212/scvi/singleCellHaystack/n2000/seed0/embedding.meta.json	6c8e09110731e96aab131fb932c23907	6c8e09110731e96aab131fb932c23907	PASS
/home/xd/y/Benchmark/results/spatial_svg_rebuild_v1/stomics_0212/stomics0212/graphst/singleCellHaystack/n2000/seed0/embedding.meta.json	cellcharter	/home/xd/y/Benchmark/results/spatial_svg_rebuild_v1/stomics_0212/stomics0212/cellcharter/singleCellHaystack/n2000/seed0/embedding.meta.json	6c8e09110731e96aab131fb932c23907	6c8e09110731e96aab131fb932c23907	PASS
/home/xd/y/Benchmark/results/spatial_svg_rebuild_v1/stomics_0212/stomics0212/graphst/singleCellHaystack/n2000/seed2/embedding.meta.json	scvi	/home/xd/y/Benchmark/results/spatial_svg_rebuild_v1/stomics_0212/stomics0212/scvi/singleCellHaystack/n2000/seed2/embedding.meta.json	3e205e08b03be498d16707dd8815e1aa	3e205e08b03be498d16707dd8815e1aa	PASS
/home/xd/y/Benchmark/results/spatial_svg_rebuild_v1/stomics_0212/stomics0212/graphst/singleCellHaystack/n2000/seed2/embedding.meta.json	cellcharter	/home/xd/y/Benchmark/results/spatial_svg_rebuild_v1/stomics_0212/stomics0212/cellcharter/singleCellHaystack/n2000/seed2/embedding.meta.json	3e205e08b03be498d16707dd8815e1aa	3e205e08b03be498d16707dd8815e1aa	PASS
/home/xd/y/Benchmark/results/spatial_svg_rebuild_v1/stomics_0212/stomics0212/graphst/singleCellHaystack/n2000/seed1/embedding.meta.json	scvi	/home/xd/y/Benchmark/results/spatial_svg_rebuild_v1/stomics_0212/stomics0212/scvi/singleCellHaystack/n2000/seed1/embedding.meta.json	a0446e98353f84a12fe0d7aa29856af5	a0446e98353f84a12fe0d7aa29856af5	PASS
/home/xd/y/Benchmark/results/spatial_svg_rebuild_v1/stomics_0212/stomics0212/graphst/singleCellHaystack/n2000/seed1/embedding.meta.json	cellcharter	/home/xd/y/Benchmark/results/spatial_svg_rebuild_v1/stomics_0212/stomics0212/cellcharter/singleCellHaystack/n2000/seed1/embedding.meta.json	a0446e98353f84a12fe0d7aa29856af5	a0446e98353f84a12fe0d7aa29856af5	PASS
/home/xd/y/Benchmark/results/spatial_svg_rebuild_v1/stomics_0212/stomics0212/graphst/statistic_mean/n2000/seed0/embedding.meta.json	scvi	/home/xd/y/Benchmark/results/spatial_svg_rebuild_v1/stomics_0212/stomics0212/scvi/statistic_mean/n2000/seed0/embedding.meta.json	08413f8be86fbe364dbffb18d5537a79	08413f8be86fbe364dbffb18d5537a79	PASS
/home/xd/y/Benchmark/results/spatial_svg_rebuild_v1/stomics_0212/stomics0212/graphst/statistic_mean/n2000/seed0/embedding.meta.json	cellcharter	/home/xd/y/Benchmark/results/spatial_svg_rebuild_v1/stomics_0212/stomics0212/cellcharter/statistic_mean/n2000/seed0/embedding.meta.json	08413f8be86fbe364dbffb18d5537a79	08413f8be86fbe364dbffb18d5537a79	PASS
/home/xd/y/Benchmark/results/spatial_svg_rebuild_v1/stomics_0212/stomics0212/graphst/statistic_mean/n2000/seed2/embedding.meta.json	scvi	/home/xd/y/Benchmark/results/spatial_svg_rebuild_v1/stomics_0212/stomics0212/scvi/statistic_mean/n2000/seed2/embedding.meta.json	08413f8be86fbe364dbffb18d5537a79	08413f8be86fbe364dbffb18d5537a79	PASS
/home/xd/y/Benchmark/results/spatial_svg_rebuild_v1/stomics_0212/stomics0212/graphst/statistic_mean/n2000/seed2/embedding.meta.json	cellcharter	/home/xd/y/Benchmark/results/spatial_svg_rebuild_v1/stomics_0212/stomics0212/cellcharter/statistic_mean/n2000/seed2/embedding.meta.json	08413f8be86fbe364dbffb18d5537a79	08413f8be86fbe364dbffb18d5537a79	PASS
/home/xd/y/Benchmark/results/spatial_svg_rebuild_v1/stomics_0212/stomics0212/graphst/statistic_mean/n2000/seed1/embedding.meta.json	scvi	/home/xd/y/Benchmark/results/spatial_svg_rebuild_v1/stomics_0212/stomics0212/scvi/statistic_mean/n2000/seed1/embedding.meta.json	08413f8be86fbe364dbffb18d5537a79	08413f8be86fbe364dbffb18d5537a79	PASS
/home/xd/y/Benchmark/results/spatial_svg_rebuild_v1/stomics_0212/stomics0212/graphst/statistic_mean/n2000/seed1/embedding.meta.json	cellcharter	/home/xd/y/Benchmark/results/spatial_svg_rebuild_v1/stomics_0212/stomics0212/cellcharter/statistic_mean/n2000/seed1/embedding.meta.json	08413f8be86fbe364dbffb18d5537a79	08413f8be86fbe364dbffb18d5537a79	PASS
/home/xd/y/Benchmark/results/spatial_svg_rebuild_v1/stomics_0212/stomics0212/graphst/sparkx/n2000/seed0/embedding.meta.json	scvi	/home/xd/y/Benchmark/results/spatial_svg_rebuild_v1/stomics_0212/stomics0212/scvi/sparkx/n2000/seed0/embedding.meta.json	f5f0835d371f1750ca9313768bff63ca	f5f0835d371f1750ca9313768bff63ca	PASS
/home/xd/y/Benchmark/results/spatial_svg_rebuild_v1/stomics_0212/stomics0212/graphst/sparkx/n2000/seed0/embedding.meta.json	cellcharter	/home/xd/y/Benchmark/results/spatial_svg_rebuild_v1/stomics_0212/stomics0212/cellcharter/sparkx/n2000/seed0/embedding.meta.json	f5f0835d371f1750ca9313768bff63ca	f5f0835d371f1750ca9313768bff63ca	PASS
/home/xd/y/Benchmark/results/spatial_svg_rebuild_v1/stomics_0212/stomics0212/graphst/sparkx/n2000/seed2/embedding.meta.json	scvi	/home/xd/y/Benchmark/results/spatial_svg_rebuild_v1/stomics_0212/stomics0212/scvi/sparkx/n2000/seed2/embedding.meta.json	f5f0835d371f1750ca9313768bff63ca	f5f0835d371f1750ca9313768bff63ca	PASS
/home/xd/y/Benchmark/results/spatial_svg_rebuild_v1/stomics_0212/stomics0212/graphst/sparkx/n2000/seed2/embedding.meta.json	cellcharter	/home/xd/y/Benchmark/results/spatial_svg_rebuild_v1/stomics_0212/stomics0212/cellcharter/sparkx/n2000/seed2/embedding.meta.json	f5f0835d371f1750ca9313768bff63ca	f5f0835d371f1750ca9313768bff63ca	PASS
/home/xd/y/Benchmark/results/spatial_svg_rebuild_v1/stomics_0212/stomics0212/graphst/sparkx/n2000/seed1/embedding.meta.json	scvi	/home/xd/y/Benchmark/results/spatial_svg_rebuild_v1/stomics_0212/stomics0212/scvi/sparkx/n2000/seed1/embedding.meta.json	f5f0835d371f1750ca9313768bff63ca	f5f0835d371f1750ca9313768bff63ca	PASS
/home/xd/y/Benchmark/results/spatial_svg_rebuild_v1/stomics_0212/stomics0212/graphst/sparkx/n2000/seed1/embedding.meta.json	cellcharter	/home/xd/y/Benchmark/results/spatial_svg_rebuild_v1/stomics_0212/stomics0212/cellcharter/sparkx/n2000/seed1/embedding.meta.json	f5f0835d371f1750ca9313768bff63ca	f5f0835d371f1750ca9313768bff63ca	PASS
/home/xd/y/Benchmark/results/spatial_svg_rebuild_v1/stomics_0212/stomics0212/graphst/morans_i/n2000/seed0/embedding.meta.json	scvi	/home/xd/y/Benchmark/results/spatial_svg_rebuild_v1/stomics_0212/stomics0212/scvi/morans_i/n2000/seed0/embedding.meta.json	b7c88da0f53101c67d2bbea2ecffdfba	b7c88da0f53101c67d2bbea2ecffdfba	PASS
/home/xd/y/Benchmark/results/spatial_svg_rebuild_v1/stomics_0212/stomics0212/graphst/morans_i/n2000/seed0/embedding.meta.json	cellcharter	/home/xd/y/Benchmark/results/spatial_svg_rebuild_v1/stomics_0212/stomics0212/cellcharter/morans_i/n2000/seed0/embedding.meta.json	b7c88da0f53101c67d2bbea2ecffdfba	b7c88da0f53101c67d2bbea2ecffdfba	PASS
/home/xd/y/Benchmark/results/spatial_svg_rebuild_v1/stomics_0212/stomics0212/graphst/morans_i/n2000/seed2/embedding.meta.json	scvi	/home/xd/y/Benchmark/results/spatial_svg_rebuild_v1/stomics_0212/stomics0212/scvi/morans_i/n2000/seed2/embedding.meta.json	b7c88da0f53101c67d2bbea2ecffdfba	b7c88da0f53101c67d2bbea2ecffdfba	PASS
/home/xd/y/Benchmark/results/spatial_svg_rebuild_v1/stomics_0212/stomics0212/graphst/morans_i/n2000/seed2/embedding.meta.json	cellcharter	/home/xd/y/Benchmark/results/spatial_svg_rebuild_v1/stomics_0212/stomics0212/cellcharter/morans_i/n2000/seed2/embedding.meta.json	b7c88da0f53101c67d2bbea2ecffdfba	b7c88da0f53101c67d2bbea2ecffdfba	PASS
/home/xd/y/Benchmark/results/spatial_svg_rebuild_v1/stomics_0212/stomics0212/graphst/morans_i/n2000/seed1/embedding.meta.json	scvi	/home/xd/y/Benchmark/results/spatial_svg_rebuild_v1/stomics_0212/stomics0212/scvi/morans_i/n2000/seed1/embedding.meta.json	b7c88da0f53101c67d2bbea2ecffdfba	b7c88da0f53101c67d2bbea2ecffdfba	PASS
/home/xd/y/Benchmark/results/spatial_svg_rebuild_v1/stomics_0212/stomics0212/graphst/morans_i/n2000/seed1/embedding.meta.json	cellcharter	/home/xd/y/Benchmark/results/spatial_svg_rebuild_v1/stomics_0212/stomics0212/cellcharter/morans_i/n2000/seed1/embedding.meta.json	b7c88da0f53101c67d2bbea2ecffdfba	b7c88da0f53101c67d2bbea2ecffdfba	PASS
/home/xd/y/Benchmark/results/spatial_svg_rebuild_v1/stomics_0212/stomics0212/graphst/seurat_mvp/n2000/seed0/embedding.meta.json	scvi	/home/xd/y/Benchmark/results/spatial_svg_rebuild_v1/stomics_0212/stomics0212/scvi/seurat_mvp/n2000/seed0/embedding.meta.json	0cdea679a84af59e127b101ebdca4027	0cdea679a84af59e127b101ebdca4027	PASS
/home/xd/y/Benchmark/results/spatial_svg_rebuild_v1/stomics_0212/stomics0212/graphst/seurat_mvp/n2000/seed0/embedding.meta.json	cellcharter	/home/xd/y/Benchmark/results/spatial_svg_rebuild_v1/stomics_0212/stomics0212/cellcharter/seurat_mvp/n2000/seed0/embedding.meta.json	0cdea679a84af59e127b101ebdca4027	0cdea679a84af59e127b101ebdca4027	PASS
/home/xd/y/Benchmark/results/spatial_svg_rebuild_v1/stomics_0212/stomics0212/graphst/seurat_mvp/n2000/seed2/embedding.meta.json	scvi	/home/xd/y/Benchmark/results/spatial_svg_rebuild_v1/stomics_0212/stomics0212/scvi/seurat_mvp/n2000/seed2/embedding.meta.json	0cdea679a84af59e127b101ebdca4027	0cdea679a84af59e127b101ebdca4027	PASS
/home/xd/y/Benchmark/results/spatial_svg_rebuild_v1/stomics_0212/stomics0212/graphst/seurat_mvp/n2000/seed2/embedding.meta.json	cellcharter	/home/xd/y/Benchmark/results/spatial_svg_rebuild_v1/stomics_0212/stomics0212/cellcharter/seurat_mvp/n2000/seed2/embedding.meta.json	0cdea679a84af59e127b101ebdca4027	0cdea679a84af59e127b101ebdca4027	PASS
/home/xd/y/Benchmark/results/spatial_svg_rebuild_v1/stomics_0212/stomics0212/graphst/seurat_mvp/n2000/seed1/embedding.meta.json	scvi	/home/xd/y/Benchmark/results/spatial_svg_rebuild_v1/stomics_0212/stomics0212/scvi/seurat_mvp/n2000/seed1/embedding.meta.json	0cdea679a84af59e127b101ebdca4027	0cdea679a84af59e127b101ebdca4027	PASS
/home/xd/y/Benchmark/results/spatial_svg_rebuild_v1/stomics_0212/stomics0212/graphst/seurat_mvp/n2000/seed1/embedding.meta.json	cellcharter	/home/xd/y/Benchmark/results/spatial_svg_rebuild_v1/stomics_0212/stomics0212/cellcharter/seurat_mvp/n2000/seed1/embedding.meta.json	0cdea679a84af59e127b101ebdca4027	0cdea679a84af59e127b101ebdca4027	PASS
/home/xd/y/Benchmark/results/spatial_svg_rebuild_v1/stomics_0212/stomics0212/graphst/osca/n2000/seed0/embedding.meta.json	scvi	/home/xd/y/Benchmark/results/spatial_svg_rebuild_v1/stomics_0212/stomics0212/scvi/osca/n2000/seed0/embedding.meta.json	480931e0f4cd1b801ed3b111d5c44322	480931e0f4cd1b801ed3b111d5c44322	PASS
/home/xd/y/Benchmark/results/spatial_svg_rebuild_v1/stomics_0212/stomics0212/graphst/osca/n2000/seed0/embedding.meta.json	cellcharter	/home/xd/y/Benchmark/results/spatial_svg_rebuild_v1/stomics_0212/stomics0212/cellcharter/osca/n2000/seed0/embedding.meta.json	480931e0f4cd1b801ed3b111d5c44322	480931e0f4cd1b801ed3b111d5c44322	PASS
/home/xd/y/Benchmark/results/spatial_svg_rebuild_v1/stomics_0212/stomics0212/graphst/osca/n2000/seed2/embedding.meta.json	scvi	/home/xd/y/Benchmark/results/spatial_svg_rebuild_v1/stomics_0212/stomics0212/scvi/osca/n2000/seed2/embedding.meta.json	480931e0f4cd1b801ed3b111d5c44322	480931e0f4cd1b801ed3b111d5c44322	PASS
/home/xd/y/Benchmark/results/spatial_svg_rebuild_v1/stomics_0212/stomics0212/graphst/osca/n2000/seed2/embedding.meta.json	cellcharter	/home/xd/y/Benchmark/results/spatial_svg_rebuild_v1/stomics_0212/stomics0212/cellcharter/osca/n2000/seed2/embedding.meta.json	480931e0f4cd1b801ed3b111d5c44322	480931e0f4cd1b801ed3b111d5c44322	PASS
/home/xd/y/Benchmark/results/spatial_svg_rebuild_v1/stomics_0212/stomics0212/graphst/osca/n2000/seed1/embedding.meta.json	scvi	/home/xd/y/Benchmark/results/spatial_svg_rebuild_v1/stomics_0212/stomics0212/scvi/osca/n2000/seed1/embedding.meta.json	480931e0f4cd1b801ed3b111d5c44322	480931e0f4cd1b801ed3b111d5c44322	PASS
/home/xd/y/Benchmark/results/spatial_svg_rebuild_v1/stomics_0212/stomics0212/graphst/osca/n2000/seed1/embedding.meta.json	cellcharter	/home/xd/y/Benchmark/results/spatial_svg_rebuild_v1/stomics_0212/stomics0212/cellcharter/osca/n2000/seed1/embedding.meta.json	480931e0f4cd1b801ed3b111d5c44322	480931e0f4cd1b801ed3b111d5c44322	PASS
/home/xd/y/Benchmark/results/spatial_svg_rebuild_v1/stomics_0212/stomics0212/graphst/scanpy_seurat_v3_batch/n2000/seed0/embedding.meta.json	scvi	/home/xd/y/Benchmark/results/spatial_svg_rebuild_v1/stomics_0212/stomics0212/scvi/scanpy_seurat_v3_batch/n2000/seed0/embedding.meta.json	3764e73e60dda95f0738882815d07509	3764e73e60dda95f0738882815d07509	PASS
/home/xd/y/Benchmark/results/spatial_svg_rebuild_v1/stomics_0212/stomics0212/graphst/scanpy_seurat_v3_batch/n2000/seed0/embedding.meta.json	cellcharter	/home/xd/y/Benchmark/results/spatial_svg_rebuild_v1/stomics_0212/stomics0212/cellcharter/scanpy_seurat_v3_batch/n2000/seed0/embedding.meta.json	3764e73e60dda95f0738882815d07509	3764e73e60dda95f0738882815d07509	PASS
/home/xd/y/Benchmark/results/spatial_svg_rebuild_v1/stomics_0212/stomics0212/graphst/scanpy_seurat_v3_batch/n2000/seed2/embedding.meta.json	scvi	/home/xd/y/Benchmark/results/spatial_svg_rebuild_v1/stomics_0212/stomics0212/scvi/scanpy_seurat_v3_batch/n2000/seed2/embedding.meta.json	3764e73e60dda95f0738882815d07509	3764e73e60dda95f0738882815d07509	PASS
/home/xd/y/Benchmark/results/spatial_svg_rebuild_v1/stomics_0212/stomics0212/graphst/scanpy_seurat_v3_batch/n2000/seed2/embedding.meta.json	cellcharter	/home/xd/y/Benchmark/results/spatial_svg_rebuild_v1/stomics_0212/stomics0212/cellcharter/scanpy_seurat_v3_batch/n2000/seed2/embedding.meta.json	3764e73e60dda95f0738882815d07509	3764e73e60dda95f0738882815d07509	PASS
/home/xd/y/Benchmark/results/spatial_svg_rebuild_v1/stomics_0212/stomics0212/graphst/scanpy_seurat_v3_batch/n2000/seed1/embedding.meta.json	scvi	/home/xd/y/Benchmark/results/spatial_svg_rebuild_v1/stomics_0212/stomics0212/scvi/scanpy_seurat_v3_batch/n2000/seed1/embedding.meta.json	3764e73e60dda95f0738882815d07509	3764e73e60dda95f0738882815d07509	PASS
/home/xd/y/Benchmark/results/spatial_svg_rebuild_v1/stomics_0212/stomics0212/graphst/scanpy_seurat_v3_batch/n2000/seed1/embedding.meta.json	cellcharter	/home/xd/y/Benchmark/results/spatial_svg_rebuild_v1/stomics_0212/stomics0212/cellcharter/scanpy_seurat_v3_batch/n2000/seed1/embedding.meta.json	3764e73e60dda95f0738882815d07509	3764e73e60dda95f0738882815d07509	PASS
/home/xd/y/Benchmark/results/spatial_svg_rebuild_v1/stomics_0212/stomics0212/graphst/statistic_variance/n2000/seed0/embedding.meta.json	scvi	/home/xd/y/Benchmark/results/spatial_svg_rebuild_v1/stomics_0212/stomics0212/scvi/statistic_variance/n2000/seed0/embedding.meta.json	e5d258febe3642e3debb958b74dd1981	e5d258febe3642e3debb958b74dd1981	PASS
/home/xd/y/Benchmark/results/spatial_svg_rebuild_v1/stomics_0212/stomics0212/graphst/statistic_variance/n2000/seed0/embedding.meta.json	cellcharter	/home/xd/y/Benchmark/results/spatial_svg_rebuild_v1/stomics_0212/stomics0212/cellcharter/statistic_variance/n2000/seed0/embedding.meta.json	e5d258febe3642e3debb958b74dd1981	e5d258febe3642e3debb958b74dd1981	PASS
/home/xd/y/Benchmark/results/spatial_svg_rebuild_v1/stomics_0212/stomics0212/graphst/statistic_variance/n2000/seed2/embedding.meta.json	scvi	/home/xd/y/Benchmark/results/spatial_svg_rebuild_v1/stomics_0212/stomics0212/scvi/statistic_variance/n2000/seed2/embedding.meta.json	e5d258febe3642e3debb958b74dd1981	e5d258febe3642e3debb958b74dd1981	PASS
/home/xd/y/Benchmark/results/spatial_svg_rebuild_v1/stomics_0212/stomics0212/graphst/statistic_variance/n2000/seed2/embedding.meta.json	cellcharter	/home/xd/y/Benchmark/results/spatial_svg_rebuild_v1/stomics_0212/stomics0212/cellcharter/statistic_variance/n2000/seed2/embedding.meta.json	e5d258febe3642e3debb958b74dd1981	e5d258febe3642e3debb958b74dd1981	PASS
/home/xd/y/Benchmark/results/spatial_svg_rebuild_v1/stomics_0212/stomics0212/graphst/statistic_variance/n2000/seed1/embedding.meta.json	scvi	/home/xd/y/Benchmark/results/spatial_svg_rebuild_v1/stomics_0212/stomics0212/scvi/statistic_variance/n2000/seed1/embedding.meta.json	e5d258febe3642e3debb958b74dd1981	e5d258febe3642e3debb958b74dd1981	PASS
/home/xd/y/Benchmark/results/spatial_svg_rebuild_v1/stomics_0212/stomics0212/graphst/statistic_variance/n2000/seed1/embedding.meta.json	cellcharter	/home/xd/y/Benchmark/results/spatial_svg_rebuild_v1/stomics_0212/stomics0212/cellcharter/statistic_variance/n2000/seed1/embedding.meta.json	e5d258febe3642e3debb958b74dd1981	e5d258febe3642e3debb958b74dd1981	PASS
/home/xd/y/Benchmark/results/spatial_svg_rebuild_v1/stomics_0212/stomics0212/graphst/spatialde/n2000/seed0/embedding.meta.json	scvi	/home/xd/y/Benchmark/results/spatial_svg_rebuild_v1/stomics_0212/stomics0212/scvi/spatialde/n2000/seed0/embedding.meta.json	b1192f21da64210568f4f160376b5a9a	b1192f21da64210568f4f160376b5a9a	PASS
/home/xd/y/Benchmark/results/spatial_svg_rebuild_v1/stomics_0212/stomics0212/graphst/spatialde/n2000/seed0/embedding.meta.json	cellcharter	/home/xd/y/Benchmark/results/spatial_svg_rebuild_v1/stomics_0212/stomics0212/cellcharter/spatialde/n2000/seed0/embedding.meta.json	b1192f21da64210568f4f160376b5a9a	b1192f21da64210568f4f160376b5a9a	PASS
/home/xd/y/Benchmark/results/spatial_svg_rebuild_v1/stomics_0212/stomics0212/graphst/spatialde/n2000/seed2/embedding.meta.json	scvi	/home/xd/y/Benchmark/results/spatial_svg_rebuild_v1/stomics_0212/stomics0212/scvi/spatialde/n2000/seed2/embedding.meta.json	b849ff18f4ed1c805576ca7cfe5e5bda	b849ff18f4ed1c805576ca7cfe5e5bda	PASS
/home/xd/y/Benchmark/results/spatial_svg_rebuild_v1/stomics_0212/stomics0212/graphst/spatialde/n2000/seed2/embedding.meta.json	cellcharter	/home/xd/y/Benchmark/results/spatial_svg_rebuild_v1/stomics_0212/stomics0212/cellcharter/spatialde/n2000/seed2/embedding.meta.json	b849ff18f4ed1c805576ca7cfe5e5bda	b849ff18f4ed1c805576ca7cfe5e5bda	PASS
/home/xd/y/Benchmark/results/spatial_svg_rebuild_v1/stomics_0212/stomics0212/graphst/spatialde/n2000/seed1/embedding.meta.json	scvi	/home/xd/y/Benchmark/results/spatial_svg_rebuild_v1/stomics_0212/stomics0212/scvi/spatialde/n2000/seed1/embedding.meta.json	a4839b87563c8b56b463ba47b8a38bb4	a4839b87563c8b56b463ba47b8a38bb4	PASS
/home/xd/y/Benchmark/results/spatial_svg_rebuild_v1/stomics_0212/stomics0212/graphst/spatialde/n2000/seed1/embedding.meta.json	cellcharter	/home/xd/y/Benchmark/results/spatial_svg_rebuild_v1/stomics_0212/stomics0212/cellcharter/spatialde/n2000/seed1/embedding.meta.json	a4839b87563c8b56b463ba47b8a38bb4	a4839b87563c8b56b463ba47b8a38bb4	PASS
/home/xd/y/Benchmark/results/spatial_svg_rebuild_v1/stomics_0212/stomics0212/graphst/Brennecke/n2000/seed0/embedding.meta.json	scvi	/home/xd/y/Benchmark/results/spatial_svg_rebuild_v1/stomics_0212/stomics0212/scvi/Brennecke/n2000/seed0/embedding.meta.json	4bf589ce0aa2e93f7e31496100b1c313	4bf589ce0aa2e93f7e31496100b1c313	PASS
/home/xd/y/Benchmark/results/spatial_svg_rebuild_v1/stomics_0212/stomics0212/graphst/Brennecke/n2000/seed0/embedding.meta.json	cellcharter	/home/xd/y/Benchmark/results/spatial_svg_rebuild_v1/stomics_0212/stomics0212/cellcharter/Brennecke/n2000/seed0/embedding.meta.json	4bf589ce0aa2e93f7e31496100b1c313	4bf589ce0aa2e93f7e31496100b1c313	PASS
/home/xd/y/Benchmark/results/spatial_svg_rebuild_v1/stomics_0212/stomics0212/graphst/Brennecke/n2000/seed2/embedding.meta.json	scvi	/home/xd/y/Benchmark/results/spatial_svg_rebuild_v1/stomics_0212/stomics0212/scvi/Brennecke/n2000/seed2/embedding.meta.json	4bf589ce0aa2e93f7e31496100b1c313	4bf589ce0aa2e93f7e31496100b1c313	PASS
/home/xd/y/Benchmark/results/spatial_svg_rebuild_v1/stomics_0212/stomics0212/graphst/Brennecke/n2000/seed2/embedding.meta.json	cellcharter	/home/xd/y/Benchmark/results/spatial_svg_rebuild_v1/stomics_0212/stomics0212/cellcharter/Brennecke/n2000/seed2/embedding.meta.json	4bf589ce0aa2e93f7e31496100b1c313	4bf589ce0aa2e93f7e31496100b1c313	PASS
/home/xd/y/Benchmark/results/spatial_svg_rebuild_v1/stomics_0212/stomics0212/graphst/Brennecke/n2000/seed1/embedding.meta.json	scvi	/home/xd/y/Benchmark/results/spatial_svg_rebuild_v1/stomics_0212/stomics0212/scvi/Brennecke/n2000/seed1/embedding.meta.json	4bf589ce0aa2e93f7e31496100b1c313	4bf589ce0aa2e93f7e31496100b1c313	PASS
/home/xd/y/Benchmark/results/spatial_svg_rebuild_v1/stomics_0212/stomics0212/graphst/Brennecke/n2000/seed1/embedding.meta.json	cellcharter	/home/xd/y/Benchmark/results/spatial_svg_rebuild_v1/stomics_0212/stomics0212/cellcharter/Brennecke/n2000/seed1/embedding.meta.json	4bf589ce0aa2e93f7e31496100b1c313	4bf589ce0aa2e93f7e31496100b1c313	PASS
/home/xd/y/Benchmark/results/spatial_svg_rebuild_v1/stomics_0212/stomics0212/graphst/scanpy_seurat_batch/n2000/seed0/embedding.meta.json	scvi	/home/xd/y/Benchmark/results/spatial_svg_rebuild_v1/stomics_0212/stomics0212/scvi/scanpy_seurat_batch/n2000/seed0/embedding.meta.json	1678b8ed400b0873dcbfbad99d13b497	1678b8ed400b0873dcbfbad99d13b497	PASS
/home/xd/y/Benchmark/results/spatial_svg_rebuild_v1/stomics_0212/stomics0212/graphst/scanpy_seurat_batch/n2000/seed0/embedding.meta.json	cellcharter	/home/xd/y/Benchmark/results/spatial_svg_rebuild_v1/stomics_0212/stomics0212/cellcharter/scanpy_seurat_batch/n2000/seed0/embedding.meta.json	1678b8ed400b0873dcbfbad99d13b497	1678b8ed400b0873dcbfbad99d13b497	PASS
/home/xd/y/Benchmark/results/spatial_svg_rebuild_v1/stomics_0212/stomics0212/graphst/scanpy_seurat_batch/n2000/seed2/embedding.meta.json	scvi	/home/xd/y/Benchmark/results/spatial_svg_rebuild_v1/stomics_0212/stomics0212/scvi/scanpy_seurat_batch/n2000/seed2/embedding.meta.json	1678b8ed400b0873dcbfbad99d13b497	1678b8ed400b0873dcbfbad99d13b497	PASS
/home/xd/y/Benchmark/results/spatial_svg_rebuild_v1/stomics_0212/stomics0212/graphst/scanpy_seurat_batch/n2000/seed2/embedding.meta.json	cellcharter	/home/xd/y/Benchmark/results/spatial_svg_rebuild_v1/stomics_0212/stomics0212/cellcharter/scanpy_seurat_batch/n2000/seed2/embedding.meta.json	1678b8ed400b0873dcbfbad99d13b497	1678b8ed400b0873dcbfbad99d13b497	PASS
/home/xd/y/Benchmark/results/spatial_svg_rebuild_v1/stomics_0212/stomics0212/graphst/scanpy_seurat_batch/n2000/seed1/embedding.meta.json	scvi	/home/xd/y/Benchmark/results/spatial_svg_rebuild_v1/stomics_0212/stomics0212/scvi/scanpy_seurat_batch/n2000/seed1/embedding.meta.json	1678b8ed400b0873dcbfbad99d13b497	1678b8ed400b0873dcbfbad99d13b497	PASS
/home/xd/y/Benchmark/results/spatial_svg_rebuild_v1/stomics_0212/stomics0212/graphst/scanpy_seurat_batch/n2000/seed1/embedding.meta.json	cellcharter	/home/xd/y/Benchmark/results/spatial_svg_rebuild_v1/stomics_0212/stomics0212/cellcharter/scanpy_seurat_batch/n2000/seed1/embedding.meta.json	1678b8ed400b0873dcbfbad99d13b497	1678b8ed400b0873dcbfbad99d13b497	PASS
/home/xd/y/Benchmark/results/spatial_svg_rebuild_v1/stomics_0212/stomics0212/graphst/scanpy_cell_ranger_batch/n2000/seed0/embedding.meta.json	scvi	/home/xd/y/Benchmark/results/spatial_svg_rebuild_v1/stomics_0212/stomics0212/scvi/scanpy_cell_ranger_batch/n2000/seed0/embedding.meta.json	ca3e550d46d063a5cb1f7ea068f7b534	ca3e550d46d063a5cb1f7ea068f7b534	PASS
/home/xd/y/Benchmark/results/spatial_svg_rebuild_v1/stomics_0212/stomics0212/graphst/scanpy_cell_ranger_batch/n2000/seed0/embedding.meta.json	cellcharter	/home/xd/y/Benchmark/results/spatial_svg_rebuild_v1/stomics_0212/stomics0212/cellcharter/scanpy_cell_ranger_batch/n2000/seed0/embedding.meta.json	ca3e550d46d063a5cb1f7ea068f7b534	ca3e550d46d063a5cb1f7ea068f7b534	PASS
/home/xd/y/Benchmark/results/spatial_svg_rebuild_v1/stomics_0212/stomics0212/graphst/scanpy_cell_ranger_batch/n2000/seed2/embedding.meta.json	scvi	/home/xd/y/Benchmark/results/spatial_svg_rebuild_v1/stomics_0212/stomics0212/scvi/scanpy_cell_ranger_batch/n2000/seed2/embedding.meta.json	ca3e550d46d063a5cb1f7ea068f7b534	ca3e550d46d063a5cb1f7ea068f7b534	PASS
/home/xd/y/Benchmark/results/spatial_svg_rebuild_v1/stomics_0212/stomics0212/graphst/scanpy_cell_ranger_batch/n2000/seed2/embedding.meta.json	cellcharter	/home/xd/y/Benchmark/results/spatial_svg_rebuild_v1/stomics_0212/stomics0212/cellcharter/scanpy_cell_ranger_batch/n2000/seed2/embedding.meta.json	ca3e550d46d063a5cb1f7ea068f7b534	ca3e550d46d063a5cb1f7ea068f7b534	PASS
/home/xd/y/Benchmark/results/spatial_svg_rebuild_v1/stomics_0212/stomics0212/graphst/scanpy_cell_ranger_batch/n2000/seed1/embedding.meta.json	scvi	/home/xd/y/Benchmark/results/spatial_svg_rebuild_v1/stomics_0212/stomics0212/scvi/scanpy_cell_ranger_batch/n2000/seed1/embedding.meta.json	ca3e550d46d063a5cb1f7ea068f7b534	ca3e550d46d063a5cb1f7ea068f7b534	PASS
/home/xd/y/Benchmark/results/spatial_svg_rebuild_v1/stomics_0212/stomics0212/graphst/scanpy_cell_ranger_batch/n2000/seed1/embedding.meta.json	cellcharter	/home/xd/y/Benchmark/results/spatial_svg_rebuild_v1/stomics_0212/stomics0212/cellcharter/scanpy_cell_ranger_batch/n2000/seed1/embedding.meta.json	ca3e550d46d063a5cb1f7ea068f7b534	ca3e550d46d063a5cb1f7ea068f7b534	PASS
/home/xd/y/Benchmark/results/spatial_svg_rebuild_v1/stomics_0212/stomics0212/graphst/scanpy_seurat/n2000/seed0/embedding.meta.json	scvi	/home/xd/y/Benchmark/results/spatial_svg_rebuild_v1/stomics_0212/stomics0212/scvi/scanpy_seurat/n2000/seed0/embedding.meta.json	7cc2c33b8db359413d64dc41a677d502	7cc2c33b8db359413d64dc41a677d502	PASS
/home/xd/y/Benchmark/results/spatial_svg_rebuild_v1/stomics_0212/stomics0212/graphst/scanpy_seurat/n2000/seed0/embedding.meta.json	cellcharter	/home/xd/y/Benchmark/results/spatial_svg_rebuild_v1/stomics_0212/stomics0212/cellcharter/scanpy_seurat/n2000/seed0/embedding.meta.json	7cc2c33b8db359413d64dc41a677d502	7cc2c33b8db359413d64dc41a677d502	PASS
/home/xd/y/Benchmark/results/spatial_svg_rebuild_v1/stomics_0212/stomics0212/graphst/scanpy_seurat/n2000/seed2/embedding.meta.json	scvi	/home/xd/y/Benchmark/results/spatial_svg_rebuild_v1/stomics_0212/stomics0212/scvi/scanpy_seurat/n2000/seed2/embedding.meta.json	7cc2c33b8db359413d64dc41a677d502	7cc2c33b8db359413d64dc41a677d502	PASS
/home/xd/y/Benchmark/results/spatial_svg_rebuild_v1/stomics_0212/stomics0212/graphst/scanpy_seurat/n2000/seed2/embedding.meta.json	cellcharter	/home/xd/y/Benchmark/results/spatial_svg_rebuild_v1/stomics_0212/stomics0212/cellcharter/scanpy_seurat/n2000/seed2/embedding.meta.json	7cc2c33b8db359413d64dc41a677d502	7cc2c33b8db359413d64dc41a677d502	PASS
/home/xd/y/Benchmark/results/spatial_svg_rebuild_v1/stomics_0212/stomics0212/graphst/scanpy_seurat/n2000/seed1/embedding.meta.json	scvi	/home/xd/y/Benchmark/results/spatial_svg_rebuild_v1/stomics_0212/stomics0212/scvi/scanpy_seurat/n2000/seed1/embedding.meta.json	7cc2c33b8db359413d64dc41a677d502	7cc2c33b8db359413d64dc41a677d502	PASS
/home/xd/y/Benchmark/results/spatial_svg_rebuild_v1/stomics_0212/stomics0212/graphst/scanpy_seurat/n2000/seed1/embedding.meta.json	cellcharter	/home/xd/y/Benchmark/results/spatial_svg_rebuild_v1/stomics_0212/stomics0212/cellcharter/scanpy_seurat/n2000/seed1/embedding.meta.json	7cc2c33b8db359413d64dc41a677d502	7cc2c33b8db359413d64dc41a677d502	PASS
/home/xd/y/Benchmark/results/spatial_svg_rebuild_v1/stomics_0212/stomics0212/graphst/seurat_disp/n2000/seed0/embedding.meta.json	scvi	/home/xd/y/Benchmark/results/spatial_svg_rebuild_v1/stomics_0212/stomics0212/scvi/seurat_disp/n2000/seed0/embedding.meta.json	bedd93609446433c2b039c8ce3a86a00	bedd93609446433c2b039c8ce3a86a00	PASS
/home/xd/y/Benchmark/results/spatial_svg_rebuild_v1/stomics_0212/stomics0212/graphst/seurat_disp/n2000/seed0/embedding.meta.json	cellcharter	/home/xd/y/Benchmark/results/spatial_svg_rebuild_v1/stomics_0212/stomics0212/cellcharter/seurat_disp/n2000/seed0/embedding.meta.json	bedd93609446433c2b039c8ce3a86a00	bedd93609446433c2b039c8ce3a86a00	PASS
/home/xd/y/Benchmark/results/spatial_svg_rebuild_v1/stomics_0212/stomics0212/graphst/seurat_disp/n2000/seed2/embedding.meta.json	scvi	/home/xd/y/Benchmark/results/spatial_svg_rebuild_v1/stomics_0212/stomics0212/scvi/seurat_disp/n2000/seed2/embedding.meta.json	bedd93609446433c2b039c8ce3a86a00	bedd93609446433c2b039c8ce3a86a00	PASS
/home/xd/y/Benchmark/results/spatial_svg_rebuild_v1/stomics_0212/stomics0212/graphst/seurat_disp/n2000/seed2/embedding.meta.json	cellcharter	/home/xd/y/Benchmark/results/spatial_svg_rebuild_v1/stomics_0212/stomics0212/cellcharter/seurat_disp/n2000/seed2/embedding.meta.json	bedd93609446433c2b039c8ce3a86a00	bedd93609446433c2b039c8ce3a86a00	PASS
/home/xd/y/Benchmark/results/spatial_svg_rebuild_v1/stomics_0212/stomics0212/graphst/seurat_disp/n2000/seed1/embedding.meta.json	scvi	/home/xd/y/Benchmark/results/spatial_svg_rebuild_v1/stomics_0212/stomics0212/scvi/seurat_disp/n2000/seed1/embedding.meta.json	bedd93609446433c2b039c8ce3a86a00	bedd93609446433c2b039c8ce3a86a00	PASS
/home/xd/y/Benchmark/results/spatial_svg_rebuild_v1/stomics_0212/stomics0212/graphst/seurat_disp/n2000/seed1/embedding.meta.json	cellcharter	/home/xd/y/Benchmark/results/spatial_svg_rebuild_v1/stomics_0212/stomics0212/cellcharter/seurat_disp/n2000/seed1/embedding.meta.json	bedd93609446433c2b039c8ce3a86a00	bedd93609446433c2b039c8ce3a86a00	PASS
/home/xd/y/Benchmark/results/spatial_svg_rebuild_v1/stomics_0212/stomics0212/graphst/nbumi/n2000/seed0/embedding.meta.json	scvi	/home/xd/y/Benchmark/results/spatial_svg_rebuild_v1/stomics_0212/stomics0212/scvi/nbumi/n2000/seed0/embedding.meta.json	8e23656a121b7aaca40efec24931fd88	8e23656a121b7aaca40efec24931fd88	PASS
/home/xd/y/Benchmark/results/spatial_svg_rebuild_v1/stomics_0212/stomics0212/graphst/nbumi/n2000/seed0/embedding.meta.json	cellcharter	/home/xd/y/Benchmark/results/spatial_svg_rebuild_v1/stomics_0212/stomics0212/cellcharter/nbumi/n2000/seed0/embedding.meta.json	8e23656a121b7aaca40efec24931fd88	8e23656a121b7aaca40efec24931fd88	PASS
/home/xd/y/Benchmark/results/spatial_svg_rebuild_v1/stomics_0212/stomics0212/graphst/nbumi/n2000/seed2/embedding.meta.json	scvi	/home/xd/y/Benchmark/results/spatial_svg_rebuild_v1/stomics_0212/stomics0212/scvi/nbumi/n2000/seed2/embedding.meta.json	10709ddbb7a17abdbd875de972176f61	10709ddbb7a17abdbd875de972176f61	PASS
/home/xd/y/Benchmark/results/spatial_svg_rebuild_v1/stomics_0212/stomics0212/graphst/nbumi/n2000/seed2/embedding.meta.json	cellcharter	/home/xd/y/Benchmark/results/spatial_svg_rebuild_v1/stomics_0212/stomics0212/cellcharter/nbumi/n2000/seed2/embedding.meta.json	10709ddbb7a17abdbd875de972176f61	10709ddbb7a17abdbd875de972176f61	PASS
/home/xd/y/Benchmark/results/spatial_svg_rebuild_v1/stomics_0212/stomics0212/graphst/nbumi/n2000/seed1/embedding.meta.json	scvi	/home/xd/y/Benchmark/results/spatial_svg_rebuild_v1/stomics_0212/stomics0212/scvi/nbumi/n2000/seed1/embedding.meta.json	3cb8133bb0b9471ca67dcd36603bbc78	3cb8133bb0b9471ca67dcd36603bbc78	PASS
/home/xd/y/Benchmark/results/spatial_svg_rebuild_v1/stomics_0212/stomics0212/graphst/nbumi/n2000/seed1/embedding.meta.json	cellcharter	/home/xd/y/Benchmark/results/spatial_svg_rebuild_v1/stomics_0212/stomics0212/cellcharter/nbumi/n2000/seed1/embedding.meta.json	3cb8133bb0b9471ca67dcd36603bbc78	3cb8133bb0b9471ca67dcd36603bbc78	PASS
/home/xd/y/Benchmark/results/spatial_svg_rebuild_v1/stomics_0212/stomics0212/graphst/seurat_vst/n2000/seed0/embedding.meta.json	scvi	/home/xd/y/Benchmark/results/spatial_svg_rebuild_v1/stomics_0212/stomics0212/scvi/seurat_vst/n2000/seed0/embedding.meta.json	a4407bcbbb41b2d2d16bcfca2d7ddac8	a4407bcbbb41b2d2d16bcfca2d7ddac8	PASS
/home/xd/y/Benchmark/results/spatial_svg_rebuild_v1/stomics_0212/stomics0212/graphst/seurat_vst/n2000/seed0/embedding.meta.json	cellcharter	/home/xd/y/Benchmark/results/spatial_svg_rebuild_v1/stomics_0212/stomics0212/cellcharter/seurat_vst/n2000/seed0/embedding.meta.json	a4407bcbbb41b2d2d16bcfca2d7ddac8	a4407bcbbb41b2d2d16bcfca2d7ddac8	PASS
/home/xd/y/Benchmark/results/spatial_svg_rebuild_v1/stomics_0212/stomics0212/graphst/seurat_vst/n2000/seed2/embedding.meta.json	scvi	/home/xd/y/Benchmark/results/spatial_svg_rebuild_v1/stomics_0212/stomics0212/scvi/seurat_vst/n2000/seed2/embedding.meta.json	a4407bcbbb41b2d2d16bcfca2d7ddac8	a4407bcbbb41b2d2d16bcfca2d7ddac8	PASS
/home/xd/y/Benchmark/results/spatial_svg_rebuild_v1/stomics_0212/stomics0212/graphst/seurat_vst/n2000/seed2/embedding.meta.json	cellcharter	/home/xd/y/Benchmark/results/spatial_svg_rebuild_v1/stomics_0212/stomics0212/cellcharter/seurat_vst/n2000/seed2/embedding.meta.json	a4407bcbbb41b2d2d16bcfca2d7ddac8	a4407bcbbb41b2d2d16bcfca2d7ddac8	PASS
/home/xd/y/Benchmark/results/spatial_svg_rebuild_v1/stomics_0212/stomics0212/graphst/seurat_vst/n2000/seed1/embedding.meta.json	scvi	/home/xd/y/Benchmark/results/spatial_svg_rebuild_v1/stomics_0212/stomics0212/scvi/seurat_vst/n2000/seed1/embedding.meta.json	a4407bcbbb41b2d2d16bcfca2d7ddac8	a4407bcbbb41b2d2d16bcfca2d7ddac8	PASS
/home/xd/y/Benchmark/results/spatial_svg_rebuild_v1/stomics_0212/stomics0212/graphst/seurat_vst/n2000/seed1/embedding.meta.json	cellcharter	/home/xd/y/Benchmark/results/spatial_svg_rebuild_v1/stomics_0212/stomics0212/cellcharter/seurat_vst/n2000/seed1/embedding.meta.json	a4407bcbbb41b2d2d16bcfca2d7ddac8	a4407bcbbb41b2d2d16bcfca2d7ddac8	PASS
/home/xd/y/Benchmark/results/spatial_svg_rebuild_v1/stomics_0212/stomics0212/graphst/scry/n2000/seed0/embedding.meta.json	scvi	/home/xd/y/Benchmark/results/spatial_svg_rebuild_v1/stomics_0212/stomics0212/scvi/scry/n2000/seed0/embedding.meta.json	840d6eab0bd5a84ad7c0287f15dab18d	840d6eab0bd5a84ad7c0287f15dab18d	PASS
/home/xd/y/Benchmark/results/spatial_svg_rebuild_v1/stomics_0212/stomics0212/graphst/scry/n2000/seed0/embedding.meta.json	cellcharter	/home/xd/y/Benchmark/results/spatial_svg_rebuild_v1/stomics_0212/stomics0212/cellcharter/scry/n2000/seed0/embedding.meta.json	840d6eab0bd5a84ad7c0287f15dab18d	840d6eab0bd5a84ad7c0287f15dab18d	PASS
/home/xd/y/Benchmark/results/spatial_svg_rebuild_v1/stomics_0212/stomics0212/graphst/scry/n2000/seed2/embedding.meta.json	scvi	/home/xd/y/Benchmark/results/spatial_svg_rebuild_v1/stomics_0212/stomics0212/scvi/scry/n2000/seed2/embedding.meta.json	840d6eab0bd5a84ad7c0287f15dab18d	840d6eab0bd5a84ad7c0287f15dab18d	PASS
/home/xd/y/Benchmark/results/spatial_svg_rebuild_v1/stomics_0212/stomics0212/graphst/scry/n2000/seed2/embedding.meta.json	cellcharter	/home/xd/y/Benchmark/results/spatial_svg_rebuild_v1/stomics_0212/stomics0212/cellcharter/scry/n2000/seed2/embedding.meta.json	840d6eab0bd5a84ad7c0287f15dab18d	840d6eab0bd5a84ad7c0287f15dab18d	PASS
/home/xd/y/Benchmark/results/spatial_svg_rebuild_v1/stomics_0212/stomics0212/graphst/scry/n2000/seed1/embedding.meta.json	scvi	/home/xd/y/Benchmark/results/spatial_svg_rebuild_v1/stomics_0212/stomics0212/scvi/scry/n2000/seed1/embedding.meta.json	840d6eab0bd5a84ad7c0287f15dab18d	840d6eab0bd5a84ad7c0287f15dab18d	PASS
/home/xd/y/Benchmark/results/spatial_svg_rebuild_v1/stomics_0212/stomics0212/graphst/scry/n2000/seed1/embedding.meta.json	cellcharter	/home/xd/y/Benchmark/results/spatial_svg_rebuild_v1/stomics_0212/stomics0212/cellcharter/scry/n2000/seed1/embedding.meta.json	840d6eab0bd5a84ad7c0287f15dab18d	840d6eab0bd5a84ad7c0287f15dab18d	PASS
/home/xd/y/Benchmark/results/spatial_svg_rebuild_v1/e9p5_embryo/e9p5embryo/graphst/somde/n2000/seed0/embedding.meta.json	scvi	/home/xd/y/Benchmark/results/spatial_svg_rebuild_v1/e9p5_embryo/e9p5embryo/scvi/somde/n2000/seed0/embedding.meta.json	90e22a61914c5511205eda9825f48da2	90e22a61914c5511205eda9825f48da2	PASS
/home/xd/y/Benchmark/results/spatial_svg_rebuild_v1/e9p5_embryo/e9p5embryo/graphst/somde/n2000/seed0/embedding.meta.json	cellcharter	/home/xd/y/Benchmark/results/spatial_svg_rebuild_v1/e9p5_embryo/e9p5embryo/cellcharter/somde/n2000/seed0/embedding.meta.json	90e22a61914c5511205eda9825f48da2	90e22a61914c5511205eda9825f48da2	PASS
/home/xd/y/Benchmark/results/spatial_svg_rebuild_v1/e9p5_embryo/e9p5embryo/graphst/somde/n2000/seed2/embedding.meta.json	scvi	/home/xd/y/Benchmark/results/spatial_svg_rebuild_v1/e9p5_embryo/e9p5embryo/scvi/somde/n2000/seed2/embedding.meta.json	90e22a61914c5511205eda9825f48da2	90e22a61914c5511205eda9825f48da2	PASS
/home/xd/y/Benchmark/results/spatial_svg_rebuild_v1/e9p5_embryo/e9p5embryo/graphst/somde/n2000/seed2/embedding.meta.json	cellcharter	/home/xd/y/Benchmark/results/spatial_svg_rebuild_v1/e9p5_embryo/e9p5embryo/cellcharter/somde/n2000/seed2/embedding.meta.json	90e22a61914c5511205eda9825f48da2	90e22a61914c5511205eda9825f48da2	PASS
/home/xd/y/Benchmark/results/spatial_svg_rebuild_v1/e9p5_embryo/e9p5embryo/graphst/somde/n2000/seed1/embedding.meta.json	scvi	/home/xd/y/Benchmark/results/spatial_svg_rebuild_v1/e9p5_embryo/e9p5embryo/scvi/somde/n2000/seed1/embedding.meta.json	90e22a61914c5511205eda9825f48da2	90e22a61914c5511205eda9825f48da2	PASS
/home/xd/y/Benchmark/results/spatial_svg_rebuild_v1/e9p5_embryo/e9p5embryo/graphst/somde/n2000/seed1/embedding.meta.json	cellcharter	/home/xd/y/Benchmark/results/spatial_svg_rebuild_v1/e9p5_embryo/e9p5embryo/cellcharter/somde/n2000/seed1/embedding.meta.json	90e22a61914c5511205eda9825f48da2	90e22a61914c5511205eda9825f48da2	PASS
/home/xd/y/Benchmark/results/spatial_svg_rebuild_v1/e9p5_embryo/e9p5embryo/graphst/scPNMF/n2000/seed0/embedding.meta.json	scvi	/home/xd/y/Benchmark/results/spatial_svg_rebuild_v1/e9p5_embryo/e9p5embryo/scvi/scPNMF/n2000/seed0/embedding.meta.json	2db6e324b733290cee20c5a9f4742836	2db6e324b733290cee20c5a9f4742836	PASS
/home/xd/y/Benchmark/results/spatial_svg_rebuild_v1/e9p5_embryo/e9p5embryo/graphst/scPNMF/n2000/seed0/embedding.meta.json	cellcharter	/home/xd/y/Benchmark/results/spatial_svg_rebuild_v1/e9p5_embryo/e9p5embryo/cellcharter/scPNMF/n2000/seed0/embedding.meta.json	2db6e324b733290cee20c5a9f4742836	2db6e324b733290cee20c5a9f4742836	PASS
/home/xd/y/Benchmark/results/spatial_svg_rebuild_v1/e9p5_embryo/e9p5embryo/graphst/scPNMF/n2000/seed2/embedding.meta.json	scvi	/home/xd/y/Benchmark/results/spatial_svg_rebuild_v1/e9p5_embryo/e9p5embryo/scvi/scPNMF/n2000/seed2/embedding.meta.json	d4da11168d7abcf248adefbcf7909693	d4da11168d7abcf248adefbcf7909693	PASS
/home/xd/y/Benchmark/results/spatial_svg_rebuild_v1/e9p5_embryo/e9p5embryo/graphst/scPNMF/n2000/seed2/embedding.meta.json	cellcharter	/home/xd/y/Benchmark/results/spatial_svg_rebuild_v1/e9p5_embryo/e9p5embryo/cellcharter/scPNMF/n2000/seed2/embedding.meta.json	d4da11168d7abcf248adefbcf7909693	d4da11168d7abcf248adefbcf7909693	PASS
/home/xd/y/Benchmark/results/spatial_svg_rebuild_v1/e9p5_embryo/e9p5embryo/graphst/scPNMF/n2000/seed1/embedding.meta.json	scvi	/home/xd/y/Benchmark/results/spatial_svg_rebuild_v1/e9p5_embryo/e9p5embryo/scvi/scPNMF/n2000/seed1/embedding.meta.json	b48ecaf0027003caddf549b9a34cd037	b48ecaf0027003caddf549b9a34cd037	PASS
/home/xd/y/Benchmark/results/spatial_svg_rebuild_v1/e9p5_embryo/e9p5embryo/graphst/scPNMF/n2000/seed1/embedding.meta.json	cellcharter	/home/xd/y/Benchmark/results/spatial_svg_rebuild_v1/e9p5_embryo/e9p5embryo/cellcharter/scPNMF/n2000/seed1/embedding.meta.json	b48ecaf0027003caddf549b9a34cd037	b48ecaf0027003caddf549b9a34cd037	PASS
/home/xd/y/Benchmark/results/spatial_svg_rebuild_v1/e9p5_embryo/e9p5embryo/graphst/scanpy_seurat_v3/n2000/seed0/embedding.meta.json	scvi	/home/xd/y/Benchmark/results/spatial_svg_rebuild_v1/e9p5_embryo/e9p5embryo/scvi/scanpy_seurat_v3/n2000/seed0/embedding.meta.json	5a0e6d462d40e64e5b9d410ca02063b9	5a0e6d462d40e64e5b9d410ca02063b9	PASS
/home/xd/y/Benchmark/results/spatial_svg_rebuild_v1/e9p5_embryo/e9p5embryo/graphst/scanpy_seurat_v3/n2000/seed0/embedding.meta.json	cellcharter	/home/xd/y/Benchmark/results/spatial_svg_rebuild_v1/e9p5_embryo/e9p5embryo/cellcharter/scanpy_seurat_v3/n2000/seed0/embedding.meta.json	5a0e6d462d40e64e5b9d410ca02063b9	5a0e6d462d40e64e5b9d410ca02063b9	PASS
/home/xd/y/Benchmark/results/spatial_svg_rebuild_v1/e9p5_embryo/e9p5embryo/graphst/scanpy_seurat_v3/n2000/seed2/embedding.meta.json	scvi	/home/xd/y/Benchmark/results/spatial_svg_rebuild_v1/e9p5_embryo/e9p5embryo/scvi/scanpy_seurat_v3/n2000/seed2/embedding.meta.json	5a0e6d462d40e64e5b9d410ca02063b9	5a0e6d462d40e64e5b9d410ca02063b9	PASS
/home/xd/y/Benchmark/results/spatial_svg_rebuild_v1/e9p5_embryo/e9p5embryo/graphst/scanpy_seurat_v3/n2000/seed2/embedding.meta.json	cellcharter	/home/xd/y/Benchmark/results/spatial_svg_rebuild_v1/e9p5_embryo/e9p5embryo/cellcharter/scanpy_seurat_v3/n2000/seed2/embedding.meta.json	5a0e6d462d40e64e5b9d410ca02063b9	5a0e6d462d40e64e5b9d410ca02063b9	PASS
/home/xd/y/Benchmark/results/spatial_svg_rebuild_v1/e9p5_embryo/e9p5embryo/graphst/scanpy_seurat_v3/n2000/seed1/embedding.meta.json	scvi	/home/xd/y/Benchmark/results/spatial_svg_rebuild_v1/e9p5_embryo/e9p5embryo/scvi/scanpy_seurat_v3/n2000/seed1/embedding.meta.json	5a0e6d462d40e64e5b9d410ca02063b9	5a0e6d462d40e64e5b9d410ca02063b9	PASS
/home/xd/y/Benchmark/results/spatial_svg_rebuild_v1/e9p5_embryo/e9p5embryo/graphst/scanpy_seurat_v3/n2000/seed1/embedding.meta.json	cellcharter	/home/xd/y/Benchmark/results/spatial_svg_rebuild_v1/e9p5_embryo/e9p5embryo/cellcharter/scanpy_seurat_v3/n2000/seed1/embedding.meta.json	5a0e6d462d40e64e5b9d410ca02063b9	5a0e6d462d40e64e5b9d410ca02063b9	PASS
/home/xd/y/Benchmark/results/spatial_svg_rebuild_v1/e9p5_embryo/e9p5embryo/graphst/hotspot/n2000/seed0/embedding.meta.json	scvi	/home/xd/y/Benchmark/results/spatial_svg_rebuild_v1/e9p5_embryo/e9p5embryo/scvi/hotspot/n2000/seed0/embedding.meta.json	0095c9397be5d3fb8b09dce5bc1ad84b	0095c9397be5d3fb8b09dce5bc1ad84b	PASS
/home/xd/y/Benchmark/results/spatial_svg_rebuild_v1/e9p5_embryo/e9p5embryo/graphst/hotspot/n2000/seed0/embedding.meta.json	cellcharter	/home/xd/y/Benchmark/results/spatial_svg_rebuild_v1/e9p5_embryo/e9p5embryo/cellcharter/hotspot/n2000/seed0/embedding.meta.json	0095c9397be5d3fb8b09dce5bc1ad84b	0095c9397be5d3fb8b09dce5bc1ad84b	PASS
/home/xd/y/Benchmark/results/spatial_svg_rebuild_v1/e9p5_embryo/e9p5embryo/graphst/hotspot/n2000/seed2/embedding.meta.json	scvi	/home/xd/y/Benchmark/results/spatial_svg_rebuild_v1/e9p5_embryo/e9p5embryo/scvi/hotspot/n2000/seed2/embedding.meta.json	9292d7a135c09eb6e9b7c4f30b36a88c	9292d7a135c09eb6e9b7c4f30b36a88c	PASS
/home/xd/y/Benchmark/results/spatial_svg_rebuild_v1/e9p5_embryo/e9p5embryo/graphst/hotspot/n2000/seed2/embedding.meta.json	cellcharter	/home/xd/y/Benchmark/results/spatial_svg_rebuild_v1/e9p5_embryo/e9p5embryo/cellcharter/hotspot/n2000/seed2/embedding.meta.json	9292d7a135c09eb6e9b7c4f30b36a88c	9292d7a135c09eb6e9b7c4f30b36a88c	PASS
/home/xd/y/Benchmark/results/spatial_svg_rebuild_v1/e9p5_embryo/e9p5embryo/graphst/hotspot/n2000/seed1/embedding.meta.json	scvi	/home/xd/y/Benchmark/results/spatial_svg_rebuild_v1/e9p5_embryo/e9p5embryo/scvi/hotspot/n2000/seed1/embedding.meta.json	39d1cf1da6b03d40656185ec33f9f405	39d1cf1da6b03d40656185ec33f9f405	PASS
/home/xd/y/Benchmark/results/spatial_svg_rebuild_v1/e9p5_embryo/e9p5embryo/graphst/hotspot/n2000/seed1/embedding.meta.json	cellcharter	/home/xd/y/Benchmark/results/spatial_svg_rebuild_v1/e9p5_embryo/e9p5embryo/cellcharter/hotspot/n2000/seed1/embedding.meta.json	39d1cf1da6b03d40656185ec33f9f405	39d1cf1da6b03d40656185ec33f9f405	PASS
/home/xd/y/Benchmark/results/spatial_svg_rebuild_v1/e9p5_embryo/e9p5embryo/graphst/nnsvg/n2000/seed0/embedding.meta.json	scvi	/home/xd/y/Benchmark/results/spatial_svg_rebuild_v1/e9p5_embryo/e9p5embryo/scvi/nnsvg/n2000/seed0/embedding.meta.json	6bc1817664bca856abbd4aab6490482c	6bc1817664bca856abbd4aab6490482c	PASS
/home/xd/y/Benchmark/results/spatial_svg_rebuild_v1/e9p5_embryo/e9p5embryo/graphst/nnsvg/n2000/seed0/embedding.meta.json	cellcharter	/home/xd/y/Benchmark/results/spatial_svg_rebuild_v1/e9p5_embryo/e9p5embryo/cellcharter/nnsvg/n2000/seed0/embedding.meta.json	6bc1817664bca856abbd4aab6490482c	6bc1817664bca856abbd4aab6490482c	PASS
/home/xd/y/Benchmark/results/spatial_svg_rebuild_v1/e9p5_embryo/e9p5embryo/graphst/nnsvg/n2000/seed2/embedding.meta.json	scvi	/home/xd/y/Benchmark/results/spatial_svg_rebuild_v1/e9p5_embryo/e9p5embryo/scvi/nnsvg/n2000/seed2/embedding.meta.json	6bc1817664bca856abbd4aab6490482c	6bc1817664bca856abbd4aab6490482c	PASS
/home/xd/y/Benchmark/results/spatial_svg_rebuild_v1/e9p5_embryo/e9p5embryo/graphst/nnsvg/n2000/seed2/embedding.meta.json	cellcharter	/home/xd/y/Benchmark/results/spatial_svg_rebuild_v1/e9p5_embryo/e9p5embryo/cellcharter/nnsvg/n2000/seed2/embedding.meta.json	6bc1817664bca856abbd4aab6490482c	6bc1817664bca856abbd4aab6490482c	PASS
/home/xd/y/Benchmark/results/spatial_svg_rebuild_v1/e9p5_embryo/e9p5embryo/graphst/nnsvg/n2000/seed1/embedding.meta.json	scvi	/home/xd/y/Benchmark/results/spatial_svg_rebuild_v1/e9p5_embryo/e9p5embryo/scvi/nnsvg/n2000/seed1/embedding.meta.json	6bc1817664bca856abbd4aab6490482c	6bc1817664bca856abbd4aab6490482c	PASS
/home/xd/y/Benchmark/results/spatial_svg_rebuild_v1/e9p5_embryo/e9p5embryo/graphst/nnsvg/n2000/seed1/embedding.meta.json	cellcharter	/home/xd/y/Benchmark/results/spatial_svg_rebuild_v1/e9p5_embryo/e9p5embryo/cellcharter/nnsvg/n2000/seed1/embedding.meta.json	6bc1817664bca856abbd4aab6490482c	6bc1817664bca856abbd4aab6490482c	PASS
/home/xd/y/Benchmark/results/spatial_svg_rebuild_v1/e9p5_embryo/e9p5embryo/graphst/dubstepr/n2000/seed0/embedding.meta.json	scvi	/home/xd/y/Benchmark/results/spatial_svg_rebuild_v1/e9p5_embryo/e9p5embryo/scvi/dubstepr/n2000/seed0/embedding.meta.json	8a0f8829245dcf854f2aae8914936e9b	8a0f8829245dcf854f2aae8914936e9b	PASS
/home/xd/y/Benchmark/results/spatial_svg_rebuild_v1/e9p5_embryo/e9p5embryo/graphst/dubstepr/n2000/seed0/embedding.meta.json	cellcharter	/home/xd/y/Benchmark/results/spatial_svg_rebuild_v1/e9p5_embryo/e9p5embryo/cellcharter/dubstepr/n2000/seed0/embedding.meta.json	8a0f8829245dcf854f2aae8914936e9b	8a0f8829245dcf854f2aae8914936e9b	PASS
/home/xd/y/Benchmark/results/spatial_svg_rebuild_v1/e9p5_embryo/e9p5embryo/graphst/dubstepr/n2000/seed2/embedding.meta.json	scvi	/home/xd/y/Benchmark/results/spatial_svg_rebuild_v1/e9p5_embryo/e9p5embryo/scvi/dubstepr/n2000/seed2/embedding.meta.json	a75efd83d1fd7582d68a36e0cb2ccf9b	a75efd83d1fd7582d68a36e0cb2ccf9b	PASS
/home/xd/y/Benchmark/results/spatial_svg_rebuild_v1/e9p5_embryo/e9p5embryo/graphst/dubstepr/n2000/seed2/embedding.meta.json	cellcharter	/home/xd/y/Benchmark/results/spatial_svg_rebuild_v1/e9p5_embryo/e9p5embryo/cellcharter/dubstepr/n2000/seed2/embedding.meta.json	a75efd83d1fd7582d68a36e0cb2ccf9b	a75efd83d1fd7582d68a36e0cb2ccf9b	PASS
/home/xd/y/Benchmark/results/spatial_svg_rebuild_v1/e9p5_embryo/e9p5embryo/graphst/dubstepr/n2000/seed1/embedding.meta.json	scvi	/home/xd/y/Benchmark/results/spatial_svg_rebuild_v1/e9p5_embryo/e9p5embryo/scvi/dubstepr/n2000/seed1/embedding.meta.json	0c508cf7de6473bf763650351f0393d7	0c508cf7de6473bf763650351f0393d7	PASS
/home/xd/y/Benchmark/results/spatial_svg_rebuild_v1/e9p5_embryo/e9p5embryo/graphst/dubstepr/n2000/seed1/embedding.meta.json	cellcharter	/home/xd/y/Benchmark/results/spatial_svg_rebuild_v1/e9p5_embryo/e9p5embryo/cellcharter/dubstepr/n2000/seed1/embedding.meta.json	0c508cf7de6473bf763650351f0393d7	0c508cf7de6473bf763650351f0393d7	PASS
/home/xd/y/Benchmark/results/spatial_svg_rebuild_v1/e9p5_embryo/e9p5embryo/graphst/anticor/n2000/seed0/embedding.meta.json	scvi	/home/xd/y/Benchmark/results/spatial_svg_rebuild_v1/e9p5_embryo/e9p5embryo/scvi/anticor/n2000/seed0/embedding.meta.json	89c72351fb3db8e7c165c204136e700b	89c72351fb3db8e7c165c204136e700b	PASS
/home/xd/y/Benchmark/results/spatial_svg_rebuild_v1/e9p5_embryo/e9p5embryo/graphst/anticor/n2000/seed0/embedding.meta.json	cellcharter	/home/xd/y/Benchmark/results/spatial_svg_rebuild_v1/e9p5_embryo/e9p5embryo/cellcharter/anticor/n2000/seed0/embedding.meta.json	89c72351fb3db8e7c165c204136e700b	89c72351fb3db8e7c165c204136e700b	PASS
/home/xd/y/Benchmark/results/spatial_svg_rebuild_v1/e9p5_embryo/e9p5embryo/graphst/anticor/n2000/seed2/embedding.meta.json	scvi	/home/xd/y/Benchmark/results/spatial_svg_rebuild_v1/e9p5_embryo/e9p5embryo/scvi/anticor/n2000/seed2/embedding.meta.json	a6aab9f06239bc596d341b3a206f7dc0	a6aab9f06239bc596d341b3a206f7dc0	PASS
/home/xd/y/Benchmark/results/spatial_svg_rebuild_v1/e9p5_embryo/e9p5embryo/graphst/anticor/n2000/seed2/embedding.meta.json	cellcharter	/home/xd/y/Benchmark/results/spatial_svg_rebuild_v1/e9p5_embryo/e9p5embryo/cellcharter/anticor/n2000/seed2/embedding.meta.json	a6aab9f06239bc596d341b3a206f7dc0	a6aab9f06239bc596d341b3a206f7dc0	PASS
/home/xd/y/Benchmark/results/spatial_svg_rebuild_v1/e9p5_embryo/e9p5embryo/graphst/anticor/n2000/seed1/embedding.meta.json	scvi	/home/xd/y/Benchmark/results/spatial_svg_rebuild_v1/e9p5_embryo/e9p5embryo/scvi/anticor/n2000/seed1/embedding.meta.json	5480a3da5be2cc182599a36c33fbd6a8	5480a3da5be2cc182599a36c33fbd6a8	PASS
/home/xd/y/Benchmark/results/spatial_svg_rebuild_v1/e9p5_embryo/e9p5embryo/graphst/anticor/n2000/seed1/embedding.meta.json	cellcharter	/home/xd/y/Benchmark/results/spatial_svg_rebuild_v1/e9p5_embryo/e9p5embryo/cellcharter/anticor/n2000/seed1/embedding.meta.json	5480a3da5be2cc182599a36c33fbd6a8	5480a3da5be2cc182599a36c33fbd6a8	PASS
/home/xd/y/Benchmark/results/spatial_svg_rebuild_v1/e9p5_embryo/e9p5embryo/graphst/triku/n2000/seed0/embedding.meta.json	scvi	/home/xd/y/Benchmark/results/spatial_svg_rebuild_v1/e9p5_embryo/e9p5embryo/scvi/triku/n2000/seed0/embedding.meta.json	0091121bed109a8acc2fd4d77d972522	0091121bed109a8acc2fd4d77d972522	PASS
/home/xd/y/Benchmark/results/spatial_svg_rebuild_v1/e9p5_embryo/e9p5embryo/graphst/triku/n2000/seed0/embedding.meta.json	cellcharter	/home/xd/y/Benchmark/results/spatial_svg_rebuild_v1/e9p5_embryo/e9p5embryo/cellcharter/triku/n2000/seed0/embedding.meta.json	0091121bed109a8acc2fd4d77d972522	0091121bed109a8acc2fd4d77d972522	PASS
/home/xd/y/Benchmark/results/spatial_svg_rebuild_v1/e9p5_embryo/e9p5embryo/graphst/triku/n2000/seed2/embedding.meta.json	scvi	/home/xd/y/Benchmark/results/spatial_svg_rebuild_v1/e9p5_embryo/e9p5embryo/scvi/triku/n2000/seed2/embedding.meta.json	53f3bbd1d3dbdaaa3ddc4d90d491b026	53f3bbd1d3dbdaaa3ddc4d90d491b026	PASS
/home/xd/y/Benchmark/results/spatial_svg_rebuild_v1/e9p5_embryo/e9p5embryo/graphst/triku/n2000/seed2/embedding.meta.json	cellcharter	/home/xd/y/Benchmark/results/spatial_svg_rebuild_v1/e9p5_embryo/e9p5embryo/cellcharter/triku/n2000/seed2/embedding.meta.json	53f3bbd1d3dbdaaa3ddc4d90d491b026	53f3bbd1d3dbdaaa3ddc4d90d491b026	PASS
/home/xd/y/Benchmark/results/spatial_svg_rebuild_v1/e9p5_embryo/e9p5embryo/graphst/triku/n2000/seed1/embedding.meta.json	scvi	/home/xd/y/Benchmark/results/spatial_svg_rebuild_v1/e9p5_embryo/e9p5embryo/scvi/triku/n2000/seed1/embedding.meta.json	bb691fedeabce9d462bdd6561de53869	bb691fedeabce9d462bdd6561de53869	PASS
/home/xd/y/Benchmark/results/spatial_svg_rebuild_v1/e9p5_embryo/e9p5embryo/graphst/triku/n2000/seed1/embedding.meta.json	cellcharter	/home/xd/y/Benchmark/results/spatial_svg_rebuild_v1/e9p5_embryo/e9p5embryo/cellcharter/triku/n2000/seed1/embedding.meta.json	bb691fedeabce9d462bdd6561de53869	bb691fedeabce9d462bdd6561de53869	PASS
/home/xd/y/Benchmark/results/spatial_svg_rebuild_v1/e9p5_embryo/e9p5embryo/graphst/scanpy_pearson/n2000/seed0/embedding.meta.json	scvi	/home/xd/y/Benchmark/results/spatial_svg_rebuild_v1/e9p5_embryo/e9p5embryo/scvi/scanpy_pearson/n2000/seed0/embedding.meta.json	8d3cf4d5f8cc6e5af23de94b8714b6e8	8d3cf4d5f8cc6e5af23de94b8714b6e8	PASS
/home/xd/y/Benchmark/results/spatial_svg_rebuild_v1/e9p5_embryo/e9p5embryo/graphst/scanpy_pearson/n2000/seed0/embedding.meta.json	cellcharter	/home/xd/y/Benchmark/results/spatial_svg_rebuild_v1/e9p5_embryo/e9p5embryo/cellcharter/scanpy_pearson/n2000/seed0/embedding.meta.json	8d3cf4d5f8cc6e5af23de94b8714b6e8	8d3cf4d5f8cc6e5af23de94b8714b6e8	PASS
/home/xd/y/Benchmark/results/spatial_svg_rebuild_v1/e9p5_embryo/e9p5embryo/graphst/scanpy_pearson/n2000/seed2/embedding.meta.json	scvi	/home/xd/y/Benchmark/results/spatial_svg_rebuild_v1/e9p5_embryo/e9p5embryo/scvi/scanpy_pearson/n2000/seed2/embedding.meta.json	8d3cf4d5f8cc6e5af23de94b8714b6e8	8d3cf4d5f8cc6e5af23de94b8714b6e8	PASS
/home/xd/y/Benchmark/results/spatial_svg_rebuild_v1/e9p5_embryo/e9p5embryo/graphst/scanpy_pearson/n2000/seed2/embedding.meta.json	cellcharter	/home/xd/y/Benchmark/results/spatial_svg_rebuild_v1/e9p5_embryo/e9p5embryo/cellcharter/scanpy_pearson/n2000/seed2/embedding.meta.json	8d3cf4d5f8cc6e5af23de94b8714b6e8	8d3cf4d5f8cc6e5af23de94b8714b6e8	PASS
/home/xd/y/Benchmark/results/spatial_svg_rebuild_v1/e9p5_embryo/e9p5embryo/graphst/scanpy_pearson/n2000/seed1/embedding.meta.json	scvi	/home/xd/y/Benchmark/results/spatial_svg_rebuild_v1/e9p5_embryo/e9p5embryo/scvi/scanpy_pearson/n2000/seed1/embedding.meta.json	8d3cf4d5f8cc6e5af23de94b8714b6e8	8d3cf4d5f8cc6e5af23de94b8714b6e8	PASS
/home/xd/y/Benchmark/results/spatial_svg_rebuild_v1/e9p5_embryo/e9p5embryo/graphst/scanpy_pearson/n2000/seed1/embedding.meta.json	cellcharter	/home/xd/y/Benchmark/results/spatial_svg_rebuild_v1/e9p5_embryo/e9p5embryo/cellcharter/scanpy_pearson/n2000/seed1/embedding.meta.json	8d3cf4d5f8cc6e5af23de94b8714b6e8	8d3cf4d5f8cc6e5af23de94b8714b6e8	PASS
/home/xd/y/Benchmark/results/spatial_svg_rebuild_v1/e9p5_embryo/e9p5embryo/graphst/seurat_sct/n2000/seed0/embedding.meta.json	scvi	/home/xd/y/Benchmark/results/spatial_svg_rebuild_v1/e9p5_embryo/e9p5embryo/scvi/seurat_sct/n2000/seed0/embedding.meta.json	491f5237ad61e5d658e9a7c397fa9fdf	491f5237ad61e5d658e9a7c397fa9fdf	PASS
/home/xd/y/Benchmark/results/spatial_svg_rebuild_v1/e9p5_embryo/e9p5embryo/graphst/seurat_sct/n2000/seed0/embedding.meta.json	cellcharter	/home/xd/y/Benchmark/results/spatial_svg_rebuild_v1/e9p5_embryo/e9p5embryo/cellcharter/seurat_sct/n2000/seed0/embedding.meta.json	491f5237ad61e5d658e9a7c397fa9fdf	491f5237ad61e5d658e9a7c397fa9fdf	PASS
/home/xd/y/Benchmark/results/spatial_svg_rebuild_v1/e9p5_embryo/e9p5embryo/graphst/seurat_sct/n2000/seed2/embedding.meta.json	scvi	/home/xd/y/Benchmark/results/spatial_svg_rebuild_v1/e9p5_embryo/e9p5embryo/scvi/seurat_sct/n2000/seed2/embedding.meta.json	38c1fcaf89978052148bc5dd4063428c	38c1fcaf89978052148bc5dd4063428c	PASS
/home/xd/y/Benchmark/results/spatial_svg_rebuild_v1/e9p5_embryo/e9p5embryo/graphst/seurat_sct/n2000/seed2/embedding.meta.json	cellcharter	/home/xd/y/Benchmark/results/spatial_svg_rebuild_v1/e9p5_embryo/e9p5embryo/cellcharter/seurat_sct/n2000/seed2/embedding.meta.json	38c1fcaf89978052148bc5dd4063428c	38c1fcaf89978052148bc5dd4063428c	PASS
/home/xd/y/Benchmark/results/spatial_svg_rebuild_v1/e9p5_embryo/e9p5embryo/graphst/seurat_sct/n2000/seed1/embedding.meta.json	scvi	/home/xd/y/Benchmark/results/spatial_svg_rebuild_v1/e9p5_embryo/e9p5embryo/scvi/seurat_sct/n2000/seed1/embedding.meta.json	56fb9b4fcb1a2f4e3b1b90e34241eac6	56fb9b4fcb1a2f4e3b1b90e34241eac6	PASS
/home/xd/y/Benchmark/results/spatial_svg_rebuild_v1/e9p5_embryo/e9p5embryo/graphst/seurat_sct/n2000/seed1/embedding.meta.json	cellcharter	/home/xd/y/Benchmark/results/spatial_svg_rebuild_v1/e9p5_embryo/e9p5embryo/cellcharter/seurat_sct/n2000/seed1/embedding.meta.json	56fb9b4fcb1a2f4e3b1b90e34241eac6	56fb9b4fcb1a2f4e3b1b90e34241eac6	PASS
/home/xd/y/Benchmark/results/spatial_svg_rebuild_v1/e9p5_embryo/e9p5embryo/graphst/scanpy_cell_ranger/n2000/seed0/embedding.meta.json	scvi	/home/xd/y/Benchmark/results/spatial_svg_rebuild_v1/e9p5_embryo/e9p5embryo/scvi/scanpy_cell_ranger/n2000/seed0/embedding.meta.json	341e78db6c0dc797f46dd68722c518aa	341e78db6c0dc797f46dd68722c518aa	PASS
/home/xd/y/Benchmark/results/spatial_svg_rebuild_v1/e9p5_embryo/e9p5embryo/graphst/scanpy_cell_ranger/n2000/seed0/embedding.meta.json	cellcharter	/home/xd/y/Benchmark/results/spatial_svg_rebuild_v1/e9p5_embryo/e9p5embryo/cellcharter/scanpy_cell_ranger/n2000/seed0/embedding.meta.json	341e78db6c0dc797f46dd68722c518aa	341e78db6c0dc797f46dd68722c518aa	PASS
/home/xd/y/Benchmark/results/spatial_svg_rebuild_v1/e9p5_embryo/e9p5embryo/graphst/scanpy_cell_ranger/n2000/seed2/embedding.meta.json	scvi	/home/xd/y/Benchmark/results/spatial_svg_rebuild_v1/e9p5_embryo/e9p5embryo/scvi/scanpy_cell_ranger/n2000/seed2/embedding.meta.json	341e78db6c0dc797f46dd68722c518aa	341e78db6c0dc797f46dd68722c518aa	PASS
/home/xd/y/Benchmark/results/spatial_svg_rebuild_v1/e9p5_embryo/e9p5embryo/graphst/scanpy_cell_ranger/n2000/seed2/embedding.meta.json	cellcharter	/home/xd/y/Benchmark/results/spatial_svg_rebuild_v1/e9p5_embryo/e9p5embryo/cellcharter/scanpy_cell_ranger/n2000/seed2/embedding.meta.json	341e78db6c0dc797f46dd68722c518aa	341e78db6c0dc797f46dd68722c518aa	PASS
/home/xd/y/Benchmark/results/spatial_svg_rebuild_v1/e9p5_embryo/e9p5embryo/graphst/scanpy_cell_ranger/n2000/seed1/embedding.meta.json	scvi	/home/xd/y/Benchmark/results/spatial_svg_rebuild_v1/e9p5_embryo/e9p5embryo/scvi/scanpy_cell_ranger/n2000/seed1/embedding.meta.json	341e78db6c0dc797f46dd68722c518aa	341e78db6c0dc797f46dd68722c518aa	PASS
/home/xd/y/Benchmark/results/spatial_svg_rebuild_v1/e9p5_embryo/e9p5embryo/graphst/scanpy_cell_ranger/n2000/seed1/embedding.meta.json	cellcharter	/home/xd/y/Benchmark/results/spatial_svg_rebuild_v1/e9p5_embryo/e9p5embryo/cellcharter/scanpy_cell_ranger/n2000/seed1/embedding.meta.json	341e78db6c0dc797f46dd68722c518aa	341e78db6c0dc797f46dd68722c518aa	PASS
/home/xd/y/Benchmark/results/spatial_svg_rebuild_v1/e9p5_embryo/e9p5embryo/graphst/scanpy_pearson_batch/n2000/seed0/embedding.meta.json	scvi	/home/xd/y/Benchmark/results/spatial_svg_rebuild_v1/e9p5_embryo/e9p5embryo/scvi/scanpy_pearson_batch/n2000/seed0/embedding.meta.json	cd9e32aa9833d55e5466273452a9cb31	cd9e32aa9833d55e5466273452a9cb31	PASS
/home/xd/y/Benchmark/results/spatial_svg_rebuild_v1/e9p5_embryo/e9p5embryo/graphst/scanpy_pearson_batch/n2000/seed0/embedding.meta.json	cellcharter	/home/xd/y/Benchmark/results/spatial_svg_rebuild_v1/e9p5_embryo/e9p5embryo/cellcharter/scanpy_pearson_batch/n2000/seed0/embedding.meta.json	cd9e32aa9833d55e5466273452a9cb31	cd9e32aa9833d55e5466273452a9cb31	PASS
/home/xd/y/Benchmark/results/spatial_svg_rebuild_v1/e9p5_embryo/e9p5embryo/graphst/scanpy_pearson_batch/n2000/seed2/embedding.meta.json	scvi	/home/xd/y/Benchmark/results/spatial_svg_rebuild_v1/e9p5_embryo/e9p5embryo/scvi/scanpy_pearson_batch/n2000/seed2/embedding.meta.json	cd9e32aa9833d55e5466273452a9cb31	cd9e32aa9833d55e5466273452a9cb31	PASS
/home/xd/y/Benchmark/results/spatial_svg_rebuild_v1/e9p5_embryo/e9p5embryo/graphst/scanpy_pearson_batch/n2000/seed2/embedding.meta.json	cellcharter	/home/xd/y/Benchmark/results/spatial_svg_rebuild_v1/e9p5_embryo/e9p5embryo/cellcharter/scanpy_pearson_batch/n2000/seed2/embedding.meta.json	cd9e32aa9833d55e5466273452a9cb31	cd9e32aa9833d55e5466273452a9cb31	PASS
/home/xd/y/Benchmark/results/spatial_svg_rebuild_v1/e9p5_embryo/e9p5embryo/graphst/scanpy_pearson_batch/n2000/seed1/embedding.meta.json	scvi	/home/xd/y/Benchmark/results/spatial_svg_rebuild_v1/e9p5_embryo/e9p5embryo/scvi/scanpy_pearson_batch/n2000/seed1/embedding.meta.json	cd9e32aa9833d55e5466273452a9cb31	cd9e32aa9833d55e5466273452a9cb31	PASS
/home/xd/y/Benchmark/results/spatial_svg_rebuild_v1/e9p5_embryo/e9p5embryo/graphst/scanpy_pearson_batch/n2000/seed1/embedding.meta.json	cellcharter	/home/xd/y/Benchmark/results/spatial_svg_rebuild_v1/e9p5_embryo/e9p5embryo/cellcharter/scanpy_pearson_batch/n2000/seed1/embedding.meta.json	cd9e32aa9833d55e5466273452a9cb31	cd9e32aa9833d55e5466273452a9cb31	PASS
/home/xd/y/Benchmark/results/spatial_svg_rebuild_v1/e9p5_embryo/e9p5embryo/graphst/singleCellHaystack/n2000/seed0/embedding.meta.json	scvi	/home/xd/y/Benchmark/results/spatial_svg_rebuild_v1/e9p5_embryo/e9p5embryo/scvi/singleCellHaystack/n2000/seed0/embedding.meta.json	8ba947fe8dbaf19a9b3b650656c359c3	8ba947fe8dbaf19a9b3b650656c359c3	PASS
/home/xd/y/Benchmark/results/spatial_svg_rebuild_v1/e9p5_embryo/e9p5embryo/graphst/singleCellHaystack/n2000/seed0/embedding.meta.json	cellcharter	/home/xd/y/Benchmark/results/spatial_svg_rebuild_v1/e9p5_embryo/e9p5embryo/cellcharter/singleCellHaystack/n2000/seed0/embedding.meta.json	8ba947fe8dbaf19a9b3b650656c359c3	8ba947fe8dbaf19a9b3b650656c359c3	PASS
/home/xd/y/Benchmark/results/spatial_svg_rebuild_v1/e9p5_embryo/e9p5embryo/graphst/singleCellHaystack/n2000/seed2/embedding.meta.json	scvi	/home/xd/y/Benchmark/results/spatial_svg_rebuild_v1/e9p5_embryo/e9p5embryo/scvi/singleCellHaystack/n2000/seed2/embedding.meta.json	487ade1c3cae8639c67c9715091b46fa	487ade1c3cae8639c67c9715091b46fa	PASS
/home/xd/y/Benchmark/results/spatial_svg_rebuild_v1/e9p5_embryo/e9p5embryo/graphst/singleCellHaystack/n2000/seed2/embedding.meta.json	cellcharter	/home/xd/y/Benchmark/results/spatial_svg_rebuild_v1/e9p5_embryo/e9p5embryo/cellcharter/singleCellHaystack/n2000/seed2/embedding.meta.json	487ade1c3cae8639c67c9715091b46fa	487ade1c3cae8639c67c9715091b46fa	PASS
/home/xd/y/Benchmark/results/spatial_svg_rebuild_v1/e9p5_embryo/e9p5embryo/graphst/singleCellHaystack/n2000/seed1/embedding.meta.json	scvi	/home/xd/y/Benchmark/results/spatial_svg_rebuild_v1/e9p5_embryo/e9p5embryo/scvi/singleCellHaystack/n2000/seed1/embedding.meta.json	01088ca69f25dac9e2237f2b1021fd49	01088ca69f25dac9e2237f2b1021fd49	PASS
/home/xd/y/Benchmark/results/spatial_svg_rebuild_v1/e9p5_embryo/e9p5embryo/graphst/singleCellHaystack/n2000/seed1/embedding.meta.json	cellcharter	/home/xd/y/Benchmark/results/spatial_svg_rebuild_v1/e9p5_embryo/e9p5embryo/cellcharter/singleCellHaystack/n2000/seed1/embedding.meta.json	01088ca69f25dac9e2237f2b1021fd49	01088ca69f25dac9e2237f2b1021fd49	PASS
/home/xd/y/Benchmark/results/spatial_svg_rebuild_v1/e9p5_embryo/e9p5embryo/graphst/statistic_mean/n2000/seed0/embedding.meta.json	scvi	/home/xd/y/Benchmark/results/spatial_svg_rebuild_v1/e9p5_embryo/e9p5embryo/scvi/statistic_mean/n2000/seed0/embedding.meta.json	01e8e9c4a8bfecbc553733bde7b5bffc	01e8e9c4a8bfecbc553733bde7b5bffc	PASS
/home/xd/y/Benchmark/results/spatial_svg_rebuild_v1/e9p5_embryo/e9p5embryo/graphst/statistic_mean/n2000/seed0/embedding.meta.json	cellcharter	/home/xd/y/Benchmark/results/spatial_svg_rebuild_v1/e9p5_embryo/e9p5embryo/cellcharter/statistic_mean/n2000/seed0/embedding.meta.json	01e8e9c4a8bfecbc553733bde7b5bffc	01e8e9c4a8bfecbc553733bde7b5bffc	PASS
/home/xd/y/Benchmark/results/spatial_svg_rebuild_v1/e9p5_embryo/e9p5embryo/graphst/statistic_mean/n2000/seed2/embedding.meta.json	scvi	/home/xd/y/Benchmark/results/spatial_svg_rebuild_v1/e9p5_embryo/e9p5embryo/scvi/statistic_mean/n2000/seed2/embedding.meta.json	01e8e9c4a8bfecbc553733bde7b5bffc	01e8e9c4a8bfecbc553733bde7b5bffc	PASS
/home/xd/y/Benchmark/results/spatial_svg_rebuild_v1/e9p5_embryo/e9p5embryo/graphst/statistic_mean/n2000/seed2/embedding.meta.json	cellcharter	/home/xd/y/Benchmark/results/spatial_svg_rebuild_v1/e9p5_embryo/e9p5embryo/cellcharter/statistic_mean/n2000/seed2/embedding.meta.json	01e8e9c4a8bfecbc553733bde7b5bffc	01e8e9c4a8bfecbc553733bde7b5bffc	PASS
/home/xd/y/Benchmark/results/spatial_svg_rebuild_v1/e9p5_embryo/e9p5embryo/graphst/statistic_mean/n2000/seed1/embedding.meta.json	scvi	/home/xd/y/Benchmark/results/spatial_svg_rebuild_v1/e9p5_embryo/e9p5embryo/scvi/statistic_mean/n2000/seed1/embedding.meta.json	01e8e9c4a8bfecbc553733bde7b5bffc	01e8e9c4a8bfecbc553733bde7b5bffc	PASS
/home/xd/y/Benchmark/results/spatial_svg_rebuild_v1/e9p5_embryo/e9p5embryo/graphst/statistic_mean/n2000/seed1/embedding.meta.json	cellcharter	/home/xd/y/Benchmark/results/spatial_svg_rebuild_v1/e9p5_embryo/e9p5embryo/cellcharter/statistic_mean/n2000/seed1/embedding.meta.json	01e8e9c4a8bfecbc553733bde7b5bffc	01e8e9c4a8bfecbc553733bde7b5bffc	PASS
/home/xd/y/Benchmark/results/spatial_svg_rebuild_v1/e9p5_embryo/e9p5embryo/graphst/sparkx/n2000/seed0/embedding.meta.json	scvi	/home/xd/y/Benchmark/results/spatial_svg_rebuild_v1/e9p5_embryo/e9p5embryo/scvi/sparkx/n2000/seed0/embedding.meta.json	a2dc0f58352d8c355d31ac796097e377	a2dc0f58352d8c355d31ac796097e377	PASS
/home/xd/y/Benchmark/results/spatial_svg_rebuild_v1/e9p5_embryo/e9p5embryo/graphst/sparkx/n2000/seed0/embedding.meta.json	cellcharter	/home/xd/y/Benchmark/results/spatial_svg_rebuild_v1/e9p5_embryo/e9p5embryo/cellcharter/sparkx/n2000/seed0/embedding.meta.json	a2dc0f58352d8c355d31ac796097e377	a2dc0f58352d8c355d31ac796097e377	PASS
/home/xd/y/Benchmark/results/spatial_svg_rebuild_v1/e9p5_embryo/e9p5embryo/graphst/sparkx/n2000/seed2/embedding.meta.json	scvi	/home/xd/y/Benchmark/results/spatial_svg_rebuild_v1/e9p5_embryo/e9p5embryo/scvi/sparkx/n2000/seed2/embedding.meta.json	a2dc0f58352d8c355d31ac796097e377	a2dc0f58352d8c355d31ac796097e377	PASS
/home/xd/y/Benchmark/results/spatial_svg_rebuild_v1/e9p5_embryo/e9p5embryo/graphst/sparkx/n2000/seed2/embedding.meta.json	cellcharter	/home/xd/y/Benchmark/results/spatial_svg_rebuild_v1/e9p5_embryo/e9p5embryo/cellcharter/sparkx/n2000/seed2/embedding.meta.json	a2dc0f58352d8c355d31ac796097e377	a2dc0f58352d8c355d31ac796097e377	PASS
/home/xd/y/Benchmark/results/spatial_svg_rebuild_v1/e9p5_embryo/e9p5embryo/graphst/sparkx/n2000/seed1/embedding.meta.json	scvi	/home/xd/y/Benchmark/results/spatial_svg_rebuild_v1/e9p5_embryo/e9p5embryo/scvi/sparkx/n2000/seed1/embedding.meta.json	a2dc0f58352d8c355d31ac796097e377	a2dc0f58352d8c355d31ac796097e377	PASS
/home/xd/y/Benchmark/results/spatial_svg_rebuild_v1/e9p5_embryo/e9p5embryo/graphst/sparkx/n2000/seed1/embedding.meta.json	cellcharter	/home/xd/y/Benchmark/results/spatial_svg_rebuild_v1/e9p5_embryo/e9p5embryo/cellcharter/sparkx/n2000/seed1/embedding.meta.json	a2dc0f58352d8c355d31ac796097e377	a2dc0f58352d8c355d31ac796097e377	PASS
/home/xd/y/Benchmark/results/spatial_svg_rebuild_v1/e9p5_embryo/e9p5embryo/graphst/morans_i/n2000/seed0/embedding.meta.json	scvi	/home/xd/y/Benchmark/results/spatial_svg_rebuild_v1/e9p5_embryo/e9p5embryo/scvi/morans_i/n2000/seed0/embedding.meta.json	728963814ab3b7283ef3d3a665d568b4	728963814ab3b7283ef3d3a665d568b4	PASS
/home/xd/y/Benchmark/results/spatial_svg_rebuild_v1/e9p5_embryo/e9p5embryo/graphst/morans_i/n2000/seed0/embedding.meta.json	cellcharter	/home/xd/y/Benchmark/results/spatial_svg_rebuild_v1/e9p5_embryo/e9p5embryo/cellcharter/morans_i/n2000/seed0/embedding.meta.json	728963814ab3b7283ef3d3a665d568b4	728963814ab3b7283ef3d3a665d568b4	PASS
/home/xd/y/Benchmark/results/spatial_svg_rebuild_v1/e9p5_embryo/e9p5embryo/graphst/morans_i/n2000/seed2/embedding.meta.json	scvi	/home/xd/y/Benchmark/results/spatial_svg_rebuild_v1/e9p5_embryo/e9p5embryo/scvi/morans_i/n2000/seed2/embedding.meta.json	728963814ab3b7283ef3d3a665d568b4	728963814ab3b7283ef3d3a665d568b4	PASS
/home/xd/y/Benchmark/results/spatial_svg_rebuild_v1/e9p5_embryo/e9p5embryo/graphst/morans_i/n2000/seed2/embedding.meta.json	cellcharter	/home/xd/y/Benchmark/results/spatial_svg_rebuild_v1/e9p5_embryo/e9p5embryo/cellcharter/morans_i/n2000/seed2/embedding.meta.json	728963814ab3b7283ef3d3a665d568b4	728963814ab3b7283ef3d3a665d568b4	PASS
/home/xd/y/Benchmark/results/spatial_svg_rebuild_v1/e9p5_embryo/e9p5embryo/graphst/morans_i/n2000/seed1/embedding.meta.json	scvi	/home/xd/y/Benchmark/results/spatial_svg_rebuild_v1/e9p5_embryo/e9p5embryo/scvi/morans_i/n2000/seed1/embedding.meta.json	728963814ab3b7283ef3d3a665d568b4	728963814ab3b7283ef3d3a665d568b4	PASS
/home/xd/y/Benchmark/results/spatial_svg_rebuild_v1/e9p5_embryo/e9p5embryo/graphst/morans_i/n2000/seed1/embedding.meta.json	cellcharter	/home/xd/y/Benchmark/results/spatial_svg_rebuild_v1/e9p5_embryo/e9p5embryo/cellcharter/morans_i/n2000/seed1/embedding.meta.json	728963814ab3b7283ef3d3a665d568b4	728963814ab3b7283ef3d3a665d568b4	PASS
/home/xd/y/Benchmark/results/spatial_svg_rebuild_v1/e9p5_embryo/e9p5embryo/graphst/seurat_mvp/n2000/seed0/embedding.meta.json	scvi	/home/xd/y/Benchmark/results/spatial_svg_rebuild_v1/e9p5_embryo/e9p5embryo/scvi/seurat_mvp/n2000/seed0/embedding.meta.json	8cd69e4a5f6ad0c70b3967c9ff428bc8	8cd69e4a5f6ad0c70b3967c9ff428bc8	PASS
/home/xd/y/Benchmark/results/spatial_svg_rebuild_v1/e9p5_embryo/e9p5embryo/graphst/seurat_mvp/n2000/seed0/embedding.meta.json	cellcharter	/home/xd/y/Benchmark/results/spatial_svg_rebuild_v1/e9p5_embryo/e9p5embryo/cellcharter/seurat_mvp/n2000/seed0/embedding.meta.json	8cd69e4a5f6ad0c70b3967c9ff428bc8	8cd69e4a5f6ad0c70b3967c9ff428bc8	PASS
/home/xd/y/Benchmark/results/spatial_svg_rebuild_v1/e9p5_embryo/e9p5embryo/graphst/seurat_mvp/n2000/seed2/embedding.meta.json	scvi	/home/xd/y/Benchmark/results/spatial_svg_rebuild_v1/e9p5_embryo/e9p5embryo/scvi/seurat_mvp/n2000/seed2/embedding.meta.json	8cd69e4a5f6ad0c70b3967c9ff428bc8	8cd69e4a5f6ad0c70b3967c9ff428bc8	PASS
/home/xd/y/Benchmark/results/spatial_svg_rebuild_v1/e9p5_embryo/e9p5embryo/graphst/seurat_mvp/n2000/seed2/embedding.meta.json	cellcharter	/home/xd/y/Benchmark/results/spatial_svg_rebuild_v1/e9p5_embryo/e9p5embryo/cellcharter/seurat_mvp/n2000/seed2/embedding.meta.json	8cd69e4a5f6ad0c70b3967c9ff428bc8	8cd69e4a5f6ad0c70b3967c9ff428bc8	PASS
/home/xd/y/Benchmark/results/spatial_svg_rebuild_v1/e9p5_embryo/e9p5embryo/graphst/seurat_mvp/n2000/seed1/embedding.meta.json	scvi	/home/xd/y/Benchmark/results/spatial_svg_rebuild_v1/e9p5_embryo/e9p5embryo/scvi/seurat_mvp/n2000/seed1/embedding.meta.json	8cd69e4a5f6ad0c70b3967c9ff428bc8	8cd69e4a5f6ad0c70b3967c9ff428bc8	PASS
/home/xd/y/Benchmark/results/spatial_svg_rebuild_v1/e9p5_embryo/e9p5embryo/graphst/seurat_mvp/n2000/seed1/embedding.meta.json	cellcharter	/home/xd/y/Benchmark/results/spatial_svg_rebuild_v1/e9p5_embryo/e9p5embryo/cellcharter/seurat_mvp/n2000/seed1/embedding.meta.json	8cd69e4a5f6ad0c70b3967c9ff428bc8	8cd69e4a5f6ad0c70b3967c9ff428bc8	PASS
/home/xd/y/Benchmark/results/spatial_svg_rebuild_v1/e9p5_embryo/e9p5embryo/graphst/osca/n2000/seed0/embedding.meta.json	scvi	/home/xd/y/Benchmark/results/spatial_svg_rebuild_v1/e9p5_embryo/e9p5embryo/scvi/osca/n2000/seed0/embedding.meta.json	ce5f1ba4954844a79cc60a7a3cee053b	ce5f1ba4954844a79cc60a7a3cee053b	PASS
/home/xd/y/Benchmark/results/spatial_svg_rebuild_v1/e9p5_embryo/e9p5embryo/graphst/osca/n2000/seed0/embedding.meta.json	cellcharter	/home/xd/y/Benchmark/results/spatial_svg_rebuild_v1/e9p5_embryo/e9p5embryo/cellcharter/osca/n2000/seed0/embedding.meta.json	ce5f1ba4954844a79cc60a7a3cee053b	ce5f1ba4954844a79cc60a7a3cee053b	PASS
/home/xd/y/Benchmark/results/spatial_svg_rebuild_v1/e9p5_embryo/e9p5embryo/graphst/osca/n2000/seed2/embedding.meta.json	scvi	/home/xd/y/Benchmark/results/spatial_svg_rebuild_v1/e9p5_embryo/e9p5embryo/scvi/osca/n2000/seed2/embedding.meta.json	ce5f1ba4954844a79cc60a7a3cee053b	ce5f1ba4954844a79cc60a7a3cee053b	PASS
/home/xd/y/Benchmark/results/spatial_svg_rebuild_v1/e9p5_embryo/e9p5embryo/graphst/osca/n2000/seed2/embedding.meta.json	cellcharter	/home/xd/y/Benchmark/results/spatial_svg_rebuild_v1/e9p5_embryo/e9p5embryo/cellcharter/osca/n2000/seed2/embedding.meta.json	ce5f1ba4954844a79cc60a7a3cee053b	ce5f1ba4954844a79cc60a7a3cee053b	PASS
/home/xd/y/Benchmark/results/spatial_svg_rebuild_v1/e9p5_embryo/e9p5embryo/graphst/osca/n2000/seed1/embedding.meta.json	scvi	/home/xd/y/Benchmark/results/spatial_svg_rebuild_v1/e9p5_embryo/e9p5embryo/scvi/osca/n2000/seed1/embedding.meta.json	ce5f1ba4954844a79cc60a7a3cee053b	ce5f1ba4954844a79cc60a7a3cee053b	PASS
/home/xd/y/Benchmark/results/spatial_svg_rebuild_v1/e9p5_embryo/e9p5embryo/graphst/osca/n2000/seed1/embedding.meta.json	cellcharter	/home/xd/y/Benchmark/results/spatial_svg_rebuild_v1/e9p5_embryo/e9p5embryo/cellcharter/osca/n2000/seed1/embedding.meta.json	ce5f1ba4954844a79cc60a7a3cee053b	ce5f1ba4954844a79cc60a7a3cee053b	PASS
/home/xd/y/Benchmark/results/spatial_svg_rebuild_v1/e9p5_embryo/e9p5embryo/graphst/scanpy_seurat_v3_batch/n2000/seed0/embedding.meta.json	scvi	/home/xd/y/Benchmark/results/spatial_svg_rebuild_v1/e9p5_embryo/e9p5embryo/scvi/scanpy_seurat_v3_batch/n2000/seed0/embedding.meta.json	38003e468f8e438146edba4a5a873a7c	38003e468f8e438146edba4a5a873a7c	PASS
/home/xd/y/Benchmark/results/spatial_svg_rebuild_v1/e9p5_embryo/e9p5embryo/graphst/scanpy_seurat_v3_batch/n2000/seed0/embedding.meta.json	cellcharter	/home/xd/y/Benchmark/results/spatial_svg_rebuild_v1/e9p5_embryo/e9p5embryo/cellcharter/scanpy_seurat_v3_batch/n2000/seed0/embedding.meta.json	38003e468f8e438146edba4a5a873a7c	38003e468f8e438146edba4a5a873a7c	PASS
/home/xd/y/Benchmark/results/spatial_svg_rebuild_v1/e9p5_embryo/e9p5embryo/graphst/scanpy_seurat_v3_batch/n2000/seed2/embedding.meta.json	scvi	/home/xd/y/Benchmark/results/spatial_svg_rebuild_v1/e9p5_embryo/e9p5embryo/scvi/scanpy_seurat_v3_batch/n2000/seed2/embedding.meta.json	38003e468f8e438146edba4a5a873a7c	38003e468f8e438146edba4a5a873a7c	PASS
/home/xd/y/Benchmark/results/spatial_svg_rebuild_v1/e9p5_embryo/e9p5embryo/graphst/scanpy_seurat_v3_batch/n2000/seed2/embedding.meta.json	cellcharter	/home/xd/y/Benchmark/results/spatial_svg_rebuild_v1/e9p5_embryo/e9p5embryo/cellcharter/scanpy_seurat_v3_batch/n2000/seed2/embedding.meta.json	38003e468f8e438146edba4a5a873a7c	38003e468f8e438146edba4a5a873a7c	PASS
/home/xd/y/Benchmark/results/spatial_svg_rebuild_v1/e9p5_embryo/e9p5embryo/graphst/scanpy_seurat_v3_batch/n2000/seed1/embedding.meta.json	scvi	/home/xd/y/Benchmark/results/spatial_svg_rebuild_v1/e9p5_embryo/e9p5embryo/scvi/scanpy_seurat_v3_batch/n2000/seed1/embedding.meta.json	38003e468f8e438146edba4a5a873a7c	38003e468f8e438146edba4a5a873a7c	PASS
/home/xd/y/Benchmark/results/spatial_svg_rebuild_v1/e9p5_embryo/e9p5embryo/graphst/scanpy_seurat_v3_batch/n2000/seed1/embedding.meta.json	cellcharter	/home/xd/y/Benchmark/results/spatial_svg_rebuild_v1/e9p5_embryo/e9p5embryo/cellcharter/scanpy_seurat_v3_batch/n2000/seed1/embedding.meta.json	38003e468f8e438146edba4a5a873a7c	38003e468f8e438146edba4a5a873a7c	PASS
/home/xd/y/Benchmark/results/spatial_svg_rebuild_v1/e9p5_embryo/e9p5embryo/graphst/statistic_variance/n2000/seed0/embedding.meta.json	scvi	/home/xd/y/Benchmark/results/spatial_svg_rebuild_v1/e9p5_embryo/e9p5embryo/scvi/statistic_variance/n2000/seed0/embedding.meta.json	faf370cb1ccceddfc2055909490c499a	faf370cb1ccceddfc2055909490c499a	PASS
/home/xd/y/Benchmark/results/spatial_svg_rebuild_v1/e9p5_embryo/e9p5embryo/graphst/statistic_variance/n2000/seed0/embedding.meta.json	cellcharter	/home/xd/y/Benchmark/results/spatial_svg_rebuild_v1/e9p5_embryo/e9p5embryo/cellcharter/statistic_variance/n2000/seed0/embedding.meta.json	faf370cb1ccceddfc2055909490c499a	faf370cb1ccceddfc2055909490c499a	PASS
/home/xd/y/Benchmark/results/spatial_svg_rebuild_v1/e9p5_embryo/e9p5embryo/graphst/statistic_variance/n2000/seed2/embedding.meta.json	scvi	/home/xd/y/Benchmark/results/spatial_svg_rebuild_v1/e9p5_embryo/e9p5embryo/scvi/statistic_variance/n2000/seed2/embedding.meta.json	faf370cb1ccceddfc2055909490c499a	faf370cb1ccceddfc2055909490c499a	PASS
/home/xd/y/Benchmark/results/spatial_svg_rebuild_v1/e9p5_embryo/e9p5embryo/graphst/statistic_variance/n2000/seed2/embedding.meta.json	cellcharter	/home/xd/y/Benchmark/results/spatial_svg_rebuild_v1/e9p5_embryo/e9p5embryo/cellcharter/statistic_variance/n2000/seed2/embedding.meta.json	faf370cb1ccceddfc2055909490c499a	faf370cb1ccceddfc2055909490c499a	PASS
/home/xd/y/Benchmark/results/spatial_svg_rebuild_v1/e9p5_embryo/e9p5embryo/graphst/statistic_variance/n2000/seed1/embedding.meta.json	scvi	/home/xd/y/Benchmark/results/spatial_svg_rebuild_v1/e9p5_embryo/e9p5embryo/scvi/statistic_variance/n2000/seed1/embedding.meta.json	faf370cb1ccceddfc2055909490c499a	faf370cb1ccceddfc2055909490c499a	PASS
/home/xd/y/Benchmark/results/spatial_svg_rebuild_v1/e9p5_embryo/e9p5embryo/graphst/statistic_variance/n2000/seed1/embedding.meta.json	cellcharter	/home/xd/y/Benchmark/results/spatial_svg_rebuild_v1/e9p5_embryo/e9p5embryo/cellcharter/statistic_variance/n2000/seed1/embedding.meta.json	faf370cb1ccceddfc2055909490c499a	faf370cb1ccceddfc2055909490c499a	PASS
/home/xd/y/Benchmark/results/spatial_svg_rebuild_v1/e9p5_embryo/e9p5embryo/graphst/spatialde/n2000/seed0/embedding.meta.json	scvi	/home/xd/y/Benchmark/results/spatial_svg_rebuild_v1/e9p5_embryo/e9p5embryo/scvi/spatialde/n2000/seed0/embedding.meta.json	d5704a4e32559d61578d1e97fae53fd9	d5704a4e32559d61578d1e97fae53fd9	PASS
/home/xd/y/Benchmark/results/spatial_svg_rebuild_v1/e9p5_embryo/e9p5embryo/graphst/spatialde/n2000/seed0/embedding.meta.json	cellcharter	/home/xd/y/Benchmark/results/spatial_svg_rebuild_v1/e9p5_embryo/e9p5embryo/cellcharter/spatialde/n2000/seed0/embedding.meta.json	d5704a4e32559d61578d1e97fae53fd9	d5704a4e32559d61578d1e97fae53fd9	PASS
/home/xd/y/Benchmark/results/spatial_svg_rebuild_v1/e9p5_embryo/e9p5embryo/graphst/spatialde/n2000/seed2/embedding.meta.json	scvi	/home/xd/y/Benchmark/results/spatial_svg_rebuild_v1/e9p5_embryo/e9p5embryo/scvi/spatialde/n2000/seed2/embedding.meta.json	949382aa25f97f139b21ed1e7f7ad915	949382aa25f97f139b21ed1e7f7ad915	PASS
/home/xd/y/Benchmark/results/spatial_svg_rebuild_v1/e9p5_embryo/e9p5embryo/graphst/spatialde/n2000/seed2/embedding.meta.json	cellcharter	/home/xd/y/Benchmark/results/spatial_svg_rebuild_v1/e9p5_embryo/e9p5embryo/cellcharter/spatialde/n2000/seed2/embedding.meta.json	949382aa25f97f139b21ed1e7f7ad915	949382aa25f97f139b21ed1e7f7ad915	PASS
/home/xd/y/Benchmark/results/spatial_svg_rebuild_v1/e9p5_embryo/e9p5embryo/graphst/spatialde/n2000/seed1/embedding.meta.json	scvi	/home/xd/y/Benchmark/results/spatial_svg_rebuild_v1/e9p5_embryo/e9p5embryo/scvi/spatialde/n2000/seed1/embedding.meta.json	737245860608736b5ecef4d9767cdb5f	737245860608736b5ecef4d9767cdb5f	PASS
/home/xd/y/Benchmark/results/spatial_svg_rebuild_v1/e9p5_embryo/e9p5embryo/graphst/spatialde/n2000/seed1/embedding.meta.json	cellcharter	/home/xd/y/Benchmark/results/spatial_svg_rebuild_v1/e9p5_embryo/e9p5embryo/cellcharter/spatialde/n2000/seed1/embedding.meta.json	737245860608736b5ecef4d9767cdb5f	737245860608736b5ecef4d9767cdb5f	PASS
/home/xd/y/Benchmark/results/spatial_svg_rebuild_v1/e9p5_embryo/e9p5embryo/graphst/Brennecke/n2000/seed0/embedding.meta.json	scvi	/home/xd/y/Benchmark/results/spatial_svg_rebuild_v1/e9p5_embryo/e9p5embryo/scvi/Brennecke/n2000/seed0/embedding.meta.json	1f9ea9e1b5a87a4362b83b24c78585fe	1f9ea9e1b5a87a4362b83b24c78585fe	PASS
/home/xd/y/Benchmark/results/spatial_svg_rebuild_v1/e9p5_embryo/e9p5embryo/graphst/Brennecke/n2000/seed0/embedding.meta.json	cellcharter	/home/xd/y/Benchmark/results/spatial_svg_rebuild_v1/e9p5_embryo/e9p5embryo/cellcharter/Brennecke/n2000/seed0/embedding.meta.json	1f9ea9e1b5a87a4362b83b24c78585fe	1f9ea9e1b5a87a4362b83b24c78585fe	PASS
/home/xd/y/Benchmark/results/spatial_svg_rebuild_v1/e9p5_embryo/e9p5embryo/graphst/Brennecke/n2000/seed2/embedding.meta.json	scvi	/home/xd/y/Benchmark/results/spatial_svg_rebuild_v1/e9p5_embryo/e9p5embryo/scvi/Brennecke/n2000/seed2/embedding.meta.json	1f9ea9e1b5a87a4362b83b24c78585fe	1f9ea9e1b5a87a4362b83b24c78585fe	PASS
/home/xd/y/Benchmark/results/spatial_svg_rebuild_v1/e9p5_embryo/e9p5embryo/graphst/Brennecke/n2000/seed2/embedding.meta.json	cellcharter	/home/xd/y/Benchmark/results/spatial_svg_rebuild_v1/e9p5_embryo/e9p5embryo/cellcharter/Brennecke/n2000/seed2/embedding.meta.json	1f9ea9e1b5a87a4362b83b24c78585fe	1f9ea9e1b5a87a4362b83b24c78585fe	PASS
/home/xd/y/Benchmark/results/spatial_svg_rebuild_v1/e9p5_embryo/e9p5embryo/graphst/Brennecke/n2000/seed1/embedding.meta.json	scvi	/home/xd/y/Benchmark/results/spatial_svg_rebuild_v1/e9p5_embryo/e9p5embryo/scvi/Brennecke/n2000/seed1/embedding.meta.json	1f9ea9e1b5a87a4362b83b24c78585fe	1f9ea9e1b5a87a4362b83b24c78585fe	PASS
/home/xd/y/Benchmark/results/spatial_svg_rebuild_v1/e9p5_embryo/e9p5embryo/graphst/Brennecke/n2000/seed1/embedding.meta.json	cellcharter	/home/xd/y/Benchmark/results/spatial_svg_rebuild_v1/e9p5_embryo/e9p5embryo/cellcharter/Brennecke/n2000/seed1/embedding.meta.json	1f9ea9e1b5a87a4362b83b24c78585fe	1f9ea9e1b5a87a4362b83b24c78585fe	PASS
/home/xd/y/Benchmark/results/spatial_svg_rebuild_v1/e9p5_embryo/e9p5embryo/graphst/scanpy_seurat_batch/n2000/seed0/embedding.meta.json	scvi	/home/xd/y/Benchmark/results/spatial_svg_rebuild_v1/e9p5_embryo/e9p5embryo/scvi/scanpy_seurat_batch/n2000/seed0/embedding.meta.json	1237a4f5528050926b11fa0209224174	1237a4f5528050926b11fa0209224174	PASS
/home/xd/y/Benchmark/results/spatial_svg_rebuild_v1/e9p5_embryo/e9p5embryo/graphst/scanpy_seurat_batch/n2000/seed0/embedding.meta.json	cellcharter	/home/xd/y/Benchmark/results/spatial_svg_rebuild_v1/e9p5_embryo/e9p5embryo/cellcharter/scanpy_seurat_batch/n2000/seed0/embedding.meta.json	1237a4f5528050926b11fa0209224174	1237a4f5528050926b11fa0209224174	PASS
/home/xd/y/Benchmark/results/spatial_svg_rebuild_v1/e9p5_embryo/e9p5embryo/graphst/scanpy_seurat_batch/n2000/seed2/embedding.meta.json	scvi	/home/xd/y/Benchmark/results/spatial_svg_rebuild_v1/e9p5_embryo/e9p5embryo/scvi/scanpy_seurat_batch/n2000/seed2/embedding.meta.json	1237a4f5528050926b11fa0209224174	1237a4f5528050926b11fa0209224174	PASS
/home/xd/y/Benchmark/results/spatial_svg_rebuild_v1/e9p5_embryo/e9p5embryo/graphst/scanpy_seurat_batch/n2000/seed2/embedding.meta.json	cellcharter	/home/xd/y/Benchmark/results/spatial_svg_rebuild_v1/e9p5_embryo/e9p5embryo/cellcharter/scanpy_seurat_batch/n2000/seed2/embedding.meta.json	1237a4f5528050926b11fa0209224174	1237a4f5528050926b11fa0209224174	PASS
/home/xd/y/Benchmark/results/spatial_svg_rebuild_v1/e9p5_embryo/e9p5embryo/graphst/scanpy_seurat_batch/n2000/seed1/embedding.meta.json	scvi	/home/xd/y/Benchmark/results/spatial_svg_rebuild_v1/e9p5_embryo/e9p5embryo/scvi/scanpy_seurat_batch/n2000/seed1/embedding.meta.json	1237a4f5528050926b11fa0209224174	1237a4f5528050926b11fa0209224174	PASS
/home/xd/y/Benchmark/results/spatial_svg_rebuild_v1/e9p5_embryo/e9p5embryo/graphst/scanpy_seurat_batch/n2000/seed1/embedding.meta.json	cellcharter	/home/xd/y/Benchmark/results/spatial_svg_rebuild_v1/e9p5_embryo/e9p5embryo/cellcharter/scanpy_seurat_batch/n2000/seed1/embedding.meta.json	1237a4f5528050926b11fa0209224174	1237a4f5528050926b11fa0209224174	PASS
/home/xd/y/Benchmark/results/spatial_svg_rebuild_v1/e9p5_embryo/e9p5embryo/graphst/scanpy_cell_ranger_batch/n2000/seed0/embedding.meta.json	scvi	/home/xd/y/Benchmark/results/spatial_svg_rebuild_v1/e9p5_embryo/e9p5embryo/scvi/scanpy_cell_ranger_batch/n2000/seed0/embedding.meta.json	7cea92a5b2bbf90c989910115d54ab5f	7cea92a5b2bbf90c989910115d54ab5f	PASS
/home/xd/y/Benchmark/results/spatial_svg_rebuild_v1/e9p5_embryo/e9p5embryo/graphst/scanpy_cell_ranger_batch/n2000/seed0/embedding.meta.json	cellcharter	/home/xd/y/Benchmark/results/spatial_svg_rebuild_v1/e9p5_embryo/e9p5embryo/cellcharter/scanpy_cell_ranger_batch/n2000/seed0/embedding.meta.json	7cea92a5b2bbf90c989910115d54ab5f	7cea92a5b2bbf90c989910115d54ab5f	PASS
/home/xd/y/Benchmark/results/spatial_svg_rebuild_v1/e9p5_embryo/e9p5embryo/graphst/scanpy_cell_ranger_batch/n2000/seed2/embedding.meta.json	scvi	/home/xd/y/Benchmark/results/spatial_svg_rebuild_v1/e9p5_embryo/e9p5embryo/scvi/scanpy_cell_ranger_batch/n2000/seed2/embedding.meta.json	7cea92a5b2bbf90c989910115d54ab5f	7cea92a5b2bbf90c989910115d54ab5f	PASS
/home/xd/y/Benchmark/results/spatial_svg_rebuild_v1/e9p5_embryo/e9p5embryo/graphst/scanpy_cell_ranger_batch/n2000/seed2/embedding.meta.json	cellcharter	/home/xd/y/Benchmark/results/spatial_svg_rebuild_v1/e9p5_embryo/e9p5embryo/cellcharter/scanpy_cell_ranger_batch/n2000/seed2/embedding.meta.json	7cea92a5b2bbf90c989910115d54ab5f	7cea92a5b2bbf90c989910115d54ab5f	PASS
/home/xd/y/Benchmark/results/spatial_svg_rebuild_v1/e9p5_embryo/e9p5embryo/graphst/scanpy_cell_ranger_batch/n2000/seed1/embedding.meta.json	scvi	/home/xd/y/Benchmark/results/spatial_svg_rebuild_v1/e9p5_embryo/e9p5embryo/scvi/scanpy_cell_ranger_batch/n2000/seed1/embedding.meta.json	7cea92a5b2bbf90c989910115d54ab5f	7cea92a5b2bbf90c989910115d54ab5f	PASS
/home/xd/y/Benchmark/results/spatial_svg_rebuild_v1/e9p5_embryo/e9p5embryo/graphst/scanpy_cell_ranger_batch/n2000/seed1/embedding.meta.json	cellcharter	/home/xd/y/Benchmark/results/spatial_svg_rebuild_v1/e9p5_embryo/e9p5embryo/cellcharter/scanpy_cell_ranger_batch/n2000/seed1/embedding.meta.json	7cea92a5b2bbf90c989910115d54ab5f	7cea92a5b2bbf90c989910115d54ab5f	PASS
/home/xd/y/Benchmark/results/spatial_svg_rebuild_v1/e9p5_embryo/e9p5embryo/graphst/scanpy_seurat/n2000/seed0/embedding.meta.json	scvi	/home/xd/y/Benchmark/results/spatial_svg_rebuild_v1/e9p5_embryo/e9p5embryo/scvi/scanpy_seurat/n2000/seed0/embedding.meta.json	545a793b360ec34bccb6e49503745ba1	545a793b360ec34bccb6e49503745ba1	PASS
/home/xd/y/Benchmark/results/spatial_svg_rebuild_v1/e9p5_embryo/e9p5embryo/graphst/scanpy_seurat/n2000/seed0/embedding.meta.json	cellcharter	/home/xd/y/Benchmark/results/spatial_svg_rebuild_v1/e9p5_embryo/e9p5embryo/cellcharter/scanpy_seurat/n2000/seed0/embedding.meta.json	545a793b360ec34bccb6e49503745ba1	545a793b360ec34bccb6e49503745ba1	PASS
/home/xd/y/Benchmark/results/spatial_svg_rebuild_v1/e9p5_embryo/e9p5embryo/graphst/scanpy_seurat/n2000/seed2/embedding.meta.json	scvi	/home/xd/y/Benchmark/results/spatial_svg_rebuild_v1/e9p5_embryo/e9p5embryo/scvi/scanpy_seurat/n2000/seed2/embedding.meta.json	545a793b360ec34bccb6e49503745ba1	545a793b360ec34bccb6e49503745ba1	PASS
/home/xd/y/Benchmark/results/spatial_svg_rebuild_v1/e9p5_embryo/e9p5embryo/graphst/scanpy_seurat/n2000/seed2/embedding.meta.json	cellcharter	/home/xd/y/Benchmark/results/spatial_svg_rebuild_v1/e9p5_embryo/e9p5embryo/cellcharter/scanpy_seurat/n2000/seed2/embedding.meta.json	545a793b360ec34bccb6e49503745ba1	545a793b360ec34bccb6e49503745ba1	PASS
/home/xd/y/Benchmark/results/spatial_svg_rebuild_v1/e9p5_embryo/e9p5embryo/graphst/scanpy_seurat/n2000/seed1/embedding.meta.json	scvi	/home/xd/y/Benchmark/results/spatial_svg_rebuild_v1/e9p5_embryo/e9p5embryo/scvi/scanpy_seurat/n2000/seed1/embedding.meta.json	545a793b360ec34bccb6e49503745ba1	545a793b360ec34bccb6e49503745ba1	PASS
/home/xd/y/Benchmark/results/spatial_svg_rebuild_v1/e9p5_embryo/e9p5embryo/graphst/scanpy_seurat/n2000/seed1/embedding.meta.json	cellcharter	/home/xd/y/Benchmark/results/spatial_svg_rebuild_v1/e9p5_embryo/e9p5embryo/cellcharter/scanpy_seurat/n2000/seed1/embedding.meta.json	545a793b360ec34bccb6e49503745ba1	545a793b360ec34bccb6e49503745ba1	PASS
/home/xd/y/Benchmark/results/spatial_svg_rebuild_v1/e9p5_embryo/e9p5embryo/graphst/seurat_disp/n2000/seed0/embedding.meta.json	scvi	/home/xd/y/Benchmark/results/spatial_svg_rebuild_v1/e9p5_embryo/e9p5embryo/scvi/seurat_disp/n2000/seed0/embedding.meta.json	8249f9eaa4a9d2c903f0184dfc09c35d	8249f9eaa4a9d2c903f0184dfc09c35d	PASS
/home/xd/y/Benchmark/results/spatial_svg_rebuild_v1/e9p5_embryo/e9p5embryo/graphst/seurat_disp/n2000/seed0/embedding.meta.json	cellcharter	/home/xd/y/Benchmark/results/spatial_svg_rebuild_v1/e9p5_embryo/e9p5embryo/cellcharter/seurat_disp/n2000/seed0/embedding.meta.json	8249f9eaa4a9d2c903f0184dfc09c35d	8249f9eaa4a9d2c903f0184dfc09c35d	PASS
/home/xd/y/Benchmark/results/spatial_svg_rebuild_v1/e9p5_embryo/e9p5embryo/graphst/seurat_disp/n2000/seed2/embedding.meta.json	scvi	/home/xd/y/Benchmark/results/spatial_svg_rebuild_v1/e9p5_embryo/e9p5embryo/scvi/seurat_disp/n2000/seed2/embedding.meta.json	8249f9eaa4a9d2c903f0184dfc09c35d	8249f9eaa4a9d2c903f0184dfc09c35d	PASS
/home/xd/y/Benchmark/results/spatial_svg_rebuild_v1/e9p5_embryo/e9p5embryo/graphst/seurat_disp/n2000/seed2/embedding.meta.json	cellcharter	/home/xd/y/Benchmark/results/spatial_svg_rebuild_v1/e9p5_embryo/e9p5embryo/cellcharter/seurat_disp/n2000/seed2/embedding.meta.json	8249f9eaa4a9d2c903f0184dfc09c35d	8249f9eaa4a9d2c903f0184dfc09c35d	PASS
/home/xd/y/Benchmark/results/spatial_svg_rebuild_v1/e9p5_embryo/e9p5embryo/graphst/seurat_disp/n2000/seed1/embedding.meta.json	scvi	/home/xd/y/Benchmark/results/spatial_svg_rebuild_v1/e9p5_embryo/e9p5embryo/scvi/seurat_disp/n2000/seed1/embedding.meta.json	8249f9eaa4a9d2c903f0184dfc09c35d	8249f9eaa4a9d2c903f0184dfc09c35d	PASS
/home/xd/y/Benchmark/results/spatial_svg_rebuild_v1/e9p5_embryo/e9p5embryo/graphst/seurat_disp/n2000/seed1/embedding.meta.json	cellcharter	/home/xd/y/Benchmark/results/spatial_svg_rebuild_v1/e9p5_embryo/e9p5embryo/cellcharter/seurat_disp/n2000/seed1/embedding.meta.json	8249f9eaa4a9d2c903f0184dfc09c35d	8249f9eaa4a9d2c903f0184dfc09c35d	PASS
/home/xd/y/Benchmark/results/spatial_svg_rebuild_v1/e9p5_embryo/e9p5embryo/graphst/nbumi/n2000/seed0/embedding.meta.json	scvi	/home/xd/y/Benchmark/results/spatial_svg_rebuild_v1/e9p5_embryo/e9p5embryo/scvi/nbumi/n2000/seed0/embedding.meta.json	8a5c7fda7e09c8eee583b83c41dc8b5f	8a5c7fda7e09c8eee583b83c41dc8b5f	PASS
/home/xd/y/Benchmark/results/spatial_svg_rebuild_v1/e9p5_embryo/e9p5embryo/graphst/nbumi/n2000/seed0/embedding.meta.json	cellcharter	/home/xd/y/Benchmark/results/spatial_svg_rebuild_v1/e9p5_embryo/e9p5embryo/cellcharter/nbumi/n2000/seed0/embedding.meta.json	8a5c7fda7e09c8eee583b83c41dc8b5f	8a5c7fda7e09c8eee583b83c41dc8b5f	PASS
/home/xd/y/Benchmark/results/spatial_svg_rebuild_v1/e9p5_embryo/e9p5embryo/graphst/nbumi/n2000/seed2/embedding.meta.json	scvi	/home/xd/y/Benchmark/results/spatial_svg_rebuild_v1/e9p5_embryo/e9p5embryo/scvi/nbumi/n2000/seed2/embedding.meta.json	c399e6c962cafa40f19cf8996a64c3b6	c399e6c962cafa40f19cf8996a64c3b6	PASS
/home/xd/y/Benchmark/results/spatial_svg_rebuild_v1/e9p5_embryo/e9p5embryo/graphst/nbumi/n2000/seed2/embedding.meta.json	cellcharter	/home/xd/y/Benchmark/results/spatial_svg_rebuild_v1/e9p5_embryo/e9p5embryo/cellcharter/nbumi/n2000/seed2/embedding.meta.json	c399e6c962cafa40f19cf8996a64c3b6	c399e6c962cafa40f19cf8996a64c3b6	PASS
/home/xd/y/Benchmark/results/spatial_svg_rebuild_v1/e9p5_embryo/e9p5embryo/graphst/nbumi/n2000/seed1/embedding.meta.json	scvi	/home/xd/y/Benchmark/results/spatial_svg_rebuild_v1/e9p5_embryo/e9p5embryo/scvi/nbumi/n2000/seed1/embedding.meta.json	50d0d951917383308cecbd2855672b98	50d0d951917383308cecbd2855672b98	PASS
/home/xd/y/Benchmark/results/spatial_svg_rebuild_v1/e9p5_embryo/e9p5embryo/graphst/nbumi/n2000/seed1/embedding.meta.json	cellcharter	/home/xd/y/Benchmark/results/spatial_svg_rebuild_v1/e9p5_embryo/e9p5embryo/cellcharter/nbumi/n2000/seed1/embedding.meta.json	50d0d951917383308cecbd2855672b98	50d0d951917383308cecbd2855672b98	PASS
/home/xd/y/Benchmark/results/spatial_svg_rebuild_v1/e9p5_embryo/e9p5embryo/graphst/seurat_vst/n2000/seed0/embedding.meta.json	scvi	/home/xd/y/Benchmark/results/spatial_svg_rebuild_v1/e9p5_embryo/e9p5embryo/scvi/seurat_vst/n2000/seed0/embedding.meta.json	82735333be0e34e26e8e9437789922e4	82735333be0e34e26e8e9437789922e4	PASS
/home/xd/y/Benchmark/results/spatial_svg_rebuild_v1/e9p5_embryo/e9p5embryo/graphst/seurat_vst/n2000/seed0/embedding.meta.json	cellcharter	/home/xd/y/Benchmark/results/spatial_svg_rebuild_v1/e9p5_embryo/e9p5embryo/cellcharter/seurat_vst/n2000/seed0/embedding.meta.json	82735333be0e34e26e8e9437789922e4	82735333be0e34e26e8e9437789922e4	PASS
/home/xd/y/Benchmark/results/spatial_svg_rebuild_v1/e9p5_embryo/e9p5embryo/graphst/seurat_vst/n2000/seed2/embedding.meta.json	scvi	/home/xd/y/Benchmark/results/spatial_svg_rebuild_v1/e9p5_embryo/e9p5embryo/scvi/seurat_vst/n2000/seed2/embedding.meta.json	82735333be0e34e26e8e9437789922e4	82735333be0e34e26e8e9437789922e4	PASS
/home/xd/y/Benchmark/results/spatial_svg_rebuild_v1/e9p5_embryo/e9p5embryo/graphst/seurat_vst/n2000/seed2/embedding.meta.json	cellcharter	/home/xd/y/Benchmark/results/spatial_svg_rebuild_v1/e9p5_embryo/e9p5embryo/cellcharter/seurat_vst/n2000/seed2/embedding.meta.json	82735333be0e34e26e8e9437789922e4	82735333be0e34e26e8e9437789922e4	PASS
/home/xd/y/Benchmark/results/spatial_svg_rebuild_v1/e9p5_embryo/e9p5embryo/graphst/seurat_vst/n2000/seed1/embedding.meta.json	scvi	/home/xd/y/Benchmark/results/spatial_svg_rebuild_v1/e9p5_embryo/e9p5embryo/scvi/seurat_vst/n2000/seed1/embedding.meta.json	82735333be0e34e26e8e9437789922e4	82735333be0e34e26e8e9437789922e4	PASS
/home/xd/y/Benchmark/results/spatial_svg_rebuild_v1/e9p5_embryo/e9p5embryo/graphst/seurat_vst/n2000/seed1/embedding.meta.json	cellcharter	/home/xd/y/Benchmark/results/spatial_svg_rebuild_v1/e9p5_embryo/e9p5embryo/cellcharter/seurat_vst/n2000/seed1/embedding.meta.json	82735333be0e34e26e8e9437789922e4	82735333be0e34e26e8e9437789922e4	PASS
/home/xd/y/Benchmark/results/spatial_svg_rebuild_v1/e9p5_embryo/e9p5embryo/graphst/scry/n2000/seed0/embedding.meta.json	scvi	/home/xd/y/Benchmark/results/spatial_svg_rebuild_v1/e9p5_embryo/e9p5embryo/scvi/scry/n2000/seed0/embedding.meta.json	74f2d24c86cab7c3006e0a695456fe5f	74f2d24c86cab7c3006e0a695456fe5f	PASS
/home/xd/y/Benchmark/results/spatial_svg_rebuild_v1/e9p5_embryo/e9p5embryo/graphst/scry/n2000/seed0/embedding.meta.json	cellcharter	/home/xd/y/Benchmark/results/spatial_svg_rebuild_v1/e9p5_embryo/e9p5embryo/cellcharter/scry/n2000/seed0/embedding.meta.json	74f2d24c86cab7c3006e0a695456fe5f	74f2d24c86cab7c3006e0a695456fe5f	PASS
/home/xd/y/Benchmark/results/spatial_svg_rebuild_v1/e9p5_embryo/e9p5embryo/graphst/scry/n2000/seed2/embedding.meta.json	scvi	/home/xd/y/Benchmark/results/spatial_svg_rebuild_v1/e9p5_embryo/e9p5embryo/scvi/scry/n2000/seed2/embedding.meta.json	74f2d24c86cab7c3006e0a695456fe5f	74f2d24c86cab7c3006e0a695456fe5f	PASS
/home/xd/y/Benchmark/results/spatial_svg_rebuild_v1/e9p5_embryo/e9p5embryo/graphst/scry/n2000/seed2/embedding.meta.json	cellcharter	/home/xd/y/Benchmark/results/spatial_svg_rebuild_v1/e9p5_embryo/e9p5embryo/cellcharter/scry/n2000/seed2/embedding.meta.json	74f2d24c86cab7c3006e0a695456fe5f	74f2d24c86cab7c3006e0a695456fe5f	PASS
/home/xd/y/Benchmark/results/spatial_svg_rebuild_v1/e9p5_embryo/e9p5embryo/graphst/scry/n2000/seed1/embedding.meta.json	scvi	/home/xd/y/Benchmark/results/spatial_svg_rebuild_v1/e9p5_embryo/e9p5embryo/scvi/scry/n2000/seed1/embedding.meta.json	74f2d24c86cab7c3006e0a695456fe5f	74f2d24c86cab7c3006e0a695456fe5f	PASS
/home/xd/y/Benchmark/results/spatial_svg_rebuild_v1/e9p5_embryo/e9p5embryo/graphst/scry/n2000/seed1/embedding.meta.json	cellcharter	/home/xd/y/Benchmark/results/spatial_svg_rebuild_v1/e9p5_embryo/e9p5embryo/cellcharter/scry/n2000/seed1/embedding.meta.json	74f2d24c86cab7c3006e0a695456fe5f	74f2d24c86cab7c3006e0a695456fe5f	PASS
/home/xd/y/Benchmark/results/spatial_svg_rebuild_v1/dlpfc/dlpfc/graphst/somde/n2000/seed0/embedding.meta.json	scvi	/home/xd/y/Benchmark/results/spatial_svg_rebuild_v1/dlpfc/dlpfc/scvi/somde/n2000/seed0/embedding.meta.json	dfc799100e77f395938fe99d46802cb4	dfc799100e77f395938fe99d46802cb4	PASS
/home/xd/y/Benchmark/results/spatial_svg_rebuild_v1/dlpfc/dlpfc/graphst/somde/n2000/seed0/embedding.meta.json	cellcharter	/home/xd/y/Benchmark/results/spatial_svg_rebuild_v1/dlpfc/dlpfc/cellcharter/somde/n2000/seed0/embedding.meta.json	dfc799100e77f395938fe99d46802cb4	dfc799100e77f395938fe99d46802cb4	PASS
/home/xd/y/Benchmark/results/spatial_svg_rebuild_v1/dlpfc/dlpfc/graphst/somde/n2000/seed2/embedding.meta.json	scvi	/home/xd/y/Benchmark/results/spatial_svg_rebuild_v1/dlpfc/dlpfc/scvi/somde/n2000/seed2/embedding.meta.json	dfc799100e77f395938fe99d46802cb4	dfc799100e77f395938fe99d46802cb4	PASS
/home/xd/y/Benchmark/results/spatial_svg_rebuild_v1/dlpfc/dlpfc/graphst/somde/n2000/seed2/embedding.meta.json	cellcharter	/home/xd/y/Benchmark/results/spatial_svg_rebuild_v1/dlpfc/dlpfc/cellcharter/somde/n2000/seed2/embedding.meta.json	dfc799100e77f395938fe99d46802cb4	dfc799100e77f395938fe99d46802cb4	PASS
/home/xd/y/Benchmark/results/spatial_svg_rebuild_v1/dlpfc/dlpfc/graphst/somde/n2000/seed1/embedding.meta.json	scvi	/home/xd/y/Benchmark/results/spatial_svg_rebuild_v1/dlpfc/dlpfc/scvi/somde/n2000/seed1/embedding.meta.json	dfc799100e77f395938fe99d46802cb4	dfc799100e77f395938fe99d46802cb4	PASS
/home/xd/y/Benchmark/results/spatial_svg_rebuild_v1/dlpfc/dlpfc/graphst/somde/n2000/seed1/embedding.meta.json	cellcharter	/home/xd/y/Benchmark/results/spatial_svg_rebuild_v1/dlpfc/dlpfc/cellcharter/somde/n2000/seed1/embedding.meta.json	dfc799100e77f395938fe99d46802cb4	dfc799100e77f395938fe99d46802cb4	PASS
/home/xd/y/Benchmark/results/spatial_svg_rebuild_v1/dlpfc/dlpfc/graphst/scPNMF/n2000/seed0/embedding.meta.json	scvi	/home/xd/y/Benchmark/results/spatial_svg_rebuild_v1/dlpfc/dlpfc/scvi/scPNMF/n2000/seed0/embedding.meta.json	d5c3f07906c3002bc67ad8e0a9245baa	d5c3f07906c3002bc67ad8e0a9245baa	PASS
/home/xd/y/Benchmark/results/spatial_svg_rebuild_v1/dlpfc/dlpfc/graphst/scPNMF/n2000/seed0/embedding.meta.json	cellcharter	/home/xd/y/Benchmark/results/spatial_svg_rebuild_v1/dlpfc/dlpfc/cellcharter/scPNMF/n2000/seed0/embedding.meta.json	d5c3f07906c3002bc67ad8e0a9245baa	d5c3f07906c3002bc67ad8e0a9245baa	PASS
/home/xd/y/Benchmark/results/spatial_svg_rebuild_v1/dlpfc/dlpfc/graphst/scPNMF/n2000/seed2/embedding.meta.json	scvi	/home/xd/y/Benchmark/results/spatial_svg_rebuild_v1/dlpfc/dlpfc/scvi/scPNMF/n2000/seed2/embedding.meta.json	3ea670adda988aab738064b1cebc879b	3ea670adda988aab738064b1cebc879b	PASS
/home/xd/y/Benchmark/results/spatial_svg_rebuild_v1/dlpfc/dlpfc/graphst/scPNMF/n2000/seed2/embedding.meta.json	cellcharter	/home/xd/y/Benchmark/results/spatial_svg_rebuild_v1/dlpfc/dlpfc/cellcharter/scPNMF/n2000/seed2/embedding.meta.json	3ea670adda988aab738064b1cebc879b	3ea670adda988aab738064b1cebc879b	PASS
/home/xd/y/Benchmark/results/spatial_svg_rebuild_v1/dlpfc/dlpfc/graphst/scPNMF/n2000/seed1/embedding.meta.json	scvi	/home/xd/y/Benchmark/results/spatial_svg_rebuild_v1/dlpfc/dlpfc/scvi/scPNMF/n2000/seed1/embedding.meta.json	6673144d3b8a30fb5721acaf054fa584	6673144d3b8a30fb5721acaf054fa584	PASS
/home/xd/y/Benchmark/results/spatial_svg_rebuild_v1/dlpfc/dlpfc/graphst/scPNMF/n2000/seed1/embedding.meta.json	cellcharter	/home/xd/y/Benchmark/results/spatial_svg_rebuild_v1/dlpfc/dlpfc/cellcharter/scPNMF/n2000/seed1/embedding.meta.json	6673144d3b8a30fb5721acaf054fa584	6673144d3b8a30fb5721acaf054fa584	PASS
/home/xd/y/Benchmark/results/spatial_svg_rebuild_v1/dlpfc/dlpfc/graphst/scanpy_seurat_v3/n2000/seed0/embedding.meta.json	scvi	/home/xd/y/Benchmark/results/spatial_svg_rebuild_v1/dlpfc/dlpfc/scvi/scanpy_seurat_v3/n2000/seed0/embedding.meta.json	78639b8f6aa45a6b2f1363f616c7202d	78639b8f6aa45a6b2f1363f616c7202d	PASS
/home/xd/y/Benchmark/results/spatial_svg_rebuild_v1/dlpfc/dlpfc/graphst/scanpy_seurat_v3/n2000/seed0/embedding.meta.json	cellcharter	/home/xd/y/Benchmark/results/spatial_svg_rebuild_v1/dlpfc/dlpfc/cellcharter/scanpy_seurat_v3/n2000/seed0/embedding.meta.json	78639b8f6aa45a6b2f1363f616c7202d	78639b8f6aa45a6b2f1363f616c7202d	PASS
/home/xd/y/Benchmark/results/spatial_svg_rebuild_v1/dlpfc/dlpfc/graphst/scanpy_seurat_v3/n2000/seed2/embedding.meta.json	scvi	/home/xd/y/Benchmark/results/spatial_svg_rebuild_v1/dlpfc/dlpfc/scvi/scanpy_seurat_v3/n2000/seed2/embedding.meta.json	78639b8f6aa45a6b2f1363f616c7202d	78639b8f6aa45a6b2f1363f616c7202d	PASS
/home/xd/y/Benchmark/results/spatial_svg_rebuild_v1/dlpfc/dlpfc/graphst/scanpy_seurat_v3/n2000/seed2/embedding.meta.json	cellcharter	/home/xd/y/Benchmark/results/spatial_svg_rebuild_v1/dlpfc/dlpfc/cellcharter/scanpy_seurat_v3/n2000/seed2/embedding.meta.json	78639b8f6aa45a6b2f1363f616c7202d	78639b8f6aa45a6b2f1363f616c7202d	PASS
/home/xd/y/Benchmark/results/spatial_svg_rebuild_v1/dlpfc/dlpfc/graphst/scanpy_seurat_v3/n2000/seed1/embedding.meta.json	scvi	/home/xd/y/Benchmark/results/spatial_svg_rebuild_v1/dlpfc/dlpfc/scvi/scanpy_seurat_v3/n2000/seed1/embedding.meta.json	78639b8f6aa45a6b2f1363f616c7202d	78639b8f6aa45a6b2f1363f616c7202d	PASS
/home/xd/y/Benchmark/results/spatial_svg_rebuild_v1/dlpfc/dlpfc/graphst/scanpy_seurat_v3/n2000/seed1/embedding.meta.json	cellcharter	/home/xd/y/Benchmark/results/spatial_svg_rebuild_v1/dlpfc/dlpfc/cellcharter/scanpy_seurat_v3/n2000/seed1/embedding.meta.json	78639b8f6aa45a6b2f1363f616c7202d	78639b8f6aa45a6b2f1363f616c7202d	PASS
/home/xd/y/Benchmark/results/spatial_svg_rebuild_v1/dlpfc/dlpfc/graphst/hotspot/n2000/seed0/embedding.meta.json	scvi	/home/xd/y/Benchmark/results/spatial_svg_rebuild_v1/dlpfc/dlpfc/scvi/hotspot/n2000/seed0/embedding.meta.json	8bb071f3e40f21a77e1df3304928ca3b	8bb071f3e40f21a77e1df3304928ca3b	PASS
/home/xd/y/Benchmark/results/spatial_svg_rebuild_v1/dlpfc/dlpfc/graphst/hotspot/n2000/seed0/embedding.meta.json	cellcharter	/home/xd/y/Benchmark/results/spatial_svg_rebuild_v1/dlpfc/dlpfc/cellcharter/hotspot/n2000/seed0/embedding.meta.json	8bb071f3e40f21a77e1df3304928ca3b	8bb071f3e40f21a77e1df3304928ca3b	PASS
/home/xd/y/Benchmark/results/spatial_svg_rebuild_v1/dlpfc/dlpfc/graphst/hotspot/n2000/seed2/embedding.meta.json	scvi	/home/xd/y/Benchmark/results/spatial_svg_rebuild_v1/dlpfc/dlpfc/scvi/hotspot/n2000/seed2/embedding.meta.json	0093fc6b9e2a30bf5e88557114f99062	0093fc6b9e2a30bf5e88557114f99062	PASS
/home/xd/y/Benchmark/results/spatial_svg_rebuild_v1/dlpfc/dlpfc/graphst/hotspot/n2000/seed2/embedding.meta.json	cellcharter	/home/xd/y/Benchmark/results/spatial_svg_rebuild_v1/dlpfc/dlpfc/cellcharter/hotspot/n2000/seed2/embedding.meta.json	0093fc6b9e2a30bf5e88557114f99062	0093fc6b9e2a30bf5e88557114f99062	PASS
/home/xd/y/Benchmark/results/spatial_svg_rebuild_v1/dlpfc/dlpfc/graphst/hotspot/n2000/seed1/embedding.meta.json	scvi	/home/xd/y/Benchmark/results/spatial_svg_rebuild_v1/dlpfc/dlpfc/scvi/hotspot/n2000/seed1/embedding.meta.json	23efb0ce47848bdf2890266f209c8cab	23efb0ce47848bdf2890266f209c8cab	PASS
/home/xd/y/Benchmark/results/spatial_svg_rebuild_v1/dlpfc/dlpfc/graphst/hotspot/n2000/seed1/embedding.meta.json	cellcharter	/home/xd/y/Benchmark/results/spatial_svg_rebuild_v1/dlpfc/dlpfc/cellcharter/hotspot/n2000/seed1/embedding.meta.json	23efb0ce47848bdf2890266f209c8cab	23efb0ce47848bdf2890266f209c8cab	PASS
/home/xd/y/Benchmark/results/spatial_svg_rebuild_v1/dlpfc/dlpfc/graphst/nnsvg/n2000/seed0/embedding.meta.json	scvi	/home/xd/y/Benchmark/results/spatial_svg_rebuild_v1/dlpfc/dlpfc/scvi/nnsvg/n2000/seed0/embedding.meta.json	e1ab6d1f1fd0527cd8a81d261fb252c5	e1ab6d1f1fd0527cd8a81d261fb252c5	PASS
/home/xd/y/Benchmark/results/spatial_svg_rebuild_v1/dlpfc/dlpfc/graphst/nnsvg/n2000/seed0/embedding.meta.json	cellcharter	/home/xd/y/Benchmark/results/spatial_svg_rebuild_v1/dlpfc/dlpfc/cellcharter/nnsvg/n2000/seed0/embedding.meta.json	e1ab6d1f1fd0527cd8a81d261fb252c5	e1ab6d1f1fd0527cd8a81d261fb252c5	PASS
/home/xd/y/Benchmark/results/spatial_svg_rebuild_v1/dlpfc/dlpfc/graphst/nnsvg/n2000/seed2/embedding.meta.json	scvi	/home/xd/y/Benchmark/results/spatial_svg_rebuild_v1/dlpfc/dlpfc/scvi/nnsvg/n2000/seed2/embedding.meta.json	e1ab6d1f1fd0527cd8a81d261fb252c5	e1ab6d1f1fd0527cd8a81d261fb252c5	PASS
/home/xd/y/Benchmark/results/spatial_svg_rebuild_v1/dlpfc/dlpfc/graphst/nnsvg/n2000/seed2/embedding.meta.json	cellcharter	/home/xd/y/Benchmark/results/spatial_svg_rebuild_v1/dlpfc/dlpfc/cellcharter/nnsvg/n2000/seed2/embedding.meta.json	e1ab6d1f1fd0527cd8a81d261fb252c5	e1ab6d1f1fd0527cd8a81d261fb252c5	PASS
/home/xd/y/Benchmark/results/spatial_svg_rebuild_v1/dlpfc/dlpfc/graphst/nnsvg/n2000/seed1/embedding.meta.json	scvi	/home/xd/y/Benchmark/results/spatial_svg_rebuild_v1/dlpfc/dlpfc/scvi/nnsvg/n2000/seed1/embedding.meta.json	e1ab6d1f1fd0527cd8a81d261fb252c5	e1ab6d1f1fd0527cd8a81d261fb252c5	PASS
/home/xd/y/Benchmark/results/spatial_svg_rebuild_v1/dlpfc/dlpfc/graphst/nnsvg/n2000/seed1/embedding.meta.json	cellcharter	/home/xd/y/Benchmark/results/spatial_svg_rebuild_v1/dlpfc/dlpfc/cellcharter/nnsvg/n2000/seed1/embedding.meta.json	e1ab6d1f1fd0527cd8a81d261fb252c5	e1ab6d1f1fd0527cd8a81d261fb252c5	PASS
/home/xd/y/Benchmark/results/spatial_svg_rebuild_v1/dlpfc/dlpfc/graphst/dubstepr/n2000/seed0/embedding.meta.json	scvi	/home/xd/y/Benchmark/results/spatial_svg_rebuild_v1/dlpfc/dlpfc/scvi/dubstepr/n2000/seed0/embedding.meta.json	be38cd676b79972170dd47b8fe811a24	be38cd676b79972170dd47b8fe811a24	PASS
/home/xd/y/Benchmark/results/spatial_svg_rebuild_v1/dlpfc/dlpfc/graphst/dubstepr/n2000/seed0/embedding.meta.json	cellcharter	/home/xd/y/Benchmark/results/spatial_svg_rebuild_v1/dlpfc/dlpfc/cellcharter/dubstepr/n2000/seed0/embedding.meta.json	be38cd676b79972170dd47b8fe811a24	be38cd676b79972170dd47b8fe811a24	PASS
/home/xd/y/Benchmark/results/spatial_svg_rebuild_v1/dlpfc/dlpfc/graphst/dubstepr/n2000/seed2/embedding.meta.json	scvi	/home/xd/y/Benchmark/results/spatial_svg_rebuild_v1/dlpfc/dlpfc/scvi/dubstepr/n2000/seed2/embedding.meta.json	a438ae3012d493f8a937550f8a248a11	a438ae3012d493f8a937550f8a248a11	PASS
/home/xd/y/Benchmark/results/spatial_svg_rebuild_v1/dlpfc/dlpfc/graphst/dubstepr/n2000/seed2/embedding.meta.json	cellcharter	/home/xd/y/Benchmark/results/spatial_svg_rebuild_v1/dlpfc/dlpfc/cellcharter/dubstepr/n2000/seed2/embedding.meta.json	a438ae3012d493f8a937550f8a248a11	a438ae3012d493f8a937550f8a248a11	PASS
/home/xd/y/Benchmark/results/spatial_svg_rebuild_v1/dlpfc/dlpfc/graphst/dubstepr/n2000/seed1/embedding.meta.json	scvi	/home/xd/y/Benchmark/results/spatial_svg_rebuild_v1/dlpfc/dlpfc/scvi/dubstepr/n2000/seed1/embedding.meta.json	1cf38dc1326963f2221581d108cfa116	1cf38dc1326963f2221581d108cfa116	PASS
/home/xd/y/Benchmark/results/spatial_svg_rebuild_v1/dlpfc/dlpfc/graphst/dubstepr/n2000/seed1/embedding.meta.json	cellcharter	/home/xd/y/Benchmark/results/spatial_svg_rebuild_v1/dlpfc/dlpfc/cellcharter/dubstepr/n2000/seed1/embedding.meta.json	1cf38dc1326963f2221581d108cfa116	1cf38dc1326963f2221581d108cfa116	PASS
/home/xd/y/Benchmark/results/spatial_svg_rebuild_v1/dlpfc/dlpfc/graphst/anticor/n2000/seed0/embedding.meta.json	scvi	/home/xd/y/Benchmark/results/spatial_svg_rebuild_v1/dlpfc/dlpfc/scvi/anticor/n2000/seed0/embedding.meta.json	5066b80213a386289234c41faec15194	5066b80213a386289234c41faec15194	PASS
/home/xd/y/Benchmark/results/spatial_svg_rebuild_v1/dlpfc/dlpfc/graphst/anticor/n2000/seed0/embedding.meta.json	cellcharter	/home/xd/y/Benchmark/results/spatial_svg_rebuild_v1/dlpfc/dlpfc/cellcharter/anticor/n2000/seed0/embedding.meta.json	5066b80213a386289234c41faec15194	5066b80213a386289234c41faec15194	PASS
/home/xd/y/Benchmark/results/spatial_svg_rebuild_v1/dlpfc/dlpfc/graphst/anticor/n2000/seed2/embedding.meta.json	scvi	/home/xd/y/Benchmark/results/spatial_svg_rebuild_v1/dlpfc/dlpfc/scvi/anticor/n2000/seed2/embedding.meta.json	f056a382e4c9cb94bb80d9e03815a37e	f056a382e4c9cb94bb80d9e03815a37e	PASS
/home/xd/y/Benchmark/results/spatial_svg_rebuild_v1/dlpfc/dlpfc/graphst/anticor/n2000/seed2/embedding.meta.json	cellcharter	/home/xd/y/Benchmark/results/spatial_svg_rebuild_v1/dlpfc/dlpfc/cellcharter/anticor/n2000/seed2/embedding.meta.json	f056a382e4c9cb94bb80d9e03815a37e	f056a382e4c9cb94bb80d9e03815a37e	PASS
/home/xd/y/Benchmark/results/spatial_svg_rebuild_v1/dlpfc/dlpfc/graphst/anticor/n2000/seed1/embedding.meta.json	scvi	/home/xd/y/Benchmark/results/spatial_svg_rebuild_v1/dlpfc/dlpfc/scvi/anticor/n2000/seed1/embedding.meta.json	cdafe602c4d77382bda9abb28536df14	cdafe602c4d77382bda9abb28536df14	PASS
/home/xd/y/Benchmark/results/spatial_svg_rebuild_v1/dlpfc/dlpfc/graphst/anticor/n2000/seed1/embedding.meta.json	cellcharter	/home/xd/y/Benchmark/results/spatial_svg_rebuild_v1/dlpfc/dlpfc/cellcharter/anticor/n2000/seed1/embedding.meta.json	cdafe602c4d77382bda9abb28536df14	cdafe602c4d77382bda9abb28536df14	PASS
/home/xd/y/Benchmark/results/spatial_svg_rebuild_v1/dlpfc/dlpfc/graphst/triku/n2000/seed0/embedding.meta.json	scvi	/home/xd/y/Benchmark/results/spatial_svg_rebuild_v1/dlpfc/dlpfc/scvi/triku/n2000/seed0/embedding.meta.json	e9f403b58402d854cf1976aec4b8082f	e9f403b58402d854cf1976aec4b8082f	PASS
/home/xd/y/Benchmark/results/spatial_svg_rebuild_v1/dlpfc/dlpfc/graphst/triku/n2000/seed0/embedding.meta.json	cellcharter	/home/xd/y/Benchmark/results/spatial_svg_rebuild_v1/dlpfc/dlpfc/cellcharter/triku/n2000/seed0/embedding.meta.json	e9f403b58402d854cf1976aec4b8082f	e9f403b58402d854cf1976aec4b8082f	PASS
/home/xd/y/Benchmark/results/spatial_svg_rebuild_v1/dlpfc/dlpfc/graphst/triku/n2000/seed2/embedding.meta.json	scvi	/home/xd/y/Benchmark/results/spatial_svg_rebuild_v1/dlpfc/dlpfc/scvi/triku/n2000/seed2/embedding.meta.json	d6279663918f66c09dca1cbf2f9c28ad	d6279663918f66c09dca1cbf2f9c28ad	PASS
/home/xd/y/Benchmark/results/spatial_svg_rebuild_v1/dlpfc/dlpfc/graphst/triku/n2000/seed2/embedding.meta.json	cellcharter	/home/xd/y/Benchmark/results/spatial_svg_rebuild_v1/dlpfc/dlpfc/cellcharter/triku/n2000/seed2/embedding.meta.json	d6279663918f66c09dca1cbf2f9c28ad	d6279663918f66c09dca1cbf2f9c28ad	PASS
/home/xd/y/Benchmark/results/spatial_svg_rebuild_v1/dlpfc/dlpfc/graphst/triku/n2000/seed1/embedding.meta.json	scvi	/home/xd/y/Benchmark/results/spatial_svg_rebuild_v1/dlpfc/dlpfc/scvi/triku/n2000/seed1/embedding.meta.json	68ccb668602aa4a4182010d09b86036f	68ccb668602aa4a4182010d09b86036f	PASS
/home/xd/y/Benchmark/results/spatial_svg_rebuild_v1/dlpfc/dlpfc/graphst/triku/n2000/seed1/embedding.meta.json	cellcharter	/home/xd/y/Benchmark/results/spatial_svg_rebuild_v1/dlpfc/dlpfc/cellcharter/triku/n2000/seed1/embedding.meta.json	68ccb668602aa4a4182010d09b86036f	68ccb668602aa4a4182010d09b86036f	PASS
/home/xd/y/Benchmark/results/spatial_svg_rebuild_v1/dlpfc/dlpfc/graphst/scanpy_pearson/n2000/seed0/embedding.meta.json	scvi	/home/xd/y/Benchmark/results/spatial_svg_rebuild_v1/dlpfc/dlpfc/scvi/scanpy_pearson/n2000/seed0/embedding.meta.json	85ab9111c8691284c8164302228109b3	85ab9111c8691284c8164302228109b3	PASS
/home/xd/y/Benchmark/results/spatial_svg_rebuild_v1/dlpfc/dlpfc/graphst/scanpy_pearson/n2000/seed0/embedding.meta.json	cellcharter	/home/xd/y/Benchmark/results/spatial_svg_rebuild_v1/dlpfc/dlpfc/cellcharter/scanpy_pearson/n2000/seed0/embedding.meta.json	85ab9111c8691284c8164302228109b3	85ab9111c8691284c8164302228109b3	PASS
/home/xd/y/Benchmark/results/spatial_svg_rebuild_v1/dlpfc/dlpfc/graphst/scanpy_pearson/n2000/seed2/embedding.meta.json	scvi	/home/xd/y/Benchmark/results/spatial_svg_rebuild_v1/dlpfc/dlpfc/scvi/scanpy_pearson/n2000/seed2/embedding.meta.json	85ab9111c8691284c8164302228109b3	85ab9111c8691284c8164302228109b3	PASS
/home/xd/y/Benchmark/results/spatial_svg_rebuild_v1/dlpfc/dlpfc/graphst/scanpy_pearson/n2000/seed2/embedding.meta.json	cellcharter	/home/xd/y/Benchmark/results/spatial_svg_rebuild_v1/dlpfc/dlpfc/cellcharter/scanpy_pearson/n2000/seed2/embedding.meta.json	85ab9111c8691284c8164302228109b3	85ab9111c8691284c8164302228109b3	PASS
/home/xd/y/Benchmark/results/spatial_svg_rebuild_v1/dlpfc/dlpfc/graphst/scanpy_pearson/n2000/seed1/embedding.meta.json	scvi	/home/xd/y/Benchmark/results/spatial_svg_rebuild_v1/dlpfc/dlpfc/scvi/scanpy_pearson/n2000/seed1/embedding.meta.json	85ab9111c8691284c8164302228109b3	85ab9111c8691284c8164302228109b3	PASS
/home/xd/y/Benchmark/results/spatial_svg_rebuild_v1/dlpfc/dlpfc/graphst/scanpy_pearson/n2000/seed1/embedding.meta.json	cellcharter	/home/xd/y/Benchmark/results/spatial_svg_rebuild_v1/dlpfc/dlpfc/cellcharter/scanpy_pearson/n2000/seed1/embedding.meta.json	85ab9111c8691284c8164302228109b3	85ab9111c8691284c8164302228109b3	PASS
/home/xd/y/Benchmark/results/spatial_svg_rebuild_v1/dlpfc/dlpfc/graphst/seurat_sct/n2000/seed0/embedding.meta.json	scvi	/home/xd/y/Benchmark/results/spatial_svg_rebuild_v1/dlpfc/dlpfc/scvi/seurat_sct/n2000/seed0/embedding.meta.json	bd72787f1a59d98d839a84b54021bd27	bd72787f1a59d98d839a84b54021bd27	PASS
/home/xd/y/Benchmark/results/spatial_svg_rebuild_v1/dlpfc/dlpfc/graphst/seurat_sct/n2000/seed0/embedding.meta.json	cellcharter	/home/xd/y/Benchmark/results/spatial_svg_rebuild_v1/dlpfc/dlpfc/cellcharter/seurat_sct/n2000/seed0/embedding.meta.json	bd72787f1a59d98d839a84b54021bd27	bd72787f1a59d98d839a84b54021bd27	PASS
/home/xd/y/Benchmark/results/spatial_svg_rebuild_v1/dlpfc/dlpfc/graphst/seurat_sct/n2000/seed2/embedding.meta.json	scvi	/home/xd/y/Benchmark/results/spatial_svg_rebuild_v1/dlpfc/dlpfc/scvi/seurat_sct/n2000/seed2/embedding.meta.json	655da7335bacbc615c936f3fe408af90	655da7335bacbc615c936f3fe408af90	PASS
/home/xd/y/Benchmark/results/spatial_svg_rebuild_v1/dlpfc/dlpfc/graphst/seurat_sct/n2000/seed2/embedding.meta.json	cellcharter	/home/xd/y/Benchmark/results/spatial_svg_rebuild_v1/dlpfc/dlpfc/cellcharter/seurat_sct/n2000/seed2/embedding.meta.json	655da7335bacbc615c936f3fe408af90	655da7335bacbc615c936f3fe408af90	PASS
/home/xd/y/Benchmark/results/spatial_svg_rebuild_v1/dlpfc/dlpfc/graphst/seurat_sct/n2000/seed1/embedding.meta.json	scvi	/home/xd/y/Benchmark/results/spatial_svg_rebuild_v1/dlpfc/dlpfc/scvi/seurat_sct/n2000/seed1/embedding.meta.json	1a8d6e7fde86bef3c8a7b0aa51d1261e	1a8d6e7fde86bef3c8a7b0aa51d1261e	PASS
/home/xd/y/Benchmark/results/spatial_svg_rebuild_v1/dlpfc/dlpfc/graphst/seurat_sct/n2000/seed1/embedding.meta.json	cellcharter	/home/xd/y/Benchmark/results/spatial_svg_rebuild_v1/dlpfc/dlpfc/cellcharter/seurat_sct/n2000/seed1/embedding.meta.json	1a8d6e7fde86bef3c8a7b0aa51d1261e	1a8d6e7fde86bef3c8a7b0aa51d1261e	PASS
/home/xd/y/Benchmark/results/spatial_svg_rebuild_v1/dlpfc/dlpfc/graphst/scanpy_cell_ranger/n2000/seed0/embedding.meta.json	scvi	/home/xd/y/Benchmark/results/spatial_svg_rebuild_v1/dlpfc/dlpfc/scvi/scanpy_cell_ranger/n2000/seed0/embedding.meta.json	e2ad9a082f66824a8c64244f829463d2	e2ad9a082f66824a8c64244f829463d2	PASS
/home/xd/y/Benchmark/results/spatial_svg_rebuild_v1/dlpfc/dlpfc/graphst/scanpy_cell_ranger/n2000/seed0/embedding.meta.json	cellcharter	/home/xd/y/Benchmark/results/spatial_svg_rebuild_v1/dlpfc/dlpfc/cellcharter/scanpy_cell_ranger/n2000/seed0/embedding.meta.json	e2ad9a082f66824a8c64244f829463d2	e2ad9a082f66824a8c64244f829463d2	PASS
/home/xd/y/Benchmark/results/spatial_svg_rebuild_v1/dlpfc/dlpfc/graphst/scanpy_cell_ranger/n2000/seed2/embedding.meta.json	scvi	/home/xd/y/Benchmark/results/spatial_svg_rebuild_v1/dlpfc/dlpfc/scvi/scanpy_cell_ranger/n2000/seed2/embedding.meta.json	e2ad9a082f66824a8c64244f829463d2	e2ad9a082f66824a8c64244f829463d2	PASS
/home/xd/y/Benchmark/results/spatial_svg_rebuild_v1/dlpfc/dlpfc/graphst/scanpy_cell_ranger/n2000/seed2/embedding.meta.json	cellcharter	/home/xd/y/Benchmark/results/spatial_svg_rebuild_v1/dlpfc/dlpfc/cellcharter/scanpy_cell_ranger/n2000/seed2/embedding.meta.json	e2ad9a082f66824a8c64244f829463d2	e2ad9a082f66824a8c64244f829463d2	PASS
/home/xd/y/Benchmark/results/spatial_svg_rebuild_v1/dlpfc/dlpfc/graphst/scanpy_cell_ranger/n2000/seed1/embedding.meta.json	scvi	/home/xd/y/Benchmark/results/spatial_svg_rebuild_v1/dlpfc/dlpfc/scvi/scanpy_cell_ranger/n2000/seed1/embedding.meta.json	e2ad9a082f66824a8c64244f829463d2	e2ad9a082f66824a8c64244f829463d2	PASS
/home/xd/y/Benchmark/results/spatial_svg_rebuild_v1/dlpfc/dlpfc/graphst/scanpy_cell_ranger/n2000/seed1/embedding.meta.json	cellcharter	/home/xd/y/Benchmark/results/spatial_svg_rebuild_v1/dlpfc/dlpfc/cellcharter/scanpy_cell_ranger/n2000/seed1/embedding.meta.json	e2ad9a082f66824a8c64244f829463d2	e2ad9a082f66824a8c64244f829463d2	PASS
/home/xd/y/Benchmark/results/spatial_svg_rebuild_v1/dlpfc/dlpfc/graphst/scanpy_pearson_batch/n2000/seed0/embedding.meta.json	scvi	/home/xd/y/Benchmark/results/spatial_svg_rebuild_v1/dlpfc/dlpfc/scvi/scanpy_pearson_batch/n2000/seed0/embedding.meta.json	c53a121f6d598015b69f1c77da4996cd	c53a121f6d598015b69f1c77da4996cd	PASS
/home/xd/y/Benchmark/results/spatial_svg_rebuild_v1/dlpfc/dlpfc/graphst/scanpy_pearson_batch/n2000/seed0/embedding.meta.json	cellcharter	/home/xd/y/Benchmark/results/spatial_svg_rebuild_v1/dlpfc/dlpfc/cellcharter/scanpy_pearson_batch/n2000/seed0/embedding.meta.json	c53a121f6d598015b69f1c77da4996cd	c53a121f6d598015b69f1c77da4996cd	PASS
/home/xd/y/Benchmark/results/spatial_svg_rebuild_v1/dlpfc/dlpfc/graphst/scanpy_pearson_batch/n2000/seed2/embedding.meta.json	scvi	/home/xd/y/Benchmark/results/spatial_svg_rebuild_v1/dlpfc/dlpfc/scvi/scanpy_pearson_batch/n2000/seed2/embedding.meta.json	c53a121f6d598015b69f1c77da4996cd	c53a121f6d598015b69f1c77da4996cd	PASS
/home/xd/y/Benchmark/results/spatial_svg_rebuild_v1/dlpfc/dlpfc/graphst/scanpy_pearson_batch/n2000/seed2/embedding.meta.json	cellcharter	/home/xd/y/Benchmark/results/spatial_svg_rebuild_v1/dlpfc/dlpfc/cellcharter/scanpy_pearson_batch/n2000/seed2/embedding.meta.json	c53a121f6d598015b69f1c77da4996cd	c53a121f6d598015b69f1c77da4996cd	PASS
/home/xd/y/Benchmark/results/spatial_svg_rebuild_v1/dlpfc/dlpfc/graphst/scanpy_pearson_batch/n2000/seed1/embedding.meta.json	scvi	/home/xd/y/Benchmark/results/spatial_svg_rebuild_v1/dlpfc/dlpfc/scvi/scanpy_pearson_batch/n2000/seed1/embedding.meta.json	c53a121f6d598015b69f1c77da4996cd	c53a121f6d598015b69f1c77da4996cd	PASS
/home/xd/y/Benchmark/results/spatial_svg_rebuild_v1/dlpfc/dlpfc/graphst/scanpy_pearson_batch/n2000/seed1/embedding.meta.json	cellcharter	/home/xd/y/Benchmark/results/spatial_svg_rebuild_v1/dlpfc/dlpfc/cellcharter/scanpy_pearson_batch/n2000/seed1/embedding.meta.json	c53a121f6d598015b69f1c77da4996cd	c53a121f6d598015b69f1c77da4996cd	PASS
/home/xd/y/Benchmark/results/spatial_svg_rebuild_v1/dlpfc/dlpfc/graphst/singleCellHaystack/n2000/seed0/embedding.meta.json	scvi	/home/xd/y/Benchmark/results/spatial_svg_rebuild_v1/dlpfc/dlpfc/scvi/singleCellHaystack/n2000/seed0/embedding.meta.json	24bc8594cc1c779fc860590223eb229e	24bc8594cc1c779fc860590223eb229e	PASS
/home/xd/y/Benchmark/results/spatial_svg_rebuild_v1/dlpfc/dlpfc/graphst/singleCellHaystack/n2000/seed0/embedding.meta.json	cellcharter	/home/xd/y/Benchmark/results/spatial_svg_rebuild_v1/dlpfc/dlpfc/cellcharter/singleCellHaystack/n2000/seed0/embedding.meta.json	24bc8594cc1c779fc860590223eb229e	24bc8594cc1c779fc860590223eb229e	PASS
/home/xd/y/Benchmark/results/spatial_svg_rebuild_v1/dlpfc/dlpfc/graphst/singleCellHaystack/n2000/seed2/embedding.meta.json	scvi	/home/xd/y/Benchmark/results/spatial_svg_rebuild_v1/dlpfc/dlpfc/scvi/singleCellHaystack/n2000/seed2/embedding.meta.json	b57e80e381c81e92f47ce85d8fbb409c	b57e80e381c81e92f47ce85d8fbb409c	PASS
/home/xd/y/Benchmark/results/spatial_svg_rebuild_v1/dlpfc/dlpfc/graphst/singleCellHaystack/n2000/seed2/embedding.meta.json	cellcharter	/home/xd/y/Benchmark/results/spatial_svg_rebuild_v1/dlpfc/dlpfc/cellcharter/singleCellHaystack/n2000/seed2/embedding.meta.json	b57e80e381c81e92f47ce85d8fbb409c	b57e80e381c81e92f47ce85d8fbb409c	PASS
/home/xd/y/Benchmark/results/spatial_svg_rebuild_v1/dlpfc/dlpfc/graphst/singleCellHaystack/n2000/seed1/embedding.meta.json	scvi	/home/xd/y/Benchmark/results/spatial_svg_rebuild_v1/dlpfc/dlpfc/scvi/singleCellHaystack/n2000/seed1/embedding.meta.json	8e70dd261613ba9d5a98acb8037b3a7f	8e70dd261613ba9d5a98acb8037b3a7f	PASS
/home/xd/y/Benchmark/results/spatial_svg_rebuild_v1/dlpfc/dlpfc/graphst/singleCellHaystack/n2000/seed1/embedding.meta.json	cellcharter	/home/xd/y/Benchmark/results/spatial_svg_rebuild_v1/dlpfc/dlpfc/cellcharter/singleCellHaystack/n2000/seed1/embedding.meta.json	8e70dd261613ba9d5a98acb8037b3a7f	8e70dd261613ba9d5a98acb8037b3a7f	PASS
/home/xd/y/Benchmark/results/spatial_svg_rebuild_v1/dlpfc/dlpfc/graphst/statistic_mean/n2000/seed0/embedding.meta.json	scvi	/home/xd/y/Benchmark/results/spatial_svg_rebuild_v1/dlpfc/dlpfc/scvi/statistic_mean/n2000/seed0/embedding.meta.json	67f6f2ccb18334b427983c285dd4a65d	67f6f2ccb18334b427983c285dd4a65d	PASS
/home/xd/y/Benchmark/results/spatial_svg_rebuild_v1/dlpfc/dlpfc/graphst/statistic_mean/n2000/seed0/embedding.meta.json	cellcharter	/home/xd/y/Benchmark/results/spatial_svg_rebuild_v1/dlpfc/dlpfc/cellcharter/statistic_mean/n2000/seed0/embedding.meta.json	67f6f2ccb18334b427983c285dd4a65d	67f6f2ccb18334b427983c285dd4a65d	PASS
/home/xd/y/Benchmark/results/spatial_svg_rebuild_v1/dlpfc/dlpfc/graphst/statistic_mean/n2000/seed2/embedding.meta.json	scvi	/home/xd/y/Benchmark/results/spatial_svg_rebuild_v1/dlpfc/dlpfc/scvi/statistic_mean/n2000/seed2/embedding.meta.json	67f6f2ccb18334b427983c285dd4a65d	67f6f2ccb18334b427983c285dd4a65d	PASS
/home/xd/y/Benchmark/results/spatial_svg_rebuild_v1/dlpfc/dlpfc/graphst/statistic_mean/n2000/seed2/embedding.meta.json	cellcharter	/home/xd/y/Benchmark/results/spatial_svg_rebuild_v1/dlpfc/dlpfc/cellcharter/statistic_mean/n2000/seed2/embedding.meta.json	67f6f2ccb18334b427983c285dd4a65d	67f6f2ccb18334b427983c285dd4a65d	PASS
/home/xd/y/Benchmark/results/spatial_svg_rebuild_v1/dlpfc/dlpfc/graphst/statistic_mean/n2000/seed1/embedding.meta.json	scvi	/home/xd/y/Benchmark/results/spatial_svg_rebuild_v1/dlpfc/dlpfc/scvi/statistic_mean/n2000/seed1/embedding.meta.json	67f6f2ccb18334b427983c285dd4a65d	67f6f2ccb18334b427983c285dd4a65d	PASS
/home/xd/y/Benchmark/results/spatial_svg_rebuild_v1/dlpfc/dlpfc/graphst/statistic_mean/n2000/seed1/embedding.meta.json	cellcharter	/home/xd/y/Benchmark/results/spatial_svg_rebuild_v1/dlpfc/dlpfc/cellcharter/statistic_mean/n2000/seed1/embedding.meta.json	67f6f2ccb18334b427983c285dd4a65d	67f6f2ccb18334b427983c285dd4a65d	PASS
/home/xd/y/Benchmark/results/spatial_svg_rebuild_v1/dlpfc/dlpfc/graphst/sparkx/n2000/seed0/embedding.meta.json	scvi	/home/xd/y/Benchmark/results/spatial_svg_rebuild_v1/dlpfc/dlpfc/scvi/sparkx/n2000/seed0/embedding.meta.json	3f2712eb39c74daa1d8ea5ce632a7499	3f2712eb39c74daa1d8ea5ce632a7499	PASS
/home/xd/y/Benchmark/results/spatial_svg_rebuild_v1/dlpfc/dlpfc/graphst/sparkx/n2000/seed0/embedding.meta.json	cellcharter	/home/xd/y/Benchmark/results/spatial_svg_rebuild_v1/dlpfc/dlpfc/cellcharter/sparkx/n2000/seed0/embedding.meta.json	3f2712eb39c74daa1d8ea5ce632a7499	3f2712eb39c74daa1d8ea5ce632a7499	PASS
/home/xd/y/Benchmark/results/spatial_svg_rebuild_v1/dlpfc/dlpfc/graphst/sparkx/n2000/seed2/embedding.meta.json	scvi	/home/xd/y/Benchmark/results/spatial_svg_rebuild_v1/dlpfc/dlpfc/scvi/sparkx/n2000/seed2/embedding.meta.json	3f2712eb39c74daa1d8ea5ce632a7499	3f2712eb39c74daa1d8ea5ce632a7499	PASS
/home/xd/y/Benchmark/results/spatial_svg_rebuild_v1/dlpfc/dlpfc/graphst/sparkx/n2000/seed2/embedding.meta.json	cellcharter	/home/xd/y/Benchmark/results/spatial_svg_rebuild_v1/dlpfc/dlpfc/cellcharter/sparkx/n2000/seed2/embedding.meta.json	3f2712eb39c74daa1d8ea5ce632a7499	3f2712eb39c74daa1d8ea5ce632a7499	PASS
/home/xd/y/Benchmark/results/spatial_svg_rebuild_v1/dlpfc/dlpfc/graphst/sparkx/n2000/seed1/embedding.meta.json	scvi	/home/xd/y/Benchmark/results/spatial_svg_rebuild_v1/dlpfc/dlpfc/scvi/sparkx/n2000/seed1/embedding.meta.json	3f2712eb39c74daa1d8ea5ce632a7499	3f2712eb39c74daa1d8ea5ce632a7499	PASS
/home/xd/y/Benchmark/results/spatial_svg_rebuild_v1/dlpfc/dlpfc/graphst/sparkx/n2000/seed1/embedding.meta.json	cellcharter	/home/xd/y/Benchmark/results/spatial_svg_rebuild_v1/dlpfc/dlpfc/cellcharter/sparkx/n2000/seed1/embedding.meta.json	3f2712eb39c74daa1d8ea5ce632a7499	3f2712eb39c74daa1d8ea5ce632a7499	PASS
/home/xd/y/Benchmark/results/spatial_svg_rebuild_v1/dlpfc/dlpfc/graphst/morans_i/n2000/seed0/embedding.meta.json	scvi	/home/xd/y/Benchmark/results/spatial_svg_rebuild_v1/dlpfc/dlpfc/scvi/morans_i/n2000/seed0/embedding.meta.json	fe047f6122584367f08bf004cd3246fa	fe047f6122584367f08bf004cd3246fa	PASS
/home/xd/y/Benchmark/results/spatial_svg_rebuild_v1/dlpfc/dlpfc/graphst/morans_i/n2000/seed0/embedding.meta.json	cellcharter	/home/xd/y/Benchmark/results/spatial_svg_rebuild_v1/dlpfc/dlpfc/cellcharter/morans_i/n2000/seed0/embedding.meta.json	fe047f6122584367f08bf004cd3246fa	fe047f6122584367f08bf004cd3246fa	PASS
/home/xd/y/Benchmark/results/spatial_svg_rebuild_v1/dlpfc/dlpfc/graphst/morans_i/n2000/seed2/embedding.meta.json	scvi	/home/xd/y/Benchmark/results/spatial_svg_rebuild_v1/dlpfc/dlpfc/scvi/morans_i/n2000/seed2/embedding.meta.json	fe047f6122584367f08bf004cd3246fa	fe047f6122584367f08bf004cd3246fa	PASS
/home/xd/y/Benchmark/results/spatial_svg_rebuild_v1/dlpfc/dlpfc/graphst/morans_i/n2000/seed2/embedding.meta.json	cellcharter	/home/xd/y/Benchmark/results/spatial_svg_rebuild_v1/dlpfc/dlpfc/cellcharter/morans_i/n2000/seed2/embedding.meta.json	fe047f6122584367f08bf004cd3246fa	fe047f6122584367f08bf004cd3246fa	PASS
/home/xd/y/Benchmark/results/spatial_svg_rebuild_v1/dlpfc/dlpfc/graphst/morans_i/n2000/seed1/embedding.meta.json	scvi	/home/xd/y/Benchmark/results/spatial_svg_rebuild_v1/dlpfc/dlpfc/scvi/morans_i/n2000/seed1/embedding.meta.json	fe047f6122584367f08bf004cd3246fa	fe047f6122584367f08bf004cd3246fa	PASS
/home/xd/y/Benchmark/results/spatial_svg_rebuild_v1/dlpfc/dlpfc/graphst/morans_i/n2000/seed1/embedding.meta.json	cellcharter	/home/xd/y/Benchmark/results/spatial_svg_rebuild_v1/dlpfc/dlpfc/cellcharter/morans_i/n2000/seed1/embedding.meta.json	fe047f6122584367f08bf004cd3246fa	fe047f6122584367f08bf004cd3246fa	PASS
/home/xd/y/Benchmark/results/spatial_svg_rebuild_v1/dlpfc/dlpfc/graphst/seurat_mvp/n2000/seed0/embedding.meta.json	scvi	/home/xd/y/Benchmark/results/spatial_svg_rebuild_v1/dlpfc/dlpfc/scvi/seurat_mvp/n2000/seed0/embedding.meta.json	5e38e6417f0f89cb0e96334ef310e1b6	5e38e6417f0f89cb0e96334ef310e1b6	PASS
/home/xd/y/Benchmark/results/spatial_svg_rebuild_v1/dlpfc/dlpfc/graphst/seurat_mvp/n2000/seed0/embedding.meta.json	cellcharter	/home/xd/y/Benchmark/results/spatial_svg_rebuild_v1/dlpfc/dlpfc/cellcharter/seurat_mvp/n2000/seed0/embedding.meta.json	5e38e6417f0f89cb0e96334ef310e1b6	5e38e6417f0f89cb0e96334ef310e1b6	PASS
/home/xd/y/Benchmark/results/spatial_svg_rebuild_v1/dlpfc/dlpfc/graphst/seurat_mvp/n2000/seed2/embedding.meta.json	scvi	/home/xd/y/Benchmark/results/spatial_svg_rebuild_v1/dlpfc/dlpfc/scvi/seurat_mvp/n2000/seed2/embedding.meta.json	5e38e6417f0f89cb0e96334ef310e1b6	5e38e6417f0f89cb0e96334ef310e1b6	PASS
/home/xd/y/Benchmark/results/spatial_svg_rebuild_v1/dlpfc/dlpfc/graphst/seurat_mvp/n2000/seed2/embedding.meta.json	cellcharter	/home/xd/y/Benchmark/results/spatial_svg_rebuild_v1/dlpfc/dlpfc/cellcharter/seurat_mvp/n2000/seed2/embedding.meta.json	5e38e6417f0f89cb0e96334ef310e1b6	5e38e6417f0f89cb0e96334ef310e1b6	PASS
/home/xd/y/Benchmark/results/spatial_svg_rebuild_v1/dlpfc/dlpfc/graphst/seurat_mvp/n2000/seed1/embedding.meta.json	scvi	/home/xd/y/Benchmark/results/spatial_svg_rebuild_v1/dlpfc/dlpfc/scvi/seurat_mvp/n2000/seed1/embedding.meta.json	5e38e6417f0f89cb0e96334ef310e1b6	5e38e6417f0f89cb0e96334ef310e1b6	PASS
/home/xd/y/Benchmark/results/spatial_svg_rebuild_v1/dlpfc/dlpfc/graphst/seurat_mvp/n2000/seed1/embedding.meta.json	cellcharter	/home/xd/y/Benchmark/results/spatial_svg_rebuild_v1/dlpfc/dlpfc/cellcharter/seurat_mvp/n2000/seed1/embedding.meta.json	5e38e6417f0f89cb0e96334ef310e1b6	5e38e6417f0f89cb0e96334ef310e1b6	PASS
/home/xd/y/Benchmark/results/spatial_svg_rebuild_v1/dlpfc/dlpfc/graphst/osca/n2000/seed0/embedding.meta.json	scvi	/home/xd/y/Benchmark/results/spatial_svg_rebuild_v1/dlpfc/dlpfc/scvi/osca/n2000/seed0/embedding.meta.json	c365cf586ec902554371501f16bcd5a3	c365cf586ec902554371501f16bcd5a3	PASS
/home/xd/y/Benchmark/results/spatial_svg_rebuild_v1/dlpfc/dlpfc/graphst/osca/n2000/seed0/embedding.meta.json	cellcharter	/home/xd/y/Benchmark/results/spatial_svg_rebuild_v1/dlpfc/dlpfc/cellcharter/osca/n2000/seed0/embedding.meta.json	c365cf586ec902554371501f16bcd5a3	c365cf586ec902554371501f16bcd5a3	PASS
/home/xd/y/Benchmark/results/spatial_svg_rebuild_v1/dlpfc/dlpfc/graphst/osca/n2000/seed2/embedding.meta.json	scvi	/home/xd/y/Benchmark/results/spatial_svg_rebuild_v1/dlpfc/dlpfc/scvi/osca/n2000/seed2/embedding.meta.json	c365cf586ec902554371501f16bcd5a3	c365cf586ec902554371501f16bcd5a3	PASS
/home/xd/y/Benchmark/results/spatial_svg_rebuild_v1/dlpfc/dlpfc/graphst/osca/n2000/seed2/embedding.meta.json	cellcharter	/home/xd/y/Benchmark/results/spatial_svg_rebuild_v1/dlpfc/dlpfc/cellcharter/osca/n2000/seed2/embedding.meta.json	c365cf586ec902554371501f16bcd5a3	c365cf586ec902554371501f16bcd5a3	PASS
/home/xd/y/Benchmark/results/spatial_svg_rebuild_v1/dlpfc/dlpfc/graphst/osca/n2000/seed1/embedding.meta.json	scvi	/home/xd/y/Benchmark/results/spatial_svg_rebuild_v1/dlpfc/dlpfc/scvi/osca/n2000/seed1/embedding.meta.json	c365cf586ec902554371501f16bcd5a3	c365cf586ec902554371501f16bcd5a3	PASS
/home/xd/y/Benchmark/results/spatial_svg_rebuild_v1/dlpfc/dlpfc/graphst/osca/n2000/seed1/embedding.meta.json	cellcharter	/home/xd/y/Benchmark/results/spatial_svg_rebuild_v1/dlpfc/dlpfc/cellcharter/osca/n2000/seed1/embedding.meta.json	c365cf586ec902554371501f16bcd5a3	c365cf586ec902554371501f16bcd5a3	PASS
/home/xd/y/Benchmark/results/spatial_svg_rebuild_v1/dlpfc/dlpfc/graphst/scanpy_seurat_v3_batch/n2000/seed0/embedding.meta.json	scvi	/home/xd/y/Benchmark/results/spatial_svg_rebuild_v1/dlpfc/dlpfc/scvi/scanpy_seurat_v3_batch/n2000/seed0/embedding.meta.json	8cf88722198c0544ceba27b7a8441d3a	8cf88722198c0544ceba27b7a8441d3a	PASS
/home/xd/y/Benchmark/results/spatial_svg_rebuild_v1/dlpfc/dlpfc/graphst/scanpy_seurat_v3_batch/n2000/seed0/embedding.meta.json	cellcharter	/home/xd/y/Benchmark/results/spatial_svg_rebuild_v1/dlpfc/dlpfc/cellcharter/scanpy_seurat_v3_batch/n2000/seed0/embedding.meta.json	8cf88722198c0544ceba27b7a8441d3a	8cf88722198c0544ceba27b7a8441d3a	PASS
/home/xd/y/Benchmark/results/spatial_svg_rebuild_v1/dlpfc/dlpfc/graphst/scanpy_seurat_v3_batch/n2000/seed2/embedding.meta.json	scvi	/home/xd/y/Benchmark/results/spatial_svg_rebuild_v1/dlpfc/dlpfc/scvi/scanpy_seurat_v3_batch/n2000/seed2/embedding.meta.json	8cf88722198c0544ceba27b7a8441d3a	8cf88722198c0544ceba27b7a8441d3a	PASS
/home/xd/y/Benchmark/results/spatial_svg_rebuild_v1/dlpfc/dlpfc/graphst/scanpy_seurat_v3_batch/n2000/seed2/embedding.meta.json	cellcharter	/home/xd/y/Benchmark/results/spatial_svg_rebuild_v1/dlpfc/dlpfc/cellcharter/scanpy_seurat_v3_batch/n2000/seed2/embedding.meta.json	8cf88722198c0544ceba27b7a8441d3a	8cf88722198c0544ceba27b7a8441d3a	PASS
/home/xd/y/Benchmark/results/spatial_svg_rebuild_v1/dlpfc/dlpfc/graphst/scanpy_seurat_v3_batch/n2000/seed1/embedding.meta.json	scvi	/home/xd/y/Benchmark/results/spatial_svg_rebuild_v1/dlpfc/dlpfc/scvi/scanpy_seurat_v3_batch/n2000/seed1/embedding.meta.json	8cf88722198c0544ceba27b7a8441d3a	8cf88722198c0544ceba27b7a8441d3a	PASS
/home/xd/y/Benchmark/results/spatial_svg_rebuild_v1/dlpfc/dlpfc/graphst/scanpy_seurat_v3_batch/n2000/seed1/embedding.meta.json	cellcharter	/home/xd/y/Benchmark/results/spatial_svg_rebuild_v1/dlpfc/dlpfc/cellcharter/scanpy_seurat_v3_batch/n2000/seed1/embedding.meta.json	8cf88722198c0544ceba27b7a8441d3a	8cf88722198c0544ceba27b7a8441d3a	PASS
/home/xd/y/Benchmark/results/spatial_svg_rebuild_v1/dlpfc/dlpfc/graphst/statistic_variance/n2000/seed0/embedding.meta.json	scvi	/home/xd/y/Benchmark/results/spatial_svg_rebuild_v1/dlpfc/dlpfc/scvi/statistic_variance/n2000/seed0/embedding.meta.json	9e9cb1f267d3712e5a9c719dd850a0c7	9e9cb1f267d3712e5a9c719dd850a0c7	PASS
/home/xd/y/Benchmark/results/spatial_svg_rebuild_v1/dlpfc/dlpfc/graphst/statistic_variance/n2000/seed0/embedding.meta.json	cellcharter	/home/xd/y/Benchmark/results/spatial_svg_rebuild_v1/dlpfc/dlpfc/cellcharter/statistic_variance/n2000/seed0/embedding.meta.json	9e9cb1f267d3712e5a9c719dd850a0c7	9e9cb1f267d3712e5a9c719dd850a0c7	PASS
/home/xd/y/Benchmark/results/spatial_svg_rebuild_v1/dlpfc/dlpfc/graphst/statistic_variance/n2000/seed2/embedding.meta.json	scvi	/home/xd/y/Benchmark/results/spatial_svg_rebuild_v1/dlpfc/dlpfc/scvi/statistic_variance/n2000/seed2/embedding.meta.json	9e9cb1f267d3712e5a9c719dd850a0c7	9e9cb1f267d3712e5a9c719dd850a0c7	PASS
/home/xd/y/Benchmark/results/spatial_svg_rebuild_v1/dlpfc/dlpfc/graphst/statistic_variance/n2000/seed2/embedding.meta.json	cellcharter	/home/xd/y/Benchmark/results/spatial_svg_rebuild_v1/dlpfc/dlpfc/cellcharter/statistic_variance/n2000/seed2/embedding.meta.json	9e9cb1f267d3712e5a9c719dd850a0c7	9e9cb1f267d3712e5a9c719dd850a0c7	PASS
/home/xd/y/Benchmark/results/spatial_svg_rebuild_v1/dlpfc/dlpfc/graphst/statistic_variance/n2000/seed1/embedding.meta.json	scvi	/home/xd/y/Benchmark/results/spatial_svg_rebuild_v1/dlpfc/dlpfc/scvi/statistic_variance/n2000/seed1/embedding.meta.json	9e9cb1f267d3712e5a9c719dd850a0c7	9e9cb1f267d3712e5a9c719dd850a0c7	PASS
/home/xd/y/Benchmark/results/spatial_svg_rebuild_v1/dlpfc/dlpfc/graphst/statistic_variance/n2000/seed1/embedding.meta.json	cellcharter	/home/xd/y/Benchmark/results/spatial_svg_rebuild_v1/dlpfc/dlpfc/cellcharter/statistic_variance/n2000/seed1/embedding.meta.json	9e9cb1f267d3712e5a9c719dd850a0c7	9e9cb1f267d3712e5a9c719dd850a0c7	PASS
/home/xd/y/Benchmark/results/spatial_svg_rebuild_v1/dlpfc/dlpfc/graphst/spatialde/n2000/seed0/embedding.meta.json	scvi	/home/xd/y/Benchmark/results/spatial_svg_rebuild_v1/dlpfc/dlpfc/scvi/spatialde/n2000/seed0/embedding.meta.json	0535f2f0db9c250f6e16a09211c22dff	0535f2f0db9c250f6e16a09211c22dff	PASS
/home/xd/y/Benchmark/results/spatial_svg_rebuild_v1/dlpfc/dlpfc/graphst/spatialde/n2000/seed0/embedding.meta.json	cellcharter	/home/xd/y/Benchmark/results/spatial_svg_rebuild_v1/dlpfc/dlpfc/cellcharter/spatialde/n2000/seed0/embedding.meta.json	0535f2f0db9c250f6e16a09211c22dff	0535f2f0db9c250f6e16a09211c22dff	PASS
/home/xd/y/Benchmark/results/spatial_svg_rebuild_v1/dlpfc/dlpfc/graphst/spatialde/n2000/seed2/embedding.meta.json	scvi	/home/xd/y/Benchmark/results/spatial_svg_rebuild_v1/dlpfc/dlpfc/scvi/spatialde/n2000/seed2/embedding.meta.json	a1d46f19b1de57745a08413c7e8b609e	a1d46f19b1de57745a08413c7e8b609e	PASS
/home/xd/y/Benchmark/results/spatial_svg_rebuild_v1/dlpfc/dlpfc/graphst/spatialde/n2000/seed2/embedding.meta.json	cellcharter	/home/xd/y/Benchmark/results/spatial_svg_rebuild_v1/dlpfc/dlpfc/cellcharter/spatialde/n2000/seed2/embedding.meta.json	a1d46f19b1de57745a08413c7e8b609e	a1d46f19b1de57745a08413c7e8b609e	PASS
/home/xd/y/Benchmark/results/spatial_svg_rebuild_v1/dlpfc/dlpfc/graphst/spatialde/n2000/seed1/embedding.meta.json	scvi	/home/xd/y/Benchmark/results/spatial_svg_rebuild_v1/dlpfc/dlpfc/scvi/spatialde/n2000/seed1/embedding.meta.json	9739ffd9670ec634ba331311d2286a31	9739ffd9670ec634ba331311d2286a31	PASS
/home/xd/y/Benchmark/results/spatial_svg_rebuild_v1/dlpfc/dlpfc/graphst/spatialde/n2000/seed1/embedding.meta.json	cellcharter	/home/xd/y/Benchmark/results/spatial_svg_rebuild_v1/dlpfc/dlpfc/cellcharter/spatialde/n2000/seed1/embedding.meta.json	9739ffd9670ec634ba331311d2286a31	9739ffd9670ec634ba331311d2286a31	PASS
/home/xd/y/Benchmark/results/spatial_svg_rebuild_v1/dlpfc/dlpfc/graphst/Brennecke/n2000/seed0/embedding.meta.json	scvi	/home/xd/y/Benchmark/results/spatial_svg_rebuild_v1/dlpfc/dlpfc/scvi/Brennecke/n2000/seed0/embedding.meta.json	c8d90ca3aca280556fe99e8d129fa37f	c8d90ca3aca280556fe99e8d129fa37f	PASS
/home/xd/y/Benchmark/results/spatial_svg_rebuild_v1/dlpfc/dlpfc/graphst/Brennecke/n2000/seed0/embedding.meta.json	cellcharter	/home/xd/y/Benchmark/results/spatial_svg_rebuild_v1/dlpfc/dlpfc/cellcharter/Brennecke/n2000/seed0/embedding.meta.json	c8d90ca3aca280556fe99e8d129fa37f	c8d90ca3aca280556fe99e8d129fa37f	PASS
/home/xd/y/Benchmark/results/spatial_svg_rebuild_v1/dlpfc/dlpfc/graphst/Brennecke/n2000/seed2/embedding.meta.json	scvi	/home/xd/y/Benchmark/results/spatial_svg_rebuild_v1/dlpfc/dlpfc/scvi/Brennecke/n2000/seed2/embedding.meta.json	c8d90ca3aca280556fe99e8d129fa37f	c8d90ca3aca280556fe99e8d129fa37f	PASS
/home/xd/y/Benchmark/results/spatial_svg_rebuild_v1/dlpfc/dlpfc/graphst/Brennecke/n2000/seed2/embedding.meta.json	cellcharter	/home/xd/y/Benchmark/results/spatial_svg_rebuild_v1/dlpfc/dlpfc/cellcharter/Brennecke/n2000/seed2/embedding.meta.json	c8d90ca3aca280556fe99e8d129fa37f	c8d90ca3aca280556fe99e8d129fa37f	PASS
/home/xd/y/Benchmark/results/spatial_svg_rebuild_v1/dlpfc/dlpfc/graphst/Brennecke/n2000/seed1/embedding.meta.json	scvi	/home/xd/y/Benchmark/results/spatial_svg_rebuild_v1/dlpfc/dlpfc/scvi/Brennecke/n2000/seed1/embedding.meta.json	c8d90ca3aca280556fe99e8d129fa37f	c8d90ca3aca280556fe99e8d129fa37f	PASS
/home/xd/y/Benchmark/results/spatial_svg_rebuild_v1/dlpfc/dlpfc/graphst/Brennecke/n2000/seed1/embedding.meta.json	cellcharter	/home/xd/y/Benchmark/results/spatial_svg_rebuild_v1/dlpfc/dlpfc/cellcharter/Brennecke/n2000/seed1/embedding.meta.json	c8d90ca3aca280556fe99e8d129fa37f	c8d90ca3aca280556fe99e8d129fa37f	PASS
/home/xd/y/Benchmark/results/spatial_svg_rebuild_v1/dlpfc/dlpfc/graphst/scanpy_seurat_batch/n2000/seed0/embedding.meta.json	scvi	/home/xd/y/Benchmark/results/spatial_svg_rebuild_v1/dlpfc/dlpfc/scvi/scanpy_seurat_batch/n2000/seed0/embedding.meta.json	e2fe9202c9dad66cb80926c8b0dd914d	e2fe9202c9dad66cb80926c8b0dd914d	PASS
/home/xd/y/Benchmark/results/spatial_svg_rebuild_v1/dlpfc/dlpfc/graphst/scanpy_seurat_batch/n2000/seed0/embedding.meta.json	cellcharter	/home/xd/y/Benchmark/results/spatial_svg_rebuild_v1/dlpfc/dlpfc/cellcharter/scanpy_seurat_batch/n2000/seed0/embedding.meta.json	e2fe9202c9dad66cb80926c8b0dd914d	e2fe9202c9dad66cb80926c8b0dd914d	PASS
/home/xd/y/Benchmark/results/spatial_svg_rebuild_v1/dlpfc/dlpfc/graphst/scanpy_seurat_batch/n2000/seed2/embedding.meta.json	scvi	/home/xd/y/Benchmark/results/spatial_svg_rebuild_v1/dlpfc/dlpfc/scvi/scanpy_seurat_batch/n2000/seed2/embedding.meta.json	e2fe9202c9dad66cb80926c8b0dd914d	e2fe9202c9dad66cb80926c8b0dd914d	PASS
/home/xd/y/Benchmark/results/spatial_svg_rebuild_v1/dlpfc/dlpfc/graphst/scanpy_seurat_batch/n2000/seed2/embedding.meta.json	cellcharter	/home/xd/y/Benchmark/results/spatial_svg_rebuild_v1/dlpfc/dlpfc/cellcharter/scanpy_seurat_batch/n2000/seed2/embedding.meta.json	e2fe9202c9dad66cb80926c8b0dd914d	e2fe9202c9dad66cb80926c8b0dd914d	PASS
/home/xd/y/Benchmark/results/spatial_svg_rebuild_v1/dlpfc/dlpfc/graphst/scanpy_seurat_batch/n2000/seed1/embedding.meta.json	scvi	/home/xd/y/Benchmark/results/spatial_svg_rebuild_v1/dlpfc/dlpfc/scvi/scanpy_seurat_batch/n2000/seed1/embedding.meta.json	e2fe9202c9dad66cb80926c8b0dd914d	e2fe9202c9dad66cb80926c8b0dd914d	PASS
/home/xd/y/Benchmark/results/spatial_svg_rebuild_v1/dlpfc/dlpfc/graphst/scanpy_seurat_batch/n2000/seed1/embedding.meta.json	cellcharter	/home/xd/y/Benchmark/results/spatial_svg_rebuild_v1/dlpfc/dlpfc/cellcharter/scanpy_seurat_batch/n2000/seed1/embedding.meta.json	e2fe9202c9dad66cb80926c8b0dd914d	e2fe9202c9dad66cb80926c8b0dd914d	PASS
/home/xd/y/Benchmark/results/spatial_svg_rebuild_v1/dlpfc/dlpfc/graphst/scanpy_cell_ranger_batch/n2000/seed0/embedding.meta.json	scvi	/home/xd/y/Benchmark/results/spatial_svg_rebuild_v1/dlpfc/dlpfc/scvi/scanpy_cell_ranger_batch/n2000/seed0/embedding.meta.json	3ff3148d914f73047c17983f1761b614	3ff3148d914f73047c17983f1761b614	PASS
/home/xd/y/Benchmark/results/spatial_svg_rebuild_v1/dlpfc/dlpfc/graphst/scanpy_cell_ranger_batch/n2000/seed0/embedding.meta.json	cellcharter	/home/xd/y/Benchmark/results/spatial_svg_rebuild_v1/dlpfc/dlpfc/cellcharter/scanpy_cell_ranger_batch/n2000/seed0/embedding.meta.json	3ff3148d914f73047c17983f1761b614	3ff3148d914f73047c17983f1761b614	PASS
/home/xd/y/Benchmark/results/spatial_svg_rebuild_v1/dlpfc/dlpfc/graphst/scanpy_cell_ranger_batch/n2000/seed2/embedding.meta.json	scvi	/home/xd/y/Benchmark/results/spatial_svg_rebuild_v1/dlpfc/dlpfc/scvi/scanpy_cell_ranger_batch/n2000/seed2/embedding.meta.json	3ff3148d914f73047c17983f1761b614	3ff3148d914f73047c17983f1761b614	PASS
/home/xd/y/Benchmark/results/spatial_svg_rebuild_v1/dlpfc/dlpfc/graphst/scanpy_cell_ranger_batch/n2000/seed2/embedding.meta.json	cellcharter	/home/xd/y/Benchmark/results/spatial_svg_rebuild_v1/dlpfc/dlpfc/cellcharter/scanpy_cell_ranger_batch/n2000/seed2/embedding.meta.json	3ff3148d914f73047c17983f1761b614	3ff3148d914f73047c17983f1761b614	PASS
/home/xd/y/Benchmark/results/spatial_svg_rebuild_v1/dlpfc/dlpfc/graphst/scanpy_cell_ranger_batch/n2000/seed1/embedding.meta.json	scvi	/home/xd/y/Benchmark/results/spatial_svg_rebuild_v1/dlpfc/dlpfc/scvi/scanpy_cell_ranger_batch/n2000/seed1/embedding.meta.json	3ff3148d914f73047c17983f1761b614	3ff3148d914f73047c17983f1761b614	PASS
/home/xd/y/Benchmark/results/spatial_svg_rebuild_v1/dlpfc/dlpfc/graphst/scanpy_cell_ranger_batch/n2000/seed1/embedding.meta.json	cellcharter	/home/xd/y/Benchmark/results/spatial_svg_rebuild_v1/dlpfc/dlpfc/cellcharter/scanpy_cell_ranger_batch/n2000/seed1/embedding.meta.json	3ff3148d914f73047c17983f1761b614	3ff3148d914f73047c17983f1761b614	PASS
/home/xd/y/Benchmark/results/spatial_svg_rebuild_v1/dlpfc/dlpfc/graphst/scanpy_seurat/n2000/seed0/embedding.meta.json	scvi	/home/xd/y/Benchmark/results/spatial_svg_rebuild_v1/dlpfc/dlpfc/scvi/scanpy_seurat/n2000/seed0/embedding.meta.json	fa60d0b5125163e15d3c6b1f0eff0e00	fa60d0b5125163e15d3c6b1f0eff0e00	PASS
/home/xd/y/Benchmark/results/spatial_svg_rebuild_v1/dlpfc/dlpfc/graphst/scanpy_seurat/n2000/seed0/embedding.meta.json	cellcharter	/home/xd/y/Benchmark/results/spatial_svg_rebuild_v1/dlpfc/dlpfc/cellcharter/scanpy_seurat/n2000/seed0/embedding.meta.json	fa60d0b5125163e15d3c6b1f0eff0e00	fa60d0b5125163e15d3c6b1f0eff0e00	PASS
/home/xd/y/Benchmark/results/spatial_svg_rebuild_v1/dlpfc/dlpfc/graphst/scanpy_seurat/n2000/seed2/embedding.meta.json	scvi	/home/xd/y/Benchmark/results/spatial_svg_rebuild_v1/dlpfc/dlpfc/scvi/scanpy_seurat/n2000/seed2/embedding.meta.json	fa60d0b5125163e15d3c6b1f0eff0e00	fa60d0b5125163e15d3c6b1f0eff0e00	PASS
/home/xd/y/Benchmark/results/spatial_svg_rebuild_v1/dlpfc/dlpfc/graphst/scanpy_seurat/n2000/seed2/embedding.meta.json	cellcharter	/home/xd/y/Benchmark/results/spatial_svg_rebuild_v1/dlpfc/dlpfc/cellcharter/scanpy_seurat/n2000/seed2/embedding.meta.json	fa60d0b5125163e15d3c6b1f0eff0e00	fa60d0b5125163e15d3c6b1f0eff0e00	PASS
/home/xd/y/Benchmark/results/spatial_svg_rebuild_v1/dlpfc/dlpfc/graphst/scanpy_seurat/n2000/seed1/embedding.meta.json	scvi	/home/xd/y/Benchmark/results/spatial_svg_rebuild_v1/dlpfc/dlpfc/scvi/scanpy_seurat/n2000/seed1/embedding.meta.json	fa60d0b5125163e15d3c6b1f0eff0e00	fa60d0b5125163e15d3c6b1f0eff0e00	PASS
/home/xd/y/Benchmark/results/spatial_svg_rebuild_v1/dlpfc/dlpfc/graphst/scanpy_seurat/n2000/seed1/embedding.meta.json	cellcharter	/home/xd/y/Benchmark/results/spatial_svg_rebuild_v1/dlpfc/dlpfc/cellcharter/scanpy_seurat/n2000/seed1/embedding.meta.json	fa60d0b5125163e15d3c6b1f0eff0e00	fa60d0b5125163e15d3c6b1f0eff0e00	PASS
/home/xd/y/Benchmark/results/spatial_svg_rebuild_v1/dlpfc/dlpfc/graphst/seurat_disp/n2000/seed0/embedding.meta.json	scvi	/home/xd/y/Benchmark/results/spatial_svg_rebuild_v1/dlpfc/dlpfc/scvi/seurat_disp/n2000/seed0/embedding.meta.json	6de375a6b9ce9b9c6e5fb7df8bd06fbc	6de375a6b9ce9b9c6e5fb7df8bd06fbc	PASS
/home/xd/y/Benchmark/results/spatial_svg_rebuild_v1/dlpfc/dlpfc/graphst/seurat_disp/n2000/seed0/embedding.meta.json	cellcharter	/home/xd/y/Benchmark/results/spatial_svg_rebuild_v1/dlpfc/dlpfc/cellcharter/seurat_disp/n2000/seed0/embedding.meta.json	6de375a6b9ce9b9c6e5fb7df8bd06fbc	6de375a6b9ce9b9c6e5fb7df8bd06fbc	PASS
/home/xd/y/Benchmark/results/spatial_svg_rebuild_v1/dlpfc/dlpfc/graphst/seurat_disp/n2000/seed2/embedding.meta.json	scvi	/home/xd/y/Benchmark/results/spatial_svg_rebuild_v1/dlpfc/dlpfc/scvi/seurat_disp/n2000/seed2/embedding.meta.json	6de375a6b9ce9b9c6e5fb7df8bd06fbc	6de375a6b9ce9b9c6e5fb7df8bd06fbc	PASS
/home/xd/y/Benchmark/results/spatial_svg_rebuild_v1/dlpfc/dlpfc/graphst/seurat_disp/n2000/seed2/embedding.meta.json	cellcharter	/home/xd/y/Benchmark/results/spatial_svg_rebuild_v1/dlpfc/dlpfc/cellcharter/seurat_disp/n2000/seed2/embedding.meta.json	6de375a6b9ce9b9c6e5fb7df8bd06fbc	6de375a6b9ce9b9c6e5fb7df8bd06fbc	PASS
/home/xd/y/Benchmark/results/spatial_svg_rebuild_v1/dlpfc/dlpfc/graphst/seurat_disp/n2000/seed1/embedding.meta.json	scvi	/home/xd/y/Benchmark/results/spatial_svg_rebuild_v1/dlpfc/dlpfc/scvi/seurat_disp/n2000/seed1/embedding.meta.json	6de375a6b9ce9b9c6e5fb7df8bd06fbc	6de375a6b9ce9b9c6e5fb7df8bd06fbc	PASS
/home/xd/y/Benchmark/results/spatial_svg_rebuild_v1/dlpfc/dlpfc/graphst/seurat_disp/n2000/seed1/embedding.meta.json	cellcharter	/home/xd/y/Benchmark/results/spatial_svg_rebuild_v1/dlpfc/dlpfc/cellcharter/seurat_disp/n2000/seed1/embedding.meta.json	6de375a6b9ce9b9c6e5fb7df8bd06fbc	6de375a6b9ce9b9c6e5fb7df8bd06fbc	PASS
/home/xd/y/Benchmark/results/spatial_svg_rebuild_v1/dlpfc/dlpfc/graphst/nbumi/n2000/seed0/embedding.meta.json	scvi	/home/xd/y/Benchmark/results/spatial_svg_rebuild_v1/dlpfc/dlpfc/scvi/nbumi/n2000/seed0/embedding.meta.json	d13a8e496d735da2d316b5fb935d91db	d13a8e496d735da2d316b5fb935d91db	PASS
/home/xd/y/Benchmark/results/spatial_svg_rebuild_v1/dlpfc/dlpfc/graphst/nbumi/n2000/seed0/embedding.meta.json	cellcharter	/home/xd/y/Benchmark/results/spatial_svg_rebuild_v1/dlpfc/dlpfc/cellcharter/nbumi/n2000/seed0/embedding.meta.json	d13a8e496d735da2d316b5fb935d91db	d13a8e496d735da2d316b5fb935d91db	PASS
/home/xd/y/Benchmark/results/spatial_svg_rebuild_v1/dlpfc/dlpfc/graphst/nbumi/n2000/seed2/embedding.meta.json	scvi	/home/xd/y/Benchmark/results/spatial_svg_rebuild_v1/dlpfc/dlpfc/scvi/nbumi/n2000/seed2/embedding.meta.json	d7bf4d872942f63021ea262ef8751f4a	d7bf4d872942f63021ea262ef8751f4a	PASS
/home/xd/y/Benchmark/results/spatial_svg_rebuild_v1/dlpfc/dlpfc/graphst/nbumi/n2000/seed2/embedding.meta.json	cellcharter	/home/xd/y/Benchmark/results/spatial_svg_rebuild_v1/dlpfc/dlpfc/cellcharter/nbumi/n2000/seed2/embedding.meta.json	d7bf4d872942f63021ea262ef8751f4a	d7bf4d872942f63021ea262ef8751f4a	PASS
/home/xd/y/Benchmark/results/spatial_svg_rebuild_v1/dlpfc/dlpfc/graphst/nbumi/n2000/seed1/embedding.meta.json	scvi	/home/xd/y/Benchmark/results/spatial_svg_rebuild_v1/dlpfc/dlpfc/scvi/nbumi/n2000/seed1/embedding.meta.json	fefc85993f2665c4f5535ffbb4dd06d6	fefc85993f2665c4f5535ffbb4dd06d6	PASS
/home/xd/y/Benchmark/results/spatial_svg_rebuild_v1/dlpfc/dlpfc/graphst/nbumi/n2000/seed1/embedding.meta.json	cellcharter	/home/xd/y/Benchmark/results/spatial_svg_rebuild_v1/dlpfc/dlpfc/cellcharter/nbumi/n2000/seed1/embedding.meta.json	fefc85993f2665c4f5535ffbb4dd06d6	fefc85993f2665c4f5535ffbb4dd06d6	PASS
/home/xd/y/Benchmark/results/spatial_svg_rebuild_v1/dlpfc/dlpfc/graphst/seurat_vst/n2000/seed0/embedding.meta.json	scvi	/home/xd/y/Benchmark/results/spatial_svg_rebuild_v1/dlpfc/dlpfc/scvi/seurat_vst/n2000/seed0/embedding.meta.json	5a844e237f5603960154a880c0b36cf6	5a844e237f5603960154a880c0b36cf6	PASS
/home/xd/y/Benchmark/results/spatial_svg_rebuild_v1/dlpfc/dlpfc/graphst/seurat_vst/n2000/seed0/embedding.meta.json	cellcharter	/home/xd/y/Benchmark/results/spatial_svg_rebuild_v1/dlpfc/dlpfc/cellcharter/seurat_vst/n2000/seed0/embedding.meta.json	5a844e237f5603960154a880c0b36cf6	5a844e237f5603960154a880c0b36cf6	PASS
/home/xd/y/Benchmark/results/spatial_svg_rebuild_v1/dlpfc/dlpfc/graphst/seurat_vst/n2000/seed2/embedding.meta.json	scvi	/home/xd/y/Benchmark/results/spatial_svg_rebuild_v1/dlpfc/dlpfc/scvi/seurat_vst/n2000/seed2/embedding.meta.json	5a844e237f5603960154a880c0b36cf6	5a844e237f5603960154a880c0b36cf6	PASS
/home/xd/y/Benchmark/results/spatial_svg_rebuild_v1/dlpfc/dlpfc/graphst/seurat_vst/n2000/seed2/embedding.meta.json	cellcharter	/home/xd/y/Benchmark/results/spatial_svg_rebuild_v1/dlpfc/dlpfc/cellcharter/seurat_vst/n2000/seed2/embedding.meta.json	5a844e237f5603960154a880c0b36cf6	5a844e237f5603960154a880c0b36cf6	PASS
/home/xd/y/Benchmark/results/spatial_svg_rebuild_v1/dlpfc/dlpfc/graphst/seurat_vst/n2000/seed1/embedding.meta.json	scvi	/home/xd/y/Benchmark/results/spatial_svg_rebuild_v1/dlpfc/dlpfc/scvi/seurat_vst/n2000/seed1/embedding.meta.json	5a844e237f5603960154a880c0b36cf6	5a844e237f5603960154a880c0b36cf6	PASS
/home/xd/y/Benchmark/results/spatial_svg_rebuild_v1/dlpfc/dlpfc/graphst/seurat_vst/n2000/seed1/embedding.meta.json	cellcharter	/home/xd/y/Benchmark/results/spatial_svg_rebuild_v1/dlpfc/dlpfc/cellcharter/seurat_vst/n2000/seed1/embedding.meta.json	5a844e237f5603960154a880c0b36cf6	5a844e237f5603960154a880c0b36cf6	PASS
/home/xd/y/Benchmark/results/spatial_svg_rebuild_v1/dlpfc/dlpfc/graphst/scry/n2000/seed0/embedding.meta.json	scvi	/home/xd/y/Benchmark/results/spatial_svg_rebuild_v1/dlpfc/dlpfc/scvi/scry/n2000/seed0/embedding.meta.json	4cf47acbf1f7cd9edbf238b42d5bc5b2	4cf47acbf1f7cd9edbf238b42d5bc5b2	PASS
/home/xd/y/Benchmark/results/spatial_svg_rebuild_v1/dlpfc/dlpfc/graphst/scry/n2000/seed0/embedding.meta.json	cellcharter	/home/xd/y/Benchmark/results/spatial_svg_rebuild_v1/dlpfc/dlpfc/cellcharter/scry/n2000/seed0/embedding.meta.json	4cf47acbf1f7cd9edbf238b42d5bc5b2	4cf47acbf1f7cd9edbf238b42d5bc5b2	PASS
/home/xd/y/Benchmark/results/spatial_svg_rebuild_v1/dlpfc/dlpfc/graphst/scry/n2000/seed2/embedding.meta.json	scvi	/home/xd/y/Benchmark/results/spatial_svg_rebuild_v1/dlpfc/dlpfc/scvi/scry/n2000/seed2/embedding.meta.json	4cf47acbf1f7cd9edbf238b42d5bc5b2	4cf47acbf1f7cd9edbf238b42d5bc5b2	PASS
/home/xd/y/Benchmark/results/spatial_svg_rebuild_v1/dlpfc/dlpfc/graphst/scry/n2000/seed2/embedding.meta.json	cellcharter	/home/xd/y/Benchmark/results/spatial_svg_rebuild_v1/dlpfc/dlpfc/cellcharter/scry/n2000/seed2/embedding.meta.json	4cf47acbf1f7cd9edbf238b42d5bc5b2	4cf47acbf1f7cd9edbf238b42d5bc5b2	PASS
/home/xd/y/Benchmark/results/spatial_svg_rebuild_v1/dlpfc/dlpfc/graphst/scry/n2000/seed1/embedding.meta.json	scvi	/home/xd/y/Benchmark/results/spatial_svg_rebuild_v1/dlpfc/dlpfc/scvi/scry/n2000/seed1/embedding.meta.json	4cf47acbf1f7cd9edbf238b42d5bc5b2	4cf47acbf1f7cd9edbf238b42d5bc5b2	PASS
/home/xd/y/Benchmark/results/spatial_svg_rebuild_v1/dlpfc/dlpfc/graphst/scry/n2000/seed1/embedding.meta.json	cellcharter	/home/xd/y/Benchmark/results/spatial_svg_rebuild_v1/dlpfc/dlpfc/cellcharter/scry/n2000/seed1/embedding.meta.json	4cf47acbf1f7cd9edbf238b42d5bc5b2	4cf47acbf1f7cd9edbf238b42d5bc5b2	PASS
/home/xd/y/Benchmark/results/spatial_svg_rebuild_v1/stomics_0218/stomics0218/graphst/somde/n2000/seed0/embedding.meta.json	scvi	/home/xd/y/Benchmark/results/spatial_svg_rebuild_v1/stomics_0218/stomics0218/scvi/somde/n2000/seed0/embedding.meta.json	0edb63aa7efa3de4ca8fc30bfdab74f2	0edb63aa7efa3de4ca8fc30bfdab74f2	PASS
/home/xd/y/Benchmark/results/spatial_svg_rebuild_v1/stomics_0218/stomics0218/graphst/somde/n2000/seed0/embedding.meta.json	cellcharter	/home/xd/y/Benchmark/results/spatial_svg_rebuild_v1/stomics_0218/stomics0218/cellcharter/somde/n2000/seed0/embedding.meta.json	0edb63aa7efa3de4ca8fc30bfdab74f2	0edb63aa7efa3de4ca8fc30bfdab74f2	PASS
/home/xd/y/Benchmark/results/spatial_svg_rebuild_v1/stomics_0218/stomics0218/graphst/somde/n2000/seed2/embedding.meta.json	scvi	/home/xd/y/Benchmark/results/spatial_svg_rebuild_v1/stomics_0218/stomics0218/scvi/somde/n2000/seed2/embedding.meta.json	0edb63aa7efa3de4ca8fc30bfdab74f2	0edb63aa7efa3de4ca8fc30bfdab74f2	PASS
/home/xd/y/Benchmark/results/spatial_svg_rebuild_v1/stomics_0218/stomics0218/graphst/somde/n2000/seed2/embedding.meta.json	cellcharter	/home/xd/y/Benchmark/results/spatial_svg_rebuild_v1/stomics_0218/stomics0218/cellcharter/somde/n2000/seed2/embedding.meta.json	0edb63aa7efa3de4ca8fc30bfdab74f2	0edb63aa7efa3de4ca8fc30bfdab74f2	PASS
/home/xd/y/Benchmark/results/spatial_svg_rebuild_v1/stomics_0218/stomics0218/graphst/somde/n2000/seed1/embedding.meta.json	scvi	/home/xd/y/Benchmark/results/spatial_svg_rebuild_v1/stomics_0218/stomics0218/scvi/somde/n2000/seed1/embedding.meta.json	0edb63aa7efa3de4ca8fc30bfdab74f2	0edb63aa7efa3de4ca8fc30bfdab74f2	PASS
/home/xd/y/Benchmark/results/spatial_svg_rebuild_v1/stomics_0218/stomics0218/graphst/somde/n2000/seed1/embedding.meta.json	cellcharter	/home/xd/y/Benchmark/results/spatial_svg_rebuild_v1/stomics_0218/stomics0218/cellcharter/somde/n2000/seed1/embedding.meta.json	0edb63aa7efa3de4ca8fc30bfdab74f2	0edb63aa7efa3de4ca8fc30bfdab74f2	PASS
/home/xd/y/Benchmark/results/spatial_svg_rebuild_v1/stomics_0218/stomics0218/graphst/scPNMF/n2000/seed0/embedding.meta.json	scvi	/home/xd/y/Benchmark/results/spatial_svg_rebuild_v1/stomics_0218/stomics0218/scvi/scPNMF/n2000/seed0/embedding.meta.json	81485efc3c7ab3eb189b6335a5a74b79	81485efc3c7ab3eb189b6335a5a74b79	PASS
/home/xd/y/Benchmark/results/spatial_svg_rebuild_v1/stomics_0218/stomics0218/graphst/scPNMF/n2000/seed0/embedding.meta.json	cellcharter	/home/xd/y/Benchmark/results/spatial_svg_rebuild_v1/stomics_0218/stomics0218/cellcharter/scPNMF/n2000/seed0/embedding.meta.json	81485efc3c7ab3eb189b6335a5a74b79	81485efc3c7ab3eb189b6335a5a74b79	PASS
/home/xd/y/Benchmark/results/spatial_svg_rebuild_v1/stomics_0218/stomics0218/graphst/scPNMF/n2000/seed2/embedding.meta.json	scvi	/home/xd/y/Benchmark/results/spatial_svg_rebuild_v1/stomics_0218/stomics0218/scvi/scPNMF/n2000/seed2/embedding.meta.json	07d0545befe77d06b24b12644663cc69	07d0545befe77d06b24b12644663cc69	PASS
/home/xd/y/Benchmark/results/spatial_svg_rebuild_v1/stomics_0218/stomics0218/graphst/scPNMF/n2000/seed2/embedding.meta.json	cellcharter	/home/xd/y/Benchmark/results/spatial_svg_rebuild_v1/stomics_0218/stomics0218/cellcharter/scPNMF/n2000/seed2/embedding.meta.json	07d0545befe77d06b24b12644663cc69	07d0545befe77d06b24b12644663cc69	PASS
/home/xd/y/Benchmark/results/spatial_svg_rebuild_v1/stomics_0218/stomics0218/graphst/scPNMF/n2000/seed1/embedding.meta.json	scvi	/home/xd/y/Benchmark/results/spatial_svg_rebuild_v1/stomics_0218/stomics0218/scvi/scPNMF/n2000/seed1/embedding.meta.json	84dfbdb5ac6a9687f176b291eee33a8c	84dfbdb5ac6a9687f176b291eee33a8c	PASS
/home/xd/y/Benchmark/results/spatial_svg_rebuild_v1/stomics_0218/stomics0218/graphst/scPNMF/n2000/seed1/embedding.meta.json	cellcharter	/home/xd/y/Benchmark/results/spatial_svg_rebuild_v1/stomics_0218/stomics0218/cellcharter/scPNMF/n2000/seed1/embedding.meta.json	84dfbdb5ac6a9687f176b291eee33a8c	84dfbdb5ac6a9687f176b291eee33a8c	PASS
/home/xd/y/Benchmark/results/spatial_svg_rebuild_v1/stomics_0218/stomics0218/graphst/scanpy_seurat_v3/n2000/seed0/embedding.meta.json	scvi	/home/xd/y/Benchmark/results/spatial_svg_rebuild_v1/stomics_0218/stomics0218/scvi/scanpy_seurat_v3/n2000/seed0/embedding.meta.json	7912cdc40e6e81cec2fdbfb49dc12aca	7912cdc40e6e81cec2fdbfb49dc12aca	PASS
/home/xd/y/Benchmark/results/spatial_svg_rebuild_v1/stomics_0218/stomics0218/graphst/scanpy_seurat_v3/n2000/seed0/embedding.meta.json	cellcharter	/home/xd/y/Benchmark/results/spatial_svg_rebuild_v1/stomics_0218/stomics0218/cellcharter/scanpy_seurat_v3/n2000/seed0/embedding.meta.json	7912cdc40e6e81cec2fdbfb49dc12aca	7912cdc40e6e81cec2fdbfb49dc12aca	PASS
/home/xd/y/Benchmark/results/spatial_svg_rebuild_v1/stomics_0218/stomics0218/graphst/scanpy_seurat_v3/n2000/seed2/embedding.meta.json	scvi	/home/xd/y/Benchmark/results/spatial_svg_rebuild_v1/stomics_0218/stomics0218/scvi/scanpy_seurat_v3/n2000/seed2/embedding.meta.json	7912cdc40e6e81cec2fdbfb49dc12aca	7912cdc40e6e81cec2fdbfb49dc12aca	PASS
/home/xd/y/Benchmark/results/spatial_svg_rebuild_v1/stomics_0218/stomics0218/graphst/scanpy_seurat_v3/n2000/seed2/embedding.meta.json	cellcharter	/home/xd/y/Benchmark/results/spatial_svg_rebuild_v1/stomics_0218/stomics0218/cellcharter/scanpy_seurat_v3/n2000/seed2/embedding.meta.json	7912cdc40e6e81cec2fdbfb49dc12aca	7912cdc40e6e81cec2fdbfb49dc12aca	PASS
/home/xd/y/Benchmark/results/spatial_svg_rebuild_v1/stomics_0218/stomics0218/graphst/scanpy_seurat_v3/n2000/seed1/embedding.meta.json	scvi	/home/xd/y/Benchmark/results/spatial_svg_rebuild_v1/stomics_0218/stomics0218/scvi/scanpy_seurat_v3/n2000/seed1/embedding.meta.json	7912cdc40e6e81cec2fdbfb49dc12aca	7912cdc40e6e81cec2fdbfb49dc12aca	PASS
/home/xd/y/Benchmark/results/spatial_svg_rebuild_v1/stomics_0218/stomics0218/graphst/scanpy_seurat_v3/n2000/seed1/embedding.meta.json	cellcharter	/home/xd/y/Benchmark/results/spatial_svg_rebuild_v1/stomics_0218/stomics0218/cellcharter/scanpy_seurat_v3/n2000/seed1/embedding.meta.json	7912cdc40e6e81cec2fdbfb49dc12aca	7912cdc40e6e81cec2fdbfb49dc12aca	PASS
/home/xd/y/Benchmark/results/spatial_svg_rebuild_v1/stomics_0218/stomics0218/graphst/hotspot/n2000/seed0/embedding.meta.json	scvi	/home/xd/y/Benchmark/results/spatial_svg_rebuild_v1/stomics_0218/stomics0218/scvi/hotspot/n2000/seed0/embedding.meta.json	5f85567d3fbd6975c167d99386c00f4d	5f85567d3fbd6975c167d99386c00f4d	PASS
/home/xd/y/Benchmark/results/spatial_svg_rebuild_v1/stomics_0218/stomics0218/graphst/hotspot/n2000/seed0/embedding.meta.json	cellcharter	/home/xd/y/Benchmark/results/spatial_svg_rebuild_v1/stomics_0218/stomics0218/cellcharter/hotspot/n2000/seed0/embedding.meta.json	5f85567d3fbd6975c167d99386c00f4d	5f85567d3fbd6975c167d99386c00f4d	PASS
/home/xd/y/Benchmark/results/spatial_svg_rebuild_v1/stomics_0218/stomics0218/graphst/hotspot/n2000/seed2/embedding.meta.json	scvi	/home/xd/y/Benchmark/results/spatial_svg_rebuild_v1/stomics_0218/stomics0218/scvi/hotspot/n2000/seed2/embedding.meta.json	51d0707b2001d2b45c3c7e2829d23886	51d0707b2001d2b45c3c7e2829d23886	PASS
/home/xd/y/Benchmark/results/spatial_svg_rebuild_v1/stomics_0218/stomics0218/graphst/hotspot/n2000/seed2/embedding.meta.json	cellcharter	/home/xd/y/Benchmark/results/spatial_svg_rebuild_v1/stomics_0218/stomics0218/cellcharter/hotspot/n2000/seed2/embedding.meta.json	51d0707b2001d2b45c3c7e2829d23886	51d0707b2001d2b45c3c7e2829d23886	PASS
/home/xd/y/Benchmark/results/spatial_svg_rebuild_v1/stomics_0218/stomics0218/graphst/hotspot/n2000/seed1/embedding.meta.json	scvi	/home/xd/y/Benchmark/results/spatial_svg_rebuild_v1/stomics_0218/stomics0218/scvi/hotspot/n2000/seed1/embedding.meta.json	0910efc859be5cea7e41c1a80769daad	0910efc859be5cea7e41c1a80769daad	PASS
/home/xd/y/Benchmark/results/spatial_svg_rebuild_v1/stomics_0218/stomics0218/graphst/hotspot/n2000/seed1/embedding.meta.json	cellcharter	/home/xd/y/Benchmark/results/spatial_svg_rebuild_v1/stomics_0218/stomics0218/cellcharter/hotspot/n2000/seed1/embedding.meta.json	0910efc859be5cea7e41c1a80769daad	0910efc859be5cea7e41c1a80769daad	PASS
/home/xd/y/Benchmark/results/spatial_svg_rebuild_v1/stomics_0218/stomics0218/graphst/nnsvg/n2000/seed0/embedding.meta.json	scvi	/home/xd/y/Benchmark/results/spatial_svg_rebuild_v1/stomics_0218/stomics0218/scvi/nnsvg/n2000/seed0/embedding.meta.json	0d14c2edbc4e8e6ce57139cfd973ef2d	0d14c2edbc4e8e6ce57139cfd973ef2d	PASS
/home/xd/y/Benchmark/results/spatial_svg_rebuild_v1/stomics_0218/stomics0218/graphst/nnsvg/n2000/seed0/embedding.meta.json	cellcharter	/home/xd/y/Benchmark/results/spatial_svg_rebuild_v1/stomics_0218/stomics0218/cellcharter/nnsvg/n2000/seed0/embedding.meta.json	0d14c2edbc4e8e6ce57139cfd973ef2d	0d14c2edbc4e8e6ce57139cfd973ef2d	PASS
/home/xd/y/Benchmark/results/spatial_svg_rebuild_v1/stomics_0218/stomics0218/graphst/nnsvg/n2000/seed2/embedding.meta.json	scvi	/home/xd/y/Benchmark/results/spatial_svg_rebuild_v1/stomics_0218/stomics0218/scvi/nnsvg/n2000/seed2/embedding.meta.json	0d14c2edbc4e8e6ce57139cfd973ef2d	0d14c2edbc4e8e6ce57139cfd973ef2d	PASS
/home/xd/y/Benchmark/results/spatial_svg_rebuild_v1/stomics_0218/stomics0218/graphst/nnsvg/n2000/seed2/embedding.meta.json	cellcharter	/home/xd/y/Benchmark/results/spatial_svg_rebuild_v1/stomics_0218/stomics0218/cellcharter/nnsvg/n2000/seed2/embedding.meta.json	0d14c2edbc4e8e6ce57139cfd973ef2d	0d14c2edbc4e8e6ce57139cfd973ef2d	PASS
/home/xd/y/Benchmark/results/spatial_svg_rebuild_v1/stomics_0218/stomics0218/graphst/nnsvg/n2000/seed1/embedding.meta.json	scvi	/home/xd/y/Benchmark/results/spatial_svg_rebuild_v1/stomics_0218/stomics0218/scvi/nnsvg/n2000/seed1/embedding.meta.json	0d14c2edbc4e8e6ce57139cfd973ef2d	0d14c2edbc4e8e6ce57139cfd973ef2d	PASS
/home/xd/y/Benchmark/results/spatial_svg_rebuild_v1/stomics_0218/stomics0218/graphst/nnsvg/n2000/seed1/embedding.meta.json	cellcharter	/home/xd/y/Benchmark/results/spatial_svg_rebuild_v1/stomics_0218/stomics0218/cellcharter/nnsvg/n2000/seed1/embedding.meta.json	0d14c2edbc4e8e6ce57139cfd973ef2d	0d14c2edbc4e8e6ce57139cfd973ef2d	PASS
/home/xd/y/Benchmark/results/spatial_svg_rebuild_v1/stomics_0218/stomics0218/graphst/dubstepr/n2000/seed0/embedding.meta.json	scvi	/home/xd/y/Benchmark/results/spatial_svg_rebuild_v1/stomics_0218/stomics0218/scvi/dubstepr/n2000/seed0/embedding.meta.json	f688def360d438f4f686d753d15b95d4	f688def360d438f4f686d753d15b95d4	PASS
/home/xd/y/Benchmark/results/spatial_svg_rebuild_v1/stomics_0218/stomics0218/graphst/dubstepr/n2000/seed0/embedding.meta.json	cellcharter	/home/xd/y/Benchmark/results/spatial_svg_rebuild_v1/stomics_0218/stomics0218/cellcharter/dubstepr/n2000/seed0/embedding.meta.json	f688def360d438f4f686d753d15b95d4	f688def360d438f4f686d753d15b95d4	PASS
/home/xd/y/Benchmark/results/spatial_svg_rebuild_v1/stomics_0218/stomics0218/graphst/dubstepr/n2000/seed2/embedding.meta.json	scvi	/home/xd/y/Benchmark/results/spatial_svg_rebuild_v1/stomics_0218/stomics0218/scvi/dubstepr/n2000/seed2/embedding.meta.json	eb0847fbaf420b06577adb016e2f7001	eb0847fbaf420b06577adb016e2f7001	PASS
/home/xd/y/Benchmark/results/spatial_svg_rebuild_v1/stomics_0218/stomics0218/graphst/dubstepr/n2000/seed2/embedding.meta.json	cellcharter	/home/xd/y/Benchmark/results/spatial_svg_rebuild_v1/stomics_0218/stomics0218/cellcharter/dubstepr/n2000/seed2/embedding.meta.json	eb0847fbaf420b06577adb016e2f7001	eb0847fbaf420b06577adb016e2f7001	PASS
/home/xd/y/Benchmark/results/spatial_svg_rebuild_v1/stomics_0218/stomics0218/graphst/dubstepr/n2000/seed1/embedding.meta.json	scvi	/home/xd/y/Benchmark/results/spatial_svg_rebuild_v1/stomics_0218/stomics0218/scvi/dubstepr/n2000/seed1/embedding.meta.json	d7a13a8dcfe4e1a3509462e449c5aa36	d7a13a8dcfe4e1a3509462e449c5aa36	PASS
/home/xd/y/Benchmark/results/spatial_svg_rebuild_v1/stomics_0218/stomics0218/graphst/dubstepr/n2000/seed1/embedding.meta.json	cellcharter	/home/xd/y/Benchmark/results/spatial_svg_rebuild_v1/stomics_0218/stomics0218/cellcharter/dubstepr/n2000/seed1/embedding.meta.json	d7a13a8dcfe4e1a3509462e449c5aa36	d7a13a8dcfe4e1a3509462e449c5aa36	PASS
/home/xd/y/Benchmark/results/spatial_svg_rebuild_v1/stomics_0218/stomics0218/graphst/anticor/n2000/seed0/embedding.meta.json	scvi	/home/xd/y/Benchmark/results/spatial_svg_rebuild_v1/stomics_0218/stomics0218/scvi/anticor/n2000/seed0/embedding.meta.json	5429a41ae1d0ff10dd756715b327662f	5429a41ae1d0ff10dd756715b327662f	PASS
/home/xd/y/Benchmark/results/spatial_svg_rebuild_v1/stomics_0218/stomics0218/graphst/anticor/n2000/seed0/embedding.meta.json	cellcharter	/home/xd/y/Benchmark/results/spatial_svg_rebuild_v1/stomics_0218/stomics0218/cellcharter/anticor/n2000/seed0/embedding.meta.json	5429a41ae1d0ff10dd756715b327662f	5429a41ae1d0ff10dd756715b327662f	PASS
/home/xd/y/Benchmark/results/spatial_svg_rebuild_v1/stomics_0218/stomics0218/graphst/anticor/n2000/seed2/embedding.meta.json	scvi	/home/xd/y/Benchmark/results/spatial_svg_rebuild_v1/stomics_0218/stomics0218/scvi/anticor/n2000/seed2/embedding.meta.json	4c0e3888b9a2f604ba6841d19150f3a5	4c0e3888b9a2f604ba6841d19150f3a5	PASS
/home/xd/y/Benchmark/results/spatial_svg_rebuild_v1/stomics_0218/stomics0218/graphst/anticor/n2000/seed2/embedding.meta.json	cellcharter	/home/xd/y/Benchmark/results/spatial_svg_rebuild_v1/stomics_0218/stomics0218/cellcharter/anticor/n2000/seed2/embedding.meta.json	4c0e3888b9a2f604ba6841d19150f3a5	4c0e3888b9a2f604ba6841d19150f3a5	PASS
/home/xd/y/Benchmark/results/spatial_svg_rebuild_v1/stomics_0218/stomics0218/graphst/anticor/n2000/seed1/embedding.meta.json	scvi	/home/xd/y/Benchmark/results/spatial_svg_rebuild_v1/stomics_0218/stomics0218/scvi/anticor/n2000/seed1/embedding.meta.json	1df66567838f6a9c3185f5982b59af1a	1df66567838f6a9c3185f5982b59af1a	PASS
/home/xd/y/Benchmark/results/spatial_svg_rebuild_v1/stomics_0218/stomics0218/graphst/anticor/n2000/seed1/embedding.meta.json	cellcharter	/home/xd/y/Benchmark/results/spatial_svg_rebuild_v1/stomics_0218/stomics0218/cellcharter/anticor/n2000/seed1/embedding.meta.json	1df66567838f6a9c3185f5982b59af1a	1df66567838f6a9c3185f5982b59af1a	PASS
/home/xd/y/Benchmark/results/spatial_svg_rebuild_v1/stomics_0218/stomics0218/graphst/triku/n2000/seed0/embedding.meta.json	scvi	/home/xd/y/Benchmark/results/spatial_svg_rebuild_v1/stomics_0218/stomics0218/scvi/triku/n2000/seed0/embedding.meta.json	b136fcfe8de3b876324e7dd67f9d7765	b136fcfe8de3b876324e7dd67f9d7765	PASS
/home/xd/y/Benchmark/results/spatial_svg_rebuild_v1/stomics_0218/stomics0218/graphst/triku/n2000/seed0/embedding.meta.json	cellcharter	/home/xd/y/Benchmark/results/spatial_svg_rebuild_v1/stomics_0218/stomics0218/cellcharter/triku/n2000/seed0/embedding.meta.json	b136fcfe8de3b876324e7dd67f9d7765	b136fcfe8de3b876324e7dd67f9d7765	PASS
/home/xd/y/Benchmark/results/spatial_svg_rebuild_v1/stomics_0218/stomics0218/graphst/triku/n2000/seed2/embedding.meta.json	scvi	/home/xd/y/Benchmark/results/spatial_svg_rebuild_v1/stomics_0218/stomics0218/scvi/triku/n2000/seed2/embedding.meta.json	ba64e7d3ca5aab5cafd0e5c12c690924	ba64e7d3ca5aab5cafd0e5c12c690924	PASS
/home/xd/y/Benchmark/results/spatial_svg_rebuild_v1/stomics_0218/stomics0218/graphst/triku/n2000/seed2/embedding.meta.json	cellcharter	/home/xd/y/Benchmark/results/spatial_svg_rebuild_v1/stomics_0218/stomics0218/cellcharter/triku/n2000/seed2/embedding.meta.json	ba64e7d3ca5aab5cafd0e5c12c690924	ba64e7d3ca5aab5cafd0e5c12c690924	PASS
/home/xd/y/Benchmark/results/spatial_svg_rebuild_v1/stomics_0218/stomics0218/graphst/triku/n2000/seed1/embedding.meta.json	scvi	/home/xd/y/Benchmark/results/spatial_svg_rebuild_v1/stomics_0218/stomics0218/scvi/triku/n2000/seed1/embedding.meta.json	e95d9722e207023ea2640bb331b0ff80	e95d9722e207023ea2640bb331b0ff80	PASS
/home/xd/y/Benchmark/results/spatial_svg_rebuild_v1/stomics_0218/stomics0218/graphst/triku/n2000/seed1/embedding.meta.json	cellcharter	/home/xd/y/Benchmark/results/spatial_svg_rebuild_v1/stomics_0218/stomics0218/cellcharter/triku/n2000/seed1/embedding.meta.json	e95d9722e207023ea2640bb331b0ff80	e95d9722e207023ea2640bb331b0ff80	PASS
/home/xd/y/Benchmark/results/spatial_svg_rebuild_v1/stomics_0218/stomics0218/graphst/scanpy_pearson/n2000/seed0/embedding.meta.json	scvi	/home/xd/y/Benchmark/results/spatial_svg_rebuild_v1/stomics_0218/stomics0218/scvi/scanpy_pearson/n2000/seed0/embedding.meta.json	a7b5c3f4b55ceaf7456f2bd85698fc93	a7b5c3f4b55ceaf7456f2bd85698fc93	PASS
/home/xd/y/Benchmark/results/spatial_svg_rebuild_v1/stomics_0218/stomics0218/graphst/scanpy_pearson/n2000/seed0/embedding.meta.json	cellcharter	/home/xd/y/Benchmark/results/spatial_svg_rebuild_v1/stomics_0218/stomics0218/cellcharter/scanpy_pearson/n2000/seed0/embedding.meta.json	a7b5c3f4b55ceaf7456f2bd85698fc93	a7b5c3f4b55ceaf7456f2bd85698fc93	PASS
/home/xd/y/Benchmark/results/spatial_svg_rebuild_v1/stomics_0218/stomics0218/graphst/scanpy_pearson/n2000/seed2/embedding.meta.json	scvi	/home/xd/y/Benchmark/results/spatial_svg_rebuild_v1/stomics_0218/stomics0218/scvi/scanpy_pearson/n2000/seed2/embedding.meta.json	a7b5c3f4b55ceaf7456f2bd85698fc93	a7b5c3f4b55ceaf7456f2bd85698fc93	PASS
/home/xd/y/Benchmark/results/spatial_svg_rebuild_v1/stomics_0218/stomics0218/graphst/scanpy_pearson/n2000/seed2/embedding.meta.json	cellcharter	/home/xd/y/Benchmark/results/spatial_svg_rebuild_v1/stomics_0218/stomics0218/cellcharter/scanpy_pearson/n2000/seed2/embedding.meta.json	a7b5c3f4b55ceaf7456f2bd85698fc93	a7b5c3f4b55ceaf7456f2bd85698fc93	PASS
/home/xd/y/Benchmark/results/spatial_svg_rebuild_v1/stomics_0218/stomics0218/graphst/scanpy_pearson/n2000/seed1/embedding.meta.json	scvi	/home/xd/y/Benchmark/results/spatial_svg_rebuild_v1/stomics_0218/stomics0218/scvi/scanpy_pearson/n2000/seed1/embedding.meta.json	a7b5c3f4b55ceaf7456f2bd85698fc93	a7b5c3f4b55ceaf7456f2bd85698fc93	PASS
/home/xd/y/Benchmark/results/spatial_svg_rebuild_v1/stomics_0218/stomics0218/graphst/scanpy_pearson/n2000/seed1/embedding.meta.json	cellcharter	/home/xd/y/Benchmark/results/spatial_svg_rebuild_v1/stomics_0218/stomics0218/cellcharter/scanpy_pearson/n2000/seed1/embedding.meta.json	a7b5c3f4b55ceaf7456f2bd85698fc93	a7b5c3f4b55ceaf7456f2bd85698fc93	PASS
/home/xd/y/Benchmark/results/spatial_svg_rebuild_v1/stomics_0218/stomics0218/graphst/seurat_sct/n2000/seed0/embedding.meta.json	scvi	/home/xd/y/Benchmark/results/spatial_svg_rebuild_v1/stomics_0218/stomics0218/scvi/seurat_sct/n2000/seed0/embedding.meta.json	02ad974ca9a3855d3dd2fe3b080f2a47	02ad974ca9a3855d3dd2fe3b080f2a47	PASS
/home/xd/y/Benchmark/results/spatial_svg_rebuild_v1/stomics_0218/stomics0218/graphst/seurat_sct/n2000/seed0/embedding.meta.json	cellcharter	/home/xd/y/Benchmark/results/spatial_svg_rebuild_v1/stomics_0218/stomics0218/cellcharter/seurat_sct/n2000/seed0/embedding.meta.json	02ad974ca9a3855d3dd2fe3b080f2a47	02ad974ca9a3855d3dd2fe3b080f2a47	PASS
/home/xd/y/Benchmark/results/spatial_svg_rebuild_v1/stomics_0218/stomics0218/graphst/seurat_sct/n2000/seed2/embedding.meta.json	scvi	/home/xd/y/Benchmark/results/spatial_svg_rebuild_v1/stomics_0218/stomics0218/scvi/seurat_sct/n2000/seed2/embedding.meta.json	c749ee2253740c391a63bb03fdd9a3e9	c749ee2253740c391a63bb03fdd9a3e9	PASS
/home/xd/y/Benchmark/results/spatial_svg_rebuild_v1/stomics_0218/stomics0218/graphst/seurat_sct/n2000/seed2/embedding.meta.json	cellcharter	/home/xd/y/Benchmark/results/spatial_svg_rebuild_v1/stomics_0218/stomics0218/cellcharter/seurat_sct/n2000/seed2/embedding.meta.json	c749ee2253740c391a63bb03fdd9a3e9	c749ee2253740c391a63bb03fdd9a3e9	PASS
/home/xd/y/Benchmark/results/spatial_svg_rebuild_v1/stomics_0218/stomics0218/graphst/seurat_sct/n2000/seed1/embedding.meta.json	scvi	/home/xd/y/Benchmark/results/spatial_svg_rebuild_v1/stomics_0218/stomics0218/scvi/seurat_sct/n2000/seed1/embedding.meta.json	7dafa5aaa75bb994394d174d6fbf13fc	7dafa5aaa75bb994394d174d6fbf13fc	PASS
/home/xd/y/Benchmark/results/spatial_svg_rebuild_v1/stomics_0218/stomics0218/graphst/seurat_sct/n2000/seed1/embedding.meta.json	cellcharter	/home/xd/y/Benchmark/results/spatial_svg_rebuild_v1/stomics_0218/stomics0218/cellcharter/seurat_sct/n2000/seed1/embedding.meta.json	7dafa5aaa75bb994394d174d6fbf13fc	7dafa5aaa75bb994394d174d6fbf13fc	PASS
/home/xd/y/Benchmark/results/spatial_svg_rebuild_v1/stomics_0218/stomics0218/graphst/scanpy_cell_ranger/n2000/seed0/embedding.meta.json	scvi	/home/xd/y/Benchmark/results/spatial_svg_rebuild_v1/stomics_0218/stomics0218/scvi/scanpy_cell_ranger/n2000/seed0/embedding.meta.json	14e2dda4efd3e21ba5086848f799f5d2	14e2dda4efd3e21ba5086848f799f5d2	PASS
/home/xd/y/Benchmark/results/spatial_svg_rebuild_v1/stomics_0218/stomics0218/graphst/scanpy_cell_ranger/n2000/seed0/embedding.meta.json	cellcharter	/home/xd/y/Benchmark/results/spatial_svg_rebuild_v1/stomics_0218/stomics0218/cellcharter/scanpy_cell_ranger/n2000/seed0/embedding.meta.json	14e2dda4efd3e21ba5086848f799f5d2	14e2dda4efd3e21ba5086848f799f5d2	PASS
/home/xd/y/Benchmark/results/spatial_svg_rebuild_v1/stomics_0218/stomics0218/graphst/scanpy_cell_ranger/n2000/seed2/embedding.meta.json	scvi	/home/xd/y/Benchmark/results/spatial_svg_rebuild_v1/stomics_0218/stomics0218/scvi/scanpy_cell_ranger/n2000/seed2/embedding.meta.json	14e2dda4efd3e21ba5086848f799f5d2	14e2dda4efd3e21ba5086848f799f5d2	PASS
/home/xd/y/Benchmark/results/spatial_svg_rebuild_v1/stomics_0218/stomics0218/graphst/scanpy_cell_ranger/n2000/seed2/embedding.meta.json	cellcharter	/home/xd/y/Benchmark/results/spatial_svg_rebuild_v1/stomics_0218/stomics0218/cellcharter/scanpy_cell_ranger/n2000/seed2/embedding.meta.json	14e2dda4efd3e21ba5086848f799f5d2	14e2dda4efd3e21ba5086848f799f5d2	PASS
/home/xd/y/Benchmark/results/spatial_svg_rebuild_v1/stomics_0218/stomics0218/graphst/scanpy_cell_ranger/n2000/seed1/embedding.meta.json	scvi	/home/xd/y/Benchmark/results/spatial_svg_rebuild_v1/stomics_0218/stomics0218/scvi/scanpy_cell_ranger/n2000/seed1/embedding.meta.json	14e2dda4efd3e21ba5086848f799f5d2	14e2dda4efd3e21ba5086848f799f5d2	PASS
/home/xd/y/Benchmark/results/spatial_svg_rebuild_v1/stomics_0218/stomics0218/graphst/scanpy_cell_ranger/n2000/seed1/embedding.meta.json	cellcharter	/home/xd/y/Benchmark/results/spatial_svg_rebuild_v1/stomics_0218/stomics0218/cellcharter/scanpy_cell_ranger/n2000/seed1/embedding.meta.json	14e2dda4efd3e21ba5086848f799f5d2	14e2dda4efd3e21ba5086848f799f5d2	PASS
/home/xd/y/Benchmark/results/spatial_svg_rebuild_v1/stomics_0218/stomics0218/graphst/scanpy_pearson_batch/n2000/seed0/embedding.meta.json	scvi	/home/xd/y/Benchmark/results/spatial_svg_rebuild_v1/stomics_0218/stomics0218/scvi/scanpy_pearson_batch/n2000/seed0/embedding.meta.json	3563db94699a4e18448313d10769d8dc	3563db94699a4e18448313d10769d8dc	PASS
/home/xd/y/Benchmark/results/spatial_svg_rebuild_v1/stomics_0218/stomics0218/graphst/scanpy_pearson_batch/n2000/seed0/embedding.meta.json	cellcharter	/home/xd/y/Benchmark/results/spatial_svg_rebuild_v1/stomics_0218/stomics0218/cellcharter/scanpy_pearson_batch/n2000/seed0/embedding.meta.json	3563db94699a4e18448313d10769d8dc	3563db94699a4e18448313d10769d8dc	PASS
/home/xd/y/Benchmark/results/spatial_svg_rebuild_v1/stomics_0218/stomics0218/graphst/scanpy_pearson_batch/n2000/seed2/embedding.meta.json	scvi	/home/xd/y/Benchmark/results/spatial_svg_rebuild_v1/stomics_0218/stomics0218/scvi/scanpy_pearson_batch/n2000/seed2/embedding.meta.json	3563db94699a4e18448313d10769d8dc	3563db94699a4e18448313d10769d8dc	PASS
/home/xd/y/Benchmark/results/spatial_svg_rebuild_v1/stomics_0218/stomics0218/graphst/scanpy_pearson_batch/n2000/seed2/embedding.meta.json	cellcharter	/home/xd/y/Benchmark/results/spatial_svg_rebuild_v1/stomics_0218/stomics0218/cellcharter/scanpy_pearson_batch/n2000/seed2/embedding.meta.json	3563db94699a4e18448313d10769d8dc	3563db94699a4e18448313d10769d8dc	PASS
/home/xd/y/Benchmark/results/spatial_svg_rebuild_v1/stomics_0218/stomics0218/graphst/scanpy_pearson_batch/n2000/seed1/embedding.meta.json	scvi	/home/xd/y/Benchmark/results/spatial_svg_rebuild_v1/stomics_0218/stomics0218/scvi/scanpy_pearson_batch/n2000/seed1/embedding.meta.json	3563db94699a4e18448313d10769d8dc	3563db94699a4e18448313d10769d8dc	PASS
/home/xd/y/Benchmark/results/spatial_svg_rebuild_v1/stomics_0218/stomics0218/graphst/scanpy_pearson_batch/n2000/seed1/embedding.meta.json	cellcharter	/home/xd/y/Benchmark/results/spatial_svg_rebuild_v1/stomics_0218/stomics0218/cellcharter/scanpy_pearson_batch/n2000/seed1/embedding.meta.json	3563db94699a4e18448313d10769d8dc	3563db94699a4e18448313d10769d8dc	PASS
/home/xd/y/Benchmark/results/spatial_svg_rebuild_v1/stomics_0218/stomics0218/graphst/singleCellHaystack/n2000/seed0/embedding.meta.json	scvi	/home/xd/y/Benchmark/results/spatial_svg_rebuild_v1/stomics_0218/stomics0218/scvi/singleCellHaystack/n2000/seed0/embedding.meta.json	6a2ea35e07fe16819c50e493b5898600	6a2ea35e07fe16819c50e493b5898600	PASS
/home/xd/y/Benchmark/results/spatial_svg_rebuild_v1/stomics_0218/stomics0218/graphst/singleCellHaystack/n2000/seed0/embedding.meta.json	cellcharter	/home/xd/y/Benchmark/results/spatial_svg_rebuild_v1/stomics_0218/stomics0218/cellcharter/singleCellHaystack/n2000/seed0/embedding.meta.json	6a2ea35e07fe16819c50e493b5898600	6a2ea35e07fe16819c50e493b5898600	PASS
/home/xd/y/Benchmark/results/spatial_svg_rebuild_v1/stomics_0218/stomics0218/graphst/singleCellHaystack/n2000/seed2/embedding.meta.json	scvi	/home/xd/y/Benchmark/results/spatial_svg_rebuild_v1/stomics_0218/stomics0218/scvi/singleCellHaystack/n2000/seed2/embedding.meta.json	db750122a05171c4743839d096c48973	db750122a05171c4743839d096c48973	PASS
/home/xd/y/Benchmark/results/spatial_svg_rebuild_v1/stomics_0218/stomics0218/graphst/singleCellHaystack/n2000/seed2/embedding.meta.json	cellcharter	/home/xd/y/Benchmark/results/spatial_svg_rebuild_v1/stomics_0218/stomics0218/cellcharter/singleCellHaystack/n2000/seed2/embedding.meta.json	db750122a05171c4743839d096c48973	db750122a05171c4743839d096c48973	PASS
/home/xd/y/Benchmark/results/spatial_svg_rebuild_v1/stomics_0218/stomics0218/graphst/singleCellHaystack/n2000/seed1/embedding.meta.json	scvi	/home/xd/y/Benchmark/results/spatial_svg_rebuild_v1/stomics_0218/stomics0218/scvi/singleCellHaystack/n2000/seed1/embedding.meta.json	6fd7f64b69efb3bfc027dccd610cff4a	6fd7f64b69efb3bfc027dccd610cff4a	PASS
/home/xd/y/Benchmark/results/spatial_svg_rebuild_v1/stomics_0218/stomics0218/graphst/singleCellHaystack/n2000/seed1/embedding.meta.json	cellcharter	/home/xd/y/Benchmark/results/spatial_svg_rebuild_v1/stomics_0218/stomics0218/cellcharter/singleCellHaystack/n2000/seed1/embedding.meta.json	6fd7f64b69efb3bfc027dccd610cff4a	6fd7f64b69efb3bfc027dccd610cff4a	PASS
/home/xd/y/Benchmark/results/spatial_svg_rebuild_v1/stomics_0218/stomics0218/graphst/statistic_mean/n2000/seed0/embedding.meta.json	scvi	/home/xd/y/Benchmark/results/spatial_svg_rebuild_v1/stomics_0218/stomics0218/scvi/statistic_mean/n2000/seed0/embedding.meta.json	993dc5e46ad5938803da108a96f4dd8e	993dc5e46ad5938803da108a96f4dd8e	PASS
/home/xd/y/Benchmark/results/spatial_svg_rebuild_v1/stomics_0218/stomics0218/graphst/statistic_mean/n2000/seed0/embedding.meta.json	cellcharter	/home/xd/y/Benchmark/results/spatial_svg_rebuild_v1/stomics_0218/stomics0218/cellcharter/statistic_mean/n2000/seed0/embedding.meta.json	993dc5e46ad5938803da108a96f4dd8e	993dc5e46ad5938803da108a96f4dd8e	PASS
/home/xd/y/Benchmark/results/spatial_svg_rebuild_v1/stomics_0218/stomics0218/graphst/statistic_mean/n2000/seed2/embedding.meta.json	scvi	/home/xd/y/Benchmark/results/spatial_svg_rebuild_v1/stomics_0218/stomics0218/scvi/statistic_mean/n2000/seed2/embedding.meta.json	993dc5e46ad5938803da108a96f4dd8e	993dc5e46ad5938803da108a96f4dd8e	PASS
/home/xd/y/Benchmark/results/spatial_svg_rebuild_v1/stomics_0218/stomics0218/graphst/statistic_mean/n2000/seed2/embedding.meta.json	cellcharter	/home/xd/y/Benchmark/results/spatial_svg_rebuild_v1/stomics_0218/stomics0218/cellcharter/statistic_mean/n2000/seed2/embedding.meta.json	993dc5e46ad5938803da108a96f4dd8e	993dc5e46ad5938803da108a96f4dd8e	PASS
/home/xd/y/Benchmark/results/spatial_svg_rebuild_v1/stomics_0218/stomics0218/graphst/statistic_mean/n2000/seed1/embedding.meta.json	scvi	/home/xd/y/Benchmark/results/spatial_svg_rebuild_v1/stomics_0218/stomics0218/scvi/statistic_mean/n2000/seed1/embedding.meta.json	993dc5e46ad5938803da108a96f4dd8e	993dc5e46ad5938803da108a96f4dd8e	PASS
/home/xd/y/Benchmark/results/spatial_svg_rebuild_v1/stomics_0218/stomics0218/graphst/statistic_mean/n2000/seed1/embedding.meta.json	cellcharter	/home/xd/y/Benchmark/results/spatial_svg_rebuild_v1/stomics_0218/stomics0218/cellcharter/statistic_mean/n2000/seed1/embedding.meta.json	993dc5e46ad5938803da108a96f4dd8e	993dc5e46ad5938803da108a96f4dd8e	PASS
/home/xd/y/Benchmark/results/spatial_svg_rebuild_v1/stomics_0218/stomics0218/graphst/sparkx/n2000/seed0/embedding.meta.json	scvi	/home/xd/y/Benchmark/results/spatial_svg_rebuild_v1/stomics_0218/stomics0218/scvi/sparkx/n2000/seed0/embedding.meta.json	4531f3306593bb3cd69f2591d31f0aa2	4531f3306593bb3cd69f2591d31f0aa2	PASS
/home/xd/y/Benchmark/results/spatial_svg_rebuild_v1/stomics_0218/stomics0218/graphst/sparkx/n2000/seed0/embedding.meta.json	cellcharter	/home/xd/y/Benchmark/results/spatial_svg_rebuild_v1/stomics_0218/stomics0218/cellcharter/sparkx/n2000/seed0/embedding.meta.json	4531f3306593bb3cd69f2591d31f0aa2	4531f3306593bb3cd69f2591d31f0aa2	PASS
/home/xd/y/Benchmark/results/spatial_svg_rebuild_v1/stomics_0218/stomics0218/graphst/sparkx/n2000/seed2/embedding.meta.json	scvi	/home/xd/y/Benchmark/results/spatial_svg_rebuild_v1/stomics_0218/stomics0218/scvi/sparkx/n2000/seed2/embedding.meta.json	4531f3306593bb3cd69f2591d31f0aa2	4531f3306593bb3cd69f2591d31f0aa2	PASS
/home/xd/y/Benchmark/results/spatial_svg_rebuild_v1/stomics_0218/stomics0218/graphst/sparkx/n2000/seed2/embedding.meta.json	cellcharter	/home/xd/y/Benchmark/results/spatial_svg_rebuild_v1/stomics_0218/stomics0218/cellcharter/sparkx/n2000/seed2/embedding.meta.json	4531f3306593bb3cd69f2591d31f0aa2	4531f3306593bb3cd69f2591d31f0aa2	PASS
/home/xd/y/Benchmark/results/spatial_svg_rebuild_v1/stomics_0218/stomics0218/graphst/sparkx/n2000/seed1/embedding.meta.json	scvi	/home/xd/y/Benchmark/results/spatial_svg_rebuild_v1/stomics_0218/stomics0218/scvi/sparkx/n2000/seed1/embedding.meta.json	4531f3306593bb3cd69f2591d31f0aa2	4531f3306593bb3cd69f2591d31f0aa2	PASS
/home/xd/y/Benchmark/results/spatial_svg_rebuild_v1/stomics_0218/stomics0218/graphst/sparkx/n2000/seed1/embedding.meta.json	cellcharter	/home/xd/y/Benchmark/results/spatial_svg_rebuild_v1/stomics_0218/stomics0218/cellcharter/sparkx/n2000/seed1/embedding.meta.json	4531f3306593bb3cd69f2591d31f0aa2	4531f3306593bb3cd69f2591d31f0aa2	PASS
/home/xd/y/Benchmark/results/spatial_svg_rebuild_v1/stomics_0218/stomics0218/graphst/morans_i/n2000/seed0/embedding.meta.json	scvi	/home/xd/y/Benchmark/results/spatial_svg_rebuild_v1/stomics_0218/stomics0218/scvi/morans_i/n2000/seed0/embedding.meta.json	684e42646e341419123a01612b12fe33	684e42646e341419123a01612b12fe33	PASS
/home/xd/y/Benchmark/results/spatial_svg_rebuild_v1/stomics_0218/stomics0218/graphst/morans_i/n2000/seed0/embedding.meta.json	cellcharter	/home/xd/y/Benchmark/results/spatial_svg_rebuild_v1/stomics_0218/stomics0218/cellcharter/morans_i/n2000/seed0/embedding.meta.json	684e42646e341419123a01612b12fe33	684e42646e341419123a01612b12fe33	PASS
/home/xd/y/Benchmark/results/spatial_svg_rebuild_v1/stomics_0218/stomics0218/graphst/morans_i/n2000/seed2/embedding.meta.json	scvi	/home/xd/y/Benchmark/results/spatial_svg_rebuild_v1/stomics_0218/stomics0218/scvi/morans_i/n2000/seed2/embedding.meta.json	684e42646e341419123a01612b12fe33	684e42646e341419123a01612b12fe33	PASS
/home/xd/y/Benchmark/results/spatial_svg_rebuild_v1/stomics_0218/stomics0218/graphst/morans_i/n2000/seed2/embedding.meta.json	cellcharter	/home/xd/y/Benchmark/results/spatial_svg_rebuild_v1/stomics_0218/stomics0218/cellcharter/morans_i/n2000/seed2/embedding.meta.json	684e42646e341419123a01612b12fe33	684e42646e341419123a01612b12fe33	PASS
/home/xd/y/Benchmark/results/spatial_svg_rebuild_v1/stomics_0218/stomics0218/graphst/morans_i/n2000/seed1/embedding.meta.json	scvi	/home/xd/y/Benchmark/results/spatial_svg_rebuild_v1/stomics_0218/stomics0218/scvi/morans_i/n2000/seed1/embedding.meta.json	684e42646e341419123a01612b12fe33	684e42646e341419123a01612b12fe33	PASS
/home/xd/y/Benchmark/results/spatial_svg_rebuild_v1/stomics_0218/stomics0218/graphst/morans_i/n2000/seed1/embedding.meta.json	cellcharter	/home/xd/y/Benchmark/results/spatial_svg_rebuild_v1/stomics_0218/stomics0218/cellcharter/morans_i/n2000/seed1/embedding.meta.json	684e42646e341419123a01612b12fe33	684e42646e341419123a01612b12fe33	PASS
/home/xd/y/Benchmark/results/spatial_svg_rebuild_v1/stomics_0218/stomics0218/graphst/seurat_mvp/n2000/seed0/embedding.meta.json	scvi	/home/xd/y/Benchmark/results/spatial_svg_rebuild_v1/stomics_0218/stomics0218/scvi/seurat_mvp/n2000/seed0/embedding.meta.json	b1e7d4ab8f6acf4f137de1e3d5a9d04b	b1e7d4ab8f6acf4f137de1e3d5a9d04b	PASS
/home/xd/y/Benchmark/results/spatial_svg_rebuild_v1/stomics_0218/stomics0218/graphst/seurat_mvp/n2000/seed0/embedding.meta.json	cellcharter	/home/xd/y/Benchmark/results/spatial_svg_rebuild_v1/stomics_0218/stomics0218/cellcharter/seurat_mvp/n2000/seed0/embedding.meta.json	b1e7d4ab8f6acf4f137de1e3d5a9d04b	b1e7d4ab8f6acf4f137de1e3d5a9d04b	PASS
/home/xd/y/Benchmark/results/spatial_svg_rebuild_v1/stomics_0218/stomics0218/graphst/seurat_mvp/n2000/seed2/embedding.meta.json	scvi	/home/xd/y/Benchmark/results/spatial_svg_rebuild_v1/stomics_0218/stomics0218/scvi/seurat_mvp/n2000/seed2/embedding.meta.json	b1e7d4ab8f6acf4f137de1e3d5a9d04b	b1e7d4ab8f6acf4f137de1e3d5a9d04b	PASS
/home/xd/y/Benchmark/results/spatial_svg_rebuild_v1/stomics_0218/stomics0218/graphst/seurat_mvp/n2000/seed2/embedding.meta.json	cellcharter	/home/xd/y/Benchmark/results/spatial_svg_rebuild_v1/stomics_0218/stomics0218/cellcharter/seurat_mvp/n2000/seed2/embedding.meta.json	b1e7d4ab8f6acf4f137de1e3d5a9d04b	b1e7d4ab8f6acf4f137de1e3d5a9d04b	PASS
/home/xd/y/Benchmark/results/spatial_svg_rebuild_v1/stomics_0218/stomics0218/graphst/seurat_mvp/n2000/seed1/embedding.meta.json	scvi	/home/xd/y/Benchmark/results/spatial_svg_rebuild_v1/stomics_0218/stomics0218/scvi/seurat_mvp/n2000/seed1/embedding.meta.json	b1e7d4ab8f6acf4f137de1e3d5a9d04b	b1e7d4ab8f6acf4f137de1e3d5a9d04b	PASS
/home/xd/y/Benchmark/results/spatial_svg_rebuild_v1/stomics_0218/stomics0218/graphst/seurat_mvp/n2000/seed1/embedding.meta.json	cellcharter	/home/xd/y/Benchmark/results/spatial_svg_rebuild_v1/stomics_0218/stomics0218/cellcharter/seurat_mvp/n2000/seed1/embedding.meta.json	b1e7d4ab8f6acf4f137de1e3d5a9d04b	b1e7d4ab8f6acf4f137de1e3d5a9d04b	PASS
/home/xd/y/Benchmark/results/spatial_svg_rebuild_v1/stomics_0218/stomics0218/graphst/osca/n2000/seed0/embedding.meta.json	scvi	/home/xd/y/Benchmark/results/spatial_svg_rebuild_v1/stomics_0218/stomics0218/scvi/osca/n2000/seed0/embedding.meta.json	b00e07e065d82b08a9ee3c5aa16bbf28	b00e07e065d82b08a9ee3c5aa16bbf28	PASS
/home/xd/y/Benchmark/results/spatial_svg_rebuild_v1/stomics_0218/stomics0218/graphst/osca/n2000/seed0/embedding.meta.json	cellcharter	/home/xd/y/Benchmark/results/spatial_svg_rebuild_v1/stomics_0218/stomics0218/cellcharter/osca/n2000/seed0/embedding.meta.json	b00e07e065d82b08a9ee3c5aa16bbf28	b00e07e065d82b08a9ee3c5aa16bbf28	PASS
/home/xd/y/Benchmark/results/spatial_svg_rebuild_v1/stomics_0218/stomics0218/graphst/osca/n2000/seed2/embedding.meta.json	scvi	/home/xd/y/Benchmark/results/spatial_svg_rebuild_v1/stomics_0218/stomics0218/scvi/osca/n2000/seed2/embedding.meta.json	b00e07e065d82b08a9ee3c5aa16bbf28	b00e07e065d82b08a9ee3c5aa16bbf28	PASS
/home/xd/y/Benchmark/results/spatial_svg_rebuild_v1/stomics_0218/stomics0218/graphst/osca/n2000/seed2/embedding.meta.json	cellcharter	/home/xd/y/Benchmark/results/spatial_svg_rebuild_v1/stomics_0218/stomics0218/cellcharter/osca/n2000/seed2/embedding.meta.json	b00e07e065d82b08a9ee3c5aa16bbf28	b00e07e065d82b08a9ee3c5aa16bbf28	PASS
/home/xd/y/Benchmark/results/spatial_svg_rebuild_v1/stomics_0218/stomics0218/graphst/osca/n2000/seed1/embedding.meta.json	scvi	/home/xd/y/Benchmark/results/spatial_svg_rebuild_v1/stomics_0218/stomics0218/scvi/osca/n2000/seed1/embedding.meta.json	b00e07e065d82b08a9ee3c5aa16bbf28	b00e07e065d82b08a9ee3c5aa16bbf28	PASS
/home/xd/y/Benchmark/results/spatial_svg_rebuild_v1/stomics_0218/stomics0218/graphst/osca/n2000/seed1/embedding.meta.json	cellcharter	/home/xd/y/Benchmark/results/spatial_svg_rebuild_v1/stomics_0218/stomics0218/cellcharter/osca/n2000/seed1/embedding.meta.json	b00e07e065d82b08a9ee3c5aa16bbf28	b00e07e065d82b08a9ee3c5aa16bbf28	PASS
/home/xd/y/Benchmark/results/spatial_svg_rebuild_v1/stomics_0218/stomics0218/graphst/scanpy_seurat_v3_batch/n2000/seed0/embedding.meta.json	scvi	/home/xd/y/Benchmark/results/spatial_svg_rebuild_v1/stomics_0218/stomics0218/scvi/scanpy_seurat_v3_batch/n2000/seed0/embedding.meta.json	a7b0c722d119d3d1b7dc2c611a67f29a	a7b0c722d119d3d1b7dc2c611a67f29a	PASS
/home/xd/y/Benchmark/results/spatial_svg_rebuild_v1/stomics_0218/stomics0218/graphst/scanpy_seurat_v3_batch/n2000/seed0/embedding.meta.json	cellcharter	/home/xd/y/Benchmark/results/spatial_svg_rebuild_v1/stomics_0218/stomics0218/cellcharter/scanpy_seurat_v3_batch/n2000/seed0/embedding.meta.json	a7b0c722d119d3d1b7dc2c611a67f29a	a7b0c722d119d3d1b7dc2c611a67f29a	PASS
/home/xd/y/Benchmark/results/spatial_svg_rebuild_v1/stomics_0218/stomics0218/graphst/scanpy_seurat_v3_batch/n2000/seed2/embedding.meta.json	scvi	/home/xd/y/Benchmark/results/spatial_svg_rebuild_v1/stomics_0218/stomics0218/scvi/scanpy_seurat_v3_batch/n2000/seed2/embedding.meta.json	a7b0c722d119d3d1b7dc2c611a67f29a	a7b0c722d119d3d1b7dc2c611a67f29a	PASS
/home/xd/y/Benchmark/results/spatial_svg_rebuild_v1/stomics_0218/stomics0218/graphst/scanpy_seurat_v3_batch/n2000/seed2/embedding.meta.json	cellcharter	/home/xd/y/Benchmark/results/spatial_svg_rebuild_v1/stomics_0218/stomics0218/cellcharter/scanpy_seurat_v3_batch/n2000/seed2/embedding.meta.json	a7b0c722d119d3d1b7dc2c611a67f29a	a7b0c722d119d3d1b7dc2c611a67f29a	PASS
/home/xd/y/Benchmark/results/spatial_svg_rebuild_v1/stomics_0218/stomics0218/graphst/scanpy_seurat_v3_batch/n2000/seed1/embedding.meta.json	scvi	/home/xd/y/Benchmark/results/spatial_svg_rebuild_v1/stomics_0218/stomics0218/scvi/scanpy_seurat_v3_batch/n2000/seed1/embedding.meta.json	a7b0c722d119d3d1b7dc2c611a67f29a	a7b0c722d119d3d1b7dc2c611a67f29a	PASS
/home/xd/y/Benchmark/results/spatial_svg_rebuild_v1/stomics_0218/stomics0218/graphst/scanpy_seurat_v3_batch/n2000/seed1/embedding.meta.json	cellcharter	/home/xd/y/Benchmark/results/spatial_svg_rebuild_v1/stomics_0218/stomics0218/cellcharter/scanpy_seurat_v3_batch/n2000/seed1/embedding.meta.json	a7b0c722d119d3d1b7dc2c611a67f29a	a7b0c722d119d3d1b7dc2c611a67f29a	PASS
/home/xd/y/Benchmark/results/spatial_svg_rebuild_v1/stomics_0218/stomics0218/graphst/statistic_variance/n2000/seed0/embedding.meta.json	scvi	/home/xd/y/Benchmark/results/spatial_svg_rebuild_v1/stomics_0218/stomics0218/scvi/statistic_variance/n2000/seed0/embedding.meta.json	3b8c22253a85ca1877312f8d60fa84d6	3b8c22253a85ca1877312f8d60fa84d6	PASS
/home/xd/y/Benchmark/results/spatial_svg_rebuild_v1/stomics_0218/stomics0218/graphst/statistic_variance/n2000/seed0/embedding.meta.json	cellcharter	/home/xd/y/Benchmark/results/spatial_svg_rebuild_v1/stomics_0218/stomics0218/cellcharter/statistic_variance/n2000/seed0/embedding.meta.json	3b8c22253a85ca1877312f8d60fa84d6	3b8c22253a85ca1877312f8d60fa84d6	PASS
/home/xd/y/Benchmark/results/spatial_svg_rebuild_v1/stomics_0218/stomics0218/graphst/statistic_variance/n2000/seed2/embedding.meta.json	scvi	/home/xd/y/Benchmark/results/spatial_svg_rebuild_v1/stomics_0218/stomics0218/scvi/statistic_variance/n2000/seed2/embedding.meta.json	3b8c22253a85ca1877312f8d60fa84d6	3b8c22253a85ca1877312f8d60fa84d6	PASS
/home/xd/y/Benchmark/results/spatial_svg_rebuild_v1/stomics_0218/stomics0218/graphst/statistic_variance/n2000/seed2/embedding.meta.json	cellcharter	/home/xd/y/Benchmark/results/spatial_svg_rebuild_v1/stomics_0218/stomics0218/cellcharter/statistic_variance/n2000/seed2/embedding.meta.json	3b8c22253a85ca1877312f8d60fa84d6	3b8c22253a85ca1877312f8d60fa84d6	PASS
/home/xd/y/Benchmark/results/spatial_svg_rebuild_v1/stomics_0218/stomics0218/graphst/statistic_variance/n2000/seed1/embedding.meta.json	scvi	/home/xd/y/Benchmark/results/spatial_svg_rebuild_v1/stomics_0218/stomics0218/scvi/statistic_variance/n2000/seed1/embedding.meta.json	3b8c22253a85ca1877312f8d60fa84d6	3b8c22253a85ca1877312f8d60fa84d6	PASS
/home/xd/y/Benchmark/results/spatial_svg_rebuild_v1/stomics_0218/stomics0218/graphst/statistic_variance/n2000/seed1/embedding.meta.json	cellcharter	/home/xd/y/Benchmark/results/spatial_svg_rebuild_v1/stomics_0218/stomics0218/cellcharter/statistic_variance/n2000/seed1/embedding.meta.json	3b8c22253a85ca1877312f8d60fa84d6	3b8c22253a85ca1877312f8d60fa84d6	PASS
/home/xd/y/Benchmark/results/spatial_svg_rebuild_v1/stomics_0218/stomics0218/graphst/spatialde/n2000/seed0/embedding.meta.json	scvi	/home/xd/y/Benchmark/results/spatial_svg_rebuild_v1/stomics_0218/stomics0218/scvi/spatialde/n2000/seed0/embedding.meta.json	be7beabacb5e935675a7741ab8a5ef23	be7beabacb5e935675a7741ab8a5ef23	PASS
/home/xd/y/Benchmark/results/spatial_svg_rebuild_v1/stomics_0218/stomics0218/graphst/spatialde/n2000/seed0/embedding.meta.json	cellcharter	/home/xd/y/Benchmark/results/spatial_svg_rebuild_v1/stomics_0218/stomics0218/cellcharter/spatialde/n2000/seed0/embedding.meta.json	be7beabacb5e935675a7741ab8a5ef23	be7beabacb5e935675a7741ab8a5ef23	PASS
/home/xd/y/Benchmark/results/spatial_svg_rebuild_v1/stomics_0218/stomics0218/graphst/spatialde/n2000/seed2/embedding.meta.json	scvi	/home/xd/y/Benchmark/results/spatial_svg_rebuild_v1/stomics_0218/stomics0218/scvi/spatialde/n2000/seed2/embedding.meta.json	b8b1e939b7f25cef9c1194bb56e53fd7	b8b1e939b7f25cef9c1194bb56e53fd7	PASS
/home/xd/y/Benchmark/results/spatial_svg_rebuild_v1/stomics_0218/stomics0218/graphst/spatialde/n2000/seed2/embedding.meta.json	cellcharter	/home/xd/y/Benchmark/results/spatial_svg_rebuild_v1/stomics_0218/stomics0218/cellcharter/spatialde/n2000/seed2/embedding.meta.json	b8b1e939b7f25cef9c1194bb56e53fd7	b8b1e939b7f25cef9c1194bb56e53fd7	PASS
/home/xd/y/Benchmark/results/spatial_svg_rebuild_v1/stomics_0218/stomics0218/graphst/spatialde/n2000/seed1/embedding.meta.json	scvi	/home/xd/y/Benchmark/results/spatial_svg_rebuild_v1/stomics_0218/stomics0218/scvi/spatialde/n2000/seed1/embedding.meta.json	4b927fe67237be133ae0454ff2be8d05	4b927fe67237be133ae0454ff2be8d05	PASS
/home/xd/y/Benchmark/results/spatial_svg_rebuild_v1/stomics_0218/stomics0218/graphst/spatialde/n2000/seed1/embedding.meta.json	cellcharter	/home/xd/y/Benchmark/results/spatial_svg_rebuild_v1/stomics_0218/stomics0218/cellcharter/spatialde/n2000/seed1/embedding.meta.json	4b927fe67237be133ae0454ff2be8d05	4b927fe67237be133ae0454ff2be8d05	PASS
/home/xd/y/Benchmark/results/spatial_svg_rebuild_v1/stomics_0218/stomics0218/graphst/Brennecke/n2000/seed0/embedding.meta.json	scvi	/home/xd/y/Benchmark/results/spatial_svg_rebuild_v1/stomics_0218/stomics0218/scvi/Brennecke/n2000/seed0/embedding.meta.json	689932a696581ae60ae0889bfb920075	689932a696581ae60ae0889bfb920075	PASS
/home/xd/y/Benchmark/results/spatial_svg_rebuild_v1/stomics_0218/stomics0218/graphst/Brennecke/n2000/seed0/embedding.meta.json	cellcharter	/home/xd/y/Benchmark/results/spatial_svg_rebuild_v1/stomics_0218/stomics0218/cellcharter/Brennecke/n2000/seed0/embedding.meta.json	689932a696581ae60ae0889bfb920075	689932a696581ae60ae0889bfb920075	PASS
/home/xd/y/Benchmark/results/spatial_svg_rebuild_v1/stomics_0218/stomics0218/graphst/Brennecke/n2000/seed2/embedding.meta.json	scvi	/home/xd/y/Benchmark/results/spatial_svg_rebuild_v1/stomics_0218/stomics0218/scvi/Brennecke/n2000/seed2/embedding.meta.json	689932a696581ae60ae0889bfb920075	689932a696581ae60ae0889bfb920075	PASS
/home/xd/y/Benchmark/results/spatial_svg_rebuild_v1/stomics_0218/stomics0218/graphst/Brennecke/n2000/seed2/embedding.meta.json	cellcharter	/home/xd/y/Benchmark/results/spatial_svg_rebuild_v1/stomics_0218/stomics0218/cellcharter/Brennecke/n2000/seed2/embedding.meta.json	689932a696581ae60ae0889bfb920075	689932a696581ae60ae0889bfb920075	PASS
/home/xd/y/Benchmark/results/spatial_svg_rebuild_v1/stomics_0218/stomics0218/graphst/Brennecke/n2000/seed1/embedding.meta.json	scvi	/home/xd/y/Benchmark/results/spatial_svg_rebuild_v1/stomics_0218/stomics0218/scvi/Brennecke/n2000/seed1/embedding.meta.json	689932a696581ae60ae0889bfb920075	689932a696581ae60ae0889bfb920075	PASS
/home/xd/y/Benchmark/results/spatial_svg_rebuild_v1/stomics_0218/stomics0218/graphst/Brennecke/n2000/seed1/embedding.meta.json	cellcharter	/home/xd/y/Benchmark/results/spatial_svg_rebuild_v1/stomics_0218/stomics0218/cellcharter/Brennecke/n2000/seed1/embedding.meta.json	689932a696581ae60ae0889bfb920075	689932a696581ae60ae0889bfb920075	PASS
/home/xd/y/Benchmark/results/spatial_svg_rebuild_v1/stomics_0218/stomics0218/graphst/scanpy_seurat_batch/n2000/seed0/embedding.meta.json	scvi	/home/xd/y/Benchmark/results/spatial_svg_rebuild_v1/stomics_0218/stomics0218/scvi/scanpy_seurat_batch/n2000/seed0/embedding.meta.json	3304d51fcb07c33f1169a11ce167d399	3304d51fcb07c33f1169a11ce167d399	PASS
/home/xd/y/Benchmark/results/spatial_svg_rebuild_v1/stomics_0218/stomics0218/graphst/scanpy_seurat_batch/n2000/seed0/embedding.meta.json	cellcharter	/home/xd/y/Benchmark/results/spatial_svg_rebuild_v1/stomics_0218/stomics0218/cellcharter/scanpy_seurat_batch/n2000/seed0/embedding.meta.json	3304d51fcb07c33f1169a11ce167d399	3304d51fcb07c33f1169a11ce167d399	PASS
/home/xd/y/Benchmark/results/spatial_svg_rebuild_v1/stomics_0218/stomics0218/graphst/scanpy_seurat_batch/n2000/seed2/embedding.meta.json	scvi	/home/xd/y/Benchmark/results/spatial_svg_rebuild_v1/stomics_0218/stomics0218/scvi/scanpy_seurat_batch/n2000/seed2/embedding.meta.json	3304d51fcb07c33f1169a11ce167d399	3304d51fcb07c33f1169a11ce167d399	PASS
/home/xd/y/Benchmark/results/spatial_svg_rebuild_v1/stomics_0218/stomics0218/graphst/scanpy_seurat_batch/n2000/seed2/embedding.meta.json	cellcharter	/home/xd/y/Benchmark/results/spatial_svg_rebuild_v1/stomics_0218/stomics0218/cellcharter/scanpy_seurat_batch/n2000/seed2/embedding.meta.json	3304d51fcb07c33f1169a11ce167d399	3304d51fcb07c33f1169a11ce167d399	PASS
/home/xd/y/Benchmark/results/spatial_svg_rebuild_v1/stomics_0218/stomics0218/graphst/scanpy_seurat_batch/n2000/seed1/embedding.meta.json	scvi	/home/xd/y/Benchmark/results/spatial_svg_rebuild_v1/stomics_0218/stomics0218/scvi/scanpy_seurat_batch/n2000/seed1/embedding.meta.json	3304d51fcb07c33f1169a11ce167d399	3304d51fcb07c33f1169a11ce167d399	PASS
/home/xd/y/Benchmark/results/spatial_svg_rebuild_v1/stomics_0218/stomics0218/graphst/scanpy_seurat_batch/n2000/seed1/embedding.meta.json	cellcharter	/home/xd/y/Benchmark/results/spatial_svg_rebuild_v1/stomics_0218/stomics0218/cellcharter/scanpy_seurat_batch/n2000/seed1/embedding.meta.json	3304d51fcb07c33f1169a11ce167d399	3304d51fcb07c33f1169a11ce167d399	PASS
/home/xd/y/Benchmark/results/spatial_svg_rebuild_v1/stomics_0218/stomics0218/graphst/scanpy_cell_ranger_batch/n2000/seed0/embedding.meta.json	scvi	/home/xd/y/Benchmark/results/spatial_svg_rebuild_v1/stomics_0218/stomics0218/scvi/scanpy_cell_ranger_batch/n2000/seed0/embedding.meta.json	b9bf0d5716e7d53685d4f2dd9bad37d4	b9bf0d5716e7d53685d4f2dd9bad37d4	PASS
/home/xd/y/Benchmark/results/spatial_svg_rebuild_v1/stomics_0218/stomics0218/graphst/scanpy_cell_ranger_batch/n2000/seed0/embedding.meta.json	cellcharter	/home/xd/y/Benchmark/results/spatial_svg_rebuild_v1/stomics_0218/stomics0218/cellcharter/scanpy_cell_ranger_batch/n2000/seed0/embedding.meta.json	b9bf0d5716e7d53685d4f2dd9bad37d4	b9bf0d5716e7d53685d4f2dd9bad37d4	PASS
/home/xd/y/Benchmark/results/spatial_svg_rebuild_v1/stomics_0218/stomics0218/graphst/scanpy_cell_ranger_batch/n2000/seed2/embedding.meta.json	scvi	/home/xd/y/Benchmark/results/spatial_svg_rebuild_v1/stomics_0218/stomics0218/scvi/scanpy_cell_ranger_batch/n2000/seed2/embedding.meta.json	b9bf0d5716e7d53685d4f2dd9bad37d4	b9bf0d5716e7d53685d4f2dd9bad37d4	PASS
/home/xd/y/Benchmark/results/spatial_svg_rebuild_v1/stomics_0218/stomics0218/graphst/scanpy_cell_ranger_batch/n2000/seed2/embedding.meta.json	cellcharter	/home/xd/y/Benchmark/results/spatial_svg_rebuild_v1/stomics_0218/stomics0218/cellcharter/scanpy_cell_ranger_batch/n2000/seed2/embedding.meta.json	b9bf0d5716e7d53685d4f2dd9bad37d4	b9bf0d5716e7d53685d4f2dd9bad37d4	PASS
/home/xd/y/Benchmark/results/spatial_svg_rebuild_v1/stomics_0218/stomics0218/graphst/scanpy_cell_ranger_batch/n2000/seed1/embedding.meta.json	scvi	/home/xd/y/Benchmark/results/spatial_svg_rebuild_v1/stomics_0218/stomics0218/scvi/scanpy_cell_ranger_batch/n2000/seed1/embedding.meta.json	b9bf0d5716e7d53685d4f2dd9bad37d4	b9bf0d5716e7d53685d4f2dd9bad37d4	PASS
/home/xd/y/Benchmark/results/spatial_svg_rebuild_v1/stomics_0218/stomics0218/graphst/scanpy_cell_ranger_batch/n2000/seed1/embedding.meta.json	cellcharter	/home/xd/y/Benchmark/results/spatial_svg_rebuild_v1/stomics_0218/stomics0218/cellcharter/scanpy_cell_ranger_batch/n2000/seed1/embedding.meta.json	b9bf0d5716e7d53685d4f2dd9bad37d4	b9bf0d5716e7d53685d4f2dd9bad37d4	PASS
/home/xd/y/Benchmark/results/spatial_svg_rebuild_v1/stomics_0218/stomics0218/graphst/scanpy_seurat/n2000/seed0/embedding.meta.json	scvi	/home/xd/y/Benchmark/results/spatial_svg_rebuild_v1/stomics_0218/stomics0218/scvi/scanpy_seurat/n2000/seed0/embedding.meta.json	3aaf63d657130339c7c3aa1eedea517e	3aaf63d657130339c7c3aa1eedea517e	PASS
/home/xd/y/Benchmark/results/spatial_svg_rebuild_v1/stomics_0218/stomics0218/graphst/scanpy_seurat/n2000/seed0/embedding.meta.json	cellcharter	/home/xd/y/Benchmark/results/spatial_svg_rebuild_v1/stomics_0218/stomics0218/cellcharter/scanpy_seurat/n2000/seed0/embedding.meta.json	3aaf63d657130339c7c3aa1eedea517e	3aaf63d657130339c7c3aa1eedea517e	PASS
/home/xd/y/Benchmark/results/spatial_svg_rebuild_v1/stomics_0218/stomics0218/graphst/scanpy_seurat/n2000/seed2/embedding.meta.json	scvi	/home/xd/y/Benchmark/results/spatial_svg_rebuild_v1/stomics_0218/stomics0218/scvi/scanpy_seurat/n2000/seed2/embedding.meta.json	3aaf63d657130339c7c3aa1eedea517e	3aaf63d657130339c7c3aa1eedea517e	PASS
/home/xd/y/Benchmark/results/spatial_svg_rebuild_v1/stomics_0218/stomics0218/graphst/scanpy_seurat/n2000/seed2/embedding.meta.json	cellcharter	/home/xd/y/Benchmark/results/spatial_svg_rebuild_v1/stomics_0218/stomics0218/cellcharter/scanpy_seurat/n2000/seed2/embedding.meta.json	3aaf63d657130339c7c3aa1eedea517e	3aaf63d657130339c7c3aa1eedea517e	PASS
/home/xd/y/Benchmark/results/spatial_svg_rebuild_v1/stomics_0218/stomics0218/graphst/scanpy_seurat/n2000/seed1/embedding.meta.json	scvi	/home/xd/y/Benchmark/results/spatial_svg_rebuild_v1/stomics_0218/stomics0218/scvi/scanpy_seurat/n2000/seed1/embedding.meta.json	3aaf63d657130339c7c3aa1eedea517e	3aaf63d657130339c7c3aa1eedea517e	PASS
/home/xd/y/Benchmark/results/spatial_svg_rebuild_v1/stomics_0218/stomics0218/graphst/scanpy_seurat/n2000/seed1/embedding.meta.json	cellcharter	/home/xd/y/Benchmark/results/spatial_svg_rebuild_v1/stomics_0218/stomics0218/cellcharter/scanpy_seurat/n2000/seed1/embedding.meta.json	3aaf63d657130339c7c3aa1eedea517e	3aaf63d657130339c7c3aa1eedea517e	PASS
/home/xd/y/Benchmark/results/spatial_svg_rebuild_v1/stomics_0218/stomics0218/graphst/seurat_disp/n2000/seed0/embedding.meta.json	scvi	/home/xd/y/Benchmark/results/spatial_svg_rebuild_v1/stomics_0218/stomics0218/scvi/seurat_disp/n2000/seed0/embedding.meta.json	2b5772bb427b880e5d94a083697dfa0d	2b5772bb427b880e5d94a083697dfa0d	PASS
/home/xd/y/Benchmark/results/spatial_svg_rebuild_v1/stomics_0218/stomics0218/graphst/seurat_disp/n2000/seed0/embedding.meta.json	cellcharter	/home/xd/y/Benchmark/results/spatial_svg_rebuild_v1/stomics_0218/stomics0218/cellcharter/seurat_disp/n2000/seed0/embedding.meta.json	2b5772bb427b880e5d94a083697dfa0d	2b5772bb427b880e5d94a083697dfa0d	PASS
/home/xd/y/Benchmark/results/spatial_svg_rebuild_v1/stomics_0218/stomics0218/graphst/seurat_disp/n2000/seed2/embedding.meta.json	scvi	/home/xd/y/Benchmark/results/spatial_svg_rebuild_v1/stomics_0218/stomics0218/scvi/seurat_disp/n2000/seed2/embedding.meta.json	2b5772bb427b880e5d94a083697dfa0d	2b5772bb427b880e5d94a083697dfa0d	PASS
/home/xd/y/Benchmark/results/spatial_svg_rebuild_v1/stomics_0218/stomics0218/graphst/seurat_disp/n2000/seed2/embedding.meta.json	cellcharter	/home/xd/y/Benchmark/results/spatial_svg_rebuild_v1/stomics_0218/stomics0218/cellcharter/seurat_disp/n2000/seed2/embedding.meta.json	2b5772bb427b880e5d94a083697dfa0d	2b5772bb427b880e5d94a083697dfa0d	PASS
/home/xd/y/Benchmark/results/spatial_svg_rebuild_v1/stomics_0218/stomics0218/graphst/seurat_disp/n2000/seed1/embedding.meta.json	scvi	/home/xd/y/Benchmark/results/spatial_svg_rebuild_v1/stomics_0218/stomics0218/scvi/seurat_disp/n2000/seed1/embedding.meta.json	2b5772bb427b880e5d94a083697dfa0d	2b5772bb427b880e5d94a083697dfa0d	PASS
/home/xd/y/Benchmark/results/spatial_svg_rebuild_v1/stomics_0218/stomics0218/graphst/seurat_disp/n2000/seed1/embedding.meta.json	cellcharter	/home/xd/y/Benchmark/results/spatial_svg_rebuild_v1/stomics_0218/stomics0218/cellcharter/seurat_disp/n2000/seed1/embedding.meta.json	2b5772bb427b880e5d94a083697dfa0d	2b5772bb427b880e5d94a083697dfa0d	PASS
/home/xd/y/Benchmark/results/spatial_svg_rebuild_v1/stomics_0218/stomics0218/graphst/nbumi/n2000/seed0/embedding.meta.json	scvi	/home/xd/y/Benchmark/results/spatial_svg_rebuild_v1/stomics_0218/stomics0218/scvi/nbumi/n2000/seed0/embedding.meta.json	70431545b75b85f40bba133c78bd4675	70431545b75b85f40bba133c78bd4675	PASS
/home/xd/y/Benchmark/results/spatial_svg_rebuild_v1/stomics_0218/stomics0218/graphst/nbumi/n2000/seed0/embedding.meta.json	cellcharter	/home/xd/y/Benchmark/results/spatial_svg_rebuild_v1/stomics_0218/stomics0218/cellcharter/nbumi/n2000/seed0/embedding.meta.json	70431545b75b85f40bba133c78bd4675	70431545b75b85f40bba133c78bd4675	PASS
/home/xd/y/Benchmark/results/spatial_svg_rebuild_v1/stomics_0218/stomics0218/graphst/nbumi/n2000/seed2/embedding.meta.json	scvi	/home/xd/y/Benchmark/results/spatial_svg_rebuild_v1/stomics_0218/stomics0218/scvi/nbumi/n2000/seed2/embedding.meta.json	dd9105b254989804d9d5f8cdcb223291	dd9105b254989804d9d5f8cdcb223291	PASS
/home/xd/y/Benchmark/results/spatial_svg_rebuild_v1/stomics_0218/stomics0218/graphst/nbumi/n2000/seed2/embedding.meta.json	cellcharter	/home/xd/y/Benchmark/results/spatial_svg_rebuild_v1/stomics_0218/stomics0218/cellcharter/nbumi/n2000/seed2/embedding.meta.json	dd9105b254989804d9d5f8cdcb223291	dd9105b254989804d9d5f8cdcb223291	PASS
/home/xd/y/Benchmark/results/spatial_svg_rebuild_v1/stomics_0218/stomics0218/graphst/nbumi/n2000/seed1/embedding.meta.json	scvi	/home/xd/y/Benchmark/results/spatial_svg_rebuild_v1/stomics_0218/stomics0218/scvi/nbumi/n2000/seed1/embedding.meta.json	49c67834ee9a4714d53bb28ad892479f	49c67834ee9a4714d53bb28ad892479f	PASS
/home/xd/y/Benchmark/results/spatial_svg_rebuild_v1/stomics_0218/stomics0218/graphst/nbumi/n2000/seed1/embedding.meta.json	cellcharter	/home/xd/y/Benchmark/results/spatial_svg_rebuild_v1/stomics_0218/stomics0218/cellcharter/nbumi/n2000/seed1/embedding.meta.json	49c67834ee9a4714d53bb28ad892479f	49c67834ee9a4714d53bb28ad892479f	PASS
/home/xd/y/Benchmark/results/spatial_svg_rebuild_v1/stomics_0218/stomics0218/graphst/seurat_vst/n2000/seed0/embedding.meta.json	scvi	/home/xd/y/Benchmark/results/spatial_svg_rebuild_v1/stomics_0218/stomics0218/scvi/seurat_vst/n2000/seed0/embedding.meta.json	d094c34634bef5123f064522b5c22ad8	d094c34634bef5123f064522b5c22ad8	PASS
/home/xd/y/Benchmark/results/spatial_svg_rebuild_v1/stomics_0218/stomics0218/graphst/seurat_vst/n2000/seed0/embedding.meta.json	cellcharter	/home/xd/y/Benchmark/results/spatial_svg_rebuild_v1/stomics_0218/stomics0218/cellcharter/seurat_vst/n2000/seed0/embedding.meta.json	d094c34634bef5123f064522b5c22ad8	d094c34634bef5123f064522b5c22ad8	PASS
/home/xd/y/Benchmark/results/spatial_svg_rebuild_v1/stomics_0218/stomics0218/graphst/seurat_vst/n2000/seed2/embedding.meta.json	scvi	/home/xd/y/Benchmark/results/spatial_svg_rebuild_v1/stomics_0218/stomics0218/scvi/seurat_vst/n2000/seed2/embedding.meta.json	d094c34634bef5123f064522b5c22ad8	d094c34634bef5123f064522b5c22ad8	PASS
/home/xd/y/Benchmark/results/spatial_svg_rebuild_v1/stomics_0218/stomics0218/graphst/seurat_vst/n2000/seed2/embedding.meta.json	cellcharter	/home/xd/y/Benchmark/results/spatial_svg_rebuild_v1/stomics_0218/stomics0218/cellcharter/seurat_vst/n2000/seed2/embedding.meta.json	d094c34634bef5123f064522b5c22ad8	d094c34634bef5123f064522b5c22ad8	PASS
/home/xd/y/Benchmark/results/spatial_svg_rebuild_v1/stomics_0218/stomics0218/graphst/seurat_vst/n2000/seed1/embedding.meta.json	scvi	/home/xd/y/Benchmark/results/spatial_svg_rebuild_v1/stomics_0218/stomics0218/scvi/seurat_vst/n2000/seed1/embedding.meta.json	d094c34634bef5123f064522b5c22ad8	d094c34634bef5123f064522b5c22ad8	PASS
/home/xd/y/Benchmark/results/spatial_svg_rebuild_v1/stomics_0218/stomics0218/graphst/seurat_vst/n2000/seed1/embedding.meta.json	cellcharter	/home/xd/y/Benchmark/results/spatial_svg_rebuild_v1/stomics_0218/stomics0218/cellcharter/seurat_vst/n2000/seed1/embedding.meta.json	d094c34634bef5123f064522b5c22ad8	d094c34634bef5123f064522b5c22ad8	PASS
/home/xd/y/Benchmark/results/spatial_svg_rebuild_v1/stomics_0218/stomics0218/graphst/scry/n2000/seed0/embedding.meta.json	scvi	/home/xd/y/Benchmark/results/spatial_svg_rebuild_v1/stomics_0218/stomics0218/scvi/scry/n2000/seed0/embedding.meta.json	66449a3857dad28aba2fadd069cbda96	66449a3857dad28aba2fadd069cbda96	PASS
/home/xd/y/Benchmark/results/spatial_svg_rebuild_v1/stomics_0218/stomics0218/graphst/scry/n2000/seed0/embedding.meta.json	cellcharter	/home/xd/y/Benchmark/results/spatial_svg_rebuild_v1/stomics_0218/stomics0218/cellcharter/scry/n2000/seed0/embedding.meta.json	66449a3857dad28aba2fadd069cbda96	66449a3857dad28aba2fadd069cbda96	PASS
/home/xd/y/Benchmark/results/spatial_svg_rebuild_v1/stomics_0218/stomics0218/graphst/scry/n2000/seed2/embedding.meta.json	scvi	/home/xd/y/Benchmark/results/spatial_svg_rebuild_v1/stomics_0218/stomics0218/scvi/scry/n2000/seed2/embedding.meta.json	66449a3857dad28aba2fadd069cbda96	66449a3857dad28aba2fadd069cbda96	PASS
/home/xd/y/Benchmark/results/spatial_svg_rebuild_v1/stomics_0218/stomics0218/graphst/scry/n2000/seed2/embedding.meta.json	cellcharter	/home/xd/y/Benchmark/results/spatial_svg_rebuild_v1/stomics_0218/stomics0218/cellcharter/scry/n2000/seed2/embedding.meta.json	66449a3857dad28aba2fadd069cbda96	66449a3857dad28aba2fadd069cbda96	PASS
/home/xd/y/Benchmark/results/spatial_svg_rebuild_v1/stomics_0218/stomics0218/graphst/scry/n2000/seed1/embedding.meta.json	scvi	/home/xd/y/Benchmark/results/spatial_svg_rebuild_v1/stomics_0218/stomics0218/scvi/scry/n2000/seed1/embedding.meta.json	66449a3857dad28aba2fadd069cbda96	66449a3857dad28aba2fadd069cbda96	PASS
/home/xd/y/Benchmark/results/spatial_svg_rebuild_v1/stomics_0218/stomics0218/graphst/scry/n2000/seed1/embedding.meta.json	cellcharter	/home/xd/y/Benchmark/results/spatial_svg_rebuild_v1/stomics_0218/stomics0218/cellcharter/scry/n2000/seed1/embedding.meta.json	66449a3857dad28aba2fadd069cbda96	66449a3857dad28aba2fadd069cbda96	PASS
/home/xd/y/Benchmark/results/spatial_svg_rebuild_v1/mouse_brain_serial_sections/mousebrainserialsections/graphst/somde/n2000/seed0/embedding.meta.json	scvi	/home/xd/y/Benchmark/results/spatial_svg_rebuild_v1/mouse_brain_serial_sections/mousebrainserialsections/scvi/somde/n2000/seed0/embedding.meta.json	6534ed89ee7c54675ad862b5e6a1961c	6534ed89ee7c54675ad862b5e6a1961c	PASS
/home/xd/y/Benchmark/results/spatial_svg_rebuild_v1/mouse_brain_serial_sections/mousebrainserialsections/graphst/somde/n2000/seed0/embedding.meta.json	cellcharter	/home/xd/y/Benchmark/results/spatial_svg_rebuild_v1/mouse_brain_serial_sections/mousebrainserialsections/cellcharter/somde/n2000/seed0/embedding.meta.json	6534ed89ee7c54675ad862b5e6a1961c	6534ed89ee7c54675ad862b5e6a1961c	PASS
/home/xd/y/Benchmark/results/spatial_svg_rebuild_v1/mouse_brain_serial_sections/mousebrainserialsections/graphst/somde/n2000/seed2/embedding.meta.json	scvi	/home/xd/y/Benchmark/results/spatial_svg_rebuild_v1/mouse_brain_serial_sections/mousebrainserialsections/scvi/somde/n2000/seed2/embedding.meta.json	6534ed89ee7c54675ad862b5e6a1961c	6534ed89ee7c54675ad862b5e6a1961c	PASS
/home/xd/y/Benchmark/results/spatial_svg_rebuild_v1/mouse_brain_serial_sections/mousebrainserialsections/graphst/somde/n2000/seed2/embedding.meta.json	cellcharter	/home/xd/y/Benchmark/results/spatial_svg_rebuild_v1/mouse_brain_serial_sections/mousebrainserialsections/cellcharter/somde/n2000/seed2/embedding.meta.json	6534ed89ee7c54675ad862b5e6a1961c	6534ed89ee7c54675ad862b5e6a1961c	PASS
/home/xd/y/Benchmark/results/spatial_svg_rebuild_v1/mouse_brain_serial_sections/mousebrainserialsections/graphst/somde/n2000/seed1/embedding.meta.json	scvi	/home/xd/y/Benchmark/results/spatial_svg_rebuild_v1/mouse_brain_serial_sections/mousebrainserialsections/scvi/somde/n2000/seed1/embedding.meta.json	6534ed89ee7c54675ad862b5e6a1961c	6534ed89ee7c54675ad862b5e6a1961c	PASS
/home/xd/y/Benchmark/results/spatial_svg_rebuild_v1/mouse_brain_serial_sections/mousebrainserialsections/graphst/somde/n2000/seed1/embedding.meta.json	cellcharter	/home/xd/y/Benchmark/results/spatial_svg_rebuild_v1/mouse_brain_serial_sections/mousebrainserialsections/cellcharter/somde/n2000/seed1/embedding.meta.json	6534ed89ee7c54675ad862b5e6a1961c	6534ed89ee7c54675ad862b5e6a1961c	PASS
/home/xd/y/Benchmark/results/spatial_svg_rebuild_v1/mouse_brain_serial_sections/mousebrainserialsections/graphst/scPNMF/n2000/seed0/embedding.meta.json	scvi	/home/xd/y/Benchmark/results/spatial_svg_rebuild_v1/mouse_brain_serial_sections/mousebrainserialsections/scvi/scPNMF/n2000/seed0/embedding.meta.json	44bd7482b6d74957e9e9969f659b6231	44bd7482b6d74957e9e9969f659b6231	PASS
/home/xd/y/Benchmark/results/spatial_svg_rebuild_v1/mouse_brain_serial_sections/mousebrainserialsections/graphst/scPNMF/n2000/seed0/embedding.meta.json	cellcharter	/home/xd/y/Benchmark/results/spatial_svg_rebuild_v1/mouse_brain_serial_sections/mousebrainserialsections/cellcharter/scPNMF/n2000/seed0/embedding.meta.json	44bd7482b6d74957e9e9969f659b6231	44bd7482b6d74957e9e9969f659b6231	PASS
/home/xd/y/Benchmark/results/spatial_svg_rebuild_v1/mouse_brain_serial_sections/mousebrainserialsections/graphst/scPNMF/n2000/seed2/embedding.meta.json	scvi	/home/xd/y/Benchmark/results/spatial_svg_rebuild_v1/mouse_brain_serial_sections/mousebrainserialsections/scvi/scPNMF/n2000/seed2/embedding.meta.json	caab7594df9b6e5764bda75658ba55ff	caab7594df9b6e5764bda75658ba55ff	PASS
/home/xd/y/Benchmark/results/spatial_svg_rebuild_v1/mouse_brain_serial_sections/mousebrainserialsections/graphst/scPNMF/n2000/seed2/embedding.meta.json	cellcharter	/home/xd/y/Benchmark/results/spatial_svg_rebuild_v1/mouse_brain_serial_sections/mousebrainserialsections/cellcharter/scPNMF/n2000/seed2/embedding.meta.json	caab7594df9b6e5764bda75658ba55ff	caab7594df9b6e5764bda75658ba55ff	PASS
/home/xd/y/Benchmark/results/spatial_svg_rebuild_v1/mouse_brain_serial_sections/mousebrainserialsections/graphst/scPNMF/n2000/seed1/embedding.meta.json	scvi	/home/xd/y/Benchmark/results/spatial_svg_rebuild_v1/mouse_brain_serial_sections/mousebrainserialsections/scvi/scPNMF/n2000/seed1/embedding.meta.json	537555e623eb1613beb8eeb02e418f3c	537555e623eb1613beb8eeb02e418f3c	PASS
/home/xd/y/Benchmark/results/spatial_svg_rebuild_v1/mouse_brain_serial_sections/mousebrainserialsections/graphst/scPNMF/n2000/seed1/embedding.meta.json	cellcharter	/home/xd/y/Benchmark/results/spatial_svg_rebuild_v1/mouse_brain_serial_sections/mousebrainserialsections/cellcharter/scPNMF/n2000/seed1/embedding.meta.json	537555e623eb1613beb8eeb02e418f3c	537555e623eb1613beb8eeb02e418f3c	PASS
/home/xd/y/Benchmark/results/spatial_svg_rebuild_v1/mouse_brain_serial_sections/mousebrainserialsections/graphst/scanpy_seurat_v3/n2000/seed0/embedding.meta.json	scvi	/home/xd/y/Benchmark/results/spatial_svg_rebuild_v1/mouse_brain_serial_sections/mousebrainserialsections/scvi/scanpy_seurat_v3/n2000/seed0/embedding.meta.json	f9cd4e5bb26fd4e8ba42fb054edad530	f9cd4e5bb26fd4e8ba42fb054edad530	PASS
/home/xd/y/Benchmark/results/spatial_svg_rebuild_v1/mouse_brain_serial_sections/mousebrainserialsections/graphst/scanpy_seurat_v3/n2000/seed0/embedding.meta.json	cellcharter	/home/xd/y/Benchmark/results/spatial_svg_rebuild_v1/mouse_brain_serial_sections/mousebrainserialsections/cellcharter/scanpy_seurat_v3/n2000/seed0/embedding.meta.json	f9cd4e5bb26fd4e8ba42fb054edad530	f9cd4e5bb26fd4e8ba42fb054edad530	PASS
/home/xd/y/Benchmark/results/spatial_svg_rebuild_v1/mouse_brain_serial_sections/mousebrainserialsections/graphst/scanpy_seurat_v3/n2000/seed2/embedding.meta.json	scvi	/home/xd/y/Benchmark/results/spatial_svg_rebuild_v1/mouse_brain_serial_sections/mousebrainserialsections/scvi/scanpy_seurat_v3/n2000/seed2/embedding.meta.json	f9cd4e5bb26fd4e8ba42fb054edad530	f9cd4e5bb26fd4e8ba42fb054edad530	PASS
/home/xd/y/Benchmark/results/spatial_svg_rebuild_v1/mouse_brain_serial_sections/mousebrainserialsections/graphst/scanpy_seurat_v3/n2000/seed2/embedding.meta.json	cellcharter	/home/xd/y/Benchmark/results/spatial_svg_rebuild_v1/mouse_brain_serial_sections/mousebrainserialsections/cellcharter/scanpy_seurat_v3/n2000/seed2/embedding.meta.json	f9cd4e5bb26fd4e8ba42fb054edad530	f9cd4e5bb26fd4e8ba42fb054edad530	PASS
/home/xd/y/Benchmark/results/spatial_svg_rebuild_v1/mouse_brain_serial_sections/mousebrainserialsections/graphst/scanpy_seurat_v3/n2000/seed1/embedding.meta.json	scvi	/home/xd/y/Benchmark/results/spatial_svg_rebuild_v1/mouse_brain_serial_sections/mousebrainserialsections/scvi/scanpy_seurat_v3/n2000/seed1/embedding.meta.json	f9cd4e5bb26fd4e8ba42fb054edad530	f9cd4e5bb26fd4e8ba42fb054edad530	PASS
/home/xd/y/Benchmark/results/spatial_svg_rebuild_v1/mouse_brain_serial_sections/mousebrainserialsections/graphst/scanpy_seurat_v3/n2000/seed1/embedding.meta.json	cellcharter	/home/xd/y/Benchmark/results/spatial_svg_rebuild_v1/mouse_brain_serial_sections/mousebrainserialsections/cellcharter/scanpy_seurat_v3/n2000/seed1/embedding.meta.json	f9cd4e5bb26fd4e8ba42fb054edad530	f9cd4e5bb26fd4e8ba42fb054edad530	PASS
/home/xd/y/Benchmark/results/spatial_svg_rebuild_v1/mouse_brain_serial_sections/mousebrainserialsections/graphst/hotspot/n2000/seed0/embedding.meta.json	scvi	/home/xd/y/Benchmark/results/spatial_svg_rebuild_v1/mouse_brain_serial_sections/mousebrainserialsections/scvi/hotspot/n2000/seed0/embedding.meta.json	e1e2f423c1fade9cc06722efaccff680	e1e2f423c1fade9cc06722efaccff680	PASS
/home/xd/y/Benchmark/results/spatial_svg_rebuild_v1/mouse_brain_serial_sections/mousebrainserialsections/graphst/hotspot/n2000/seed0/embedding.meta.json	cellcharter	/home/xd/y/Benchmark/results/spatial_svg_rebuild_v1/mouse_brain_serial_sections/mousebrainserialsections/cellcharter/hotspot/n2000/seed0/embedding.meta.json	e1e2f423c1fade9cc06722efaccff680	e1e2f423c1fade9cc06722efaccff680	PASS
/home/xd/y/Benchmark/results/spatial_svg_rebuild_v1/mouse_brain_serial_sections/mousebrainserialsections/graphst/hotspot/n2000/seed2/embedding.meta.json	scvi	/home/xd/y/Benchmark/results/spatial_svg_rebuild_v1/mouse_brain_serial_sections/mousebrainserialsections/scvi/hotspot/n2000/seed2/embedding.meta.json	a3c1af71ecd186b961405a5941f3a0ec	a3c1af71ecd186b961405a5941f3a0ec	PASS
/home/xd/y/Benchmark/results/spatial_svg_rebuild_v1/mouse_brain_serial_sections/mousebrainserialsections/graphst/hotspot/n2000/seed2/embedding.meta.json	cellcharter	/home/xd/y/Benchmark/results/spatial_svg_rebuild_v1/mouse_brain_serial_sections/mousebrainserialsections/cellcharter/hotspot/n2000/seed2/embedding.meta.json	a3c1af71ecd186b961405a5941f3a0ec	a3c1af71ecd186b961405a5941f3a0ec	PASS
/home/xd/y/Benchmark/results/spatial_svg_rebuild_v1/mouse_brain_serial_sections/mousebrainserialsections/graphst/hotspot/n2000/seed1/embedding.meta.json	scvi	/home/xd/y/Benchmark/results/spatial_svg_rebuild_v1/mouse_brain_serial_sections/mousebrainserialsections/scvi/hotspot/n2000/seed1/embedding.meta.json	9392cc7beac707876e2a3e940280889d	9392cc7beac707876e2a3e940280889d	PASS
/home/xd/y/Benchmark/results/spatial_svg_rebuild_v1/mouse_brain_serial_sections/mousebrainserialsections/graphst/hotspot/n2000/seed1/embedding.meta.json	cellcharter	/home/xd/y/Benchmark/results/spatial_svg_rebuild_v1/mouse_brain_serial_sections/mousebrainserialsections/cellcharter/hotspot/n2000/seed1/embedding.meta.json	9392cc7beac707876e2a3e940280889d	9392cc7beac707876e2a3e940280889d	PASS
/home/xd/y/Benchmark/results/spatial_svg_rebuild_v1/mouse_brain_serial_sections/mousebrainserialsections/graphst/nnsvg/n2000/seed0/embedding.meta.json	scvi	/home/xd/y/Benchmark/results/spatial_svg_rebuild_v1/mouse_brain_serial_sections/mousebrainserialsections/scvi/nnsvg/n2000/seed0/embedding.meta.json	fe21bb43b496c59ee78aa6ef65102875	fe21bb43b496c59ee78aa6ef65102875	PASS
/home/xd/y/Benchmark/results/spatial_svg_rebuild_v1/mouse_brain_serial_sections/mousebrainserialsections/graphst/nnsvg/n2000/seed0/embedding.meta.json	cellcharter	/home/xd/y/Benchmark/results/spatial_svg_rebuild_v1/mouse_brain_serial_sections/mousebrainserialsections/cellcharter/nnsvg/n2000/seed0/embedding.meta.json	fe21bb43b496c59ee78aa6ef65102875	fe21bb43b496c59ee78aa6ef65102875	PASS
/home/xd/y/Benchmark/results/spatial_svg_rebuild_v1/mouse_brain_serial_sections/mousebrainserialsections/graphst/nnsvg/n2000/seed2/embedding.meta.json	scvi	/home/xd/y/Benchmark/results/spatial_svg_rebuild_v1/mouse_brain_serial_sections/mousebrainserialsections/scvi/nnsvg/n2000/seed2/embedding.meta.json	fe21bb43b496c59ee78aa6ef65102875	fe21bb43b496c59ee78aa6ef65102875	PASS
/home/xd/y/Benchmark/results/spatial_svg_rebuild_v1/mouse_brain_serial_sections/mousebrainserialsections/graphst/nnsvg/n2000/seed2/embedding.meta.json	cellcharter	/home/xd/y/Benchmark/results/spatial_svg_rebuild_v1/mouse_brain_serial_sections/mousebrainserialsections/cellcharter/nnsvg/n2000/seed2/embedding.meta.json	fe21bb43b496c59ee78aa6ef65102875	fe21bb43b496c59ee78aa6ef65102875	PASS
/home/xd/y/Benchmark/results/spatial_svg_rebuild_v1/mouse_brain_serial_sections/mousebrainserialsections/graphst/nnsvg/n2000/seed1/embedding.meta.json	scvi	/home/xd/y/Benchmark/results/spatial_svg_rebuild_v1/mouse_brain_serial_sections/mousebrainserialsections/scvi/nnsvg/n2000/seed1/embedding.meta.json	fe21bb43b496c59ee78aa6ef65102875	fe21bb43b496c59ee78aa6ef65102875	PASS
/home/xd/y/Benchmark/results/spatial_svg_rebuild_v1/mouse_brain_serial_sections/mousebrainserialsections/graphst/nnsvg/n2000/seed1/embedding.meta.json	cellcharter	/home/xd/y/Benchmark/results/spatial_svg_rebuild_v1/mouse_brain_serial_sections/mousebrainserialsections/cellcharter/nnsvg/n2000/seed1/embedding.meta.json	fe21bb43b496c59ee78aa6ef65102875	fe21bb43b496c59ee78aa6ef65102875	PASS
/home/xd/y/Benchmark/results/spatial_svg_rebuild_v1/mouse_brain_serial_sections/mousebrainserialsections/graphst/dubstepr/n2000/seed0/embedding.meta.json	scvi	/home/xd/y/Benchmark/results/spatial_svg_rebuild_v1/mouse_brain_serial_sections/mousebrainserialsections/scvi/dubstepr/n2000/seed0/embedding.meta.json	8653d0d1c04152c3aa11b29725f8c1e6	8653d0d1c04152c3aa11b29725f8c1e6	PASS
/home/xd/y/Benchmark/results/spatial_svg_rebuild_v1/mouse_brain_serial_sections/mousebrainserialsections/graphst/dubstepr/n2000/seed0/embedding.meta.json	cellcharter	/home/xd/y/Benchmark/results/spatial_svg_rebuild_v1/mouse_brain_serial_sections/mousebrainserialsections/cellcharter/dubstepr/n2000/seed0/embedding.meta.json	8653d0d1c04152c3aa11b29725f8c1e6	8653d0d1c04152c3aa11b29725f8c1e6	PASS
/home/xd/y/Benchmark/results/spatial_svg_rebuild_v1/mouse_brain_serial_sections/mousebrainserialsections/graphst/dubstepr/n2000/seed2/embedding.meta.json	scvi	/home/xd/y/Benchmark/results/spatial_svg_rebuild_v1/mouse_brain_serial_sections/mousebrainserialsections/scvi/dubstepr/n2000/seed2/embedding.meta.json	dd827cc8b21cce651e3e9fc49c8cf252	dd827cc8b21cce651e3e9fc49c8cf252	PASS
/home/xd/y/Benchmark/results/spatial_svg_rebuild_v1/mouse_brain_serial_sections/mousebrainserialsections/graphst/dubstepr/n2000/seed2/embedding.meta.json	cellcharter	/home/xd/y/Benchmark/results/spatial_svg_rebuild_v1/mouse_brain_serial_sections/mousebrainserialsections/cellcharter/dubstepr/n2000/seed2/embedding.meta.json	dd827cc8b21cce651e3e9fc49c8cf252	dd827cc8b21cce651e3e9fc49c8cf252	PASS
/home/xd/y/Benchmark/results/spatial_svg_rebuild_v1/mouse_brain_serial_sections/mousebrainserialsections/graphst/dubstepr/n2000/seed1/embedding.meta.json	scvi	/home/xd/y/Benchmark/results/spatial_svg_rebuild_v1/mouse_brain_serial_sections/mousebrainserialsections/scvi/dubstepr/n2000/seed1/embedding.meta.json	3316dea3c828d3e49711ae621d347add	3316dea3c828d3e49711ae621d347add	PASS
/home/xd/y/Benchmark/results/spatial_svg_rebuild_v1/mouse_brain_serial_sections/mousebrainserialsections/graphst/dubstepr/n2000/seed1/embedding.meta.json	cellcharter	/home/xd/y/Benchmark/results/spatial_svg_rebuild_v1/mouse_brain_serial_sections/mousebrainserialsections/cellcharter/dubstepr/n2000/seed1/embedding.meta.json	3316dea3c828d3e49711ae621d347add	3316dea3c828d3e49711ae621d347add	PASS
/home/xd/y/Benchmark/results/spatial_svg_rebuild_v1/mouse_brain_serial_sections/mousebrainserialsections/graphst/anticor/n2000/seed0/embedding.meta.json	scvi	/home/xd/y/Benchmark/results/spatial_svg_rebuild_v1/mouse_brain_serial_sections/mousebrainserialsections/scvi/anticor/n2000/seed0/embedding.meta.json	65c9ac02852d4d8df193aa1f859bd4bd	65c9ac02852d4d8df193aa1f859bd4bd	PASS
/home/xd/y/Benchmark/results/spatial_svg_rebuild_v1/mouse_brain_serial_sections/mousebrainserialsections/graphst/anticor/n2000/seed0/embedding.meta.json	cellcharter	/home/xd/y/Benchmark/results/spatial_svg_rebuild_v1/mouse_brain_serial_sections/mousebrainserialsections/cellcharter/anticor/n2000/seed0/embedding.meta.json	65c9ac02852d4d8df193aa1f859bd4bd	65c9ac02852d4d8df193aa1f859bd4bd	PASS
/home/xd/y/Benchmark/results/spatial_svg_rebuild_v1/mouse_brain_serial_sections/mousebrainserialsections/graphst/anticor/n2000/seed2/embedding.meta.json	scvi	/home/xd/y/Benchmark/results/spatial_svg_rebuild_v1/mouse_brain_serial_sections/mousebrainserialsections/scvi/anticor/n2000/seed2/embedding.meta.json	d3c143eb63289b871b1b930d3bcf1710	d3c143eb63289b871b1b930d3bcf1710	PASS
/home/xd/y/Benchmark/results/spatial_svg_rebuild_v1/mouse_brain_serial_sections/mousebrainserialsections/graphst/anticor/n2000/seed2/embedding.meta.json	cellcharter	/home/xd/y/Benchmark/results/spatial_svg_rebuild_v1/mouse_brain_serial_sections/mousebrainserialsections/cellcharter/anticor/n2000/seed2/embedding.meta.json	d3c143eb63289b871b1b930d3bcf1710	d3c143eb63289b871b1b930d3bcf1710	PASS
/home/xd/y/Benchmark/results/spatial_svg_rebuild_v1/mouse_brain_serial_sections/mousebrainserialsections/graphst/anticor/n2000/seed1/embedding.meta.json	scvi	/home/xd/y/Benchmark/results/spatial_svg_rebuild_v1/mouse_brain_serial_sections/mousebrainserialsections/scvi/anticor/n2000/seed1/embedding.meta.json	afa9d1d66d5e108ecf23338fb7b0269c	afa9d1d66d5e108ecf23338fb7b0269c	PASS
/home/xd/y/Benchmark/results/spatial_svg_rebuild_v1/mouse_brain_serial_sections/mousebrainserialsections/graphst/anticor/n2000/seed1/embedding.meta.json	cellcharter	/home/xd/y/Benchmark/results/spatial_svg_rebuild_v1/mouse_brain_serial_sections/mousebrainserialsections/cellcharter/anticor/n2000/seed1/embedding.meta.json	afa9d1d66d5e108ecf23338fb7b0269c	afa9d1d66d5e108ecf23338fb7b0269c	PASS
/home/xd/y/Benchmark/results/spatial_svg_rebuild_v1/mouse_brain_serial_sections/mousebrainserialsections/graphst/triku/n2000/seed0/embedding.meta.json	scvi	/home/xd/y/Benchmark/results/spatial_svg_rebuild_v1/mouse_brain_serial_sections/mousebrainserialsections/scvi/triku/n2000/seed0/embedding.meta.json	ee238124529b8bf89ddce11c7405eb6f	ee238124529b8bf89ddce11c7405eb6f	PASS
/home/xd/y/Benchmark/results/spatial_svg_rebuild_v1/mouse_brain_serial_sections/mousebrainserialsections/graphst/triku/n2000/seed0/embedding.meta.json	cellcharter	/home/xd/y/Benchmark/results/spatial_svg_rebuild_v1/mouse_brain_serial_sections/mousebrainserialsections/cellcharter/triku/n2000/seed0/embedding.meta.json	ee238124529b8bf89ddce11c7405eb6f	ee238124529b8bf89ddce11c7405eb6f	PASS
/home/xd/y/Benchmark/results/spatial_svg_rebuild_v1/mouse_brain_serial_sections/mousebrainserialsections/graphst/triku/n2000/seed2/embedding.meta.json	scvi	/home/xd/y/Benchmark/results/spatial_svg_rebuild_v1/mouse_brain_serial_sections/mousebrainserialsections/scvi/triku/n2000/seed2/embedding.meta.json	6baa9fa533dc35d4d544149ac0f335c4	6baa9fa533dc35d4d544149ac0f335c4	PASS
/home/xd/y/Benchmark/results/spatial_svg_rebuild_v1/mouse_brain_serial_sections/mousebrainserialsections/graphst/triku/n2000/seed2/embedding.meta.json	cellcharter	/home/xd/y/Benchmark/results/spatial_svg_rebuild_v1/mouse_brain_serial_sections/mousebrainserialsections/cellcharter/triku/n2000/seed2/embedding.meta.json	6baa9fa533dc35d4d544149ac0f335c4	6baa9fa533dc35d4d544149ac0f335c4	PASS
/home/xd/y/Benchmark/results/spatial_svg_rebuild_v1/mouse_brain_serial_sections/mousebrainserialsections/graphst/triku/n2000/seed1/embedding.meta.json	scvi	/home/xd/y/Benchmark/results/spatial_svg_rebuild_v1/mouse_brain_serial_sections/mousebrainserialsections/scvi/triku/n2000/seed1/embedding.meta.json	074917a0e78fff1d6eb58c53b719bc2a	074917a0e78fff1d6eb58c53b719bc2a	PASS
/home/xd/y/Benchmark/results/spatial_svg_rebuild_v1/mouse_brain_serial_sections/mousebrainserialsections/graphst/triku/n2000/seed1/embedding.meta.json	cellcharter	/home/xd/y/Benchmark/results/spatial_svg_rebuild_v1/mouse_brain_serial_sections/mousebrainserialsections/cellcharter/triku/n2000/seed1/embedding.meta.json	074917a0e78fff1d6eb58c53b719bc2a	074917a0e78fff1d6eb58c53b719bc2a	PASS
/home/xd/y/Benchmark/results/spatial_svg_rebuild_v1/mouse_brain_serial_sections/mousebrainserialsections/graphst/scanpy_pearson/n2000/seed0/embedding.meta.json	scvi	/home/xd/y/Benchmark/results/spatial_svg_rebuild_v1/mouse_brain_serial_sections/mousebrainserialsections/scvi/scanpy_pearson/n2000/seed0/embedding.meta.json	95c4c7c3960723e70a1a6a53ba6aab85	95c4c7c3960723e70a1a6a53ba6aab85	PASS
/home/xd/y/Benchmark/results/spatial_svg_rebuild_v1/mouse_brain_serial_sections/mousebrainserialsections/graphst/scanpy_pearson/n2000/seed0/embedding.meta.json	cellcharter	/home/xd/y/Benchmark/results/spatial_svg_rebuild_v1/mouse_brain_serial_sections/mousebrainserialsections/cellcharter/scanpy_pearson/n2000/seed0/embedding.meta.json	95c4c7c3960723e70a1a6a53ba6aab85	95c4c7c3960723e70a1a6a53ba6aab85	PASS
/home/xd/y/Benchmark/results/spatial_svg_rebuild_v1/mouse_brain_serial_sections/mousebrainserialsections/graphst/scanpy_pearson/n2000/seed2/embedding.meta.json	scvi	/home/xd/y/Benchmark/results/spatial_svg_rebuild_v1/mouse_brain_serial_sections/mousebrainserialsections/scvi/scanpy_pearson/n2000/seed2/embedding.meta.json	95c4c7c3960723e70a1a6a53ba6aab85	95c4c7c3960723e70a1a6a53ba6aab85	PASS
/home/xd/y/Benchmark/results/spatial_svg_rebuild_v1/mouse_brain_serial_sections/mousebrainserialsections/graphst/scanpy_pearson/n2000/seed2/embedding.meta.json	cellcharter	/home/xd/y/Benchmark/results/spatial_svg_rebuild_v1/mouse_brain_serial_sections/mousebrainserialsections/cellcharter/scanpy_pearson/n2000/seed2/embedding.meta.json	95c4c7c3960723e70a1a6a53ba6aab85	95c4c7c3960723e70a1a6a53ba6aab85	PASS
/home/xd/y/Benchmark/results/spatial_svg_rebuild_v1/mouse_brain_serial_sections/mousebrainserialsections/graphst/scanpy_pearson/n2000/seed1/embedding.meta.json	scvi	/home/xd/y/Benchmark/results/spatial_svg_rebuild_v1/mouse_brain_serial_sections/mousebrainserialsections/scvi/scanpy_pearson/n2000/seed1/embedding.meta.json	95c4c7c3960723e70a1a6a53ba6aab85	95c4c7c3960723e70a1a6a53ba6aab85	PASS
/home/xd/y/Benchmark/results/spatial_svg_rebuild_v1/mouse_brain_serial_sections/mousebrainserialsections/graphst/scanpy_pearson/n2000/seed1/embedding.meta.json	cellcharter	/home/xd/y/Benchmark/results/spatial_svg_rebuild_v1/mouse_brain_serial_sections/mousebrainserialsections/cellcharter/scanpy_pearson/n2000/seed1/embedding.meta.json	95c4c7c3960723e70a1a6a53ba6aab85	95c4c7c3960723e70a1a6a53ba6aab85	PASS
/home/xd/y/Benchmark/results/spatial_svg_rebuild_v1/mouse_brain_serial_sections/mousebrainserialsections/graphst/seurat_sct/n2000/seed0/embedding.meta.json	scvi	/home/xd/y/Benchmark/results/spatial_svg_rebuild_v1/mouse_brain_serial_sections/mousebrainserialsections/scvi/seurat_sct/n2000/seed0/embedding.meta.json	7583c4af4cdac28d3a87de7ec30facaa	7583c4af4cdac28d3a87de7ec30facaa	PASS
/home/xd/y/Benchmark/results/spatial_svg_rebuild_v1/mouse_brain_serial_sections/mousebrainserialsections/graphst/seurat_sct/n2000/seed0/embedding.meta.json	cellcharter	/home/xd/y/Benchmark/results/spatial_svg_rebuild_v1/mouse_brain_serial_sections/mousebrainserialsections/cellcharter/seurat_sct/n2000/seed0/embedding.meta.json	7583c4af4cdac28d3a87de7ec30facaa	7583c4af4cdac28d3a87de7ec30facaa	PASS
/home/xd/y/Benchmark/results/spatial_svg_rebuild_v1/mouse_brain_serial_sections/mousebrainserialsections/graphst/seurat_sct/n2000/seed2/embedding.meta.json	scvi	/home/xd/y/Benchmark/results/spatial_svg_rebuild_v1/mouse_brain_serial_sections/mousebrainserialsections/scvi/seurat_sct/n2000/seed2/embedding.meta.json	78bc6d870dfb34ca65ee610e98d41146	78bc6d870dfb34ca65ee610e98d41146	PASS
/home/xd/y/Benchmark/results/spatial_svg_rebuild_v1/mouse_brain_serial_sections/mousebrainserialsections/graphst/seurat_sct/n2000/seed2/embedding.meta.json	cellcharter	/home/xd/y/Benchmark/results/spatial_svg_rebuild_v1/mouse_brain_serial_sections/mousebrainserialsections/cellcharter/seurat_sct/n2000/seed2/embedding.meta.json	78bc6d870dfb34ca65ee610e98d41146	78bc6d870dfb34ca65ee610e98d41146	PASS
/home/xd/y/Benchmark/results/spatial_svg_rebuild_v1/mouse_brain_serial_sections/mousebrainserialsections/graphst/seurat_sct/n2000/seed1/embedding.meta.json	scvi	/home/xd/y/Benchmark/results/spatial_svg_rebuild_v1/mouse_brain_serial_sections/mousebrainserialsections/scvi/seurat_sct/n2000/seed1/embedding.meta.json	9369ad6104ef47c8bac1fe6ccb10411a	9369ad6104ef47c8bac1fe6ccb10411a	PASS
/home/xd/y/Benchmark/results/spatial_svg_rebuild_v1/mouse_brain_serial_sections/mousebrainserialsections/graphst/seurat_sct/n2000/seed1/embedding.meta.json	cellcharter	/home/xd/y/Benchmark/results/spatial_svg_rebuild_v1/mouse_brain_serial_sections/mousebrainserialsections/cellcharter/seurat_sct/n2000/seed1/embedding.meta.json	9369ad6104ef47c8bac1fe6ccb10411a	9369ad6104ef47c8bac1fe6ccb10411a	PASS
/home/xd/y/Benchmark/results/spatial_svg_rebuild_v1/mouse_brain_serial_sections/mousebrainserialsections/graphst/scanpy_cell_ranger/n2000/seed0/embedding.meta.json	scvi	/home/xd/y/Benchmark/results/spatial_svg_rebuild_v1/mouse_brain_serial_sections/mousebrainserialsections/scvi/scanpy_cell_ranger/n2000/seed0/embedding.meta.json	bf63e416492c1b3b5ab6d2f6d6c1083d	bf63e416492c1b3b5ab6d2f6d6c1083d	PASS
/home/xd/y/Benchmark/results/spatial_svg_rebuild_v1/mouse_brain_serial_sections/mousebrainserialsections/graphst/scanpy_cell_ranger/n2000/seed0/embedding.meta.json	cellcharter	/home/xd/y/Benchmark/results/spatial_svg_rebuild_v1/mouse_brain_serial_sections/mousebrainserialsections/cellcharter/scanpy_cell_ranger/n2000/seed0/embedding.meta.json	bf63e416492c1b3b5ab6d2f6d6c1083d	bf63e416492c1b3b5ab6d2f6d6c1083d	PASS
/home/xd/y/Benchmark/results/spatial_svg_rebuild_v1/mouse_brain_serial_sections/mousebrainserialsections/graphst/scanpy_cell_ranger/n2000/seed2/embedding.meta.json	scvi	/home/xd/y/Benchmark/results/spatial_svg_rebuild_v1/mouse_brain_serial_sections/mousebrainserialsections/scvi/scanpy_cell_ranger/n2000/seed2/embedding.meta.json	bf63e416492c1b3b5ab6d2f6d6c1083d	bf63e416492c1b3b5ab6d2f6d6c1083d	PASS
/home/xd/y/Benchmark/results/spatial_svg_rebuild_v1/mouse_brain_serial_sections/mousebrainserialsections/graphst/scanpy_cell_ranger/n2000/seed2/embedding.meta.json	cellcharter	/home/xd/y/Benchmark/results/spatial_svg_rebuild_v1/mouse_brain_serial_sections/mousebrainserialsections/cellcharter/scanpy_cell_ranger/n2000/seed2/embedding.meta.json	bf63e416492c1b3b5ab6d2f6d6c1083d	bf63e416492c1b3b5ab6d2f6d6c1083d	PASS
/home/xd/y/Benchmark/results/spatial_svg_rebuild_v1/mouse_brain_serial_sections/mousebrainserialsections/graphst/scanpy_cell_ranger/n2000/seed1/embedding.meta.json	scvi	/home/xd/y/Benchmark/results/spatial_svg_rebuild_v1/mouse_brain_serial_sections/mousebrainserialsections/scvi/scanpy_cell_ranger/n2000/seed1/embedding.meta.json	bf63e416492c1b3b5ab6d2f6d6c1083d	bf63e416492c1b3b5ab6d2f6d6c1083d	PASS
/home/xd/y/Benchmark/results/spatial_svg_rebuild_v1/mouse_brain_serial_sections/mousebrainserialsections/graphst/scanpy_cell_ranger/n2000/seed1/embedding.meta.json	cellcharter	/home/xd/y/Benchmark/results/spatial_svg_rebuild_v1/mouse_brain_serial_sections/mousebrainserialsections/cellcharter/scanpy_cell_ranger/n2000/seed1/embedding.meta.json	bf63e416492c1b3b5ab6d2f6d6c1083d	bf63e416492c1b3b5ab6d2f6d6c1083d	PASS
/home/xd/y/Benchmark/results/spatial_svg_rebuild_v1/mouse_brain_serial_sections/mousebrainserialsections/graphst/scanpy_pearson_batch/n2000/seed0/embedding.meta.json	scvi	/home/xd/y/Benchmark/results/spatial_svg_rebuild_v1/mouse_brain_serial_sections/mousebrainserialsections/scvi/scanpy_pearson_batch/n2000/seed0/embedding.meta.json	56e7e1de12c7450ec5f12516cdff5cb7	56e7e1de12c7450ec5f12516cdff5cb7	PASS
/home/xd/y/Benchmark/results/spatial_svg_rebuild_v1/mouse_brain_serial_sections/mousebrainserialsections/graphst/scanpy_pearson_batch/n2000/seed0/embedding.meta.json	cellcharter	/home/xd/y/Benchmark/results/spatial_svg_rebuild_v1/mouse_brain_serial_sections/mousebrainserialsections/cellcharter/scanpy_pearson_batch/n2000/seed0/embedding.meta.json	56e7e1de12c7450ec5f12516cdff5cb7	56e7e1de12c7450ec5f12516cdff5cb7	PASS
/home/xd/y/Benchmark/results/spatial_svg_rebuild_v1/mouse_brain_serial_sections/mousebrainserialsections/graphst/scanpy_pearson_batch/n2000/seed2/embedding.meta.json	scvi	/home/xd/y/Benchmark/results/spatial_svg_rebuild_v1/mouse_brain_serial_sections/mousebrainserialsections/scvi/scanpy_pearson_batch/n2000/seed2/embedding.meta.json	56e7e1de12c7450ec5f12516cdff5cb7	56e7e1de12c7450ec5f12516cdff5cb7	PASS
/home/xd/y/Benchmark/results/spatial_svg_rebuild_v1/mouse_brain_serial_sections/mousebrainserialsections/graphst/scanpy_pearson_batch/n2000/seed2/embedding.meta.json	cellcharter	/home/xd/y/Benchmark/results/spatial_svg_rebuild_v1/mouse_brain_serial_sections/mousebrainserialsections/cellcharter/scanpy_pearson_batch/n2000/seed2/embedding.meta.json	56e7e1de12c7450ec5f12516cdff5cb7	56e7e1de12c7450ec5f12516cdff5cb7	PASS
/home/xd/y/Benchmark/results/spatial_svg_rebuild_v1/mouse_brain_serial_sections/mousebrainserialsections/graphst/scanpy_pearson_batch/n2000/seed1/embedding.meta.json	scvi	/home/xd/y/Benchmark/results/spatial_svg_rebuild_v1/mouse_brain_serial_sections/mousebrainserialsections/scvi/scanpy_pearson_batch/n2000/seed1/embedding.meta.json	56e7e1de12c7450ec5f12516cdff5cb7	56e7e1de12c7450ec5f12516cdff5cb7	PASS
/home/xd/y/Benchmark/results/spatial_svg_rebuild_v1/mouse_brain_serial_sections/mousebrainserialsections/graphst/scanpy_pearson_batch/n2000/seed1/embedding.meta.json	cellcharter	/home/xd/y/Benchmark/results/spatial_svg_rebuild_v1/mouse_brain_serial_sections/mousebrainserialsections/cellcharter/scanpy_pearson_batch/n2000/seed1/embedding.meta.json	56e7e1de12c7450ec5f12516cdff5cb7	56e7e1de12c7450ec5f12516cdff5cb7	PASS
/home/xd/y/Benchmark/results/spatial_svg_rebuild_v1/mouse_brain_serial_sections/mousebrainserialsections/graphst/singleCellHaystack/n2000/seed0/embedding.meta.json	scvi	/home/xd/y/Benchmark/results/spatial_svg_rebuild_v1/mouse_brain_serial_sections/mousebrainserialsections/scvi/singleCellHaystack/n2000/seed0/embedding.meta.json	f1b901c465ff88790dae21569eaf7c4d	f1b901c465ff88790dae21569eaf7c4d	PASS
/home/xd/y/Benchmark/results/spatial_svg_rebuild_v1/mouse_brain_serial_sections/mousebrainserialsections/graphst/singleCellHaystack/n2000/seed0/embedding.meta.json	cellcharter	/home/xd/y/Benchmark/results/spatial_svg_rebuild_v1/mouse_brain_serial_sections/mousebrainserialsections/cellcharter/singleCellHaystack/n2000/seed0/embedding.meta.json	f1b901c465ff88790dae21569eaf7c4d	f1b901c465ff88790dae21569eaf7c4d	PASS
/home/xd/y/Benchmark/results/spatial_svg_rebuild_v1/mouse_brain_serial_sections/mousebrainserialsections/graphst/singleCellHaystack/n2000/seed2/embedding.meta.json	scvi	/home/xd/y/Benchmark/results/spatial_svg_rebuild_v1/mouse_brain_serial_sections/mousebrainserialsections/scvi/singleCellHaystack/n2000/seed2/embedding.meta.json	8032f231c8b4e36ae178b6d5adb771f1	8032f231c8b4e36ae178b6d5adb771f1	PASS
/home/xd/y/Benchmark/results/spatial_svg_rebuild_v1/mouse_brain_serial_sections/mousebrainserialsections/graphst/singleCellHaystack/n2000/seed2/embedding.meta.json	cellcharter	/home/xd/y/Benchmark/results/spatial_svg_rebuild_v1/mouse_brain_serial_sections/mousebrainserialsections/cellcharter/singleCellHaystack/n2000/seed2/embedding.meta.json	8032f231c8b4e36ae178b6d5adb771f1	8032f231c8b4e36ae178b6d5adb771f1	PASS
/home/xd/y/Benchmark/results/spatial_svg_rebuild_v1/mouse_brain_serial_sections/mousebrainserialsections/graphst/singleCellHaystack/n2000/seed1/embedding.meta.json	scvi	/home/xd/y/Benchmark/results/spatial_svg_rebuild_v1/mouse_brain_serial_sections/mousebrainserialsections/scvi/singleCellHaystack/n2000/seed1/embedding.meta.json	916328ceb0fd2f2dfb48e514e3005042	916328ceb0fd2f2dfb48e514e3005042	PASS
/home/xd/y/Benchmark/results/spatial_svg_rebuild_v1/mouse_brain_serial_sections/mousebrainserialsections/graphst/singleCellHaystack/n2000/seed1/embedding.meta.json	cellcharter	/home/xd/y/Benchmark/results/spatial_svg_rebuild_v1/mouse_brain_serial_sections/mousebrainserialsections/cellcharter/singleCellHaystack/n2000/seed1/embedding.meta.json	916328ceb0fd2f2dfb48e514e3005042	916328ceb0fd2f2dfb48e514e3005042	PASS
/home/xd/y/Benchmark/results/spatial_svg_rebuild_v1/mouse_brain_serial_sections/mousebrainserialsections/graphst/statistic_mean/n2000/seed0/embedding.meta.json	scvi	/home/xd/y/Benchmark/results/spatial_svg_rebuild_v1/mouse_brain_serial_sections/mousebrainserialsections/scvi/statistic_mean/n2000/seed0/embedding.meta.json	b866299329ac97823d0334f7cd690205	b866299329ac97823d0334f7cd690205	PASS
/home/xd/y/Benchmark/results/spatial_svg_rebuild_v1/mouse_brain_serial_sections/mousebrainserialsections/graphst/statistic_mean/n2000/seed0/embedding.meta.json	cellcharter	/home/xd/y/Benchmark/results/spatial_svg_rebuild_v1/mouse_brain_serial_sections/mousebrainserialsections/cellcharter/statistic_mean/n2000/seed0/embedding.meta.json	b866299329ac97823d0334f7cd690205	b866299329ac97823d0334f7cd690205	PASS
/home/xd/y/Benchmark/results/spatial_svg_rebuild_v1/mouse_brain_serial_sections/mousebrainserialsections/graphst/statistic_mean/n2000/seed2/embedding.meta.json	scvi	/home/xd/y/Benchmark/results/spatial_svg_rebuild_v1/mouse_brain_serial_sections/mousebrainserialsections/scvi/statistic_mean/n2000/seed2/embedding.meta.json	b866299329ac97823d0334f7cd690205	b866299329ac97823d0334f7cd690205	PASS
/home/xd/y/Benchmark/results/spatial_svg_rebuild_v1/mouse_brain_serial_sections/mousebrainserialsections/graphst/statistic_mean/n2000/seed2/embedding.meta.json	cellcharter	/home/xd/y/Benchmark/results/spatial_svg_rebuild_v1/mouse_brain_serial_sections/mousebrainserialsections/cellcharter/statistic_mean/n2000/seed2/embedding.meta.json	b866299329ac97823d0334f7cd690205	b866299329ac97823d0334f7cd690205	PASS
/home/xd/y/Benchmark/results/spatial_svg_rebuild_v1/mouse_brain_serial_sections/mousebrainserialsections/graphst/statistic_mean/n2000/seed1/embedding.meta.json	scvi	/home/xd/y/Benchmark/results/spatial_svg_rebuild_v1/mouse_brain_serial_sections/mousebrainserialsections/scvi/statistic_mean/n2000/seed1/embedding.meta.json	b866299329ac97823d0334f7cd690205	b866299329ac97823d0334f7cd690205	PASS
/home/xd/y/Benchmark/results/spatial_svg_rebuild_v1/mouse_brain_serial_sections/mousebrainserialsections/graphst/statistic_mean/n2000/seed1/embedding.meta.json	cellcharter	/home/xd/y/Benchmark/results/spatial_svg_rebuild_v1/mouse_brain_serial_sections/mousebrainserialsections/cellcharter/statistic_mean/n2000/seed1/embedding.meta.json	b866299329ac97823d0334f7cd690205	b866299329ac97823d0334f7cd690205	PASS
/home/xd/y/Benchmark/results/spatial_svg_rebuild_v1/mouse_brain_serial_sections/mousebrainserialsections/graphst/sparkx/n2000/seed0/embedding.meta.json	scvi	/home/xd/y/Benchmark/results/spatial_svg_rebuild_v1/mouse_brain_serial_sections/mousebrainserialsections/scvi/sparkx/n2000/seed0/embedding.meta.json	d20851905274986b3bc22fb5af181595	d20851905274986b3bc22fb5af181595	PASS
/home/xd/y/Benchmark/results/spatial_svg_rebuild_v1/mouse_brain_serial_sections/mousebrainserialsections/graphst/sparkx/n2000/seed0/embedding.meta.json	cellcharter	/home/xd/y/Benchmark/results/spatial_svg_rebuild_v1/mouse_brain_serial_sections/mousebrainserialsections/cellcharter/sparkx/n2000/seed0/embedding.meta.json	d20851905274986b3bc22fb5af181595	d20851905274986b3bc22fb5af181595	PASS
/home/xd/y/Benchmark/results/spatial_svg_rebuild_v1/mouse_brain_serial_sections/mousebrainserialsections/graphst/sparkx/n2000/seed2/embedding.meta.json	scvi	/home/xd/y/Benchmark/results/spatial_svg_rebuild_v1/mouse_brain_serial_sections/mousebrainserialsections/scvi/sparkx/n2000/seed2/embedding.meta.json	d20851905274986b3bc22fb5af181595	d20851905274986b3bc22fb5af181595	PASS
/home/xd/y/Benchmark/results/spatial_svg_rebuild_v1/mouse_brain_serial_sections/mousebrainserialsections/graphst/sparkx/n2000/seed2/embedding.meta.json	cellcharter	/home/xd/y/Benchmark/results/spatial_svg_rebuild_v1/mouse_brain_serial_sections/mousebrainserialsections/cellcharter/sparkx/n2000/seed2/embedding.meta.json	d20851905274986b3bc22fb5af181595	d20851905274986b3bc22fb5af181595	PASS
/home/xd/y/Benchmark/results/spatial_svg_rebuild_v1/mouse_brain_serial_sections/mousebrainserialsections/graphst/sparkx/n2000/seed1/embedding.meta.json	scvi	/home/xd/y/Benchmark/results/spatial_svg_rebuild_v1/mouse_brain_serial_sections/mousebrainserialsections/scvi/sparkx/n2000/seed1/embedding.meta.json	d20851905274986b3bc22fb5af181595	d20851905274986b3bc22fb5af181595	PASS
/home/xd/y/Benchmark/results/spatial_svg_rebuild_v1/mouse_brain_serial_sections/mousebrainserialsections/graphst/sparkx/n2000/seed1/embedding.meta.json	cellcharter	/home/xd/y/Benchmark/results/spatial_svg_rebuild_v1/mouse_brain_serial_sections/mousebrainserialsections/cellcharter/sparkx/n2000/seed1/embedding.meta.json	d20851905274986b3bc22fb5af181595	d20851905274986b3bc22fb5af181595	PASS
/home/xd/y/Benchmark/results/spatial_svg_rebuild_v1/mouse_brain_serial_sections/mousebrainserialsections/graphst/morans_i/n2000/seed0/embedding.meta.json	scvi	/home/xd/y/Benchmark/results/spatial_svg_rebuild_v1/mouse_brain_serial_sections/mousebrainserialsections/scvi/morans_i/n2000/seed0/embedding.meta.json	0604696d585218b0efb06edc00d4fe63	0604696d585218b0efb06edc00d4fe63	PASS
/home/xd/y/Benchmark/results/spatial_svg_rebuild_v1/mouse_brain_serial_sections/mousebrainserialsections/graphst/morans_i/n2000/seed0/embedding.meta.json	cellcharter	/home/xd/y/Benchmark/results/spatial_svg_rebuild_v1/mouse_brain_serial_sections/mousebrainserialsections/cellcharter/morans_i/n2000/seed0/embedding.meta.json	0604696d585218b0efb06edc00d4fe63	0604696d585218b0efb06edc00d4fe63	PASS
/home/xd/y/Benchmark/results/spatial_svg_rebuild_v1/mouse_brain_serial_sections/mousebrainserialsections/graphst/morans_i/n2000/seed2/embedding.meta.json	scvi	/home/xd/y/Benchmark/results/spatial_svg_rebuild_v1/mouse_brain_serial_sections/mousebrainserialsections/scvi/morans_i/n2000/seed2/embedding.meta.json	0604696d585218b0efb06edc00d4fe63	0604696d585218b0efb06edc00d4fe63	PASS
/home/xd/y/Benchmark/results/spatial_svg_rebuild_v1/mouse_brain_serial_sections/mousebrainserialsections/graphst/morans_i/n2000/seed2/embedding.meta.json	cellcharter	/home/xd/y/Benchmark/results/spatial_svg_rebuild_v1/mouse_brain_serial_sections/mousebrainserialsections/cellcharter/morans_i/n2000/seed2/embedding.meta.json	0604696d585218b0efb06edc00d4fe63	0604696d585218b0efb06edc00d4fe63	PASS
/home/xd/y/Benchmark/results/spatial_svg_rebuild_v1/mouse_brain_serial_sections/mousebrainserialsections/graphst/morans_i/n2000/seed1/embedding.meta.json	scvi	/home/xd/y/Benchmark/results/spatial_svg_rebuild_v1/mouse_brain_serial_sections/mousebrainserialsections/scvi/morans_i/n2000/seed1/embedding.meta.json	0604696d585218b0efb06edc00d4fe63	0604696d585218b0efb06edc00d4fe63	PASS
/home/xd/y/Benchmark/results/spatial_svg_rebuild_v1/mouse_brain_serial_sections/mousebrainserialsections/graphst/morans_i/n2000/seed1/embedding.meta.json	cellcharter	/home/xd/y/Benchmark/results/spatial_svg_rebuild_v1/mouse_brain_serial_sections/mousebrainserialsections/cellcharter/morans_i/n2000/seed1/embedding.meta.json	0604696d585218b0efb06edc00d4fe63	0604696d585218b0efb06edc00d4fe63	PASS
/home/xd/y/Benchmark/results/spatial_svg_rebuild_v1/mouse_brain_serial_sections/mousebrainserialsections/graphst/seurat_mvp/n2000/seed0/embedding.meta.json	scvi	/home/xd/y/Benchmark/results/spatial_svg_rebuild_v1/mouse_brain_serial_sections/mousebrainserialsections/scvi/seurat_mvp/n2000/seed0/embedding.meta.json	372e6a21d6d270437de4a4751d072093	372e6a21d6d270437de4a4751d072093	PASS
/home/xd/y/Benchmark/results/spatial_svg_rebuild_v1/mouse_brain_serial_sections/mousebrainserialsections/graphst/seurat_mvp/n2000/seed0/embedding.meta.json	cellcharter	/home/xd/y/Benchmark/results/spatial_svg_rebuild_v1/mouse_brain_serial_sections/mousebrainserialsections/cellcharter/seurat_mvp/n2000/seed0/embedding.meta.json	372e6a21d6d270437de4a4751d072093	372e6a21d6d270437de4a4751d072093	PASS
/home/xd/y/Benchmark/results/spatial_svg_rebuild_v1/mouse_brain_serial_sections/mousebrainserialsections/graphst/seurat_mvp/n2000/seed2/embedding.meta.json	scvi	/home/xd/y/Benchmark/results/spatial_svg_rebuild_v1/mouse_brain_serial_sections/mousebrainserialsections/scvi/seurat_mvp/n2000/seed2/embedding.meta.json	372e6a21d6d270437de4a4751d072093	372e6a21d6d270437de4a4751d072093	PASS
/home/xd/y/Benchmark/results/spatial_svg_rebuild_v1/mouse_brain_serial_sections/mousebrainserialsections/graphst/seurat_mvp/n2000/seed2/embedding.meta.json	cellcharter	/home/xd/y/Benchmark/results/spatial_svg_rebuild_v1/mouse_brain_serial_sections/mousebrainserialsections/cellcharter/seurat_mvp/n2000/seed2/embedding.meta.json	372e6a21d6d270437de4a4751d072093	372e6a21d6d270437de4a4751d072093	PASS
/home/xd/y/Benchmark/results/spatial_svg_rebuild_v1/mouse_brain_serial_sections/mousebrainserialsections/graphst/seurat_mvp/n2000/seed1/embedding.meta.json	scvi	/home/xd/y/Benchmark/results/spatial_svg_rebuild_v1/mouse_brain_serial_sections/mousebrainserialsections/scvi/seurat_mvp/n2000/seed1/embedding.meta.json	372e6a21d6d270437de4a4751d072093	372e6a21d6d270437de4a4751d072093	PASS
/home/xd/y/Benchmark/results/spatial_svg_rebuild_v1/mouse_brain_serial_sections/mousebrainserialsections/graphst/seurat_mvp/n2000/seed1/embedding.meta.json	cellcharter	/home/xd/y/Benchmark/results/spatial_svg_rebuild_v1/mouse_brain_serial_sections/mousebrainserialsections/cellcharter/seurat_mvp/n2000/seed1/embedding.meta.json	372e6a21d6d270437de4a4751d072093	372e6a21d6d270437de4a4751d072093	PASS
/home/xd/y/Benchmark/results/spatial_svg_rebuild_v1/mouse_brain_serial_sections/mousebrainserialsections/graphst/osca/n2000/seed0/embedding.meta.json	scvi	/home/xd/y/Benchmark/results/spatial_svg_rebuild_v1/mouse_brain_serial_sections/mousebrainserialsections/scvi/osca/n2000/seed0/embedding.meta.json	5a91a27116105d944ed7375b76c50ec0	5a91a27116105d944ed7375b76c50ec0	PASS
/home/xd/y/Benchmark/results/spatial_svg_rebuild_v1/mouse_brain_serial_sections/mousebrainserialsections/graphst/osca/n2000/seed0/embedding.meta.json	cellcharter	/home/xd/y/Benchmark/results/spatial_svg_rebuild_v1/mouse_brain_serial_sections/mousebrainserialsections/cellcharter/osca/n2000/seed0/embedding.meta.json	5a91a27116105d944ed7375b76c50ec0	5a91a27116105d944ed7375b76c50ec0	PASS
/home/xd/y/Benchmark/results/spatial_svg_rebuild_v1/mouse_brain_serial_sections/mousebrainserialsections/graphst/osca/n2000/seed2/embedding.meta.json	scvi	/home/xd/y/Benchmark/results/spatial_svg_rebuild_v1/mouse_brain_serial_sections/mousebrainserialsections/scvi/osca/n2000/seed2/embedding.meta.json	5a91a27116105d944ed7375b76c50ec0	5a91a27116105d944ed7375b76c50ec0	PASS
/home/xd/y/Benchmark/results/spatial_svg_rebuild_v1/mouse_brain_serial_sections/mousebrainserialsections/graphst/osca/n2000/seed2/embedding.meta.json	cellcharter	/home/xd/y/Benchmark/results/spatial_svg_rebuild_v1/mouse_brain_serial_sections/mousebrainserialsections/cellcharter/osca/n2000/seed2/embedding.meta.json	5a91a27116105d944ed7375b76c50ec0	5a91a27116105d944ed7375b76c50ec0	PASS
/home/xd/y/Benchmark/results/spatial_svg_rebuild_v1/mouse_brain_serial_sections/mousebrainserialsections/graphst/osca/n2000/seed1/embedding.meta.json	scvi	/home/xd/y/Benchmark/results/spatial_svg_rebuild_v1/mouse_brain_serial_sections/mousebrainserialsections/scvi/osca/n2000/seed1/embedding.meta.json	5a91a27116105d944ed7375b76c50ec0	5a91a27116105d944ed7375b76c50ec0	PASS
/home/xd/y/Benchmark/results/spatial_svg_rebuild_v1/mouse_brain_serial_sections/mousebrainserialsections/graphst/osca/n2000/seed1/embedding.meta.json	cellcharter	/home/xd/y/Benchmark/results/spatial_svg_rebuild_v1/mouse_brain_serial_sections/mousebrainserialsections/cellcharter/osca/n2000/seed1/embedding.meta.json	5a91a27116105d944ed7375b76c50ec0	5a91a27116105d944ed7375b76c50ec0	PASS
/home/xd/y/Benchmark/results/spatial_svg_rebuild_v1/mouse_brain_serial_sections/mousebrainserialsections/graphst/scanpy_seurat_v3_batch/n2000/seed0/embedding.meta.json	scvi	/home/xd/y/Benchmark/results/spatial_svg_rebuild_v1/mouse_brain_serial_sections/mousebrainserialsections/scvi/scanpy_seurat_v3_batch/n2000/seed0/embedding.meta.json	1e7bda99b30fa745d713436a5340894e	1e7bda99b30fa745d713436a5340894e	PASS
/home/xd/y/Benchmark/results/spatial_svg_rebuild_v1/mouse_brain_serial_sections/mousebrainserialsections/graphst/scanpy_seurat_v3_batch/n2000/seed0/embedding.meta.json	cellcharter	/home/xd/y/Benchmark/results/spatial_svg_rebuild_v1/mouse_brain_serial_sections/mousebrainserialsections/cellcharter/scanpy_seurat_v3_batch/n2000/seed0/embedding.meta.json	1e7bda99b30fa745d713436a5340894e	1e7bda99b30fa745d713436a5340894e	PASS
/home/xd/y/Benchmark/results/spatial_svg_rebuild_v1/mouse_brain_serial_sections/mousebrainserialsections/graphst/scanpy_seurat_v3_batch/n2000/seed2/embedding.meta.json	scvi	/home/xd/y/Benchmark/results/spatial_svg_rebuild_v1/mouse_brain_serial_sections/mousebrainserialsections/scvi/scanpy_seurat_v3_batch/n2000/seed2/embedding.meta.json	1e7bda99b30fa745d713436a5340894e	1e7bda99b30fa745d713436a5340894e	PASS
/home/xd/y/Benchmark/results/spatial_svg_rebuild_v1/mouse_brain_serial_sections/mousebrainserialsections/graphst/scanpy_seurat_v3_batch/n2000/seed2/embedding.meta.json	cellcharter	/home/xd/y/Benchmark/results/spatial_svg_rebuild_v1/mouse_brain_serial_sections/mousebrainserialsections/cellcharter/scanpy_seurat_v3_batch/n2000/seed2/embedding.meta.json	1e7bda99b30fa745d713436a5340894e	1e7bda99b30fa745d713436a5340894e	PASS
/home/xd/y/Benchmark/results/spatial_svg_rebuild_v1/mouse_brain_serial_sections/mousebrainserialsections/graphst/scanpy_seurat_v3_batch/n2000/seed1/embedding.meta.json	scvi	/home/xd/y/Benchmark/results/spatial_svg_rebuild_v1/mouse_brain_serial_sections/mousebrainserialsections/scvi/scanpy_seurat_v3_batch/n2000/seed1/embedding.meta.json	1e7bda99b30fa745d713436a5340894e	1e7bda99b30fa745d713436a5340894e	PASS
/home/xd/y/Benchmark/results/spatial_svg_rebuild_v1/mouse_brain_serial_sections/mousebrainserialsections/graphst/scanpy_seurat_v3_batch/n2000/seed1/embedding.meta.json	cellcharter	/home/xd/y/Benchmark/results/spatial_svg_rebuild_v1/mouse_brain_serial_sections/mousebrainserialsections/cellcharter/scanpy_seurat_v3_batch/n2000/seed1/embedding.meta.json	1e7bda99b30fa745d713436a5340894e	1e7bda99b30fa745d713436a5340894e	PASS
/home/xd/y/Benchmark/results/spatial_svg_rebuild_v1/mouse_brain_serial_sections/mousebrainserialsections/graphst/statistic_variance/n2000/seed0/embedding.meta.json	scvi	/home/xd/y/Benchmark/results/spatial_svg_rebuild_v1/mouse_brain_serial_sections/mousebrainserialsections/scvi/statistic_variance/n2000/seed0/embedding.meta.json	bf0b455e0808979839149438c06353ae	bf0b455e0808979839149438c06353ae	PASS
/home/xd/y/Benchmark/results/spatial_svg_rebuild_v1/mouse_brain_serial_sections/mousebrainserialsections/graphst/statistic_variance/n2000/seed0/embedding.meta.json	cellcharter	/home/xd/y/Benchmark/results/spatial_svg_rebuild_v1/mouse_brain_serial_sections/mousebrainserialsections/cellcharter/statistic_variance/n2000/seed0/embedding.meta.json	bf0b455e0808979839149438c06353ae	bf0b455e0808979839149438c06353ae	PASS
/home/xd/y/Benchmark/results/spatial_svg_rebuild_v1/mouse_brain_serial_sections/mousebrainserialsections/graphst/statistic_variance/n2000/seed2/embedding.meta.json	scvi	/home/xd/y/Benchmark/results/spatial_svg_rebuild_v1/mouse_brain_serial_sections/mousebrainserialsections/scvi/statistic_variance/n2000/seed2/embedding.meta.json	bf0b455e0808979839149438c06353ae	bf0b455e0808979839149438c06353ae	PASS
/home/xd/y/Benchmark/results/spatial_svg_rebuild_v1/mouse_brain_serial_sections/mousebrainserialsections/graphst/statistic_variance/n2000/seed2/embedding.meta.json	cellcharter	/home/xd/y/Benchmark/results/spatial_svg_rebuild_v1/mouse_brain_serial_sections/mousebrainserialsections/cellcharter/statistic_variance/n2000/seed2/embedding.meta.json	bf0b455e0808979839149438c06353ae	bf0b455e0808979839149438c06353ae	PASS
/home/xd/y/Benchmark/results/spatial_svg_rebuild_v1/mouse_brain_serial_sections/mousebrainserialsections/graphst/statistic_variance/n2000/seed1/embedding.meta.json	scvi	/home/xd/y/Benchmark/results/spatial_svg_rebuild_v1/mouse_brain_serial_sections/mousebrainserialsections/scvi/statistic_variance/n2000/seed1/embedding.meta.json	bf0b455e0808979839149438c06353ae	bf0b455e0808979839149438c06353ae	PASS
/home/xd/y/Benchmark/results/spatial_svg_rebuild_v1/mouse_brain_serial_sections/mousebrainserialsections/graphst/statistic_variance/n2000/seed1/embedding.meta.json	cellcharter	/home/xd/y/Benchmark/results/spatial_svg_rebuild_v1/mouse_brain_serial_sections/mousebrainserialsections/cellcharter/statistic_variance/n2000/seed1/embedding.meta.json	bf0b455e0808979839149438c06353ae	bf0b455e0808979839149438c06353ae	PASS
/home/xd/y/Benchmark/results/spatial_svg_rebuild_v1/mouse_brain_serial_sections/mousebrainserialsections/graphst/spatialde/n2000/seed0/embedding.meta.json	scvi	/home/xd/y/Benchmark/results/spatial_svg_rebuild_v1/mouse_brain_serial_sections/mousebrainserialsections/scvi/spatialde/n2000/seed0/embedding.meta.json	62d00c84bcc2e917b6e06f43298031dd	62d00c84bcc2e917b6e06f43298031dd	PASS
/home/xd/y/Benchmark/results/spatial_svg_rebuild_v1/mouse_brain_serial_sections/mousebrainserialsections/graphst/spatialde/n2000/seed0/embedding.meta.json	cellcharter	/home/xd/y/Benchmark/results/spatial_svg_rebuild_v1/mouse_brain_serial_sections/mousebrainserialsections/cellcharter/spatialde/n2000/seed0/embedding.meta.json	62d00c84bcc2e917b6e06f43298031dd	62d00c84bcc2e917b6e06f43298031dd	PASS
/home/xd/y/Benchmark/results/spatial_svg_rebuild_v1/mouse_brain_serial_sections/mousebrainserialsections/graphst/spatialde/n2000/seed2/embedding.meta.json	scvi	/home/xd/y/Benchmark/results/spatial_svg_rebuild_v1/mouse_brain_serial_sections/mousebrainserialsections/scvi/spatialde/n2000/seed2/embedding.meta.json	679166d2cf6700e93e6d95b19cba5797	679166d2cf6700e93e6d95b19cba5797	PASS
/home/xd/y/Benchmark/results/spatial_svg_rebuild_v1/mouse_brain_serial_sections/mousebrainserialsections/graphst/spatialde/n2000/seed2/embedding.meta.json	cellcharter	/home/xd/y/Benchmark/results/spatial_svg_rebuild_v1/mouse_brain_serial_sections/mousebrainserialsections/cellcharter/spatialde/n2000/seed2/embedding.meta.json	679166d2cf6700e93e6d95b19cba5797	679166d2cf6700e93e6d95b19cba5797	PASS
/home/xd/y/Benchmark/results/spatial_svg_rebuild_v1/mouse_brain_serial_sections/mousebrainserialsections/graphst/spatialde/n2000/seed1/embedding.meta.json	scvi	/home/xd/y/Benchmark/results/spatial_svg_rebuild_v1/mouse_brain_serial_sections/mousebrainserialsections/scvi/spatialde/n2000/seed1/embedding.meta.json	912c1794a873042a2301e7b0ea74b785	912c1794a873042a2301e7b0ea74b785	PASS
/home/xd/y/Benchmark/results/spatial_svg_rebuild_v1/mouse_brain_serial_sections/mousebrainserialsections/graphst/spatialde/n2000/seed1/embedding.meta.json	cellcharter	/home/xd/y/Benchmark/results/spatial_svg_rebuild_v1/mouse_brain_serial_sections/mousebrainserialsections/cellcharter/spatialde/n2000/seed1/embedding.meta.json	912c1794a873042a2301e7b0ea74b785	912c1794a873042a2301e7b0ea74b785	PASS
/home/xd/y/Benchmark/results/spatial_svg_rebuild_v1/mouse_brain_serial_sections/mousebrainserialsections/graphst/Brennecke/n2000/seed0/embedding.meta.json	scvi	/home/xd/y/Benchmark/results/spatial_svg_rebuild_v1/mouse_brain_serial_sections/mousebrainserialsections/scvi/Brennecke/n2000/seed0/embedding.meta.json	be94ff0e77cbd7990225ddf8a071524c	be94ff0e77cbd7990225ddf8a071524c	PASS
/home/xd/y/Benchmark/results/spatial_svg_rebuild_v1/mouse_brain_serial_sections/mousebrainserialsections/graphst/Brennecke/n2000/seed0/embedding.meta.json	cellcharter	/home/xd/y/Benchmark/results/spatial_svg_rebuild_v1/mouse_brain_serial_sections/mousebrainserialsections/cellcharter/Brennecke/n2000/seed0/embedding.meta.json	be94ff0e77cbd7990225ddf8a071524c	be94ff0e77cbd7990225ddf8a071524c	PASS
/home/xd/y/Benchmark/results/spatial_svg_rebuild_v1/mouse_brain_serial_sections/mousebrainserialsections/graphst/Brennecke/n2000/seed2/embedding.meta.json	scvi	/home/xd/y/Benchmark/results/spatial_svg_rebuild_v1/mouse_brain_serial_sections/mousebrainserialsections/scvi/Brennecke/n2000/seed2/embedding.meta.json	be94ff0e77cbd7990225ddf8a071524c	be94ff0e77cbd7990225ddf8a071524c	PASS
/home/xd/y/Benchmark/results/spatial_svg_rebuild_v1/mouse_brain_serial_sections/mousebrainserialsections/graphst/Brennecke/n2000/seed2/embedding.meta.json	cellcharter	/home/xd/y/Benchmark/results/spatial_svg_rebuild_v1/mouse_brain_serial_sections/mousebrainserialsections/cellcharter/Brennecke/n2000/seed2/embedding.meta.json	be94ff0e77cbd7990225ddf8a071524c	be94ff0e77cbd7990225ddf8a071524c	PASS
/home/xd/y/Benchmark/results/spatial_svg_rebuild_v1/mouse_brain_serial_sections/mousebrainserialsections/graphst/Brennecke/n2000/seed1/embedding.meta.json	scvi	/home/xd/y/Benchmark/results/spatial_svg_rebuild_v1/mouse_brain_serial_sections/mousebrainserialsections/scvi/Brennecke/n2000/seed1/embedding.meta.json	be94ff0e77cbd7990225ddf8a071524c	be94ff0e77cbd7990225ddf8a071524c	PASS
/home/xd/y/Benchmark/results/spatial_svg_rebuild_v1/mouse_brain_serial_sections/mousebrainserialsections/graphst/Brennecke/n2000/seed1/embedding.meta.json	cellcharter	/home/xd/y/Benchmark/results/spatial_svg_rebuild_v1/mouse_brain_serial_sections/mousebrainserialsections/cellcharter/Brennecke/n2000/seed1/embedding.meta.json	be94ff0e77cbd7990225ddf8a071524c	be94ff0e77cbd7990225ddf8a071524c	PASS
/home/xd/y/Benchmark/results/spatial_svg_rebuild_v1/mouse_brain_serial_sections/mousebrainserialsections/graphst/scanpy_seurat_batch/n2000/seed0/embedding.meta.json	scvi	/home/xd/y/Benchmark/results/spatial_svg_rebuild_v1/mouse_brain_serial_sections/mousebrainserialsections/scvi/scanpy_seurat_batch/n2000/seed0/embedding.meta.json	6f1dd0f4164bf9b5c5d722e3ea10690b	6f1dd0f4164bf9b5c5d722e3ea10690b	PASS
/home/xd/y/Benchmark/results/spatial_svg_rebuild_v1/mouse_brain_serial_sections/mousebrainserialsections/graphst/scanpy_seurat_batch/n2000/seed0/embedding.meta.json	cellcharter	/home/xd/y/Benchmark/results/spatial_svg_rebuild_v1/mouse_brain_serial_sections/mousebrainserialsections/cellcharter/scanpy_seurat_batch/n2000/seed0/embedding.meta.json	6f1dd0f4164bf9b5c5d722e3ea10690b	6f1dd0f4164bf9b5c5d722e3ea10690b	PASS
/home/xd/y/Benchmark/results/spatial_svg_rebuild_v1/mouse_brain_serial_sections/mousebrainserialsections/graphst/scanpy_seurat_batch/n2000/seed2/embedding.meta.json	scvi	/home/xd/y/Benchmark/results/spatial_svg_rebuild_v1/mouse_brain_serial_sections/mousebrainserialsections/scvi/scanpy_seurat_batch/n2000/seed2/embedding.meta.json	6f1dd0f4164bf9b5c5d722e3ea10690b	6f1dd0f4164bf9b5c5d722e3ea10690b	PASS
/home/xd/y/Benchmark/results/spatial_svg_rebuild_v1/mouse_brain_serial_sections/mousebrainserialsections/graphst/scanpy_seurat_batch/n2000/seed2/embedding.meta.json	cellcharter	/home/xd/y/Benchmark/results/spatial_svg_rebuild_v1/mouse_brain_serial_sections/mousebrainserialsections/cellcharter/scanpy_seurat_batch/n2000/seed2/embedding.meta.json	6f1dd0f4164bf9b5c5d722e3ea10690b	6f1dd0f4164bf9b5c5d722e3ea10690b	PASS
/home/xd/y/Benchmark/results/spatial_svg_rebuild_v1/mouse_brain_serial_sections/mousebrainserialsections/graphst/scanpy_seurat_batch/n2000/seed1/embedding.meta.json	scvi	/home/xd/y/Benchmark/results/spatial_svg_rebuild_v1/mouse_brain_serial_sections/mousebrainserialsections/scvi/scanpy_seurat_batch/n2000/seed1/embedding.meta.json	6f1dd0f4164bf9b5c5d722e3ea10690b	6f1dd0f4164bf9b5c5d722e3ea10690b	PASS
/home/xd/y/Benchmark/results/spatial_svg_rebuild_v1/mouse_brain_serial_sections/mousebrainserialsections/graphst/scanpy_seurat_batch/n2000/seed1/embedding.meta.json	cellcharter	/home/xd/y/Benchmark/results/spatial_svg_rebuild_v1/mouse_brain_serial_sections/mousebrainserialsections/cellcharter/scanpy_seurat_batch/n2000/seed1/embedding.meta.json	6f1dd0f4164bf9b5c5d722e3ea10690b	6f1dd0f4164bf9b5c5d722e3ea10690b	PASS
/home/xd/y/Benchmark/results/spatial_svg_rebuild_v1/mouse_brain_serial_sections/mousebrainserialsections/graphst/scanpy_cell_ranger_batch/n2000/seed0/embedding.meta.json	scvi	/home/xd/y/Benchmark/results/spatial_svg_rebuild_v1/mouse_brain_serial_sections/mousebrainserialsections/scvi/scanpy_cell_ranger_batch/n2000/seed0/embedding.meta.json	d98478e4f22be74ca53cfab112b4e32d	d98478e4f22be74ca53cfab112b4e32d	PASS
/home/xd/y/Benchmark/results/spatial_svg_rebuild_v1/mouse_brain_serial_sections/mousebrainserialsections/graphst/scanpy_cell_ranger_batch/n2000/seed0/embedding.meta.json	cellcharter	/home/xd/y/Benchmark/results/spatial_svg_rebuild_v1/mouse_brain_serial_sections/mousebrainserialsections/cellcharter/scanpy_cell_ranger_batch/n2000/seed0/embedding.meta.json	d98478e4f22be74ca53cfab112b4e32d	d98478e4f22be74ca53cfab112b4e32d	PASS
/home/xd/y/Benchmark/results/spatial_svg_rebuild_v1/mouse_brain_serial_sections/mousebrainserialsections/graphst/scanpy_cell_ranger_batch/n2000/seed2/embedding.meta.json	scvi	/home/xd/y/Benchmark/results/spatial_svg_rebuild_v1/mouse_brain_serial_sections/mousebrainserialsections/scvi/scanpy_cell_ranger_batch/n2000/seed2/embedding.meta.json	d98478e4f22be74ca53cfab112b4e32d	d98478e4f22be74ca53cfab112b4e32d	PASS
/home/xd/y/Benchmark/results/spatial_svg_rebuild_v1/mouse_brain_serial_sections/mousebrainserialsections/graphst/scanpy_cell_ranger_batch/n2000/seed2/embedding.meta.json	cellcharter	/home/xd/y/Benchmark/results/spatial_svg_rebuild_v1/mouse_brain_serial_sections/mousebrainserialsections/cellcharter/scanpy_cell_ranger_batch/n2000/seed2/embedding.meta.json	d98478e4f22be74ca53cfab112b4e32d	d98478e4f22be74ca53cfab112b4e32d	PASS
/home/xd/y/Benchmark/results/spatial_svg_rebuild_v1/mouse_brain_serial_sections/mousebrainserialsections/graphst/scanpy_cell_ranger_batch/n2000/seed1/embedding.meta.json	scvi	/home/xd/y/Benchmark/results/spatial_svg_rebuild_v1/mouse_brain_serial_sections/mousebrainserialsections/scvi/scanpy_cell_ranger_batch/n2000/seed1/embedding.meta.json	d98478e4f22be74ca53cfab112b4e32d	d98478e4f22be74ca53cfab112b4e32d	PASS
/home/xd/y/Benchmark/results/spatial_svg_rebuild_v1/mouse_brain_serial_sections/mousebrainserialsections/graphst/scanpy_cell_ranger_batch/n2000/seed1/embedding.meta.json	cellcharter	/home/xd/y/Benchmark/results/spatial_svg_rebuild_v1/mouse_brain_serial_sections/mousebrainserialsections/cellcharter/scanpy_cell_ranger_batch/n2000/seed1/embedding.meta.json	d98478e4f22be74ca53cfab112b4e32d	d98478e4f22be74ca53cfab112b4e32d	PASS
/home/xd/y/Benchmark/results/spatial_svg_rebuild_v1/mouse_brain_serial_sections/mousebrainserialsections/graphst/scanpy_seurat/n2000/seed0/embedding.meta.json	scvi	/home/xd/y/Benchmark/results/spatial_svg_rebuild_v1/mouse_brain_serial_sections/mousebrainserialsections/scvi/scanpy_seurat/n2000/seed0/embedding.meta.json	de7f2a6a25f8793155545fa3ea72c8eb	de7f2a6a25f8793155545fa3ea72c8eb	PASS
/home/xd/y/Benchmark/results/spatial_svg_rebuild_v1/mouse_brain_serial_sections/mousebrainserialsections/graphst/scanpy_seurat/n2000/seed0/embedding.meta.json	cellcharter	/home/xd/y/Benchmark/results/spatial_svg_rebuild_v1/mouse_brain_serial_sections/mousebrainserialsections/cellcharter/scanpy_seurat/n2000/seed0/embedding.meta.json	de7f2a6a25f8793155545fa3ea72c8eb	de7f2a6a25f8793155545fa3ea72c8eb	PASS
/home/xd/y/Benchmark/results/spatial_svg_rebuild_v1/mouse_brain_serial_sections/mousebrainserialsections/graphst/scanpy_seurat/n2000/seed2/embedding.meta.json	scvi	/home/xd/y/Benchmark/results/spatial_svg_rebuild_v1/mouse_brain_serial_sections/mousebrainserialsections/scvi/scanpy_seurat/n2000/seed2/embedding.meta.json	de7f2a6a25f8793155545fa3ea72c8eb	de7f2a6a25f8793155545fa3ea72c8eb	PASS
/home/xd/y/Benchmark/results/spatial_svg_rebuild_v1/mouse_brain_serial_sections/mousebrainserialsections/graphst/scanpy_seurat/n2000/seed2/embedding.meta.json	cellcharter	/home/xd/y/Benchmark/results/spatial_svg_rebuild_v1/mouse_brain_serial_sections/mousebrainserialsections/cellcharter/scanpy_seurat/n2000/seed2/embedding.meta.json	de7f2a6a25f8793155545fa3ea72c8eb	de7f2a6a25f8793155545fa3ea72c8eb	PASS
/home/xd/y/Benchmark/results/spatial_svg_rebuild_v1/mouse_brain_serial_sections/mousebrainserialsections/graphst/scanpy_seurat/n2000/seed1/embedding.meta.json	scvi	/home/xd/y/Benchmark/results/spatial_svg_rebuild_v1/mouse_brain_serial_sections/mousebrainserialsections/scvi/scanpy_seurat/n2000/seed1/embedding.meta.json	de7f2a6a25f8793155545fa3ea72c8eb	de7f2a6a25f8793155545fa3ea72c8eb	PASS
/home/xd/y/Benchmark/results/spatial_svg_rebuild_v1/mouse_brain_serial_sections/mousebrainserialsections/graphst/scanpy_seurat/n2000/seed1/embedding.meta.json	cellcharter	/home/xd/y/Benchmark/results/spatial_svg_rebuild_v1/mouse_brain_serial_sections/mousebrainserialsections/cellcharter/scanpy_seurat/n2000/seed1/embedding.meta.json	de7f2a6a25f8793155545fa3ea72c8eb	de7f2a6a25f8793155545fa3ea72c8eb	PASS
/home/xd/y/Benchmark/results/spatial_svg_rebuild_v1/mouse_brain_serial_sections/mousebrainserialsections/graphst/seurat_disp/n2000/seed0/embedding.meta.json	scvi	/home/xd/y/Benchmark/results/spatial_svg_rebuild_v1/mouse_brain_serial_sections/mousebrainserialsections/scvi/seurat_disp/n2000/seed0/embedding.meta.json	eb301746c1985e878b4992806960a246	eb301746c1985e878b4992806960a246	PASS
/home/xd/y/Benchmark/results/spatial_svg_rebuild_v1/mouse_brain_serial_sections/mousebrainserialsections/graphst/seurat_disp/n2000/seed0/embedding.meta.json	cellcharter	/home/xd/y/Benchmark/results/spatial_svg_rebuild_v1/mouse_brain_serial_sections/mousebrainserialsections/cellcharter/seurat_disp/n2000/seed0/embedding.meta.json	eb301746c1985e878b4992806960a246	eb301746c1985e878b4992806960a246	PASS
/home/xd/y/Benchmark/results/spatial_svg_rebuild_v1/mouse_brain_serial_sections/mousebrainserialsections/graphst/seurat_disp/n2000/seed2/embedding.meta.json	scvi	/home/xd/y/Benchmark/results/spatial_svg_rebuild_v1/mouse_brain_serial_sections/mousebrainserialsections/scvi/seurat_disp/n2000/seed2/embedding.meta.json	eb301746c1985e878b4992806960a246	eb301746c1985e878b4992806960a246	PASS
/home/xd/y/Benchmark/results/spatial_svg_rebuild_v1/mouse_brain_serial_sections/mousebrainserialsections/graphst/seurat_disp/n2000/seed2/embedding.meta.json	cellcharter	/home/xd/y/Benchmark/results/spatial_svg_rebuild_v1/mouse_brain_serial_sections/mousebrainserialsections/cellcharter/seurat_disp/n2000/seed2/embedding.meta.json	eb301746c1985e878b4992806960a246	eb301746c1985e878b4992806960a246	PASS
/home/xd/y/Benchmark/results/spatial_svg_rebuild_v1/mouse_brain_serial_sections/mousebrainserialsections/graphst/seurat_disp/n2000/seed1/embedding.meta.json	scvi	/home/xd/y/Benchmark/results/spatial_svg_rebuild_v1/mouse_brain_serial_sections/mousebrainserialsections/scvi/seurat_disp/n2000/seed1/embedding.meta.json	eb301746c1985e878b4992806960a246	eb301746c1985e878b4992806960a246	PASS
/home/xd/y/Benchmark/results/spatial_svg_rebuild_v1/mouse_brain_serial_sections/mousebrainserialsections/graphst/seurat_disp/n2000/seed1/embedding.meta.json	cellcharter	/home/xd/y/Benchmark/results/spatial_svg_rebuild_v1/mouse_brain_serial_sections/mousebrainserialsections/cellcharter/seurat_disp/n2000/seed1/embedding.meta.json	eb301746c1985e878b4992806960a246	eb301746c1985e878b4992806960a246	PASS
/home/xd/y/Benchmark/results/spatial_svg_rebuild_v1/mouse_brain_serial_sections/mousebrainserialsections/graphst/nbumi/n2000/seed0/embedding.meta.json	scvi	/home/xd/y/Benchmark/results/spatial_svg_rebuild_v1/mouse_brain_serial_sections/mousebrainserialsections/scvi/nbumi/n2000/seed0/embedding.meta.json	01d1ba63667a191604f9138ed25dc9f2	01d1ba63667a191604f9138ed25dc9f2	PASS
/home/xd/y/Benchmark/results/spatial_svg_rebuild_v1/mouse_brain_serial_sections/mousebrainserialsections/graphst/nbumi/n2000/seed0/embedding.meta.json	cellcharter	/home/xd/y/Benchmark/results/spatial_svg_rebuild_v1/mouse_brain_serial_sections/mousebrainserialsections/cellcharter/nbumi/n2000/seed0/embedding.meta.json	01d1ba63667a191604f9138ed25dc9f2	01d1ba63667a191604f9138ed25dc9f2	PASS
/home/xd/y/Benchmark/results/spatial_svg_rebuild_v1/mouse_brain_serial_sections/mousebrainserialsections/graphst/nbumi/n2000/seed2/embedding.meta.json	scvi	/home/xd/y/Benchmark/results/spatial_svg_rebuild_v1/mouse_brain_serial_sections/mousebrainserialsections/scvi/nbumi/n2000/seed2/embedding.meta.json	9fea08a28a71415b4e337ed5c2ed9105	9fea08a28a71415b4e337ed5c2ed9105	PASS
/home/xd/y/Benchmark/results/spatial_svg_rebuild_v1/mouse_brain_serial_sections/mousebrainserialsections/graphst/nbumi/n2000/seed2/embedding.meta.json	cellcharter	/home/xd/y/Benchmark/results/spatial_svg_rebuild_v1/mouse_brain_serial_sections/mousebrainserialsections/cellcharter/nbumi/n2000/seed2/embedding.meta.json	9fea08a28a71415b4e337ed5c2ed9105	9fea08a28a71415b4e337ed5c2ed9105	PASS
/home/xd/y/Benchmark/results/spatial_svg_rebuild_v1/mouse_brain_serial_sections/mousebrainserialsections/graphst/nbumi/n2000/seed1/embedding.meta.json	scvi	/home/xd/y/Benchmark/results/spatial_svg_rebuild_v1/mouse_brain_serial_sections/mousebrainserialsections/scvi/nbumi/n2000/seed1/embedding.meta.json	237e43cd6d8a4efbe63d55e392777c7e	237e43cd6d8a4efbe63d55e392777c7e	PASS
/home/xd/y/Benchmark/results/spatial_svg_rebuild_v1/mouse_brain_serial_sections/mousebrainserialsections/graphst/nbumi/n2000/seed1/embedding.meta.json	cellcharter	/home/xd/y/Benchmark/results/spatial_svg_rebuild_v1/mouse_brain_serial_sections/mousebrainserialsections/cellcharter/nbumi/n2000/seed1/embedding.meta.json	237e43cd6d8a4efbe63d55e392777c7e	237e43cd6d8a4efbe63d55e392777c7e	PASS
/home/xd/y/Benchmark/results/spatial_svg_rebuild_v1/mouse_brain_serial_sections/mousebrainserialsections/graphst/seurat_vst/n2000/seed0/embedding.meta.json	scvi	/home/xd/y/Benchmark/results/spatial_svg_rebuild_v1/mouse_brain_serial_sections/mousebrainserialsections/scvi/seurat_vst/n2000/seed0/embedding.meta.json	511a852fc177aa298bd416a5e78ece0e	511a852fc177aa298bd416a5e78ece0e	PASS
/home/xd/y/Benchmark/results/spatial_svg_rebuild_v1/mouse_brain_serial_sections/mousebrainserialsections/graphst/seurat_vst/n2000/seed0/embedding.meta.json	cellcharter	/home/xd/y/Benchmark/results/spatial_svg_rebuild_v1/mouse_brain_serial_sections/mousebrainserialsections/cellcharter/seurat_vst/n2000/seed0/embedding.meta.json	511a852fc177aa298bd416a5e78ece0e	511a852fc177aa298bd416a5e78ece0e	PASS
/home/xd/y/Benchmark/results/spatial_svg_rebuild_v1/mouse_brain_serial_sections/mousebrainserialsections/graphst/seurat_vst/n2000/seed2/embedding.meta.json	scvi	/home/xd/y/Benchmark/results/spatial_svg_rebuild_v1/mouse_brain_serial_sections/mousebrainserialsections/scvi/seurat_vst/n2000/seed2/embedding.meta.json	511a852fc177aa298bd416a5e78ece0e	511a852fc177aa298bd416a5e78ece0e	PASS
/home/xd/y/Benchmark/results/spatial_svg_rebuild_v1/mouse_brain_serial_sections/mousebrainserialsections/graphst/seurat_vst/n2000/seed2/embedding.meta.json	cellcharter	/home/xd/y/Benchmark/results/spatial_svg_rebuild_v1/mouse_brain_serial_sections/mousebrainserialsections/cellcharter/seurat_vst/n2000/seed2/embedding.meta.json	511a852fc177aa298bd416a5e78ece0e	511a852fc177aa298bd416a5e78ece0e	PASS
/home/xd/y/Benchmark/results/spatial_svg_rebuild_v1/mouse_brain_serial_sections/mousebrainserialsections/graphst/seurat_vst/n2000/seed1/embedding.meta.json	scvi	/home/xd/y/Benchmark/results/spatial_svg_rebuild_v1/mouse_brain_serial_sections/mousebrainserialsections/scvi/seurat_vst/n2000/seed1/embedding.meta.json	511a852fc177aa298bd416a5e78ece0e	511a852fc177aa298bd416a5e78ece0e	PASS
/home/xd/y/Benchmark/results/spatial_svg_rebuild_v1/mouse_brain_serial_sections/mousebrainserialsections/graphst/seurat_vst/n2000/seed1/embedding.meta.json	cellcharter	/home/xd/y/Benchmark/results/spatial_svg_rebuild_v1/mouse_brain_serial_sections/mousebrainserialsections/cellcharter/seurat_vst/n2000/seed1/embedding.meta.json	511a852fc177aa298bd416a5e78ece0e	511a852fc177aa298bd416a5e78ece0e	PASS
/home/xd/y/Benchmark/results/spatial_svg_rebuild_v1/mouse_brain_serial_sections/mousebrainserialsections/graphst/scry/n2000/seed0/embedding.meta.json	scvi	/home/xd/y/Benchmark/results/spatial_svg_rebuild_v1/mouse_brain_serial_sections/mousebrainserialsections/scvi/scry/n2000/seed0/embedding.meta.json	6fc4bbb625f4480ddc02c7731daf5da3	6fc4bbb625f4480ddc02c7731daf5da3	PASS
/home/xd/y/Benchmark/results/spatial_svg_rebuild_v1/mouse_brain_serial_sections/mousebrainserialsections/graphst/scry/n2000/seed0/embedding.meta.json	cellcharter	/home/xd/y/Benchmark/results/spatial_svg_rebuild_v1/mouse_brain_serial_sections/mousebrainserialsections/cellcharter/scry/n2000/seed0/embedding.meta.json	6fc4bbb625f4480ddc02c7731daf5da3	6fc4bbb625f4480ddc02c7731daf5da3	PASS
/home/xd/y/Benchmark/results/spatial_svg_rebuild_v1/mouse_brain_serial_sections/mousebrainserialsections/graphst/scry/n2000/seed2/embedding.meta.json	scvi	/home/xd/y/Benchmark/results/spatial_svg_rebuild_v1/mouse_brain_serial_sections/mousebrainserialsections/scvi/scry/n2000/seed2/embedding.meta.json	6fc4bbb625f4480ddc02c7731daf5da3	6fc4bbb625f4480ddc02c7731daf5da3	PASS
/home/xd/y/Benchmark/results/spatial_svg_rebuild_v1/mouse_brain_serial_sections/mousebrainserialsections/graphst/scry/n2000/seed2/embedding.meta.json	cellcharter	/home/xd/y/Benchmark/results/spatial_svg_rebuild_v1/mouse_brain_serial_sections/mousebrainserialsections/cellcharter/scry/n2000/seed2/embedding.meta.json	6fc4bbb625f4480ddc02c7731daf5da3	6fc4bbb625f4480ddc02c7731daf5da3	PASS
/home/xd/y/Benchmark/results/spatial_svg_rebuild_v1/mouse_brain_serial_sections/mousebrainserialsections/graphst/scry/n2000/seed1/embedding.meta.json	scvi	/home/xd/y/Benchmark/results/spatial_svg_rebuild_v1/mouse_brain_serial_sections/mousebrainserialsections/scvi/scry/n2000/seed1/embedding.meta.json	6fc4bbb625f4480ddc02c7731daf5da3	6fc4bbb625f4480ddc02c7731daf5da3	PASS
/home/xd/y/Benchmark/results/spatial_svg_rebuild_v1/mouse_brain_serial_sections/mousebrainserialsections/graphst/scry/n2000/seed1/embedding.meta.json	cellcharter	/home/xd/y/Benchmark/results/spatial_svg_rebuild_v1/mouse_brain_serial_sections/mousebrainserialsections/cellcharter/scry/n2000/seed1/embedding.meta.json	6fc4bbb625f4480ddc02c7731daf5da3	6fc4bbb625f4480ddc02c7731daf5da3	PASS
/home/xd/y/Benchmark/results/spatial_svg_rebuild_v1/stomics_0224/stomics0224/graphst/somde/n2000/seed0/embedding.meta.json	scvi	/home/xd/y/Benchmark/results/spatial_svg_rebuild_v1/stomics_0224/stomics0224/scvi/somde/n2000/seed0/embedding.meta.json	fa5d3458cb3f00d20663e7e55d0d4bfa	fa5d3458cb3f00d20663e7e55d0d4bfa	PASS
/home/xd/y/Benchmark/results/spatial_svg_rebuild_v1/stomics_0224/stomics0224/graphst/somde/n2000/seed0/embedding.meta.json	cellcharter	/home/xd/y/Benchmark/results/spatial_svg_rebuild_v1/stomics_0224/stomics0224/cellcharter/somde/n2000/seed0/embedding.meta.json	fa5d3458cb3f00d20663e7e55d0d4bfa	fa5d3458cb3f00d20663e7e55d0d4bfa	PASS
/home/xd/y/Benchmark/results/spatial_svg_rebuild_v1/stomics_0224/stomics0224/graphst/somde/n2000/seed2/embedding.meta.json	scvi	/home/xd/y/Benchmark/results/spatial_svg_rebuild_v1/stomics_0224/stomics0224/scvi/somde/n2000/seed2/embedding.meta.json	fa5d3458cb3f00d20663e7e55d0d4bfa	fa5d3458cb3f00d20663e7e55d0d4bfa	PASS
/home/xd/y/Benchmark/results/spatial_svg_rebuild_v1/stomics_0224/stomics0224/graphst/somde/n2000/seed2/embedding.meta.json	cellcharter	/home/xd/y/Benchmark/results/spatial_svg_rebuild_v1/stomics_0224/stomics0224/cellcharter/somde/n2000/seed2/embedding.meta.json	fa5d3458cb3f00d20663e7e55d0d4bfa	fa5d3458cb3f00d20663e7e55d0d4bfa	PASS
/home/xd/y/Benchmark/results/spatial_svg_rebuild_v1/stomics_0224/stomics0224/graphst/somde/n2000/seed1/embedding.meta.json	scvi	/home/xd/y/Benchmark/results/spatial_svg_rebuild_v1/stomics_0224/stomics0224/scvi/somde/n2000/seed1/embedding.meta.json	fa5d3458cb3f00d20663e7e55d0d4bfa	fa5d3458cb3f00d20663e7e55d0d4bfa	PASS
/home/xd/y/Benchmark/results/spatial_svg_rebuild_v1/stomics_0224/stomics0224/graphst/somde/n2000/seed1/embedding.meta.json	cellcharter	/home/xd/y/Benchmark/results/spatial_svg_rebuild_v1/stomics_0224/stomics0224/cellcharter/somde/n2000/seed1/embedding.meta.json	fa5d3458cb3f00d20663e7e55d0d4bfa	fa5d3458cb3f00d20663e7e55d0d4bfa	PASS
/home/xd/y/Benchmark/results/spatial_svg_rebuild_v1/stomics_0224/stomics0224/graphst/scPNMF/n2000/seed0/embedding.meta.json	scvi	/home/xd/y/Benchmark/results/spatial_svg_rebuild_v1/stomics_0224/stomics0224/scvi/scPNMF/n2000/seed0/embedding.meta.json	0dca93c1645f1f30f69f1c8d792869da	0dca93c1645f1f30f69f1c8d792869da	PASS
/home/xd/y/Benchmark/results/spatial_svg_rebuild_v1/stomics_0224/stomics0224/graphst/scPNMF/n2000/seed0/embedding.meta.json	cellcharter	/home/xd/y/Benchmark/results/spatial_svg_rebuild_v1/stomics_0224/stomics0224/cellcharter/scPNMF/n2000/seed0/embedding.meta.json	0dca93c1645f1f30f69f1c8d792869da	0dca93c1645f1f30f69f1c8d792869da	PASS
/home/xd/y/Benchmark/results/spatial_svg_rebuild_v1/stomics_0224/stomics0224/graphst/scPNMF/n2000/seed2/embedding.meta.json	scvi	/home/xd/y/Benchmark/results/spatial_svg_rebuild_v1/stomics_0224/stomics0224/scvi/scPNMF/n2000/seed2/embedding.meta.json	9841c5451b49f901ef6277bb14351408	9841c5451b49f901ef6277bb14351408	PASS
/home/xd/y/Benchmark/results/spatial_svg_rebuild_v1/stomics_0224/stomics0224/graphst/scPNMF/n2000/seed2/embedding.meta.json	cellcharter	/home/xd/y/Benchmark/results/spatial_svg_rebuild_v1/stomics_0224/stomics0224/cellcharter/scPNMF/n2000/seed2/embedding.meta.json	9841c5451b49f901ef6277bb14351408	9841c5451b49f901ef6277bb14351408	PASS
/home/xd/y/Benchmark/results/spatial_svg_rebuild_v1/stomics_0224/stomics0224/graphst/scPNMF/n2000/seed1/embedding.meta.json	scvi	/home/xd/y/Benchmark/results/spatial_svg_rebuild_v1/stomics_0224/stomics0224/scvi/scPNMF/n2000/seed1/embedding.meta.json	6f4d768c63abc8bb3c1676552e0b8542	6f4d768c63abc8bb3c1676552e0b8542	PASS
/home/xd/y/Benchmark/results/spatial_svg_rebuild_v1/stomics_0224/stomics0224/graphst/scPNMF/n2000/seed1/embedding.meta.json	cellcharter	/home/xd/y/Benchmark/results/spatial_svg_rebuild_v1/stomics_0224/stomics0224/cellcharter/scPNMF/n2000/seed1/embedding.meta.json	6f4d768c63abc8bb3c1676552e0b8542	6f4d768c63abc8bb3c1676552e0b8542	PASS
/home/xd/y/Benchmark/results/spatial_svg_rebuild_v1/stomics_0224/stomics0224/graphst/scanpy_seurat_v3/n2000/seed0/embedding.meta.json	scvi	/home/xd/y/Benchmark/results/spatial_svg_rebuild_v1/stomics_0224/stomics0224/scvi/scanpy_seurat_v3/n2000/seed0/embedding.meta.json	a174ba9939989dc7ae39efe60ef153f6	a174ba9939989dc7ae39efe60ef153f6	PASS
/home/xd/y/Benchmark/results/spatial_svg_rebuild_v1/stomics_0224/stomics0224/graphst/scanpy_seurat_v3/n2000/seed0/embedding.meta.json	cellcharter	/home/xd/y/Benchmark/results/spatial_svg_rebuild_v1/stomics_0224/stomics0224/cellcharter/scanpy_seurat_v3/n2000/seed0/embedding.meta.json	a174ba9939989dc7ae39efe60ef153f6	a174ba9939989dc7ae39efe60ef153f6	PASS
/home/xd/y/Benchmark/results/spatial_svg_rebuild_v1/stomics_0224/stomics0224/graphst/scanpy_seurat_v3/n2000/seed2/embedding.meta.json	scvi	/home/xd/y/Benchmark/results/spatial_svg_rebuild_v1/stomics_0224/stomics0224/scvi/scanpy_seurat_v3/n2000/seed2/embedding.meta.json	a174ba9939989dc7ae39efe60ef153f6	a174ba9939989dc7ae39efe60ef153f6	PASS
/home/xd/y/Benchmark/results/spatial_svg_rebuild_v1/stomics_0224/stomics0224/graphst/scanpy_seurat_v3/n2000/seed2/embedding.meta.json	cellcharter	/home/xd/y/Benchmark/results/spatial_svg_rebuild_v1/stomics_0224/stomics0224/cellcharter/scanpy_seurat_v3/n2000/seed2/embedding.meta.json	a174ba9939989dc7ae39efe60ef153f6	a174ba9939989dc7ae39efe60ef153f6	PASS
/home/xd/y/Benchmark/results/spatial_svg_rebuild_v1/stomics_0224/stomics0224/graphst/scanpy_seurat_v3/n2000/seed1/embedding.meta.json	scvi	/home/xd/y/Benchmark/results/spatial_svg_rebuild_v1/stomics_0224/stomics0224/scvi/scanpy_seurat_v3/n2000/seed1/embedding.meta.json	a174ba9939989dc7ae39efe60ef153f6	a174ba9939989dc7ae39efe60ef153f6	PASS
/home/xd/y/Benchmark/results/spatial_svg_rebuild_v1/stomics_0224/stomics0224/graphst/scanpy_seurat_v3/n2000/seed1/embedding.meta.json	cellcharter	/home/xd/y/Benchmark/results/spatial_svg_rebuild_v1/stomics_0224/stomics0224/cellcharter/scanpy_seurat_v3/n2000/seed1/embedding.meta.json	a174ba9939989dc7ae39efe60ef153f6	a174ba9939989dc7ae39efe60ef153f6	PASS
/home/xd/y/Benchmark/results/spatial_svg_rebuild_v1/stomics_0224/stomics0224/graphst/hotspot/n2000/seed0/embedding.meta.json	scvi	/home/xd/y/Benchmark/results/spatial_svg_rebuild_v1/stomics_0224/stomics0224/scvi/hotspot/n2000/seed0/embedding.meta.json	701a8f1eee1c04a330f0b347fd7488df	701a8f1eee1c04a330f0b347fd7488df	PASS
/home/xd/y/Benchmark/results/spatial_svg_rebuild_v1/stomics_0224/stomics0224/graphst/hotspot/n2000/seed0/embedding.meta.json	cellcharter	/home/xd/y/Benchmark/results/spatial_svg_rebuild_v1/stomics_0224/stomics0224/cellcharter/hotspot/n2000/seed0/embedding.meta.json	701a8f1eee1c04a330f0b347fd7488df	701a8f1eee1c04a330f0b347fd7488df	PASS
/home/xd/y/Benchmark/results/spatial_svg_rebuild_v1/stomics_0224/stomics0224/graphst/hotspot/n2000/seed2/embedding.meta.json	scvi	/home/xd/y/Benchmark/results/spatial_svg_rebuild_v1/stomics_0224/stomics0224/scvi/hotspot/n2000/seed2/embedding.meta.json	09ca69bfcbc7ed89751c5c0716dda1ad	09ca69bfcbc7ed89751c5c0716dda1ad	PASS
/home/xd/y/Benchmark/results/spatial_svg_rebuild_v1/stomics_0224/stomics0224/graphst/hotspot/n2000/seed2/embedding.meta.json	cellcharter	/home/xd/y/Benchmark/results/spatial_svg_rebuild_v1/stomics_0224/stomics0224/cellcharter/hotspot/n2000/seed2/embedding.meta.json	09ca69bfcbc7ed89751c5c0716dda1ad	09ca69bfcbc7ed89751c5c0716dda1ad	PASS
/home/xd/y/Benchmark/results/spatial_svg_rebuild_v1/stomics_0224/stomics0224/graphst/hotspot/n2000/seed1/embedding.meta.json	scvi	/home/xd/y/Benchmark/results/spatial_svg_rebuild_v1/stomics_0224/stomics0224/scvi/hotspot/n2000/seed1/embedding.meta.json	e324cc0f51fc90bd34657f6448bcf291	e324cc0f51fc90bd34657f6448bcf291	PASS
/home/xd/y/Benchmark/results/spatial_svg_rebuild_v1/stomics_0224/stomics0224/graphst/hotspot/n2000/seed1/embedding.meta.json	cellcharter	/home/xd/y/Benchmark/results/spatial_svg_rebuild_v1/stomics_0224/stomics0224/cellcharter/hotspot/n2000/seed1/embedding.meta.json	e324cc0f51fc90bd34657f6448bcf291	e324cc0f51fc90bd34657f6448bcf291	PASS
/home/xd/y/Benchmark/results/spatial_svg_rebuild_v1/stomics_0224/stomics0224/graphst/nnsvg/n2000/seed0/embedding.meta.json	scvi	/home/xd/y/Benchmark/results/spatial_svg_rebuild_v1/stomics_0224/stomics0224/scvi/nnsvg/n2000/seed0/embedding.meta.json	929ea6512699506609d406ec9ae1cc8b	929ea6512699506609d406ec9ae1cc8b	PASS
/home/xd/y/Benchmark/results/spatial_svg_rebuild_v1/stomics_0224/stomics0224/graphst/nnsvg/n2000/seed0/embedding.meta.json	cellcharter	/home/xd/y/Benchmark/results/spatial_svg_rebuild_v1/stomics_0224/stomics0224/cellcharter/nnsvg/n2000/seed0/embedding.meta.json	929ea6512699506609d406ec9ae1cc8b	929ea6512699506609d406ec9ae1cc8b	PASS
/home/xd/y/Benchmark/results/spatial_svg_rebuild_v1/stomics_0224/stomics0224/graphst/nnsvg/n2000/seed2/embedding.meta.json	scvi	/home/xd/y/Benchmark/results/spatial_svg_rebuild_v1/stomics_0224/stomics0224/scvi/nnsvg/n2000/seed2/embedding.meta.json	929ea6512699506609d406ec9ae1cc8b	929ea6512699506609d406ec9ae1cc8b	PASS
/home/xd/y/Benchmark/results/spatial_svg_rebuild_v1/stomics_0224/stomics0224/graphst/nnsvg/n2000/seed2/embedding.meta.json	cellcharter	/home/xd/y/Benchmark/results/spatial_svg_rebuild_v1/stomics_0224/stomics0224/cellcharter/nnsvg/n2000/seed2/embedding.meta.json	929ea6512699506609d406ec9ae1cc8b	929ea6512699506609d406ec9ae1cc8b	PASS
/home/xd/y/Benchmark/results/spatial_svg_rebuild_v1/stomics_0224/stomics0224/graphst/nnsvg/n2000/seed1/embedding.meta.json	scvi	/home/xd/y/Benchmark/results/spatial_svg_rebuild_v1/stomics_0224/stomics0224/scvi/nnsvg/n2000/seed1/embedding.meta.json	929ea6512699506609d406ec9ae1cc8b	929ea6512699506609d406ec9ae1cc8b	PASS
/home/xd/y/Benchmark/results/spatial_svg_rebuild_v1/stomics_0224/stomics0224/graphst/nnsvg/n2000/seed1/embedding.meta.json	cellcharter	/home/xd/y/Benchmark/results/spatial_svg_rebuild_v1/stomics_0224/stomics0224/cellcharter/nnsvg/n2000/seed1/embedding.meta.json	929ea6512699506609d406ec9ae1cc8b	929ea6512699506609d406ec9ae1cc8b	PASS
/home/xd/y/Benchmark/results/spatial_svg_rebuild_v1/stomics_0224/stomics0224/graphst/dubstepr/n2000/seed0/embedding.meta.json	scvi	/home/xd/y/Benchmark/results/spatial_svg_rebuild_v1/stomics_0224/stomics0224/scvi/dubstepr/n2000/seed0/embedding.meta.json	d2c01b5112079f0e79a122aa16943e89	d2c01b5112079f0e79a122aa16943e89	PASS
/home/xd/y/Benchmark/results/spatial_svg_rebuild_v1/stomics_0224/stomics0224/graphst/dubstepr/n2000/seed0/embedding.meta.json	cellcharter	/home/xd/y/Benchmark/results/spatial_svg_rebuild_v1/stomics_0224/stomics0224/cellcharter/dubstepr/n2000/seed0/embedding.meta.json	d2c01b5112079f0e79a122aa16943e89	d2c01b5112079f0e79a122aa16943e89	PASS
/home/xd/y/Benchmark/results/spatial_svg_rebuild_v1/stomics_0224/stomics0224/graphst/dubstepr/n2000/seed2/embedding.meta.json	scvi	/home/xd/y/Benchmark/results/spatial_svg_rebuild_v1/stomics_0224/stomics0224/scvi/dubstepr/n2000/seed2/embedding.meta.json	8ed0602da7924a4b7d8b4a0612f6f571	8ed0602da7924a4b7d8b4a0612f6f571	PASS
/home/xd/y/Benchmark/results/spatial_svg_rebuild_v1/stomics_0224/stomics0224/graphst/dubstepr/n2000/seed2/embedding.meta.json	cellcharter	/home/xd/y/Benchmark/results/spatial_svg_rebuild_v1/stomics_0224/stomics0224/cellcharter/dubstepr/n2000/seed2/embedding.meta.json	8ed0602da7924a4b7d8b4a0612f6f571	8ed0602da7924a4b7d8b4a0612f6f571	PASS
/home/xd/y/Benchmark/results/spatial_svg_rebuild_v1/stomics_0224/stomics0224/graphst/dubstepr/n2000/seed1/embedding.meta.json	scvi	/home/xd/y/Benchmark/results/spatial_svg_rebuild_v1/stomics_0224/stomics0224/scvi/dubstepr/n2000/seed1/embedding.meta.json	4d1b3c225617ebf908d3739c32db9217	4d1b3c225617ebf908d3739c32db9217	PASS
/home/xd/y/Benchmark/results/spatial_svg_rebuild_v1/stomics_0224/stomics0224/graphst/dubstepr/n2000/seed1/embedding.meta.json	cellcharter	/home/xd/y/Benchmark/results/spatial_svg_rebuild_v1/stomics_0224/stomics0224/cellcharter/dubstepr/n2000/seed1/embedding.meta.json	4d1b3c225617ebf908d3739c32db9217	4d1b3c225617ebf908d3739c32db9217	PASS
/home/xd/y/Benchmark/results/spatial_svg_rebuild_v1/stomics_0224/stomics0224/graphst/anticor/n2000/seed0/embedding.meta.json	scvi	/home/xd/y/Benchmark/results/spatial_svg_rebuild_v1/stomics_0224/stomics0224/scvi/anticor/n2000/seed0/embedding.meta.json	5ebfc331069b228282a75fa6ed9940bf	5ebfc331069b228282a75fa6ed9940bf	PASS
/home/xd/y/Benchmark/results/spatial_svg_rebuild_v1/stomics_0224/stomics0224/graphst/anticor/n2000/seed0/embedding.meta.json	cellcharter	/home/xd/y/Benchmark/results/spatial_svg_rebuild_v1/stomics_0224/stomics0224/cellcharter/anticor/n2000/seed0/embedding.meta.json	5ebfc331069b228282a75fa6ed9940bf	5ebfc331069b228282a75fa6ed9940bf	PASS
/home/xd/y/Benchmark/results/spatial_svg_rebuild_v1/stomics_0224/stomics0224/graphst/anticor/n2000/seed2/embedding.meta.json	scvi	/home/xd/y/Benchmark/results/spatial_svg_rebuild_v1/stomics_0224/stomics0224/scvi/anticor/n2000/seed2/embedding.meta.json	96b9b8e55eba80301bf9ace3125ea769	96b9b8e55eba80301bf9ace3125ea769	PASS
/home/xd/y/Benchmark/results/spatial_svg_rebuild_v1/stomics_0224/stomics0224/graphst/anticor/n2000/seed2/embedding.meta.json	cellcharter	/home/xd/y/Benchmark/results/spatial_svg_rebuild_v1/stomics_0224/stomics0224/cellcharter/anticor/n2000/seed2/embedding.meta.json	96b9b8e55eba80301bf9ace3125ea769	96b9b8e55eba80301bf9ace3125ea769	PASS
/home/xd/y/Benchmark/results/spatial_svg_rebuild_v1/stomics_0224/stomics0224/graphst/anticor/n2000/seed1/embedding.meta.json	scvi	/home/xd/y/Benchmark/results/spatial_svg_rebuild_v1/stomics_0224/stomics0224/scvi/anticor/n2000/seed1/embedding.meta.json	6fc3967c2db0e6817ea43d7f20fbd000	6fc3967c2db0e6817ea43d7f20fbd000	PASS
/home/xd/y/Benchmark/results/spatial_svg_rebuild_v1/stomics_0224/stomics0224/graphst/anticor/n2000/seed1/embedding.meta.json	cellcharter	/home/xd/y/Benchmark/results/spatial_svg_rebuild_v1/stomics_0224/stomics0224/cellcharter/anticor/n2000/seed1/embedding.meta.json	6fc3967c2db0e6817ea43d7f20fbd000	6fc3967c2db0e6817ea43d7f20fbd000	PASS
/home/xd/y/Benchmark/results/spatial_svg_rebuild_v1/stomics_0224/stomics0224/graphst/triku/n2000/seed0/embedding.meta.json	scvi	/home/xd/y/Benchmark/results/spatial_svg_rebuild_v1/stomics_0224/stomics0224/scvi/triku/n2000/seed0/embedding.meta.json	b22bd58e9c491932db1cbb417ad5b4b0	b22bd58e9c491932db1cbb417ad5b4b0	PASS
/home/xd/y/Benchmark/results/spatial_svg_rebuild_v1/stomics_0224/stomics0224/graphst/triku/n2000/seed0/embedding.meta.json	cellcharter	/home/xd/y/Benchmark/results/spatial_svg_rebuild_v1/stomics_0224/stomics0224/cellcharter/triku/n2000/seed0/embedding.meta.json	b22bd58e9c491932db1cbb417ad5b4b0	b22bd58e9c491932db1cbb417ad5b4b0	PASS
/home/xd/y/Benchmark/results/spatial_svg_rebuild_v1/stomics_0224/stomics0224/graphst/triku/n2000/seed2/embedding.meta.json	scvi	/home/xd/y/Benchmark/results/spatial_svg_rebuild_v1/stomics_0224/stomics0224/scvi/triku/n2000/seed2/embedding.meta.json	b1a24286d97ac64ce47ef19fe8fd011c	b1a24286d97ac64ce47ef19fe8fd011c	PASS
/home/xd/y/Benchmark/results/spatial_svg_rebuild_v1/stomics_0224/stomics0224/graphst/triku/n2000/seed2/embedding.meta.json	cellcharter	/home/xd/y/Benchmark/results/spatial_svg_rebuild_v1/stomics_0224/stomics0224/cellcharter/triku/n2000/seed2/embedding.meta.json	b1a24286d97ac64ce47ef19fe8fd011c	b1a24286d97ac64ce47ef19fe8fd011c	PASS
/home/xd/y/Benchmark/results/spatial_svg_rebuild_v1/stomics_0224/stomics0224/graphst/triku/n2000/seed1/embedding.meta.json	scvi	/home/xd/y/Benchmark/results/spatial_svg_rebuild_v1/stomics_0224/stomics0224/scvi/triku/n2000/seed1/embedding.meta.json	e1fe25c202e66bc130461e8a4e94976f	e1fe25c202e66bc130461e8a4e94976f	PASS
/home/xd/y/Benchmark/results/spatial_svg_rebuild_v1/stomics_0224/stomics0224/graphst/triku/n2000/seed1/embedding.meta.json	cellcharter	/home/xd/y/Benchmark/results/spatial_svg_rebuild_v1/stomics_0224/stomics0224/cellcharter/triku/n2000/seed1/embedding.meta.json	e1fe25c202e66bc130461e8a4e94976f	e1fe25c202e66bc130461e8a4e94976f	PASS
/home/xd/y/Benchmark/results/spatial_svg_rebuild_v1/stomics_0224/stomics0224/graphst/scanpy_pearson/n2000/seed0/embedding.meta.json	scvi	/home/xd/y/Benchmark/results/spatial_svg_rebuild_v1/stomics_0224/stomics0224/scvi/scanpy_pearson/n2000/seed0/embedding.meta.json	d86ebf876903635daeb0ea00c414a3c0	d86ebf876903635daeb0ea00c414a3c0	PASS
/home/xd/y/Benchmark/results/spatial_svg_rebuild_v1/stomics_0224/stomics0224/graphst/scanpy_pearson/n2000/seed0/embedding.meta.json	cellcharter	/home/xd/y/Benchmark/results/spatial_svg_rebuild_v1/stomics_0224/stomics0224/cellcharter/scanpy_pearson/n2000/seed0/embedding.meta.json	d86ebf876903635daeb0ea00c414a3c0	d86ebf876903635daeb0ea00c414a3c0	PASS
/home/xd/y/Benchmark/results/spatial_svg_rebuild_v1/stomics_0224/stomics0224/graphst/scanpy_pearson/n2000/seed2/embedding.meta.json	scvi	/home/xd/y/Benchmark/results/spatial_svg_rebuild_v1/stomics_0224/stomics0224/scvi/scanpy_pearson/n2000/seed2/embedding.meta.json	d86ebf876903635daeb0ea00c414a3c0	d86ebf876903635daeb0ea00c414a3c0	PASS
/home/xd/y/Benchmark/results/spatial_svg_rebuild_v1/stomics_0224/stomics0224/graphst/scanpy_pearson/n2000/seed2/embedding.meta.json	cellcharter	/home/xd/y/Benchmark/results/spatial_svg_rebuild_v1/stomics_0224/stomics0224/cellcharter/scanpy_pearson/n2000/seed2/embedding.meta.json	d86ebf876903635daeb0ea00c414a3c0	d86ebf876903635daeb0ea00c414a3c0	PASS
/home/xd/y/Benchmark/results/spatial_svg_rebuild_v1/stomics_0224/stomics0224/graphst/scanpy_pearson/n2000/seed1/embedding.meta.json	scvi	/home/xd/y/Benchmark/results/spatial_svg_rebuild_v1/stomics_0224/stomics0224/scvi/scanpy_pearson/n2000/seed1/embedding.meta.json	d86ebf876903635daeb0ea00c414a3c0	d86ebf876903635daeb0ea00c414a3c0	PASS
/home/xd/y/Benchmark/results/spatial_svg_rebuild_v1/stomics_0224/stomics0224/graphst/scanpy_pearson/n2000/seed1/embedding.meta.json	cellcharter	/home/xd/y/Benchmark/results/spatial_svg_rebuild_v1/stomics_0224/stomics0224/cellcharter/scanpy_pearson/n2000/seed1/embedding.meta.json	d86ebf876903635daeb0ea00c414a3c0	d86ebf876903635daeb0ea00c414a3c0	PASS
/home/xd/y/Benchmark/results/spatial_svg_rebuild_v1/stomics_0224/stomics0224/graphst/seurat_sct/n2000/seed0/embedding.meta.json	scvi	/home/xd/y/Benchmark/results/spatial_svg_rebuild_v1/stomics_0224/stomics0224/scvi/seurat_sct/n2000/seed0/embedding.meta.json	b5bbe9962c4cab40cffe90d7f1537881	b5bbe9962c4cab40cffe90d7f1537881	PASS
/home/xd/y/Benchmark/results/spatial_svg_rebuild_v1/stomics_0224/stomics0224/graphst/seurat_sct/n2000/seed0/embedding.meta.json	cellcharter	/home/xd/y/Benchmark/results/spatial_svg_rebuild_v1/stomics_0224/stomics0224/cellcharter/seurat_sct/n2000/seed0/embedding.meta.json	b5bbe9962c4cab40cffe90d7f1537881	b5bbe9962c4cab40cffe90d7f1537881	PASS
/home/xd/y/Benchmark/results/spatial_svg_rebuild_v1/stomics_0224/stomics0224/graphst/seurat_sct/n2000/seed2/embedding.meta.json	scvi	/home/xd/y/Benchmark/results/spatial_svg_rebuild_v1/stomics_0224/stomics0224/scvi/seurat_sct/n2000/seed2/embedding.meta.json	af805591b35f83d88d5f5020220b947c	af805591b35f83d88d5f5020220b947c	PASS
/home/xd/y/Benchmark/results/spatial_svg_rebuild_v1/stomics_0224/stomics0224/graphst/seurat_sct/n2000/seed2/embedding.meta.json	cellcharter	/home/xd/y/Benchmark/results/spatial_svg_rebuild_v1/stomics_0224/stomics0224/cellcharter/seurat_sct/n2000/seed2/embedding.meta.json	af805591b35f83d88d5f5020220b947c	af805591b35f83d88d5f5020220b947c	PASS
/home/xd/y/Benchmark/results/spatial_svg_rebuild_v1/stomics_0224/stomics0224/graphst/seurat_sct/n2000/seed1/embedding.meta.json	scvi	/home/xd/y/Benchmark/results/spatial_svg_rebuild_v1/stomics_0224/stomics0224/scvi/seurat_sct/n2000/seed1/embedding.meta.json	e169a74b4feee7150799738878c5c2e6	e169a74b4feee7150799738878c5c2e6	PASS
/home/xd/y/Benchmark/results/spatial_svg_rebuild_v1/stomics_0224/stomics0224/graphst/seurat_sct/n2000/seed1/embedding.meta.json	cellcharter	/home/xd/y/Benchmark/results/spatial_svg_rebuild_v1/stomics_0224/stomics0224/cellcharter/seurat_sct/n2000/seed1/embedding.meta.json	e169a74b4feee7150799738878c5c2e6	e169a74b4feee7150799738878c5c2e6	PASS
/home/xd/y/Benchmark/results/spatial_svg_rebuild_v1/stomics_0224/stomics0224/graphst/scanpy_cell_ranger/n2000/seed0/embedding.meta.json	scvi	/home/xd/y/Benchmark/results/spatial_svg_rebuild_v1/stomics_0224/stomics0224/scvi/scanpy_cell_ranger/n2000/seed0/embedding.meta.json	6f68b9cfec52cdc01de64ed01a94a52b	6f68b9cfec52cdc01de64ed01a94a52b	PASS
/home/xd/y/Benchmark/results/spatial_svg_rebuild_v1/stomics_0224/stomics0224/graphst/scanpy_cell_ranger/n2000/seed0/embedding.meta.json	cellcharter	/home/xd/y/Benchmark/results/spatial_svg_rebuild_v1/stomics_0224/stomics0224/cellcharter/scanpy_cell_ranger/n2000/seed0/embedding.meta.json	6f68b9cfec52cdc01de64ed01a94a52b	6f68b9cfec52cdc01de64ed01a94a52b	PASS
/home/xd/y/Benchmark/results/spatial_svg_rebuild_v1/stomics_0224/stomics0224/graphst/scanpy_cell_ranger/n2000/seed2/embedding.meta.json	scvi	/home/xd/y/Benchmark/results/spatial_svg_rebuild_v1/stomics_0224/stomics0224/scvi/scanpy_cell_ranger/n2000/seed2/embedding.meta.json	6f68b9cfec52cdc01de64ed01a94a52b	6f68b9cfec52cdc01de64ed01a94a52b	PASS
/home/xd/y/Benchmark/results/spatial_svg_rebuild_v1/stomics_0224/stomics0224/graphst/scanpy_cell_ranger/n2000/seed2/embedding.meta.json	cellcharter	/home/xd/y/Benchmark/results/spatial_svg_rebuild_v1/stomics_0224/stomics0224/cellcharter/scanpy_cell_ranger/n2000/seed2/embedding.meta.json	6f68b9cfec52cdc01de64ed01a94a52b	6f68b9cfec52cdc01de64ed01a94a52b	PASS
/home/xd/y/Benchmark/results/spatial_svg_rebuild_v1/stomics_0224/stomics0224/graphst/scanpy_cell_ranger/n2000/seed1/embedding.meta.json	scvi	/home/xd/y/Benchmark/results/spatial_svg_rebuild_v1/stomics_0224/stomics0224/scvi/scanpy_cell_ranger/n2000/seed1/embedding.meta.json	6f68b9cfec52cdc01de64ed01a94a52b	6f68b9cfec52cdc01de64ed01a94a52b	PASS
/home/xd/y/Benchmark/results/spatial_svg_rebuild_v1/stomics_0224/stomics0224/graphst/scanpy_cell_ranger/n2000/seed1/embedding.meta.json	cellcharter	/home/xd/y/Benchmark/results/spatial_svg_rebuild_v1/stomics_0224/stomics0224/cellcharter/scanpy_cell_ranger/n2000/seed1/embedding.meta.json	6f68b9cfec52cdc01de64ed01a94a52b	6f68b9cfec52cdc01de64ed01a94a52b	PASS
/home/xd/y/Benchmark/results/spatial_svg_rebuild_v1/stomics_0224/stomics0224/graphst/scanpy_pearson_batch/n2000/seed0/embedding.meta.json	scvi	/home/xd/y/Benchmark/results/spatial_svg_rebuild_v1/stomics_0224/stomics0224/scvi/scanpy_pearson_batch/n2000/seed0/embedding.meta.json	05bce5319d319712d343237d5c92c047	05bce5319d319712d343237d5c92c047	PASS
/home/xd/y/Benchmark/results/spatial_svg_rebuild_v1/stomics_0224/stomics0224/graphst/scanpy_pearson_batch/n2000/seed0/embedding.meta.json	cellcharter	/home/xd/y/Benchmark/results/spatial_svg_rebuild_v1/stomics_0224/stomics0224/cellcharter/scanpy_pearson_batch/n2000/seed0/embedding.meta.json	05bce5319d319712d343237d5c92c047	05bce5319d319712d343237d5c92c047	PASS
/home/xd/y/Benchmark/results/spatial_svg_rebuild_v1/stomics_0224/stomics0224/graphst/scanpy_pearson_batch/n2000/seed2/embedding.meta.json	scvi	/home/xd/y/Benchmark/results/spatial_svg_rebuild_v1/stomics_0224/stomics0224/scvi/scanpy_pearson_batch/n2000/seed2/embedding.meta.json	05bce5319d319712d343237d5c92c047	05bce5319d319712d343237d5c92c047	PASS
/home/xd/y/Benchmark/results/spatial_svg_rebuild_v1/stomics_0224/stomics0224/graphst/scanpy_pearson_batch/n2000/seed2/embedding.meta.json	cellcharter	/home/xd/y/Benchmark/results/spatial_svg_rebuild_v1/stomics_0224/stomics0224/cellcharter/scanpy_pearson_batch/n2000/seed2/embedding.meta.json	05bce5319d319712d343237d5c92c047	05bce5319d319712d343237d5c92c047	PASS
/home/xd/y/Benchmark/results/spatial_svg_rebuild_v1/stomics_0224/stomics0224/graphst/scanpy_pearson_batch/n2000/seed1/embedding.meta.json	scvi	/home/xd/y/Benchmark/results/spatial_svg_rebuild_v1/stomics_0224/stomics0224/scvi/scanpy_pearson_batch/n2000/seed1/embedding.meta.json	05bce5319d319712d343237d5c92c047	05bce5319d319712d343237d5c92c047	PASS
/home/xd/y/Benchmark/results/spatial_svg_rebuild_v1/stomics_0224/stomics0224/graphst/scanpy_pearson_batch/n2000/seed1/embedding.meta.json	cellcharter	/home/xd/y/Benchmark/results/spatial_svg_rebuild_v1/stomics_0224/stomics0224/cellcharter/scanpy_pearson_batch/n2000/seed1/embedding.meta.json	05bce5319d319712d343237d5c92c047	05bce5319d319712d343237d5c92c047	PASS
/home/xd/y/Benchmark/results/spatial_svg_rebuild_v1/stomics_0224/stomics0224/graphst/singleCellHaystack/n2000/seed0/embedding.meta.json	scvi	/home/xd/y/Benchmark/results/spatial_svg_rebuild_v1/stomics_0224/stomics0224/scvi/singleCellHaystack/n2000/seed0/embedding.meta.json	eab6ba8d440fd8d69611ec1aa380fd5b	eab6ba8d440fd8d69611ec1aa380fd5b	PASS
/home/xd/y/Benchmark/results/spatial_svg_rebuild_v1/stomics_0224/stomics0224/graphst/singleCellHaystack/n2000/seed0/embedding.meta.json	cellcharter	/home/xd/y/Benchmark/results/spatial_svg_rebuild_v1/stomics_0224/stomics0224/cellcharter/singleCellHaystack/n2000/seed0/embedding.meta.json	eab6ba8d440fd8d69611ec1aa380fd5b	eab6ba8d440fd8d69611ec1aa380fd5b	PASS
/home/xd/y/Benchmark/results/spatial_svg_rebuild_v1/stomics_0224/stomics0224/graphst/singleCellHaystack/n2000/seed2/embedding.meta.json	scvi	/home/xd/y/Benchmark/results/spatial_svg_rebuild_v1/stomics_0224/stomics0224/scvi/singleCellHaystack/n2000/seed2/embedding.meta.json	877fb7b71087573eaf65a31623006a56	877fb7b71087573eaf65a31623006a56	PASS
/home/xd/y/Benchmark/results/spatial_svg_rebuild_v1/stomics_0224/stomics0224/graphst/singleCellHaystack/n2000/seed2/embedding.meta.json	cellcharter	/home/xd/y/Benchmark/results/spatial_svg_rebuild_v1/stomics_0224/stomics0224/cellcharter/singleCellHaystack/n2000/seed2/embedding.meta.json	877fb7b71087573eaf65a31623006a56	877fb7b71087573eaf65a31623006a56	PASS
/home/xd/y/Benchmark/results/spatial_svg_rebuild_v1/stomics_0224/stomics0224/graphst/singleCellHaystack/n2000/seed1/embedding.meta.json	scvi	/home/xd/y/Benchmark/results/spatial_svg_rebuild_v1/stomics_0224/stomics0224/scvi/singleCellHaystack/n2000/seed1/embedding.meta.json	6e6b26761f9e551e6bd8d1bd79034676	6e6b26761f9e551e6bd8d1bd79034676	PASS
/home/xd/y/Benchmark/results/spatial_svg_rebuild_v1/stomics_0224/stomics0224/graphst/singleCellHaystack/n2000/seed1/embedding.meta.json	cellcharter	/home/xd/y/Benchmark/results/spatial_svg_rebuild_v1/stomics_0224/stomics0224/cellcharter/singleCellHaystack/n2000/seed1/embedding.meta.json	6e6b26761f9e551e6bd8d1bd79034676	6e6b26761f9e551e6bd8d1bd79034676	PASS
/home/xd/y/Benchmark/results/spatial_svg_rebuild_v1/stomics_0224/stomics0224/graphst/statistic_mean/n2000/seed0/embedding.meta.json	scvi	/home/xd/y/Benchmark/results/spatial_svg_rebuild_v1/stomics_0224/stomics0224/scvi/statistic_mean/n2000/seed0/embedding.meta.json	fcbdb299790c59ffad50ae8e6a97fba8	fcbdb299790c59ffad50ae8e6a97fba8	PASS
/home/xd/y/Benchmark/results/spatial_svg_rebuild_v1/stomics_0224/stomics0224/graphst/statistic_mean/n2000/seed0/embedding.meta.json	cellcharter	/home/xd/y/Benchmark/results/spatial_svg_rebuild_v1/stomics_0224/stomics0224/cellcharter/statistic_mean/n2000/seed0/embedding.meta.json	fcbdb299790c59ffad50ae8e6a97fba8	fcbdb299790c59ffad50ae8e6a97fba8	PASS
/home/xd/y/Benchmark/results/spatial_svg_rebuild_v1/stomics_0224/stomics0224/graphst/statistic_mean/n2000/seed2/embedding.meta.json	scvi	/home/xd/y/Benchmark/results/spatial_svg_rebuild_v1/stomics_0224/stomics0224/scvi/statistic_mean/n2000/seed2/embedding.meta.json	fcbdb299790c59ffad50ae8e6a97fba8	fcbdb299790c59ffad50ae8e6a97fba8	PASS
/home/xd/y/Benchmark/results/spatial_svg_rebuild_v1/stomics_0224/stomics0224/graphst/statistic_mean/n2000/seed2/embedding.meta.json	cellcharter	/home/xd/y/Benchmark/results/spatial_svg_rebuild_v1/stomics_0224/stomics0224/cellcharter/statistic_mean/n2000/seed2/embedding.meta.json	fcbdb299790c59ffad50ae8e6a97fba8	fcbdb299790c59ffad50ae8e6a97fba8	PASS
/home/xd/y/Benchmark/results/spatial_svg_rebuild_v1/stomics_0224/stomics0224/graphst/statistic_mean/n2000/seed1/embedding.meta.json	scvi	/home/xd/y/Benchmark/results/spatial_svg_rebuild_v1/stomics_0224/stomics0224/scvi/statistic_mean/n2000/seed1/embedding.meta.json	fcbdb299790c59ffad50ae8e6a97fba8	fcbdb299790c59ffad50ae8e6a97fba8	PASS
/home/xd/y/Benchmark/results/spatial_svg_rebuild_v1/stomics_0224/stomics0224/graphst/statistic_mean/n2000/seed1/embedding.meta.json	cellcharter	/home/xd/y/Benchmark/results/spatial_svg_rebuild_v1/stomics_0224/stomics0224/cellcharter/statistic_mean/n2000/seed1/embedding.meta.json	fcbdb299790c59ffad50ae8e6a97fba8	fcbdb299790c59ffad50ae8e6a97fba8	PASS
/home/xd/y/Benchmark/results/spatial_svg_rebuild_v1/stomics_0224/stomics0224/graphst/sparkx/n2000/seed0/embedding.meta.json	scvi	/home/xd/y/Benchmark/results/spatial_svg_rebuild_v1/stomics_0224/stomics0224/scvi/sparkx/n2000/seed0/embedding.meta.json	3542cfda8466206fa525c883b2cd21c3	3542cfda8466206fa525c883b2cd21c3	PASS
/home/xd/y/Benchmark/results/spatial_svg_rebuild_v1/stomics_0224/stomics0224/graphst/sparkx/n2000/seed0/embedding.meta.json	cellcharter	/home/xd/y/Benchmark/results/spatial_svg_rebuild_v1/stomics_0224/stomics0224/cellcharter/sparkx/n2000/seed0/embedding.meta.json	3542cfda8466206fa525c883b2cd21c3	3542cfda8466206fa525c883b2cd21c3	PASS
/home/xd/y/Benchmark/results/spatial_svg_rebuild_v1/stomics_0224/stomics0224/graphst/sparkx/n2000/seed2/embedding.meta.json	scvi	/home/xd/y/Benchmark/results/spatial_svg_rebuild_v1/stomics_0224/stomics0224/scvi/sparkx/n2000/seed2/embedding.meta.json	3542cfda8466206fa525c883b2cd21c3	3542cfda8466206fa525c883b2cd21c3	PASS
/home/xd/y/Benchmark/results/spatial_svg_rebuild_v1/stomics_0224/stomics0224/graphst/sparkx/n2000/seed2/embedding.meta.json	cellcharter	/home/xd/y/Benchmark/results/spatial_svg_rebuild_v1/stomics_0224/stomics0224/cellcharter/sparkx/n2000/seed2/embedding.meta.json	3542cfda8466206fa525c883b2cd21c3	3542cfda8466206fa525c883b2cd21c3	PASS
/home/xd/y/Benchmark/results/spatial_svg_rebuild_v1/stomics_0224/stomics0224/graphst/sparkx/n2000/seed1/embedding.meta.json	scvi	/home/xd/y/Benchmark/results/spatial_svg_rebuild_v1/stomics_0224/stomics0224/scvi/sparkx/n2000/seed1/embedding.meta.json	3542cfda8466206fa525c883b2cd21c3	3542cfda8466206fa525c883b2cd21c3	PASS
/home/xd/y/Benchmark/results/spatial_svg_rebuild_v1/stomics_0224/stomics0224/graphst/sparkx/n2000/seed1/embedding.meta.json	cellcharter	/home/xd/y/Benchmark/results/spatial_svg_rebuild_v1/stomics_0224/stomics0224/cellcharter/sparkx/n2000/seed1/embedding.meta.json	3542cfda8466206fa525c883b2cd21c3	3542cfda8466206fa525c883b2cd21c3	PASS
/home/xd/y/Benchmark/results/spatial_svg_rebuild_v1/stomics_0224/stomics0224/graphst/morans_i/n2000/seed0/embedding.meta.json	scvi	/home/xd/y/Benchmark/results/spatial_svg_rebuild_v1/stomics_0224/stomics0224/scvi/morans_i/n2000/seed0/embedding.meta.json	93aaffa0d29a0f39e3b41e9962ad7518	93aaffa0d29a0f39e3b41e9962ad7518	PASS
/home/xd/y/Benchmark/results/spatial_svg_rebuild_v1/stomics_0224/stomics0224/graphst/morans_i/n2000/seed0/embedding.meta.json	cellcharter	/home/xd/y/Benchmark/results/spatial_svg_rebuild_v1/stomics_0224/stomics0224/cellcharter/morans_i/n2000/seed0/embedding.meta.json	93aaffa0d29a0f39e3b41e9962ad7518	93aaffa0d29a0f39e3b41e9962ad7518	PASS
/home/xd/y/Benchmark/results/spatial_svg_rebuild_v1/stomics_0224/stomics0224/graphst/morans_i/n2000/seed2/embedding.meta.json	scvi	/home/xd/y/Benchmark/results/spatial_svg_rebuild_v1/stomics_0224/stomics0224/scvi/morans_i/n2000/seed2/embedding.meta.json	93aaffa0d29a0f39e3b41e9962ad7518	93aaffa0d29a0f39e3b41e9962ad7518	PASS
/home/xd/y/Benchmark/results/spatial_svg_rebuild_v1/stomics_0224/stomics0224/graphst/morans_i/n2000/seed2/embedding.meta.json	cellcharter	/home/xd/y/Benchmark/results/spatial_svg_rebuild_v1/stomics_0224/stomics0224/cellcharter/morans_i/n2000/seed2/embedding.meta.json	93aaffa0d29a0f39e3b41e9962ad7518	93aaffa0d29a0f39e3b41e9962ad7518	PASS
/home/xd/y/Benchmark/results/spatial_svg_rebuild_v1/stomics_0224/stomics0224/graphst/morans_i/n2000/seed1/embedding.meta.json	scvi	/home/xd/y/Benchmark/results/spatial_svg_rebuild_v1/stomics_0224/stomics0224/scvi/morans_i/n2000/seed1/embedding.meta.json	93aaffa0d29a0f39e3b41e9962ad7518	93aaffa0d29a0f39e3b41e9962ad7518	PASS
/home/xd/y/Benchmark/results/spatial_svg_rebuild_v1/stomics_0224/stomics0224/graphst/morans_i/n2000/seed1/embedding.meta.json	cellcharter	/home/xd/y/Benchmark/results/spatial_svg_rebuild_v1/stomics_0224/stomics0224/cellcharter/morans_i/n2000/seed1/embedding.meta.json	93aaffa0d29a0f39e3b41e9962ad7518	93aaffa0d29a0f39e3b41e9962ad7518	PASS
/home/xd/y/Benchmark/results/spatial_svg_rebuild_v1/stomics_0224/stomics0224/graphst/seurat_mvp/n2000/seed0/embedding.meta.json	scvi	/home/xd/y/Benchmark/results/spatial_svg_rebuild_v1/stomics_0224/stomics0224/scvi/seurat_mvp/n2000/seed0/embedding.meta.json	2c4349d1b7e24aef0d572172146e89eb	2c4349d1b7e24aef0d572172146e89eb	PASS
/home/xd/y/Benchmark/results/spatial_svg_rebuild_v1/stomics_0224/stomics0224/graphst/seurat_mvp/n2000/seed0/embedding.meta.json	cellcharter	/home/xd/y/Benchmark/results/spatial_svg_rebuild_v1/stomics_0224/stomics0224/cellcharter/seurat_mvp/n2000/seed0/embedding.meta.json	2c4349d1b7e24aef0d572172146e89eb	2c4349d1b7e24aef0d572172146e89eb	PASS
/home/xd/y/Benchmark/results/spatial_svg_rebuild_v1/stomics_0224/stomics0224/graphst/seurat_mvp/n2000/seed2/embedding.meta.json	scvi	/home/xd/y/Benchmark/results/spatial_svg_rebuild_v1/stomics_0224/stomics0224/scvi/seurat_mvp/n2000/seed2/embedding.meta.json	2c4349d1b7e24aef0d572172146e89eb	2c4349d1b7e24aef0d572172146e89eb	PASS
/home/xd/y/Benchmark/results/spatial_svg_rebuild_v1/stomics_0224/stomics0224/graphst/seurat_mvp/n2000/seed2/embedding.meta.json	cellcharter	/home/xd/y/Benchmark/results/spatial_svg_rebuild_v1/stomics_0224/stomics0224/cellcharter/seurat_mvp/n2000/seed2/embedding.meta.json	2c4349d1b7e24aef0d572172146e89eb	2c4349d1b7e24aef0d572172146e89eb	PASS
/home/xd/y/Benchmark/results/spatial_svg_rebuild_v1/stomics_0224/stomics0224/graphst/seurat_mvp/n2000/seed1/embedding.meta.json	scvi	/home/xd/y/Benchmark/results/spatial_svg_rebuild_v1/stomics_0224/stomics0224/scvi/seurat_mvp/n2000/seed1/embedding.meta.json	2c4349d1b7e24aef0d572172146e89eb	2c4349d1b7e24aef0d572172146e89eb	PASS
/home/xd/y/Benchmark/results/spatial_svg_rebuild_v1/stomics_0224/stomics0224/graphst/seurat_mvp/n2000/seed1/embedding.meta.json	cellcharter	/home/xd/y/Benchmark/results/spatial_svg_rebuild_v1/stomics_0224/stomics0224/cellcharter/seurat_mvp/n2000/seed1/embedding.meta.json	2c4349d1b7e24aef0d572172146e89eb	2c4349d1b7e24aef0d572172146e89eb	PASS
/home/xd/y/Benchmark/results/spatial_svg_rebuild_v1/stomics_0224/stomics0224/graphst/osca/n2000/seed0/embedding.meta.json	scvi	/home/xd/y/Benchmark/results/spatial_svg_rebuild_v1/stomics_0224/stomics0224/scvi/osca/n2000/seed0/embedding.meta.json	dfbc417b7723164fe027f2300caf6e9e	dfbc417b7723164fe027f2300caf6e9e	PASS
/home/xd/y/Benchmark/results/spatial_svg_rebuild_v1/stomics_0224/stomics0224/graphst/osca/n2000/seed0/embedding.meta.json	cellcharter	/home/xd/y/Benchmark/results/spatial_svg_rebuild_v1/stomics_0224/stomics0224/cellcharter/osca/n2000/seed0/embedding.meta.json	dfbc417b7723164fe027f2300caf6e9e	dfbc417b7723164fe027f2300caf6e9e	PASS
/home/xd/y/Benchmark/results/spatial_svg_rebuild_v1/stomics_0224/stomics0224/graphst/osca/n2000/seed2/embedding.meta.json	scvi	/home/xd/y/Benchmark/results/spatial_svg_rebuild_v1/stomics_0224/stomics0224/scvi/osca/n2000/seed2/embedding.meta.json	dfbc417b7723164fe027f2300caf6e9e	dfbc417b7723164fe027f2300caf6e9e	PASS
/home/xd/y/Benchmark/results/spatial_svg_rebuild_v1/stomics_0224/stomics0224/graphst/osca/n2000/seed2/embedding.meta.json	cellcharter	/home/xd/y/Benchmark/results/spatial_svg_rebuild_v1/stomics_0224/stomics0224/cellcharter/osca/n2000/seed2/embedding.meta.json	dfbc417b7723164fe027f2300caf6e9e	dfbc417b7723164fe027f2300caf6e9e	PASS
/home/xd/y/Benchmark/results/spatial_svg_rebuild_v1/stomics_0224/stomics0224/graphst/osca/n2000/seed1/embedding.meta.json	scvi	/home/xd/y/Benchmark/results/spatial_svg_rebuild_v1/stomics_0224/stomics0224/scvi/osca/n2000/seed1/embedding.meta.json	dfbc417b7723164fe027f2300caf6e9e	dfbc417b7723164fe027f2300caf6e9e	PASS
/home/xd/y/Benchmark/results/spatial_svg_rebuild_v1/stomics_0224/stomics0224/graphst/osca/n2000/seed1/embedding.meta.json	cellcharter	/home/xd/y/Benchmark/results/spatial_svg_rebuild_v1/stomics_0224/stomics0224/cellcharter/osca/n2000/seed1/embedding.meta.json	dfbc417b7723164fe027f2300caf6e9e	dfbc417b7723164fe027f2300caf6e9e	PASS
/home/xd/y/Benchmark/results/spatial_svg_rebuild_v1/stomics_0224/stomics0224/graphst/scanpy_seurat_v3_batch/n2000/seed0/embedding.meta.json	scvi	/home/xd/y/Benchmark/results/spatial_svg_rebuild_v1/stomics_0224/stomics0224/scvi/scanpy_seurat_v3_batch/n2000/seed0/embedding.meta.json	b5b76fdc728417f6e11d71e69a87486e	b5b76fdc728417f6e11d71e69a87486e	PASS
/home/xd/y/Benchmark/results/spatial_svg_rebuild_v1/stomics_0224/stomics0224/graphst/scanpy_seurat_v3_batch/n2000/seed0/embedding.meta.json	cellcharter	/home/xd/y/Benchmark/results/spatial_svg_rebuild_v1/stomics_0224/stomics0224/cellcharter/scanpy_seurat_v3_batch/n2000/seed0/embedding.meta.json	b5b76fdc728417f6e11d71e69a87486e	b5b76fdc728417f6e11d71e69a87486e	PASS
/home/xd/y/Benchmark/results/spatial_svg_rebuild_v1/stomics_0224/stomics0224/graphst/scanpy_seurat_v3_batch/n2000/seed2/embedding.meta.json	scvi	/home/xd/y/Benchmark/results/spatial_svg_rebuild_v1/stomics_0224/stomics0224/scvi/scanpy_seurat_v3_batch/n2000/seed2/embedding.meta.json	b5b76fdc728417f6e11d71e69a87486e	b5b76fdc728417f6e11d71e69a87486e	PASS
/home/xd/y/Benchmark/results/spatial_svg_rebuild_v1/stomics_0224/stomics0224/graphst/scanpy_seurat_v3_batch/n2000/seed2/embedding.meta.json	cellcharter	/home/xd/y/Benchmark/results/spatial_svg_rebuild_v1/stomics_0224/stomics0224/cellcharter/scanpy_seurat_v3_batch/n2000/seed2/embedding.meta.json	b5b76fdc728417f6e11d71e69a87486e	b5b76fdc728417f6e11d71e69a87486e	PASS
/home/xd/y/Benchmark/results/spatial_svg_rebuild_v1/stomics_0224/stomics0224/graphst/scanpy_seurat_v3_batch/n2000/seed1/embedding.meta.json	scvi	/home/xd/y/Benchmark/results/spatial_svg_rebuild_v1/stomics_0224/stomics0224/scvi/scanpy_seurat_v3_batch/n2000/seed1/embedding.meta.json	b5b76fdc728417f6e11d71e69a87486e	b5b76fdc728417f6e11d71e69a87486e	PASS
/home/xd/y/Benchmark/results/spatial_svg_rebuild_v1/stomics_0224/stomics0224/graphst/scanpy_seurat_v3_batch/n2000/seed1/embedding.meta.json	cellcharter	/home/xd/y/Benchmark/results/spatial_svg_rebuild_v1/stomics_0224/stomics0224/cellcharter/scanpy_seurat_v3_batch/n2000/seed1/embedding.meta.json	b5b76fdc728417f6e11d71e69a87486e	b5b76fdc728417f6e11d71e69a87486e	PASS
/home/xd/y/Benchmark/results/spatial_svg_rebuild_v1/stomics_0224/stomics0224/graphst/statistic_variance/n2000/seed0/embedding.meta.json	scvi	/home/xd/y/Benchmark/results/spatial_svg_rebuild_v1/stomics_0224/stomics0224/scvi/statistic_variance/n2000/seed0/embedding.meta.json	1b0a1bdac4ec81a0339b53db0dd07dac	1b0a1bdac4ec81a0339b53db0dd07dac	PASS
/home/xd/y/Benchmark/results/spatial_svg_rebuild_v1/stomics_0224/stomics0224/graphst/statistic_variance/n2000/seed0/embedding.meta.json	cellcharter	/home/xd/y/Benchmark/results/spatial_svg_rebuild_v1/stomics_0224/stomics0224/cellcharter/statistic_variance/n2000/seed0/embedding.meta.json	1b0a1bdac4ec81a0339b53db0dd07dac	1b0a1bdac4ec81a0339b53db0dd07dac	PASS
/home/xd/y/Benchmark/results/spatial_svg_rebuild_v1/stomics_0224/stomics0224/graphst/statistic_variance/n2000/seed2/embedding.meta.json	scvi	/home/xd/y/Benchmark/results/spatial_svg_rebuild_v1/stomics_0224/stomics0224/scvi/statistic_variance/n2000/seed2/embedding.meta.json	1b0a1bdac4ec81a0339b53db0dd07dac	1b0a1bdac4ec81a0339b53db0dd07dac	PASS
/home/xd/y/Benchmark/results/spatial_svg_rebuild_v1/stomics_0224/stomics0224/graphst/statistic_variance/n2000/seed2/embedding.meta.json	cellcharter	/home/xd/y/Benchmark/results/spatial_svg_rebuild_v1/stomics_0224/stomics0224/cellcharter/statistic_variance/n2000/seed2/embedding.meta.json	1b0a1bdac4ec81a0339b53db0dd07dac	1b0a1bdac4ec81a0339b53db0dd07dac	PASS
/home/xd/y/Benchmark/results/spatial_svg_rebuild_v1/stomics_0224/stomics0224/graphst/statistic_variance/n2000/seed1/embedding.meta.json	scvi	/home/xd/y/Benchmark/results/spatial_svg_rebuild_v1/stomics_0224/stomics0224/scvi/statistic_variance/n2000/seed1/embedding.meta.json	1b0a1bdac4ec81a0339b53db0dd07dac	1b0a1bdac4ec81a0339b53db0dd07dac	PASS
/home/xd/y/Benchmark/results/spatial_svg_rebuild_v1/stomics_0224/stomics0224/graphst/statistic_variance/n2000/seed1/embedding.meta.json	cellcharter	/home/xd/y/Benchmark/results/spatial_svg_rebuild_v1/stomics_0224/stomics0224/cellcharter/statistic_variance/n2000/seed1/embedding.meta.json	1b0a1bdac4ec81a0339b53db0dd07dac	1b0a1bdac4ec81a0339b53db0dd07dac	PASS
/home/xd/y/Benchmark/results/spatial_svg_rebuild_v1/stomics_0224/stomics0224/graphst/spatialde/n2000/seed0/embedding.meta.json	scvi	/home/xd/y/Benchmark/results/spatial_svg_rebuild_v1/stomics_0224/stomics0224/scvi/spatialde/n2000/seed0/embedding.meta.json	1bc8abcc0195c166405015d15e630c56	1bc8abcc0195c166405015d15e630c56	PASS
/home/xd/y/Benchmark/results/spatial_svg_rebuild_v1/stomics_0224/stomics0224/graphst/spatialde/n2000/seed0/embedding.meta.json	cellcharter	/home/xd/y/Benchmark/results/spatial_svg_rebuild_v1/stomics_0224/stomics0224/cellcharter/spatialde/n2000/seed0/embedding.meta.json	1bc8abcc0195c166405015d15e630c56	1bc8abcc0195c166405015d15e630c56	PASS
/home/xd/y/Benchmark/results/spatial_svg_rebuild_v1/stomics_0224/stomics0224/graphst/spatialde/n2000/seed2/embedding.meta.json	scvi	/home/xd/y/Benchmark/results/spatial_svg_rebuild_v1/stomics_0224/stomics0224/scvi/spatialde/n2000/seed2/embedding.meta.json	c37a9bcbe22d210bfe1aa355c9c747b2	c37a9bcbe22d210bfe1aa355c9c747b2	PASS
/home/xd/y/Benchmark/results/spatial_svg_rebuild_v1/stomics_0224/stomics0224/graphst/spatialde/n2000/seed2/embedding.meta.json	cellcharter	/home/xd/y/Benchmark/results/spatial_svg_rebuild_v1/stomics_0224/stomics0224/cellcharter/spatialde/n2000/seed2/embedding.meta.json	c37a9bcbe22d210bfe1aa355c9c747b2	c37a9bcbe22d210bfe1aa355c9c747b2	PASS
/home/xd/y/Benchmark/results/spatial_svg_rebuild_v1/stomics_0224/stomics0224/graphst/spatialde/n2000/seed1/embedding.meta.json	scvi	/home/xd/y/Benchmark/results/spatial_svg_rebuild_v1/stomics_0224/stomics0224/scvi/spatialde/n2000/seed1/embedding.meta.json	a91be55a8c72a1e84cd04a217bd85ccc	a91be55a8c72a1e84cd04a217bd85ccc	PASS
/home/xd/y/Benchmark/results/spatial_svg_rebuild_v1/stomics_0224/stomics0224/graphst/spatialde/n2000/seed1/embedding.meta.json	cellcharter	/home/xd/y/Benchmark/results/spatial_svg_rebuild_v1/stomics_0224/stomics0224/cellcharter/spatialde/n2000/seed1/embedding.meta.json	a91be55a8c72a1e84cd04a217bd85ccc	a91be55a8c72a1e84cd04a217bd85ccc	PASS
/home/xd/y/Benchmark/results/spatial_svg_rebuild_v1/stomics_0224/stomics0224/graphst/Brennecke/n2000/seed0/embedding.meta.json	scvi	/home/xd/y/Benchmark/results/spatial_svg_rebuild_v1/stomics_0224/stomics0224/scvi/Brennecke/n2000/seed0/embedding.meta.json	1b52791a9447a46301c5487a72e0e323	1b52791a9447a46301c5487a72e0e323	PASS
/home/xd/y/Benchmark/results/spatial_svg_rebuild_v1/stomics_0224/stomics0224/graphst/Brennecke/n2000/seed0/embedding.meta.json	cellcharter	/home/xd/y/Benchmark/results/spatial_svg_rebuild_v1/stomics_0224/stomics0224/cellcharter/Brennecke/n2000/seed0/embedding.meta.json	1b52791a9447a46301c5487a72e0e323	1b52791a9447a46301c5487a72e0e323	PASS
/home/xd/y/Benchmark/results/spatial_svg_rebuild_v1/stomics_0224/stomics0224/graphst/Brennecke/n2000/seed2/embedding.meta.json	scvi	/home/xd/y/Benchmark/results/spatial_svg_rebuild_v1/stomics_0224/stomics0224/scvi/Brennecke/n2000/seed2/embedding.meta.json	1b52791a9447a46301c5487a72e0e323	1b52791a9447a46301c5487a72e0e323	PASS
/home/xd/y/Benchmark/results/spatial_svg_rebuild_v1/stomics_0224/stomics0224/graphst/Brennecke/n2000/seed2/embedding.meta.json	cellcharter	/home/xd/y/Benchmark/results/spatial_svg_rebuild_v1/stomics_0224/stomics0224/cellcharter/Brennecke/n2000/seed2/embedding.meta.json	1b52791a9447a46301c5487a72e0e323	1b52791a9447a46301c5487a72e0e323	PASS
/home/xd/y/Benchmark/results/spatial_svg_rebuild_v1/stomics_0224/stomics0224/graphst/Brennecke/n2000/seed1/embedding.meta.json	scvi	/home/xd/y/Benchmark/results/spatial_svg_rebuild_v1/stomics_0224/stomics0224/scvi/Brennecke/n2000/seed1/embedding.meta.json	1b52791a9447a46301c5487a72e0e323	1b52791a9447a46301c5487a72e0e323	PASS
/home/xd/y/Benchmark/results/spatial_svg_rebuild_v1/stomics_0224/stomics0224/graphst/Brennecke/n2000/seed1/embedding.meta.json	cellcharter	/home/xd/y/Benchmark/results/spatial_svg_rebuild_v1/stomics_0224/stomics0224/cellcharter/Brennecke/n2000/seed1/embedding.meta.json	1b52791a9447a46301c5487a72e0e323	1b52791a9447a46301c5487a72e0e323	PASS
/home/xd/y/Benchmark/results/spatial_svg_rebuild_v1/stomics_0224/stomics0224/graphst/scanpy_seurat_batch/n2000/seed0/embedding.meta.json	scvi	/home/xd/y/Benchmark/results/spatial_svg_rebuild_v1/stomics_0224/stomics0224/scvi/scanpy_seurat_batch/n2000/seed0/embedding.meta.json	1250ed830d95d9334c1c6d57f5255eda	1250ed830d95d9334c1c6d57f5255eda	PASS
/home/xd/y/Benchmark/results/spatial_svg_rebuild_v1/stomics_0224/stomics0224/graphst/scanpy_seurat_batch/n2000/seed0/embedding.meta.json	cellcharter	/home/xd/y/Benchmark/results/spatial_svg_rebuild_v1/stomics_0224/stomics0224/cellcharter/scanpy_seurat_batch/n2000/seed0/embedding.meta.json	1250ed830d95d9334c1c6d57f5255eda	1250ed830d95d9334c1c6d57f5255eda	PASS
/home/xd/y/Benchmark/results/spatial_svg_rebuild_v1/stomics_0224/stomics0224/graphst/scanpy_seurat_batch/n2000/seed2/embedding.meta.json	scvi	/home/xd/y/Benchmark/results/spatial_svg_rebuild_v1/stomics_0224/stomics0224/scvi/scanpy_seurat_batch/n2000/seed2/embedding.meta.json	1250ed830d95d9334c1c6d57f5255eda	1250ed830d95d9334c1c6d57f5255eda	PASS
/home/xd/y/Benchmark/results/spatial_svg_rebuild_v1/stomics_0224/stomics0224/graphst/scanpy_seurat_batch/n2000/seed2/embedding.meta.json	cellcharter	/home/xd/y/Benchmark/results/spatial_svg_rebuild_v1/stomics_0224/stomics0224/cellcharter/scanpy_seurat_batch/n2000/seed2/embedding.meta.json	1250ed830d95d9334c1c6d57f5255eda	1250ed830d95d9334c1c6d57f5255eda	PASS
/home/xd/y/Benchmark/results/spatial_svg_rebuild_v1/stomics_0224/stomics0224/graphst/scanpy_seurat_batch/n2000/seed1/embedding.meta.json	scvi	/home/xd/y/Benchmark/results/spatial_svg_rebuild_v1/stomics_0224/stomics0224/scvi/scanpy_seurat_batch/n2000/seed1/embedding.meta.json	1250ed830d95d9334c1c6d57f5255eda	1250ed830d95d9334c1c6d57f5255eda	PASS
/home/xd/y/Benchmark/results/spatial_svg_rebuild_v1/stomics_0224/stomics0224/graphst/scanpy_seurat_batch/n2000/seed1/embedding.meta.json	cellcharter	/home/xd/y/Benchmark/results/spatial_svg_rebuild_v1/stomics_0224/stomics0224/cellcharter/scanpy_seurat_batch/n2000/seed1/embedding.meta.json	1250ed830d95d9334c1c6d57f5255eda	1250ed830d95d9334c1c6d57f5255eda	PASS
/home/xd/y/Benchmark/results/spatial_svg_rebuild_v1/stomics_0224/stomics0224/graphst/scanpy_cell_ranger_batch/n2000/seed0/embedding.meta.json	scvi	/home/xd/y/Benchmark/results/spatial_svg_rebuild_v1/stomics_0224/stomics0224/scvi/scanpy_cell_ranger_batch/n2000/seed0/embedding.meta.json	0cd6e8130aaa19583bac87c62d6a96e8	0cd6e8130aaa19583bac87c62d6a96e8	PASS
/home/xd/y/Benchmark/results/spatial_svg_rebuild_v1/stomics_0224/stomics0224/graphst/scanpy_cell_ranger_batch/n2000/seed0/embedding.meta.json	cellcharter	/home/xd/y/Benchmark/results/spatial_svg_rebuild_v1/stomics_0224/stomics0224/cellcharter/scanpy_cell_ranger_batch/n2000/seed0/embedding.meta.json	0cd6e8130aaa19583bac87c62d6a96e8	0cd6e8130aaa19583bac87c62d6a96e8	PASS
/home/xd/y/Benchmark/results/spatial_svg_rebuild_v1/stomics_0224/stomics0224/graphst/scanpy_cell_ranger_batch/n2000/seed2/embedding.meta.json	scvi	/home/xd/y/Benchmark/results/spatial_svg_rebuild_v1/stomics_0224/stomics0224/scvi/scanpy_cell_ranger_batch/n2000/seed2/embedding.meta.json	0cd6e8130aaa19583bac87c62d6a96e8	0cd6e8130aaa19583bac87c62d6a96e8	PASS
/home/xd/y/Benchmark/results/spatial_svg_rebuild_v1/stomics_0224/stomics0224/graphst/scanpy_cell_ranger_batch/n2000/seed2/embedding.meta.json	cellcharter	/home/xd/y/Benchmark/results/spatial_svg_rebuild_v1/stomics_0224/stomics0224/cellcharter/scanpy_cell_ranger_batch/n2000/seed2/embedding.meta.json	0cd6e8130aaa19583bac87c62d6a96e8	0cd6e8130aaa19583bac87c62d6a96e8	PASS
/home/xd/y/Benchmark/results/spatial_svg_rebuild_v1/stomics_0224/stomics0224/graphst/scanpy_cell_ranger_batch/n2000/seed1/embedding.meta.json	scvi	/home/xd/y/Benchmark/results/spatial_svg_rebuild_v1/stomics_0224/stomics0224/scvi/scanpy_cell_ranger_batch/n2000/seed1/embedding.meta.json	0cd6e8130aaa19583bac87c62d6a96e8	0cd6e8130aaa19583bac87c62d6a96e8	PASS
/home/xd/y/Benchmark/results/spatial_svg_rebuild_v1/stomics_0224/stomics0224/graphst/scanpy_cell_ranger_batch/n2000/seed1/embedding.meta.json	cellcharter	/home/xd/y/Benchmark/results/spatial_svg_rebuild_v1/stomics_0224/stomics0224/cellcharter/scanpy_cell_ranger_batch/n2000/seed1/embedding.meta.json	0cd6e8130aaa19583bac87c62d6a96e8	0cd6e8130aaa19583bac87c62d6a96e8	PASS
/home/xd/y/Benchmark/results/spatial_svg_rebuild_v1/stomics_0224/stomics0224/graphst/scanpy_seurat/n2000/seed0/embedding.meta.json	scvi	/home/xd/y/Benchmark/results/spatial_svg_rebuild_v1/stomics_0224/stomics0224/scvi/scanpy_seurat/n2000/seed0/embedding.meta.json	648cd538d0016141bd3e0f36308bab77	648cd538d0016141bd3e0f36308bab77	PASS
/home/xd/y/Benchmark/results/spatial_svg_rebuild_v1/stomics_0224/stomics0224/graphst/scanpy_seurat/n2000/seed0/embedding.meta.json	cellcharter	/home/xd/y/Benchmark/results/spatial_svg_rebuild_v1/stomics_0224/stomics0224/cellcharter/scanpy_seurat/n2000/seed0/embedding.meta.json	648cd538d0016141bd3e0f36308bab77	648cd538d0016141bd3e0f36308bab77	PASS
/home/xd/y/Benchmark/results/spatial_svg_rebuild_v1/stomics_0224/stomics0224/graphst/scanpy_seurat/n2000/seed2/embedding.meta.json	scvi	/home/xd/y/Benchmark/results/spatial_svg_rebuild_v1/stomics_0224/stomics0224/scvi/scanpy_seurat/n2000/seed2/embedding.meta.json	648cd538d0016141bd3e0f36308bab77	648cd538d0016141bd3e0f36308bab77	PASS
/home/xd/y/Benchmark/results/spatial_svg_rebuild_v1/stomics_0224/stomics0224/graphst/scanpy_seurat/n2000/seed2/embedding.meta.json	cellcharter	/home/xd/y/Benchmark/results/spatial_svg_rebuild_v1/stomics_0224/stomics0224/cellcharter/scanpy_seurat/n2000/seed2/embedding.meta.json	648cd538d0016141bd3e0f36308bab77	648cd538d0016141bd3e0f36308bab77	PASS
/home/xd/y/Benchmark/results/spatial_svg_rebuild_v1/stomics_0224/stomics0224/graphst/scanpy_seurat/n2000/seed1/embedding.meta.json	scvi	/home/xd/y/Benchmark/results/spatial_svg_rebuild_v1/stomics_0224/stomics0224/scvi/scanpy_seurat/n2000/seed1/embedding.meta.json	648cd538d0016141bd3e0f36308bab77	648cd538d0016141bd3e0f36308bab77	PASS
/home/xd/y/Benchmark/results/spatial_svg_rebuild_v1/stomics_0224/stomics0224/graphst/scanpy_seurat/n2000/seed1/embedding.meta.json	cellcharter	/home/xd/y/Benchmark/results/spatial_svg_rebuild_v1/stomics_0224/stomics0224/cellcharter/scanpy_seurat/n2000/seed1/embedding.meta.json	648cd538d0016141bd3e0f36308bab77	648cd538d0016141bd3e0f36308bab77	PASS
/home/xd/y/Benchmark/results/spatial_svg_rebuild_v1/stomics_0224/stomics0224/graphst/seurat_disp/n2000/seed0/embedding.meta.json	scvi	/home/xd/y/Benchmark/results/spatial_svg_rebuild_v1/stomics_0224/stomics0224/scvi/seurat_disp/n2000/seed0/embedding.meta.json	4c331b9bbb2b5f431d07847d1a8e395f	4c331b9bbb2b5f431d07847d1a8e395f	PASS
/home/xd/y/Benchmark/results/spatial_svg_rebuild_v1/stomics_0224/stomics0224/graphst/seurat_disp/n2000/seed0/embedding.meta.json	cellcharter	/home/xd/y/Benchmark/results/spatial_svg_rebuild_v1/stomics_0224/stomics0224/cellcharter/seurat_disp/n2000/seed0/embedding.meta.json	4c331b9bbb2b5f431d07847d1a8e395f	4c331b9bbb2b5f431d07847d1a8e395f	PASS
/home/xd/y/Benchmark/results/spatial_svg_rebuild_v1/stomics_0224/stomics0224/graphst/seurat_disp/n2000/seed2/embedding.meta.json	scvi	/home/xd/y/Benchmark/results/spatial_svg_rebuild_v1/stomics_0224/stomics0224/scvi/seurat_disp/n2000/seed2/embedding.meta.json	4c331b9bbb2b5f431d07847d1a8e395f	4c331b9bbb2b5f431d07847d1a8e395f	PASS
/home/xd/y/Benchmark/results/spatial_svg_rebuild_v1/stomics_0224/stomics0224/graphst/seurat_disp/n2000/seed2/embedding.meta.json	cellcharter	/home/xd/y/Benchmark/results/spatial_svg_rebuild_v1/stomics_0224/stomics0224/cellcharter/seurat_disp/n2000/seed2/embedding.meta.json	4c331b9bbb2b5f431d07847d1a8e395f	4c331b9bbb2b5f431d07847d1a8e395f	PASS
/home/xd/y/Benchmark/results/spatial_svg_rebuild_v1/stomics_0224/stomics0224/graphst/seurat_disp/n2000/seed1/embedding.meta.json	scvi	/home/xd/y/Benchmark/results/spatial_svg_rebuild_v1/stomics_0224/stomics0224/scvi/seurat_disp/n2000/seed1/embedding.meta.json	4c331b9bbb2b5f431d07847d1a8e395f	4c331b9bbb2b5f431d07847d1a8e395f	PASS
/home/xd/y/Benchmark/results/spatial_svg_rebuild_v1/stomics_0224/stomics0224/graphst/seurat_disp/n2000/seed1/embedding.meta.json	cellcharter	/home/xd/y/Benchmark/results/spatial_svg_rebuild_v1/stomics_0224/stomics0224/cellcharter/seurat_disp/n2000/seed1/embedding.meta.json	4c331b9bbb2b5f431d07847d1a8e395f	4c331b9bbb2b5f431d07847d1a8e395f	PASS
/home/xd/y/Benchmark/results/spatial_svg_rebuild_v1/stomics_0224/stomics0224/graphst/nbumi/n2000/seed0/embedding.meta.json	scvi	/home/xd/y/Benchmark/results/spatial_svg_rebuild_v1/stomics_0224/stomics0224/scvi/nbumi/n2000/seed0/embedding.meta.json	bdb93ef6fd8ef6cb964bc7ea024ee620	bdb93ef6fd8ef6cb964bc7ea024ee620	PASS
/home/xd/y/Benchmark/results/spatial_svg_rebuild_v1/stomics_0224/stomics0224/graphst/nbumi/n2000/seed0/embedding.meta.json	cellcharter	/home/xd/y/Benchmark/results/spatial_svg_rebuild_v1/stomics_0224/stomics0224/cellcharter/nbumi/n2000/seed0/embedding.meta.json	bdb93ef6fd8ef6cb964bc7ea024ee620	bdb93ef6fd8ef6cb964bc7ea024ee620	PASS
/home/xd/y/Benchmark/results/spatial_svg_rebuild_v1/stomics_0224/stomics0224/graphst/nbumi/n2000/seed2/embedding.meta.json	scvi	/home/xd/y/Benchmark/results/spatial_svg_rebuild_v1/stomics_0224/stomics0224/scvi/nbumi/n2000/seed2/embedding.meta.json	b1a55a9337a4a87cf8df972e99424c03	b1a55a9337a4a87cf8df972e99424c03	PASS
/home/xd/y/Benchmark/results/spatial_svg_rebuild_v1/stomics_0224/stomics0224/graphst/nbumi/n2000/seed2/embedding.meta.json	cellcharter	/home/xd/y/Benchmark/results/spatial_svg_rebuild_v1/stomics_0224/stomics0224/cellcharter/nbumi/n2000/seed2/embedding.meta.json	b1a55a9337a4a87cf8df972e99424c03	b1a55a9337a4a87cf8df972e99424c03	PASS
/home/xd/y/Benchmark/results/spatial_svg_rebuild_v1/stomics_0224/stomics0224/graphst/nbumi/n2000/seed1/embedding.meta.json	scvi	/home/xd/y/Benchmark/results/spatial_svg_rebuild_v1/stomics_0224/stomics0224/scvi/nbumi/n2000/seed1/embedding.meta.json	04d71975f18679b7b3afaf2740c6ba25	04d71975f18679b7b3afaf2740c6ba25	PASS
/home/xd/y/Benchmark/results/spatial_svg_rebuild_v1/stomics_0224/stomics0224/graphst/nbumi/n2000/seed1/embedding.meta.json	cellcharter	/home/xd/y/Benchmark/results/spatial_svg_rebuild_v1/stomics_0224/stomics0224/cellcharter/nbumi/n2000/seed1/embedding.meta.json	04d71975f18679b7b3afaf2740c6ba25	04d71975f18679b7b3afaf2740c6ba25	PASS
/home/xd/y/Benchmark/results/spatial_svg_rebuild_v1/stomics_0224/stomics0224/graphst/seurat_vst/n2000/seed0/embedding.meta.json	scvi	/home/xd/y/Benchmark/results/spatial_svg_rebuild_v1/stomics_0224/stomics0224/scvi/seurat_vst/n2000/seed0/embedding.meta.json	9bd306943ddcb9b4164cca5400dcda04	9bd306943ddcb9b4164cca5400dcda04	PASS
/home/xd/y/Benchmark/results/spatial_svg_rebuild_v1/stomics_0224/stomics0224/graphst/seurat_vst/n2000/seed0/embedding.meta.json	cellcharter	/home/xd/y/Benchmark/results/spatial_svg_rebuild_v1/stomics_0224/stomics0224/cellcharter/seurat_vst/n2000/seed0/embedding.meta.json	9bd306943ddcb9b4164cca5400dcda04	9bd306943ddcb9b4164cca5400dcda04	PASS
/home/xd/y/Benchmark/results/spatial_svg_rebuild_v1/stomics_0224/stomics0224/graphst/seurat_vst/n2000/seed2/embedding.meta.json	scvi	/home/xd/y/Benchmark/results/spatial_svg_rebuild_v1/stomics_0224/stomics0224/scvi/seurat_vst/n2000/seed2/embedding.meta.json	9bd306943ddcb9b4164cca5400dcda04	9bd306943ddcb9b4164cca5400dcda04	PASS
/home/xd/y/Benchmark/results/spatial_svg_rebuild_v1/stomics_0224/stomics0224/graphst/seurat_vst/n2000/seed2/embedding.meta.json	cellcharter	/home/xd/y/Benchmark/results/spatial_svg_rebuild_v1/stomics_0224/stomics0224/cellcharter/seurat_vst/n2000/seed2/embedding.meta.json	9bd306943ddcb9b4164cca5400dcda04	9bd306943ddcb9b4164cca5400dcda04	PASS
/home/xd/y/Benchmark/results/spatial_svg_rebuild_v1/stomics_0224/stomics0224/graphst/seurat_vst/n2000/seed1/embedding.meta.json	scvi	/home/xd/y/Benchmark/results/spatial_svg_rebuild_v1/stomics_0224/stomics0224/scvi/seurat_vst/n2000/seed1/embedding.meta.json	9bd306943ddcb9b4164cca5400dcda04	9bd306943ddcb9b4164cca5400dcda04	PASS
/home/xd/y/Benchmark/results/spatial_svg_rebuild_v1/stomics_0224/stomics0224/graphst/seurat_vst/n2000/seed1/embedding.meta.json	cellcharter	/home/xd/y/Benchmark/results/spatial_svg_rebuild_v1/stomics_0224/stomics0224/cellcharter/seurat_vst/n2000/seed1/embedding.meta.json	9bd306943ddcb9b4164cca5400dcda04	9bd306943ddcb9b4164cca5400dcda04	PASS
/home/xd/y/Benchmark/results/spatial_svg_rebuild_v1/stomics_0224/stomics0224/graphst/scry/n2000/seed0/embedding.meta.json	scvi	/home/xd/y/Benchmark/results/spatial_svg_rebuild_v1/stomics_0224/stomics0224/scvi/scry/n2000/seed0/embedding.meta.json	c947704f6ad4fd831e31bad3f57c817e	c947704f6ad4fd831e31bad3f57c817e	PASS
/home/xd/y/Benchmark/results/spatial_svg_rebuild_v1/stomics_0224/stomics0224/graphst/scry/n2000/seed0/embedding.meta.json	cellcharter	/home/xd/y/Benchmark/results/spatial_svg_rebuild_v1/stomics_0224/stomics0224/cellcharter/scry/n2000/seed0/embedding.meta.json	c947704f6ad4fd831e31bad3f57c817e	c947704f6ad4fd831e31bad3f57c817e	PASS
/home/xd/y/Benchmark/results/spatial_svg_rebuild_v1/stomics_0224/stomics0224/graphst/scry/n2000/seed2/embedding.meta.json	scvi	/home/xd/y/Benchmark/results/spatial_svg_rebuild_v1/stomics_0224/stomics0224/scvi/scry/n2000/seed2/embedding.meta.json	c947704f6ad4fd831e31bad3f57c817e	c947704f6ad4fd831e31bad3f57c817e	PASS
/home/xd/y/Benchmark/results/spatial_svg_rebuild_v1/stomics_0224/stomics0224/graphst/scry/n2000/seed2/embedding.meta.json	cellcharter	/home/xd/y/Benchmark/results/spatial_svg_rebuild_v1/stomics_0224/stomics0224/cellcharter/scry/n2000/seed2/embedding.meta.json	c947704f6ad4fd831e31bad3f57c817e	c947704f6ad4fd831e31bad3f57c817e	PASS
/home/xd/y/Benchmark/results/spatial_svg_rebuild_v1/stomics_0224/stomics0224/graphst/scry/n2000/seed1/embedding.meta.json	scvi	/home/xd/y/Benchmark/results/spatial_svg_rebuild_v1/stomics_0224/stomics0224/scvi/scry/n2000/seed1/embedding.meta.json	c947704f6ad4fd831e31bad3f57c817e	c947704f6ad4fd831e31bad3f57c817e	PASS
/home/xd/y/Benchmark/results/spatial_svg_rebuild_v1/stomics_0224/stomics0224/graphst/scry/n2000/seed1/embedding.meta.json	cellcharter	/home/xd/y/Benchmark/results/spatial_svg_rebuild_v1/stomics_0224/stomics0224/cellcharter/scry/n2000/seed1/embedding.meta.json	c947704f6ad4fd831e31bad3f57c817e	c947704f6ad4fd831e31bad3f57c817e	PASS
