dataset	fs_method	n_features	integration_method	random_seed	Accuracy	CHAOS	GC	ILL	PAS	Ratio	ari	bASW	dASW	dLISI	iLISI	nmi	silhouette	BatchMixing	BiologicalConservation	Integration	LabelIndependentClustering	LabelAgreement	Clustering	Alignment	CoreOverall	AlignmentEligibleOverall	MethodGroup
DLPFC	Brennecke	2000	graphst	0	0.6080090883271799	0.9823028651595999	0.9111220117330243	0.6893135981667121	0.9205727361297699	0.8230685215795824	0.45155379247807437	0.8785451988825621	0.8262924900885239	0.8481406061623146	0.2423371730354451	0.4853485747443704	0.1635822015453765	0.5604411859590036	0.8187171765376438	0.6895791812483236	0.6888192676115822	0.4684511836112224	0.5786352256114022	0.7155388049533812	0.6341072034298629	0.661251070604369	expression_driven
DLPFC	Brennecke	2000	graphst	1	0.6187446748082932	0.9658089554258569	0.9062735137998865	0.7076619597830882	0.9120440992421553	0.8206825587832018	0.49788025955737425	0.8800418821229044	0.8252044191958301	0.856239031880875	0.23597963591797458	0.5365039481194729	0.14748519203035027	0.5580107590204395	0.82384473116492	0.6909277450926797	0.675112748899454	0.5171921038384235	0.5961524263689388	0.7197136167957475	0.6435400857308093	0.6689312627524554	expression_driven
DLPFC	Brennecke	2000	graphst	2	0.6105651803464925	0.9599290822478164	0.9075503233657369	0.712054745637299	0.9118360837935467	0.8261141472842725	0.40912089045274574	0.8784297644767385	0.846955897754038	0.8498958882396573	0.24672796929542268	0.47240140022619403	0.134321653972213	0.5625788668860806	0.8291142137491828	0.6958465403176317	0.668695606671192	0.44076114533946986	0.554728376005331	0.7183396638153825	0.6252874581614813	0.6563048600461151	expression_driven
DLPFC	anticor	2000	graphst	0	0.8383981823345642	0.9628106397050659	0.9093293578381626	0.8963484940331681	0.9373179863576582	0.8188770053844691	0.7311815688106768	0.8533622716885518	0.9148357309266071	0.9577722988535435	0.2137766988394701	0.7776516958095623	0.2556033499011091	0.5335694852640109	0.9195714704128704	0.7265704778384406	0.7185773253212777	0.7544166323101196	0.7364969788156986	0.8286375938595166	0.7315337283270696	0.7639016835045519	expression_driven
DLPFC	anticor	2000	graphst	1	0.8544163589889238	0.959001962198945	0.9119950762751776	0.9106959906732283	0.9149563167707694	0.8155047706548194	0.5909079439219906	0.846645609152424	0.9165338977136822	0.9546382834279205	0.20475921317503096	0.6842058248536703	0.2919484909740601	0.5257024111637275	0.9234658120225021	0.7245841115931149	0.7219689233145915	0.6375568843878305	0.679762903851211	0.8349605648218716	0.7021735077221629	0.7464358600887325	expression_driven
DLPFC	anticor	2000	graphst	2	0.820675944333996	0.9470326801428772	0.9720072017247018	0.870741003859577	0.8920746081879309	0.8224053768957328	0.45931419856461614	0.8590572707209927	0.9113319983676705	0.9515976704067433	0.22096884639039863	0.5791443856419963	0.2725816367149143	0.5400130585556957	0.9264194685896732	0.7332162635726844	0.7038963083485742	0.5192292921033063	0.6115628002259402	0.8215406606148644	0.6723895318993123	0.7221065748044962	expression_driven
DLPFC	dubstepr	2000	graphst	0	0.7721101959670549	0.9672496487389013	0.9388286774805827	0.879602738254182	0.9559353764966891	0.8283910196650427	0.54004972737478	0.8676857050112526	0.9104883500799748	0.9403712865553793	0.22049430028253583	0.6799900114694754	0.28792827914997887	0.5440900026468942	0.9173227630925297	0.730706382869712	0.7370377681285231	0.6100198694221277	0.6735288187753254	0.8002506078160487	0.7021176008225187	0.7348286031536954	expression_driven
DLPFC	dubstepr	2000	graphst	1	0.8136892928145413	0.9505800730002164	0.9365657112901518	0.9059256278501635	0.9476147551824926	0.8240435862560344	0.5242167612853407	0.8644786163521135	0.9041198197025313	0.9466325629192951	0.22948646386299748	0.6399902484501718	0.27697904798898937	0.5469825401075555	0.9233109304405354	0.7351467352740455	0.7250579587238994	0.5821035048677563	0.6535807317958279	0.8188664395352878	0.6943637335349366	0.7358646355350537	expression_driven
DLPFC	dubstepr	2000	graphst	2	0.8089179210451576	0.9568611673335442	0.8993134729331053	0.8825897762179404	0.9348217999758801	0.8281609336359014	0.5651791625373639	0.8628292534129577	0.9127578428911918	0.9497558853841366	0.2204273439827044	0.6890798002756439	0.2674558402676281	0.541628298697831	0.9111042443565935	0.7263662715272123	0.7197129358590174	0.6271294814065038	0.6734212086327607	0.8185394273405295	0.6998937400799865	0.7394423025001675	expression_driven
DLPFC	hotspot	2000	graphst	0	0.7966486793524566	0.9668751062537589	0.9775705861888218	0.8985358961684063	0.9494868949688261	0.8146642270801229	0.5363376206638479	0.8438706216153166	0.9121280263153219	0.9500788472841676	0.2054156802465999	0.6937171752110303	0.29645454999267756	0.5246431509309583	0.9345783389891793	0.7296107449600688	0.7376055170717541	0.6150273979374391	0.6763164575045966	0.8056564532162898	0.7029636012323327	0.7371945518936517	expression_driven
DLPFC	hotspot	2000	graphst	1	0.7843794376597557	0.9633927742828374	0.969360649467216	0.8649485266212839	0.9267091942351015	0.8159173579667763	0.5621407165002804	0.8519638732781769	0.8985483820361412	0.9374964484174968	0.2118708285308791	0.6382169316460804	0.24502215027863544	0.531917350904528	0.9175885016355345	0.7247529262700312	0.7117080395988581	0.6001788240731805	0.6559434318360193	0.800148397813266	0.6903481790530253	0.7269482519731055	expression_driven
DLPFC	hotspot	2000	graphst	2	0.7981823345640443	0.9529157765503663	0.9727145541015009	0.8979407273380747	0.9371099709090495	0.8126494250441856	0.6359873446551197	0.8441800257040407	0.9155038541705585	0.9451641910733233	0.20897279979219371	0.6718193869758137	0.2683330506901453	0.5265764127481172	0.9328308316708643	0.7297036222094908	0.7194529327165203	0.6539033658154667	0.6866781492659935	0.8054158798041149	0.7081908857377421	0.7405992170931998	expression_driven
DLPFC	morans_i	2000	graphst	0	0.8542459528543029	0.959650472740749	0.939775929273596	0.9488273150463012	0.9162044099616584	0.8197220541310574	0.6831179052221668	0.8638072523368023	0.9495879014471785	0.9695604915206031	0.2159257327056189	0.76321436962241	0.23551235262619266	0.5398664925212107	0.9519379093219197	0.7459022009215652	0.7037890784428668	0.7231661374222884	0.7134776079325775	0.8369840034926801	0.7296899044270714	0.7654546041156077	spatially_informed
DLPFC	morans_i	2000	graphst	1	0.8912240840670262	0.9588370907894259	0.9136604297385243	0.9617959572062155	0.8814658160653742	0.8133472667143299	0.4599534508392401	0.8533241129660337	0.957569748398199	0.9734385187868049	0.20914342152050028	0.5289741936847097	0.2205903094362797	0.531233767243267	0.9516161635324359	0.7414249653878515	0.68696440543036	0.4944638222619749	0.5907141138461675	0.852285675390678	0.6660695396170095	0.728141584874899	spatially_informed
DLPFC	morans_i	2000	graphst	2	0.878443623970463	0.9579429379313537	0.9304477576079504	0.9727655350353407	0.9367979476113273	0.8136715331171906	0.6348951578959569	0.8569395270955006	0.9501445914862495	0.9691400257565698	0.2092266207313171	0.761530593228754	0.2321597686956	0.5330830739134088	0.9556244774715277	0.7443537756924683	0.7089668847460936	0.6982128755623555	0.7035898801542245	0.8460575785438269	0.7239718279233465	0.7646670781301733	spatially_informed
DLPFC	nbumi	2000	graphst	0	0.9133768815677366	0.962070221998768	0.9751717294516741	0.9908692396633602	0.9220288447692675	0.8313498975143574	0.7514388619624914	0.8745916645480235	0.9620897562672817	0.980012727186072	0.21534518721839344	0.8125198834091091	0.2243570624407822	0.5449684258832085	0.977035863142097	0.7610021445126527	0.7028187097362726	0.7819793726858002	0.7423990412110364	0.872363389541047	0.7517005928618445	0.7919215250882453	expression_driven
DLPFC	nbumi	2000	graphst	1	0.9065606361829026	0.9775354348308002	0.9163941477475662	0.928174088035826	0.9445985300543837	0.8268905700646845	0.6956915717109826	0.8801767962928705	0.9613852588707456	0.9776539446617656	0.21007734534432373	0.8380875029803541	0.2317047208745732	0.5451270708185971	0.9459018598289758	0.7455144653237864	0.7179462285865856	0.7668895373456683	0.742417882966127	0.8667256031237935	0.7439661741449567	0.784885983804569	expression_driven
DLPFC	nbumi	2000	graphst	2	0.895143425163306	0.9814438809580398	0.9045956832264594	0.9306884796808577	0.9510470114574373	0.8300599230030676	0.5927345889175886	0.878922034241084	0.9701501776441197	0.9712716886443954	0.23464490621088688	0.740713019670824	0.2799322751640206	0.5567834702259854	0.9441765072989581	0.7504799887624718	0.7374743891931659	0.6667238042942063	0.7020990967436861	0.8626016740831868	0.7262895427530789	0.7717269198631148	expression_driven
DLPFC	nnsvg	2000	graphst	0	0.8380573700653223	0.9556096356871427	0.9363012242520613	0.9070856292541929	0.9011232838218765	0.8278595533744282	0.4858353400540251	0.8705628035097747	0.8971434071760849	0.9603505730501498	0.22815384060727548	0.6352384916863354	0.23694884129329824	0.5493583220585251	0.9252202084331221	0.7372892652458236	0.6978939202674391	0.5605369158701803	0.6292154180688097	0.8329584617198753	0.6832523416573166	0.7331543816781695	spatially_informed
DLPFC	nnsvg	2000	graphst	1	0.846236864527123	0.9485112625180886	0.9357280881801197	0.8837362551952817	0.9143322701753248	0.8276377108841696	0.5641511731913087	0.8583278153163435	0.912307515647665	0.9636260393985022	0.2162271602779225	0.6637462929325089	0.2584128879182863	0.537277487797133	0.9238494746053921	0.7305634812012626	0.7070854735372332	0.6139487330619088	0.6605171032995709	0.8369372877056462	0.6955402922504168	0.7426726240688266	spatially_informed
DLPFC	nnsvg	2000	graphst	2	0.8585061062198239	0.9466232171898902	0.9069708038764888	0.8844573930327756	0.925565108893326	0.8262667817959857	0.5204768661637383	0.8636563241916088	0.9133919027296894	0.9586404029532759	0.22132261674751416	0.6864005729122905	0.3115743958753013	0.5424894704695614	0.9158651256480574	0.7291772980588094	0.7279209073195059	0.6034387195380144	0.6656798134287601	0.8423864440079047	0.6974285557437847	0.7457478518318247	spatially_informed
DLPFC	osca	2000	graphst	0	0.7322351604657769	0.9581151196252616	0.9761748950519478	0.8570005457805491	0.9359658854424647	0.8087999988400536	0.5405209428651854	0.8470322897269981	0.8767944167741405	0.9245671623628209	0.19657514773313667	0.6121237695146523	0.2423669067540943	0.5218037187300674	0.9086342549923645	0.715218986861216	0.7121493039406069	0.5763223561899189	0.6442358300652629	0.7705175796529152	0.6797274084632394	0.7099907988597981	expression_driven
DLPFC	osca	2000	graphst	1	0.7470604941777903	0.9611304701136881	0.9367561294155717	0.8478747696846904	0.9601996949404965	0.8122802146293674	0.44418148525665324	0.8540443420502859	0.8887832947549356	0.9318987541114149	0.20118939124912066	0.6020830595456905	0.26888529957127455	0.5276168666497033	0.9013282369916531	0.7144725518206783	0.7300718215418197	0.5231322724011719	0.6266020469714958	0.7796703544035788	0.670537299396087	0.7069149843985842	expression_driven
DLPFC	osca	2000	graphst	2	0.7516614598125533	0.9438416668727386	0.9045555523638615	0.8801735882063887	0.9441824989075478	0.8092413141129602	0.46259040609292645	0.8485473778567301	0.896948118589613	0.9307526742067995	0.20539459700584808	0.6028224278620512	0.26193075729489024	0.5269709874312891	0.9031074833416657	0.7150392353864774	0.7166516410250588	0.5327064169774889	0.6246790290012738	0.7804513869627567	0.6698591321938756	0.7067232171168359	expression_driven
DLPFC	scPNMF	2000	graphst	0	0.6715705765407556	0.9414602547057798	0.9004812656467915	0.7916456745352732	0.9205727361297699	0.8144485523624435	0.47243693263464	0.8345395366429994	0.8668354282570828	0.8923303981659602	0.22295642037788851	0.5535243139937255	0.2491402993437698	0.528747978510444	0.862823191651277	0.6957855850808605	0.7037244300597733	0.5129806233141827	0.608352526686978	0.7430095644515995	0.6520690558839193	0.6823825587398127	expression_driven
DLPFC	scPNMF	2000	graphst	1	0.7446748082930986	0.9693278065864297	0.9193938028653269	0.8381354654794001	0.9262931632130749	0.8113755814482027	0.5022080842179226	0.831301697015644	0.8713870895268854	0.9178950362006262	0.20177582675445535	0.6203692239060934	0.2818198850008342	0.5165387618850497	0.8867028485180597	0.7016208052015547	0.7258136182667796	0.561288654062008	0.6435511361643937	0.7780251948706507	0.6725859706829742	0.7077323787455331	expression_driven
DLPFC	scPNMF	2000	graphst	2	0.7024140869071286	0.9554020435945138	0.9812724952687504	0.8341848504083149	0.9346137845272714	0.8153923587796861	0.5289052157705266	0.8336878400503833	0.8700243435142226	0.9090371730789021	0.21532985694116075	0.6156636135210214	0.3079188674839453	0.5245088484957721	0.8986297155675476	0.7115692820316598	0.7326448985352435	0.572284414645774	0.6524646565905088	0.7589032228434074	0.6820169693110842	0.7076457204885253	expression_driven
DLPFC	scanpy_cell_ranger	2000	graphst	0	0.7133200795228629	0.9346879305348157	0.9392670895386608	0.7913995207541693	0.9181805574722961	0.8606832016712588	0.4032080937715239	0.9178853146901217	0.819638912923308	0.8962159116413225	0.2729753394670148	0.5208611649764235	0.15973865185691344	0.5954303270785682	0.8616303587143652	0.7285303428964667	0.6708690466213417	0.4620346293739737	0.5664518379976577	0.7870016405970608	0.6474910904470622	0.6939946071637285	expression_driven
DLPFC	scanpy_cell_ranger	2000	graphst	1	0.6899744390798068	0.9580954160236433	0.9564968738942743	0.7697074589593701	0.9159963943882404	0.8594846597789375	0.467507511741014	0.9135005792873361	0.8288252990395167	0.892347799720616	0.27095704513707547	0.5547441585362722	0.11623245363445407	0.5922288122122058	0.8618443579034443	0.7270365850578251	0.6634414213487793	0.5111258351386432	0.5872836282437113	0.7747295494293722	0.6571601066507682	0.6963499209103029	expression_driven
DLPFC	scanpy_cell_ranger	2000	graphst	2	0.7117864243112753	0.9596456378965762	0.9745992233759222	0.7827482648569457	0.9263971709373792	0.8532785278337262	0.5397153804347964	0.9199185260239087	0.8180691268252676	0.8946172227537087	0.2738441987050189	0.5681810428672458	0.1661198923356653	0.5968813623644638	0.8675084594529611	0.7321949109087125	0.6840542337232068	0.553948211651021	0.619001222687114	0.7825324760725008	0.6755980667979132	0.7112428698894423	expression_driven
DLPFC	scanpy_cell_ranger_batch	2000	graphst	0	0.7313831297926725	0.9430011743385245	0.977737159629786	0.7493012307296154	0.8930106780810977	0.8630977979210953	0.5601437919192913	0.9291499857829957	0.7957855951687468	0.8922887224043919	0.31372631492264497	0.6559124932738596	0.12393646905678858	0.6214381503528204	0.8537781769831351	0.7376081636679777	0.6533161071588035	0.6080281425965754	0.6306721248776894	0.797240463856884	0.6841401442728335	0.7218402508008502	expression_driven
DLPFC	scanpy_cell_ranger_batch	2000	graphst	1	0.6962794660607783	0.9402891523038059	0.9614954124097367	0.7419618152474445	0.8738732491957357	0.8576268696372314	0.6514163424389238	0.9296929389148625	0.8019215176040295	0.8888235235020047	0.31715350297148964	0.6511408815122858	0.1260440564199984	0.623423220943176	0.8485505671908039	0.73598689406699	0.6467354859731801	0.6512786119756048	0.6490070489743924	0.7769531678490049	0.6924969715206912	0.7206490369634624	expression_driven
DLPFC	scanpy_cell_ranger_batch	2000	graphst	2	0.7204771371769384	0.9400318709059992	0.9733111019165132	0.7596933238998507	0.8728331715782647	0.8609805950759135	0.5469145596412386	0.927586890504515	0.7811670801871357	0.8964914563797725	0.31959543317787154	0.5645119311726967	0.11448564058076856	0.6235911618411933	0.852665740595818	0.7381284512185057	0.6424502276883441	0.5557132454069676	0.599081736547656	0.790728866126426	0.6686050938830808	0.7093130179641959	expression_driven
DLPFC	scanpy_pearson	2000	graphst	0	0.6633910820789549	0.9596337957515825	0.9087964876844166	0.7821944890464668	0.9429344057166588	0.8102631748976495	0.4781855156277722	0.8524629875442629	0.8005462846838393	0.8971843963098146	0.230978919127324	0.5884107493399238	0.2395566149102102	0.5417209533357934	0.8471804144311343	0.6944506838834639	0.7140416054594838	0.5332981324838479	0.6236698689716659	0.7368271284883022	0.6590602764275648	0.6849825604478106	expression_driven
DLPFC	scanpy_pearson	2000	graphst	1	0.697642715137745	0.9562707007076485	0.9121036142459921	0.7854650272199273	0.9193246429388808	0.8075452194790603	0.5316012264704939	0.8461947169832859	0.8144648094665381	0.9072976193751715	0.2231468675797732	0.5840070763243781	0.2327732305875166	0.5346707922815295	0.8548327675769072	0.6947517799292183	0.7027895247446819	0.557804151397436	0.630296838071059	0.7525939673084027	0.6625243090001387	0.6925475284362267	expression_driven
DLPFC	scanpy_pearson	2000	graphst	2	0.6434535643283158	0.9720937854821158	0.9042308787069097	0.7661231812269201	0.9313895437009353	0.8041820388282278	0.5356330854913245	0.8446505683118094	0.825928447782063	0.892970985028897	0.22719515720591435	0.5886593184779454	0.24522885796105612	0.5359228627588619	0.8473133731861974	0.6916181179725296	0.7162373957147024	0.5621462019846349	0.6391917988496687	0.7238178015782718	0.6654049584110991	0.68487590613349	expression_driven
DLPFC	scanpy_pearson_batch	2000	graphst	0	0.6589605225788129	0.9217837540004468	0.906197186984031	0.7058625933115763	0.913916239028489	0.8240090970969715	0.5371601916929611	0.8960085643323767	0.818612090740648	0.8654558538851631	0.2712468520615453	0.545357271978653	0.20797334067852719	0.583627708196961	0.8240319312303547	0.7038298197136579	0.6812244445691542	0.5412587318358071	0.6112415882024806	0.7414848098378921	0.6575357039580693	0.6855187392513434	expression_driven
DLPFC	scanpy_pearson_batch	2000	graphst	1	0.6604941777904004	0.9627449341727586	0.9114152244122605	0.7086296268669667	0.9135002080064624	0.8235397851719212	0.47821716158169025	0.8945207799742291	0.8115688613029018	0.8700406785460953	0.2698885884999536	0.5262903465182174	0.2042715168810779	0.5822046842370914	0.8254135977820561	0.7038091410095737	0.6935055530200996	0.5022537540499539	0.5978796535350268	0.7420169814811608	0.6508443972723003	0.6812352586752537	expression_driven
DLPFC	scanpy_pearson_batch	2000	graphst	2	0.651121840386254	0.9531117327846864	0.9012221702569411	0.720712401879508	0.9175565108768517	0.8220120775917765	0.44704288592035785	0.8928781708492722	0.8278680316237689	0.8663403809795537	0.2717866890062763	0.5282881124314408	0.22438879080453897	0.5823324299277742	0.8290357461849429	0.7056840880563586	0.6983523448220256	0.4876654991758993	0.5930089219989625	0.7365669589890153	0.6493465050276606	0.6784199896814455	expression_driven
DLPFC	scanpy_seurat	2000	graphst	0	0.6633910820789549	0.9490523815011281	0.8579739548786477	0.7448800741349141	0.9107960060512663	0.8332699460382301	0.47618197052416483	0.8857565275812527	0.8463837866924717	0.8754460335927355	0.2411943067147658	0.517896839776486	0.1717710999981259	0.5634754171480092	0.8311709623246922	0.6973231897363508	0.6772064958501733	0.4970394051503254	0.5871229505002493	0.7483305140585925	0.6422230701183	0.6775922180983974	expression_driven
DLPFC	scanpy_seurat	2000	graphst	1	0.6720817949446181	0.9490654259107061	0.9146185987889539	0.7671248755614396	0.915892386663936	0.833688129838182	0.5206345052587016	0.8810109766804994	0.8488167530198564	0.8796762633240721	0.24299734571355547	0.5880626079193396	0.13894857877463765	0.5620041611970275	0.8525591226735805	0.707281641935304	0.6679687971164266	0.5543485565890206	0.6111586768527236	0.7528849623914	0.6592201593940138	0.6904417603931425	expression_driven
DLPFC	scanpy_seurat	2000	graphst	2	0.6524850894632206	0.960873108135145	0.9089243316291509	0.7315092889940161	0.9371099709090495	0.830596129910415	0.5051427651187714	0.8845076988755547	0.841210621671242	0.8703888895672948	0.24505818245408634	0.5372945513750309	0.17294296349346042	0.5647829406648205	0.8380082829654261	0.7013956118151232	0.6903086808458849	0.5212186582469012	0.605763669546393	0.7415406096868178	0.6535796406807581	0.6828999636827779	expression_driven
DLPFC	scanpy_seurat_batch	2000	graphst	0	0.6768531667140019	0.9732455775164636	0.9109681969654185	0.7774972511278543	0.9190126196411587	0.8244271255414334	0.5241888212005347	0.8783235279009782	0.8300843644678336	0.8859251868423976	0.2447219960066623	0.5765400052645094	0.180191755695951	0.5615227619538202	0.8511187498508761	0.7063207559023481	0.690816650951191	0.550364413232522	0.6205905320918566	0.7506401461277177	0.6634556439971023	0.6925171447073074	expression_driven
DLPFC	scanpy_seurat_batch	2000	graphst	1	0.6915080942913945	0.9555898096028053	0.9043219756820781	0.7620680327291609	0.9230689225115479	0.821241867074213	0.4601676366155102	0.8804333418506545	0.8389656680470794	0.8888701654073089	0.2475864868768075	0.5322414454213877	0.17814985124886296	0.5640099143637309	0.8485564604664069	0.7062831874150689	0.685602861121072	0.49620454101844896	0.5909037010697605	0.7563749806828037	0.6485934442424147	0.6845206230558777	expression_driven
DLPFC	scanpy_seurat_batch	2000	graphst	2	0.6422607213859698	0.9618024554355654	0.9078573752947467	0.7538936390256711	0.9261891554887706	0.8173694932627771	0.4935093249951594	0.8804452026575046	0.8422258675597089	0.8771999502325359	0.245049489752843	0.5231426904183321	0.19168711783674006	0.5627473462051737	0.8452942080281657	0.7040207771166698	0.6932262429203586	0.5083260077067457	0.6007761253135522	0.7298151073243735	0.652398451215111	0.6782040032515319	expression_driven
DLPFC	scanpy_seurat_v3	2000	graphst	0	0.9280318091451292	0.9785137558794607	0.9776593312747457	0.9563641879629018	0.9383580640999385	0.8376571638409318	0.510598542261003	0.8927031331938153	0.9733001974551101	0.9727993258839785	0.2373769311841214	0.6950016892302119	0.24268431308848695	0.5650400321889684	0.970030760644184	0.7675353964165762	0.719852044355962	0.6028001157456074	0.6613260800507847	0.8828444864930305	0.7144307382336805	0.7705686543201304	expression_driven
DLPFC	scanpy_seurat_v3	2000	graphst	1	0.9278614030105083	0.9591823599047172	0.969639488992678	0.9329037301084069	0.9425183746946322	0.8368584536496813	0.6347342492620538	0.8933164289598248	0.9770869390131036	0.9761363351423082	0.23441126766989637	0.7425992898946441	0.2329399008724783	0.5638638483148606	0.9639416233141243	0.7639027358144924	0.7115468784906093	0.6886667695783489	0.7001068240344791	0.8823599283300948	0.7320047799244858	0.7821231627263554	expression_driven
DLPFC	scanpy_seurat_v3	2000	graphst	2	0.9333143993183756	0.9474414694409098	0.973600986515167	0.9756915870574712	0.930037442785742	0.8360526018947781	0.5434974196035776	0.889718023827149	0.9797811415822628	0.9765871735815106	0.23198077944099205	0.6890546759332812	0.2363975039919368	0.5608494016340706	0.9764152221841029	0.7686323119090868	0.7046254720728627	0.6162760477684294	0.6604507599206461	0.8846835006065769	0.7145415359148664	0.7712555241454365	expression_driven
DLPFC	scanpy_seurat_v3_batch	2000	graphst	0	0.7932405566600397	0.9610677428453912	0.9780758868352571	0.8474104365159839	0.8904104839750153	0.8400026389986985	0.6277008330629539	0.9286404696024105	0.9284865970492981	0.9270956743280289	0.2795825538417684	0.6653829906757484	0.17480845119858054	0.6041115117220894	0.920267148682142	0.7621893302021157	0.6754288926729957	0.6465419118693512	0.6609854022711734	0.8166215978293692	0.7115873662366445	0.7465987767675527	expression_driven
DLPFC	scanpy_seurat_v3_batch	2000	graphst	1	0.7942629934677649	0.9552100970576274	0.9499880279794266	0.8199260124336551	0.9090278741140464	0.8448989479879714	0.6223215472168141	0.9262417093625226	0.9253330332906275	0.9262894601271132	0.2879459255287786	0.6510011229038254	0.18809548437584442	0.6070938174456506	0.9053841334577056	0.7562389754516781	0.6841111518491728	0.6366613350603197	0.6603862434547463	0.8195809707278681	0.7083126094532122	0.7454020632114308	expression_driven
DLPFC	scanpy_seurat_v3_batch	2000	graphst	2	0.7797784720249931	0.9401775318680051	0.9174665905510869	0.8236077388143227	0.8943627791211003	0.8460837937602127	0.46281141426795325	0.9184039105929543	0.9411484724240268	0.919615591943691	0.29599992644219114	0.5751864489660832	0.17248453239276892	0.6072019185175728	0.9004595984332818	0.7538307584754274	0.6690082811272915	0.5189989316170183	0.5940036063721549	0.8129311328926029	0.6739171824237911	0.720255165913395	expression_driven
DLPFC	scry	2000	graphst	0	0.757625674524283	0.9498642420881515	0.9080703584989053	0.8244658825541649	0.8805297461722075	0.8275735334815097	0.43321684742797173	0.857368733840382	0.8496245460015418	0.9244946350471716	0.22036001272481953	0.5430461614269609	0.25670523573852777	0.5388643732826008	0.8766638555254459	0.7077641144040234	0.6956997413329621	0.48813150442746633	0.5919156228802143	0.7925996040028964	0.6498398686421188	0.6974264470957113	expression_driven
DLPFC	scry	2000	graphst	1	0.7792672536211304	0.9520303747602465	0.9113635632767308	0.8478785279867287	0.9102759673049354	0.8245535713674664	0.5173747946959393	0.8403037797597638	0.8705520262700962	0.9312438937403105	0.21021958068106847	0.6232294430433125	0.3288190257340675	0.5252616802204161	0.8902595028184666	0.7077605915194414	0.7303751225997498	0.5703021188696259	0.6503386207346878	0.8019104124942984	0.6790496061270646	0.720003208249476	expression_driven
DLPFC	scry	2000	graphst	2	0.736324907696677	0.9459282405723569	0.8468479862798761	0.8099872439198453	0.8544237970126515	0.8214196452823695	0.45015726649196086	0.8642427579868438	0.8672836680830922	0.9232769501995894	0.21752970754197504	0.5380852693926274	0.25553870114394184	0.5408862327644094	0.8618489621206007	0.7013675974425051	0.6852969129096501	0.4941212679422941	0.5897090904259721	0.7788722764895233	0.6455383439342386	0.6899829881193336	expression_driven
DLPFC	seurat_disp	2000	graphst	0	0.618915080942914	0.944826141066416	0.9082418236904769	0.6971311940258001	0.9299334350614376	0.8159135829193429	0.46575485248091714	0.860243044833945	0.8162532457819704	0.8529718846864632	0.2548442480642307	0.5362628796807012	0.21539034575799065	0.5575436464490878	0.8186495370461777	0.6880965917476327	0.6967166406286148	0.5010088660808092	0.598862753354712	0.7174143319311285	0.6434796725511723	0.6681245590111576	expression_driven
DLPFC	seurat_disp	2000	graphst	1	0.6252201079238854	0.9571822171027599	0.8889695468005729	0.7128998320246183	0.9162044099616584	0.815049531386517	0.4572571319844267	0.8525294813081944	0.8204738919615235	0.855250073369643	0.23696452462859113	0.4912785657823388	0.20256058659036189	0.5447470029683927	0.8193983360390895	0.6820726695037411	0.6919824045515934	0.47426784888338275	0.5831251267174881	0.7201348196552012	0.6325988981106145	0.6617775386254768	expression_driven
DLPFC	seurat_disp	2000	graphst	2	0.6120988355580801	0.9567946882261695	0.9002958816990323	0.695610178902362	0.9286853418705486	0.8120541506613432	0.4822110297029353	0.8566512672484489	0.8356093510788477	0.8509927695016699	0.24377160260464695	0.5186400822340105	0.1978470661802552	0.5502114349265479	0.820627045295478	0.685419240111013	0.6944423654256577	0.5004255559684729	0.5974339606970653	0.7120764931097117	0.6414266004040392	0.6649765646392634	expression_driven
DLPFC	seurat_mvp	2000	graphst	0	0.6608349900596421	0.9676589988788576	0.910307453512749	0.7800722240553883	0.9286853418705486	0.8246491956495408	0.395482976755509	0.8708327664096874	0.8395940205732719	0.8875515325419742	0.22390369370719282	0.48733171189589897	0.1601667219046807	0.5473682300584402	0.8543813076708459	0.7008747688646431	0.6855036875513623	0.44140734432570394	0.563455515938533	0.7427420928545914	0.632165142401588	0.6690241258859224	expression_driven
DLPFC	seurat_mvp	2000	graphst	1	0.6691848906560637	0.9568192911365496	0.9114049982288089	0.7359678824371398	0.9262931632130749	0.8210379313681927	0.5000034512541677	0.8684824961828908	0.832271732137989	0.8830021063185485	0.2216016972082465	0.5262317941883391	0.18765405696115064	0.5450420966955686	0.8406616797806216	0.6928518882380951	0.6902555037702583	0.5131176227212534	0.6016865632457559	0.7451114110121282	0.6472692257419255	0.6798832874986598	expression_driven
DLPFC	seurat_mvp	2000	graphst	2	0.6671400170406135	0.9527495255986435	0.9050959845780155	0.746276955814177	0.9417903203748833	0.8172808575918895	0.4966700802007942	0.8767543394362736	0.8451999840953228	0.8847632932109202	0.21966620535215292	0.5850673587191707	0.18536838756713653	0.5482102723942133	0.8453340544246088	0.6967721634094111	0.6933027445135544	0.5408687194599824	0.6170857319867684	0.7422104373162515	0.6569289476980897	0.6853561109041436	expression_driven
DLPFC	seurat_sct	2000	graphst	0	0.7687020732746379	0.9682582488050008	0.9100654798215747	0.8511809673285406	0.9423103591212143	0.8079026784208243	0.5179376939970108	0.8428095817951747	0.9001893328293741	0.9310567230705039	0.20564712397208115	0.6494237404347091	0.29923756585002154	0.5242283528836279	0.8981231257624984	0.7111757393230631	0.7366020579254121	0.58368071721586	0.6601413875706361	0.7883023758477311	0.6856585634468496	0.7198731675804768	expression_driven
DLPFC	seurat_sct	2000	graphst	1	0.7872763419483102	0.9541630954358788	0.9801729923781564	0.8791593318010317	0.9030994314573235	0.8116806040072077	0.5230199575580893	0.8445345420293331	0.91997927958388	0.9443190367039428	0.19953042839113386	0.6247000135123076	0.25343204288861765	0.5220324852102335	0.9309076601167527	0.7264700726634932	0.70356485659394	0.5738599855351985	0.6387124210645692	0.7994784729777589	0.6825912468640312	0.7215536555686071	expression_driven
DLPFC	seurat_sct	2000	graphst	2	0.7300198807157059	0.9630363205613599	0.981328175295561	0.8433717369251111	0.9465746775650216	0.8142911055380653	0.5012288482263235	0.8440500778139031	0.9152470927924906	0.9232336737429032	0.20969795701513305	0.6194154546640834	0.2874248323134372	0.5268740174145181	0.9157951696890165	0.7213345935517673	0.7323452768132729	0.5603221514452035	0.6463337141292382	0.7721554931268856	0.6838341538405028	0.7132746002692971	expression_driven
DLPFC	seurat_vst	2000	graphst	0	0.9155921613178076	0.981353031012805	0.911932586339699	0.9495298138303493	0.9439744834589392	0.8397672144461692	0.632008952369326	0.8916210616220047	0.9733403674591452	0.972492762101779	0.2373480720374556	0.7664180995028369	0.2607100041143787	0.5644845668297301	0.9518238824327432	0.7581542246312367	0.7286791728620411	0.6992135259360814	0.7139463493990612	0.8776796878819884	0.736050287015149	0.7832600873040955	expression_driven
DLPFC	seurat_vst	2000	graphst	1	0.931610337972167	0.9661809515597349	0.9687864039912025	0.921527220696823	0.9408542504817166	0.8332812485062838	0.663032264199859	0.8936090892927526	0.9779995826157548	0.9756286533688003	0.23527428668999154	0.7595382993870055	0.21313274099818263	0.5644416879913721	0.9609854651681452	0.7627135765797586	0.7067226476798781	0.7112852817934322	0.7090039647366552	0.8824457932392253	0.7358587706582069	0.7847211115185463	expression_driven
DLPFC	seurat_vst	2000	graphst	2	0.9310991195683045	0.9520746877187043	0.9737676807953504	0.9661445634475478	0.9376300096553805	0.8344148688652907	0.744643038223407	0.889425773594519	0.9784516461154228	0.9763172816729926	0.22985874380316393	0.7960302958460393	0.20483249535309997	0.5596422586988414	0.9736702930078285	0.766656275853335	0.698179064242395	0.7703366670347231	0.734257865638559	0.8827569942167977	0.750457070745947	0.7945570452362306	expression_driven
DLPFC	singleCellHaystack	2000	graphst	0	0.8845782448168136	0.9413576238569107	0.9030260250786277	0.8774215053459922	0.9219248370449632	0.8323100434980325	0.5709971431233911	0.8883712285004232	0.8907670196568398	0.9564744679477131	0.2310037641559016	0.6483297543128164	0.29475878270030587	0.5596874963281624	0.9069222545072932	0.7333048754177278	0.7193470812007265	0.6096634487181037	0.6645052649594152	0.8584441441574231	0.6989050701885715	0.7520847615115219	expression_driven
DLPFC	singleCellHaystack	2000	graphst	1	0.882874183470605	0.9679562547682845	0.9357669873514622	0.9052105773347645	0.9640479822374679	0.8285072474561788	0.3423866387703145	0.8710815714246696	0.8966475041487922	0.9605310769448852	0.2080238847209129	0.5838989838828339	0.3246721809048453	0.5395527280727912	0.9245390364449759	0.7320458822588836	0.7522254726368658	0.4631428113265742	0.60768414198172	0.8556907154633919	0.6698650121203018	0.7318069132346651	expression_driven
DLPFC	singleCellHaystack	2000	graphst	2	0.8491337688156774	0.9618663656290696	0.9078948892905973	0.8985752218991292	0.9603037026648008	0.8313283952743875	0.5852261095650167	0.8721871020443339	0.900336061888309	0.9513103162526908	0.2277070830111335	0.7649109315945656	0.31761554687055665	0.5499470925277337	0.9145291223326816	0.7322381074302076	0.7465952050548089	0.6750685205797912	0.7108318628173	0.8402310820450325	0.7215349851237538	0.7611003507641799	expression_driven
DLPFC	somde	2000	graphst	0	0.867196819085487	0.9595420433021021	0.9777428157740149	0.9740756404439825	0.9210927748761009	0.8115123780933637	0.5443971772799259	0.8522853818797987	0.9543331007602328	0.9757871762282334	0.21654577127752753	0.6585188189746974	0.2480687219749218	0.5344155765786631	0.9704846833016159	0.7524501299401395	0.7095678467177082	0.6014579981273116	0.6555129224225099	0.8393545985894253	0.7039815261813247	0.7491058836506915	spatially_informed
DLPFC	somde	2000	graphst	1	0.9190002840102246	0.9700775619884399	0.9357679394539363	0.9580526650617264	0.910483982753544	0.8094189746759363	0.67671411666587	0.851631798507925	0.9743846973298671	0.9840230599243999	0.2028471095182597	0.7402813860516647	0.24406442685825339	0.5272394540130924	0.9630570904424824	0.7451482722277873	0.7082086572000792	0.7084977513587674	0.7083532042794233	0.8642096293430804	0.7267507382536054	0.7725703686167638	spatially_informed
DLPFC	somde	2000	graphst	2	0.8939505822209599	0.9587006160313479	0.9326315735833873	0.9674974159433265	0.9454305920984368	0.8132585068757686	0.5012661750175014	0.8538678923175806	0.974720509119088	0.9762641893781178	0.22141478193643904	0.6757978662507803	0.28900620216805056	0.5376413371270099	0.96277842200598	0.7502098795664949	0.7310458034326118	0.5885320206341409	0.6597889120333764	0.8536045445483642	0.7049993957999356	0.7545344453827451	spatially_informed
DLPFC	sparkx	2000	graphst	0	0.8114740130644703	0.932047267576857	0.9113971752715251	0.9172724229961945	0.8812578006167656	0.8245331143227067	0.5570107605026001	0.858272379145861	0.9277785564570343	0.9511655033126297	0.2273012577115889	0.6178515512002672	0.2705247270225429	0.5427868184287249	0.926903414509346	0.7348451164690355	0.6946099317387219	0.5874311558514337	0.6410205437950778	0.8180035636935885	0.6879328301320566	0.7312897413192339	spatially_informed
DLPFC	sparkx	2000	graphst	1	0.8288554387957967	0.9610186659538088	0.914261408324901	0.8977416764062873	0.8817778393630965	0.822037129424052	0.5324233275234119	0.8497832193842124	0.9149760307997441	0.9472574102569389	0.22303381086005947	0.6356217215516099	0.27086171379389906	0.5364085151221359	0.9185591314469679	0.727483823284552	0.7045527397036014	0.5840225245375109	0.6442876321205562	0.8254462841099244	0.6858857277025541	0.7324059131716775	spatially_informed
DLPFC	sparkx	2000	graphst	2	0.8252769099687589	0.9502048923156433	0.904789829860462	0.8582498531829383	0.9069477187542949	0.8240224765156764	0.4365967477268639	0.8520282424390004	0.9266929782837471	0.9445189327283723	0.2337119872690979	0.5890096450376462	0.3177194616703582	0.5428701148540491	0.9085628985138798	0.7257165066839645	0.7249573575800987	0.512803196382255	0.6188802769811769	0.8246496932422176	0.6722983918325707	0.7230821589691198	spatially_informed
DLPFC	spatialde	2000	graphst	0	0.8319227492189719	0.9624189754250932	0.9112236569979284	0.9468281625257731	0.9393981417174097	0.8111031302979375	0.6122823742282958	0.8474603610050082	0.9448065806372637	0.9636617241339701	0.21020130373015058	0.724161971113624	0.2627716466338528	0.5288308323675794	0.9416300310737338	0.7352304317206566	0.7215295879254519	0.6682221726709598	0.6948758802982058	0.8215129397584546	0.7150531560094312	0.750539750592439	spatially_informed
DLPFC	spatialde	2000	graphst	1	0.8550979835274071	0.9545443261221268	0.9351506814027074	0.9191715549718789	0.9059076411368238	0.8107886924169775	0.45066790844560256	0.8490419919876505	0.9404206404668274	0.9651729748363135	0.20434896661648555	0.6108753224273208	0.24796035468026534	0.5266954793020681	0.9399789629194318	0.73333722111075	0.7028041073130719	0.5307716154364617	0.6167878613747668	0.8329433379721922	0.6750625412427584	0.7276894734859031	spatially_informed
DLPFC	spatialde	2000	graphst	2	0.8891792104515763	0.9331955366214177	0.9305273233887551	0.9391967410855989	0.8789696296835962	0.8155731467580118	0.47456417173438276	0.8511390068220656	0.9648571410176552	0.9727208753101358	0.21749279324760398	0.5387748927344616	0.22018888424517077	0.5343159000348348	0.9518255202005362	0.7430707101176854	0.6774513501833949	0.5066695322344221	0.5920604412089085	0.8523761786047941	0.667565575663297	0.7291691099771294	spatially_informed
DLPFC	statistic_mean	2000	graphst	0	0.7145129224652089	0.9384913670698533	0.9054595210755645	0.7777328069351185	0.878657606385874	0.8257349652474849	0.4907584659369543	0.8696267616183486	0.8433016756264388	0.8915611232646121	0.22821852107957277	0.5777313068763927	0.3085254227092279	0.5489226413489607	0.8545137817254335	0.7017182115371972	0.7085581320549851	0.5342448864066736	0.6214015092308294	0.770123943856347	0.6615598603840133	0.6977478882081245	expression_driven
DLPFC	statistic_mean	2000	graphst	1	0.7746662879863676	0.940853552673152	0.9126213163134546	0.8307124201743176	0.8779295520661251	0.8240278983724976	0.5405654707063953	0.8545248796824344	0.8579881106322808	0.9152691812129673	0.21796799785560725	0.6370133673899941	0.30853211892080906	0.5362464387690208	0.8791477570832551	0.7076970979261379	0.7091050745533621	0.5887894190481947	0.6489472468007784	0.7993470931794326	0.6783221723634582	0.7186638126354495	expression_driven
DLPFC	statistic_mean	2000	graphst	2	0.7446748082930986	0.939250966214599	0.9294513583457763	0.797993260566886	0.8910345305704599	0.8185125157786013	0.5156642129920709	0.8502429840853304	0.8535446190976098	0.9094686590626598	0.22548916326079388	0.6460516393035308	0.31669763298210124	0.5378660736730622	0.872614474268233	0.7052402739706476	0.7156610432557201	0.5808579261478009	0.6482594847017604	0.7815936620358499	0.676749879336204	0.7116978069027526	expression_driven
DLPFC	statistic_variance	2000	graphst	0	0.7426299346776485	0.9642442999314537	0.9104415975510146	0.82531526814059	0.9565594230921337	0.827998841285876	0.5030961424243612	0.868155891958	0.8656088779659676	0.9116079252522955	0.22525175405394737	0.6486157531576209	0.3312613386237894	0.5467038230059738	0.8782434172274669	0.7124736201167203	0.750688353882459	0.575855947790991	0.663272150836725	0.7853143879817622	0.6878728854767227	0.7203533863117358	expression_driven
DLPFC	statistic_variance	2000	graphst	1	0.7980119284294235	0.9730701919324837	0.9473869077141994	0.8640091197873029	0.921612813747241	0.8248206675336308	0.5137401080181484	0.8461298073086649	0.8683278438037457	0.9357548393731969	0.2120948907291907	0.6360370941084065	0.315790447125253	0.5291123490189278	0.9038696776696113	0.7164910133442696	0.7368244842683259	0.5748886010632774	0.6558565426658016	0.8114162979815271	0.6861737780050357	0.7279212846638661	expression_driven
DLPFC	statistic_variance	2000	graphst	2	0.7901732462368647	0.9493564770834447	0.972282155834883	0.8717038590274521	0.9247330467244635	0.8219261970048621	0.45871483098001886	0.8511434888999773	0.8899178941540153	0.9422898609802873	0.21690142516422112	0.6166903300585059	0.307921917611732	0.5340224570320992	0.9190484424991594	0.7265354497656293	0.7273371471398801	0.5377025805192623	0.6325198638295713	0.8060497216208634	0.6795276567976003	0.7217016784053546	expression_driven
DLPFC	triku	2000	graphst	0	0.8932689576824766	0.9809472812201425	0.9118735854721284	0.9538924803544117	0.9647760365572167	0.8397022389134768	0.5625119210563424	0.8885059274546753	0.9747938454503723	0.9750229867078246	0.2292437264508855	0.7491693354237254	0.29116934048942117	0.5588748269527803	0.9538957244961842	0.7563852757244822	0.7456308860889268	0.655840628240034	0.7007357571644803	0.8664855982979767	0.7285605164444813	0.7745355437289797	expression_driven
DLPFC	triku	2000	graphst	1	0.9302470888952004	0.9680255638711152	0.9156302601234708	0.9331694618088936	0.9378380252287983	0.835027932576	0.6518523278728586	0.8763037503614846	0.9733656909316725	0.9796293898712707	0.22134622551039726	0.7272111839097811	0.21353335989586938	0.5488249879359409	0.9504487006838269	0.749636844309884	0.7064656496652609	0.6895317558913199	0.6979987027782903	0.8826375107356002	0.7238177735440872	0.776757685941258	expression_driven
DLPFC	triku	2000	graphst	2	0.9227492189718832	0.9582569094887002	0.9730112392628697	0.9666345821312354	0.9369019553356316	0.8400073074045655	0.5467890845421359	0.8905370476247133	0.9988488591706081	0.9796912879193929	0.21981327866043737	0.6256304367380928	0.2602391271088901	0.5551751631425753	0.9795464921210264	0.7673608276318009	0.718465997311074	0.5862097606401144	0.6523378789755943	0.8813782631882243	0.7098493533036976	0.7670256565985398	expression_driven
E8p5Embryo	Brennecke	2000	graphst	0		0.874963157152067			0.7578878382083283			0.7962805496285081			0.31924072604221787		0.285221575363823	0.557760637835363		0.557760637835363	0.6393575235747394		0.6393575235747394		0.5985590807050511		expression_driven
E8p5Embryo	Brennecke	2000	graphst	1		0.8984137739566131			0.7361670255869738			0.7792449880284686			0.319785334127222		0.28194296717336587	0.5495151610778453		0.5495151610778453	0.6388412555723176		0.6388412555723176		0.5941782083250815		expression_driven
E8p5Embryo	Brennecke	2000	graphst	2		0.8906213087497734			0.7631307930254893			0.8042473644405667			0.31960333906513255		0.27780086133126547	0.5619253517528496		0.5619253517528496	0.6438509877021761		0.6438509877021761		0.6028881697275128		expression_driven
E8p5Embryo	anticor	2000	graphst	0		0.9288590968109295			0.787473083111599			0.8536859089636636			0.16914653392863793		0.31140755530088027	0.5114162214461507		0.5114162214461507	0.6759132450744696		0.6759132450744696		0.5936647332603102		expression_driven
E8p5Embryo	anticor	2000	graphst	1		0.9145796008052125			0.7508660237712149			0.8269199249374652			0.17152331431393691		0.3089064140761757	0.4992216196257011		0.4992216196257011	0.6581173462175344		0.6581173462175344		0.5786694829216177		expression_driven
E8p5Embryo	anticor	2000	graphst	2		0.9386054681171067			0.8055425522256546			0.865536440715475			0.16413139428201567		0.3140174109236451	0.5148339174987453		0.5148339174987453	0.6860551437554688		0.6860551437554688		0.6004445306271071		expression_driven
E8p5Embryo	dubstepr	2000	graphst	0		0.9154678371779633			0.7869113379566299			0.8100406921205374			0.1178282288233046		0.3261325017877444	0.463934460471921		0.463934460471921	0.6761705589741126		0.6761705589741126		0.5700525097230168		expression_driven
E8p5Embryo	dubstepr	2000	graphst	1		0.9082987785676394			0.7541428705459841			0.740619349442524			0.16106123095957706		0.2936989637888147	0.45084029020105054		0.45084029020105054	0.6520468709674794		0.6520468709674794		0.551443580584265		expression_driven
E8p5Embryo	dubstepr	2000	graphst	2		0.9199377715171178			0.7568579721657843			0.759344125370929			0.14391790558180867		0.32479840968998186	0.45163101547636886		0.45163101547636886	0.6671980511242946		0.6671980511242946		0.5594145333003318		expression_driven
E8p5Embryo	hotspot	2000	graphst	0		0.9743367359245481			0.9022563430353808			0.9112217371004545			0.050023804827126164		0.3740732501382454	0.48062277096379036		0.48062277096379036	0.7502221096993914		0.7502221096993914		0.6154224403315909		expression_driven
E8p5Embryo	hotspot	2000	graphst	1		0.9687504082424995			0.8598445838352156			0.9084605457274402			0.05458373497317029		0.351421747133763	0.4815221403503052		0.4815221403503052	0.726672246403826		0.726672246403826		0.6040971933770656		expression_driven
E8p5Embryo	hotspot	2000	graphst	2		0.9578884798942064			0.8663046531173599			0.8996350350526514			0.061783272637944094		0.35101109541448794	0.4807091538452978		0.4807091538452978	0.725068076142018		0.725068076142018		0.6028886149936579		expression_driven
E8p5Embryo	morans_i	2000	graphst	0		0.9301843344384676			0.8236120213397102			0.87868778708896			0.06150633889417747		0.3382104905086292	0.4700970629915687		0.4700970629915687	0.6973356154289357		0.6973356154289357		0.5837163392102522		spatially_informed
E8p5Embryo	morans_i	2000	graphst	1		0.9339301040890469			0.8214586649872281			0.8824719468350563			0.059754697212097765		0.3346631819363526	0.47111332202357703		0.47111332202357703	0.6966839836708759		0.6966839836708759		0.5838986528472265		spatially_informed
E8p5Embryo	morans_i	2000	graphst	2		0.9389952608509898			0.8481415598482592			0.8923081410335345			0.04190089190202599		0.32218780685390896	0.46710451646778023		0.46710451646778023	0.703108209184386		0.703108209184386		0.5851063628260831		spatially_informed
E8p5Embryo	nbumi	2000	graphst	0		0.94418015339161			0.8472989421158056			0.9251360564896631			0.0642496255374452		0.3445048183043563	0.49469284101355415		0.49469284101355415	0.7119946379372574		0.7119946379372574		0.6033437394754058		expression_driven
E8p5Embryo	nbumi	2000	graphst	1		0.9334986398871956			0.8366257841713931			0.9047458855304322			0.0677271105128898		0.33701194773365517	0.486236498021661		0.486236498021661	0.7023787905974146		0.7023787905974146		0.5943076443095379		expression_driven
E8p5Embryo	nbumi	2000	graphst	2		0.9416025798751992			0.8135006085502668			0.9111516051430739			0.059223661497596544		0.32661038388511593	0.4851876333203352		0.4851876333203352	0.6939045241035274		0.6939045241035274		0.5895460787119313		expression_driven
E8p5Embryo	nnsvg	2000	graphst	0		0.906324143216105			0.7758636831673388			0.8333184512241141			0.10309186800411115		0.3193185587623079	0.46820515961411263		0.46820515961411263	0.667168795048584		0.667168795048584		0.5676869773313483		spatially_informed
E8p5Embryo	nnsvg	2000	graphst	1		0.8917977889277034			0.7589177043632214			0.8069604494910273			0.11682088320990616		0.3263166659102891	0.4618906663504667		0.4618906663504667	0.6590107197337379		0.6590107197337379		0.5604506930421023		spatially_informed
E8p5Embryo	nnsvg	2000	graphst	2		0.9137663347892185			0.7528321318136068			0.8272217967590508			0.09428095000527487		0.2979354579626578	0.4607513733821629		0.4607513733821629	0.6548446415218278		0.6548446415218278		0.5577980074519953		spatially_informed
E8p5Embryo	osca	2000	graphst	0		0.9373516821616483			0.8384982679463907			0.8572056464943586			0.10508083894081284		0.3096393990065477	0.48114324271758574		0.48114324271758574	0.6951631163715289		0.6951631163715289		0.5881531795445574		expression_driven
E8p5Embryo	osca	2000	graphst	1		0.9431646521403274			0.8476734388483352			0.8637419214933948			0.06319250167486215		0.338857869185127	0.46346721158412846		0.46346721158412846	0.7098986533912632		0.7098986533912632		0.5866829324876959		expression_driven
E8p5Embryo	osca	2000	graphst	2		0.9531820578805887			0.8735137159769127			0.8595056101915765			0.0677459632178437		0.34043440767201755	0.46362578670471005		0.46362578670471005	0.7223767271765064		0.7223767271765064		0.5930012569406082		expression_driven
E8p5Embryo	scPNMF	2000	graphst	0		0.8787302638385276			0.7313921917697367			0.8198296017028063			0.15066480402062457		0.3165820557459042	0.4852472028617154		0.4852472028617154	0.6422348371180561		0.6422348371180561		0.5637410199898858		expression_driven
E8p5Embryo	scPNMF	2000	graphst	1		0.912737073458892			0.7679992509977717			0.804453466727285			0.14617253293478544		0.326675861562038	0.47531299983103525		0.47531299983103525	0.6691373953395673		0.6691373953395673		0.5722251975853012		expression_driven
E8p5Embryo	scPNMF	2000	graphst	2		0.9233793466300758			0.7879412039991739			0.8482771950293355			0.07540029197078409		0.3243805442359986	0.4618387435000598		0.4618387435000598	0.6785670316217495		0.6785670316217495		0.5702028875609046		expression_driven
E8p5Embryo	scanpy_cell_ranger	2000	graphst	0		0.953081571376908			0.8621851887224861			0.9579068616571293			0.07310589921532312		0.3329997641471647	0.5155063804362262		0.5155063804362262	0.7160888414155195		0.7160888414155195		0.6157976109258729		expression_driven
E8p5Embryo	scanpy_cell_ranger	2000	graphst	1		0.9889945162561551			0.904971444655181			0.9523276495984736			0.06562618369576291		0.35985141555776845	0.5089769166471183		0.5089769166471183	0.7512724588230348		0.7512724588230348		0.6301246877350766		expression_driven
E8p5Embryo	scanpy_cell_ranger	2000	graphst	2		0.9687878862423304			0.915925475177078			0.9479556404546475			0.06378189875230547		0.34923201692927475	0.5058687696034765		0.5058687696034765	0.7446484594495612		0.7446484594495612		0.6252586145265189		expression_driven
E8p5Embryo	scanpy_cell_ranger_batch	2000	graphst	0		0.9720574166977408			0.8902724464709398			0.929361980166963			0.06872608976449686		0.3407806886053356	0.49904403496572997		0.49904403496572997	0.7343701839246721		0.7343701839246721		0.616707109445201		expression_driven
E8p5Embryo	scanpy_cell_ranger_batch	2000	graphst	1		0.9763451786453151			0.9060949349651192			0.9215357289208431			0.06310679258996083		0.3575075389003343	0.49232126075540195		0.49232126075540195	0.7466492175035895		0.7466492175035895		0.6194852391294957		expression_driven
E8p5Embryo	scanpy_cell_ranger_batch	2000	graphst	2		0.9776187163740923			0.9008519801479581			0.9214282509194415			0.06741627536565327		0.3565426975806121	0.4944222631425474		0.4944222631425474	0.7450044647008874		0.7450044647008874		0.6197133639217174		expression_driven
E8p5Embryo	scanpy_pearson	2000	graphst	0		0.9855079974540145			0.9083419155849954			0.9333046893405895			0.10242940117900172		0.35455816416038877	0.5178670452597957		0.5178670452597957	0.7494693590664663		0.7494693590664663		0.633668202163131		expression_driven
E8p5Embryo	scanpy_pearson	2000	graphst	1		0.9643611607767238			0.8455200823835042			0.9382974356599268			0.09905867494153917		0.34451677371728423	0.518678055300733		0.518678055300733	0.7181326722925041		0.7181326722925041		0.6184053637966185		expression_driven
E8p5Embryo	scanpy_pearson	2000	graphst	2		0.9531320497261775			0.8395281341012837			0.9313781682573106			0.1041754476797797		0.326970372808723	0.5177768079685451		0.5177768079685451	0.706543518878728		0.706543518878728		0.6121601634236365		expression_driven
E8p5Embryo	scanpy_pearson_batch	2000	graphst	0		0.9298024680173977			0.775957307434733			0.9028055770975233			0.20078979673950817		0.30109037071634254	0.5517976869185157		0.5517976869185157	0.6689500487228245		0.6689500487228245		0.61037386782067		expression_driven
E8p5Embryo	scanpy_pearson_batch	2000	graphst	1		0.9350072858129002			0.8026402022957642			0.9005556644844647			0.20222974984885547		0.3279521693703381	0.5513927071666601		0.5513927071666601	0.6885332191596675		0.6885332191596675		0.6199629631631638		expression_driven
E8p5Embryo	scanpy_pearson_batch	2000	graphst	2		0.9173777459599575			0.757700589898238			0.9148633885190074			0.18751326418514375		0.3098420311219706	0.5511883263520756		0.5511883263520756	0.661640122326722		0.661640122326722		0.6064142243393988		expression_driven
E8p5Embryo	scanpy_seurat	2000	graphst	0		0.8588433950424774			0.7210935305578537			0.8599137826316104			0.32471758944433105		0.274326714784999	0.5923156860379708		0.5923156860379708	0.6180878801284434		0.6180878801284434		0.605201783083207		expression_driven
E8p5Embryo	scanpy_seurat	2000	graphst	1		0.8844255857994139			0.7050837936412353			0.8422874107746174			0.322726344592747		0.27727642159223403	0.5825068776836823		0.5825068776836823	0.6222619336776277		0.6222619336776277		0.602384405680655		expression_driven
E8p5Embryo	scanpy_seurat	2000	graphst	2		0.8814884484124473			0.7021814437113447			0.8545162313402846			0.30485953737165494		0.27312427919583826	0.5796878843559699		0.5796878843559699	0.6189313904398768		0.6189313904398768		0.5993096373979233		expression_driven
E8p5Embryo	scanpy_seurat_batch	2000	graphst	0		0.9032188375872159			0.7347626626995509			0.8492006936423919			0.2851217960339109		0.2949581319972079	0.5671612448381514		0.5671612448381514	0.6443132107613249		0.6443132107613249		0.6057372277997382		expression_driven
E8p5Embryo	scanpy_seurat_batch	2000	graphst	1		0.9030481245502212			0.7459039416438875			0.817588313610882			0.2893066798190628		0.29785193647724756	0.5534474967149724		0.5534474967149724	0.6489346675571187		0.6489346675571187		0.6011910821360456		expression_driven
E8p5Embryo	scanpy_seurat_batch	2000	graphst	2		0.881492226721257			0.7137908435432558			0.8292520013939808			0.2979282067787996		0.2883649202402309	0.5635901040863902		0.5635901040863902	0.6278826635015813		0.6278826635015813		0.5957363837939857		expression_driven
E8p5Embryo	scanpy_seurat_v3	2000	graphst	0		0.9834899653902738			0.923789907346645			0.9968783868328959			0.03675701101971736		0.3748754580980774	0.5168176989263066		0.5168176989263066	0.7607184436116654		0.7607184436116654		0.638768071268986		expression_driven
E8p5Embryo	scanpy_seurat_v3	2000	graphst	1		0.9661126808912762			0.8858721093862324			0.9856688963826774			0.03799531009752751		0.3543724318184971	0.5118321032401024		0.5118321032401024	0.7354524073653352		0.7354524073653352		0.6236422553027188		expression_driven
E8p5Embryo	scanpy_seurat_v3	2000	graphst	2		0.9826093538313435			0.9089036607399645			0.9908631576942252			0.041337257748223825		0.3610796067910598	0.5161002077212244		0.5161002077212244	0.7508642071207893		0.7508642071207893		0.6334822074210069		expression_driven
E8p5Embryo	scanpy_seurat_v3_batch	2000	graphst	0		0.9780485677956157			0.9130231252471874			0.9870879076896454			0.06376223412353758		0.3623045693447435	0.5254250709065915		0.5254250709065915	0.7511254207958489		0.7511254207958489		0.6382752458512202		expression_driven
E8p5Embryo	scanpy_seurat_v3_batch	2000	graphst	1		0.9763734812650757			0.8964516431755997			0.981166432019139			0.07311389677807724		0.34985293893069747	0.5271401643986081		0.5271401643986081	0.7408926877904576		0.7408926877904576		0.6340164260945329		expression_driven
E8p5Embryo	scanpy_seurat_v3_batch	2000	graphst	2		0.9747427162829391			0.9223855444592223			0.9882839123089255			0.06535291209813959		0.37579210905005994	0.5268184122035325		0.5268184122035325	0.7576401232640738		0.7576401232640738		0.6422292677338032		expression_driven
E8p5Embryo	scry	2000	graphst	0		0.9039755785241355			0.7207190338253241			0.8030546126918561			0.14282591162877048		0.2909090675218828	0.47294026216031326		0.47294026216031326	0.6385345599571141		0.6385345599571141		0.5557374110587137		expression_driven
E8p5Embryo	scry	2000	graphst	1		0.8973450617223306			0.7224978934452766			0.8254531137500822			0.11229404669368612		0.3174360887369174	0.4688735802218842		0.4688735802218842	0.6457596813015082		0.6457596813015082		0.5573166307616961		expression_driven
E8p5Embryo	scry	2000	graphst	2		0.8936414684308904			0.7139780919656952			0.8132849305287188			0.12486001008713095		0.3014252958645788	0.46907247030792487		0.46907247030792487	0.6363482854203881		0.6363482854203881		0.5527103778641564		expression_driven
E8p5Embryo	seurat_disp	2000	graphst	0		0.8787514106429015			0.7126673532333178			0.8147660825290954			0.3086589508939191		0.2835003825711708	0.5617125167115072		0.5617125167115072	0.6249730488157966		0.6249730488157966		0.5933427827636519		expression_driven
E8p5Embryo	seurat_disp	2000	graphst	1		0.8874545439868599			0.7083606404160045			0.7936072299021112			0.29796313157601734		0.2809201939787192	0.5457851807390642		0.5457851807390642	0.6255784594605279		0.6255784594605279		0.5856818200997961		expression_driven
E8p5Embryo	seurat_disp	2000	graphst	2		0.866637489779589			0.7043348001761757			0.7880411770291446			0.29824446034790153		0.27616473967137445	0.543142818688523		0.543142818688523	0.6157123432090463		0.6157123432090463		0.5794275809487847		expression_driven
E8p5Embryo	seurat_mvp	2000	graphst	0		0.8695696931116059			0.7424398464466788			0.8524889043752993			0.2456345927175104		0.2856917639499217	0.5490617485464049		0.5490617485464049	0.6325671011694022		0.6325671011694022		0.5908144248579035		expression_driven
E8p5Embryo	seurat_mvp	2000	graphst	1		0.8898344573955594			0.7741784477024315			0.8459842676171255			0.2502624748879052		0.2927413085934331	0.5481233712525153		0.5481233712525153	0.652251404563808		0.652251404563808		0.6001873879081616		expression_driven
E8p5Embryo	seurat_mvp	2000	graphst	2		0.8799361114540907			0.7156633274306025			0.8528265102364151			0.2513831919663711		0.28570204961659085	0.5521048511013931		0.5521048511013931	0.6271004961670946		0.6271004961670946		0.5896026736342439		expression_driven
E8p5Embryo	seurat_sct	2000	graphst	0		0.6899389847036015			0.2494148488062696			0.8987823398532961			0.719341888882051		0.19687884496924257	0.8090621143676735		0.8090621143676735	0.37874422615970454		0.37874422615970454		0.593903170263689		expression_driven
E8p5Embryo	seurat_sct	2000	graphst	1		0.6989585496157406			0.26795243892024906			0.878095933570543			0.7168019289767467		0.19347077102283847	0.7974489312736448		0.7974489312736448	0.3867939198529427		0.3867939198529427		0.5921214255632937		expression_driven
E8p5Embryo	seurat_sct	2000	graphst	2		0.6842490179391155			0.23827356986193324			0.880091392250844			0.7306721293202701		0.1885677152815846	0.8053817607855571		0.8053817607855571	0.37036343436087776		0.37036343436087776		0.5878725975732174		expression_driven
E8p5Embryo	seurat_vst	2000	graphst	0		0.973206959376351			0.8901788222035457			0.9987627878262034			0.034506667206248905		0.3429210844071271	0.5166347275162262		0.5166347275162262	0.7354356219956747		0.7354356219956747		0.6260351747559505		expression_driven
E8p5Embryo	seurat_vst	2000	graphst	1		0.9828800353201776			0.9117123865148099			0.9842057344882428			0.03898225329543951		0.3476366598102204	0.5115939938918411		0.5115939938918411	0.747409693881736		0.747409693881736		0.6295018438867885		expression_driven
E8p5Embryo	seurat_vst	2000	graphst	2		0.9792121481237717			0.9078737945850714			0.9933199739274621			0.03785054072363138		0.3648712990592798	0.5155852573255467		0.5155852573255467	0.7506524139227077		0.7506524139227077		0.6331188356241272		expression_driven
E8p5Embryo	singleCellHaystack	2000	graphst	0		0.9594382816288872			0.8634959273425146			0.9026758043694438			0.08115564146821252		0.3056805900985895	0.4919157229188282		0.4919157229188282	0.7095382663566637		0.7095382663566637		0.6007269946377459		expression_driven
E8p5Embryo	singleCellHaystack	2000	graphst	1		0.9449735527775261			0.8738882127094425			0.8928552879545103			0.05499382346785374		0.32208572513470674	0.473924555711182		0.473924555711182	0.7136491635405585		0.7136491635405585		0.5937868596258703		expression_driven
E8p5Embryo	singleCellHaystack	2000	graphst	2		0.9580081869586942			0.8767905627516821			0.8926415008459586			0.046871345933125884		0.3134261928489013	0.46975642338954227		0.46975642338954227	0.7160749808530925		0.7160749808530925		0.5929157021213174		expression_driven
E8p5Embryo	somde	2000	graphst	0		0.9596917094789168			0.8731392192443831			0.921771706345038			0.03683653861773751		0.3442806738744617	0.47930412248138776		0.47930412248138776	0.7257038675325872		0.7257038675325872		0.6025039950069875		spatially_informed
E8p5Embryo	somde	2000	graphst	1		0.9732352524247151			0.8817526448790095			0.9209017213576473			0.03345274614164775		0.361031268837858	0.4771772337496475		0.4771772337496475	0.7386730553805275		0.7386730553805275		0.6079251445650875		spatially_informed
E8p5Embryo	somde	2000	graphst	2		0.9661803075939878			0.8853103642312634			0.9267450126881481			0.03576616704099083		0.35781029710377477	0.48125558986456946		0.48125558986456946	0.7364336563096753		0.7364336563096753		0.6088446230871224		spatially_informed
E8p5Embryo	sparkx	2000	graphst	0		0.9206224147126869			0.8204287988323352			0.8148617892475689			0.09945351062488911		0.3312429728000988	0.457157649936229		0.457157649936229	0.690764728781707		0.690764728781707		0.573961189358968		spatially_informed
E8p5Embryo	sparkx	2000	graphst	1		0.9381697613937101			0.8273569891144034			0.8515242007543372			0.07674885630141232		0.3357123933578916	0.4641365285278748		0.4641365285278748	0.700413047955335		0.700413047955335		0.5822747882416048		spatially_informed
E8p5Embryo	sparkx	2000	graphst	2		0.9339679852839599			0.7988952345210708			0.8341633037117817			0.07947724402950711		0.3108612251215374	0.4568202738706444		0.4568202738706444	0.6812414816421893		0.6812414816421893		0.5690308777564168		spatially_informed
E8p5Embryo	spatialde	2000	graphst	0		0.9503066069483156			0.853290890398026			0.8904269513161576			0.045861726027557066		0.3297201411828431	0.46814433867185734		0.46814433867185734	0.7111058795097281		0.7111058795097281		0.5896251090907927		spatially_informed
E8p5Embryo	spatialde	2000	graphst	1		0.9689432312056514			0.893455668978315			0.8840746341271867			0.04076129269014089		0.36497100071528077	0.4624179634086638		0.4624179634086638	0.7424566336330823		0.7424566336330823		0.602437298520873		spatially_informed
E8p5Embryo	spatialde	2000	graphst	2		0.9586571946482787			0.8841868739213251			0.9031912094873948			0.040842966113761474		0.3504096563036212	0.47201708780057816		0.47201708780057816	0.7310845749577416		0.7310845749577416		0.6015508313791599		spatially_informed
E8p5Embryo	statistic_mean	2000	graphst	0		0.8714483560693835			0.6936616422317634			0.798402365183243			0.17334012967140536		0.2985593317971337	0.4858712474273242		0.4858712474273242	0.6212231100327602		0.6212231100327602		0.5535471787300422		expression_driven
E8p5Embryo	statistic_mean	2000	graphst	1		0.858854838843543			0.6439471960170001			0.7880083359392237			0.1770937062837612		0.2734218899848518	0.48255102111149245		0.48255102111149245	0.5920746416151316		0.5920746416151316		0.537312831363312		expression_driven
E8p5Embryo	statistic_mean	2000	graphst	2		0.8688894108836149			0.675217676272829			0.8120052943694218			0.15075493095956857		0.2722050821470097	0.4813801126644952		0.4813801126644952	0.6054373897678179		0.6054373897678179		0.5434087512161565		expression_driven
E8p5Embryo	statistic_variance	2000	graphst	0		0.8752262425412705			0.7271791031074686			0.7882910292366007			0.15167879518516586		0.30969134388901015	0.46998491221088323		0.46998491221088323	0.6373655631792498		0.6373655631792498		0.5536752376950664		expression_driven
E8p5Embryo	statistic_variance	2000	graphst	1		0.9036292913770951			0.736822394896988			0.8036674163265685			0.13078387697543842		0.31021827425652604	0.4672256466510034		0.4672256466510034	0.6502233201768698		0.6502233201768698		0.5587244834139367		expression_driven
E8p5Embryo	statistic_variance	2000	graphst	2		0.8661834275103535			0.7098586274584723			0.8042513490372396			0.14711085559179507		0.2840659741390633	0.4756811023145173		0.4756811023145173	0.6200360097026297		0.6200360097026297		0.5478585560085736		expression_driven
E8p5Embryo	triku	2000	graphst	0		0.9665718698398184			0.8822207658789335			0.9397997516918876			0.05820087706987189		0.35188983237940175	0.4990003143808797		0.4990003143808797	0.7335608226993845		0.7335608226993845		0.6162805685401321		expression_driven
E8p5Embryo	triku	2000	graphst	1		0.9561865372212179			0.8769778110617724			0.9199911646195121			0.05941632249194502		0.36296104371821636	0.4897037435557286		0.4897037435557286	0.7320417973337356		0.7320417973337356		0.6108727704447321		expression_driven
E8p5Embryo	triku	2000	graphst	2		0.9517542507741839			0.8905533190484244			0.9375353955525414			0.05879209927810059		0.3461662804623595	0.498163747415321		0.498163747415321	0.7294912834283226		0.7294912834283226		0.6138275154218218		expression_driven
E9p5Embryo	Brennecke	2000	graphst	0		0.8747966814663567			0.7390099741603982			0.7757530137299369			0.2463523223874993		0.26065704965071235	0.5110526680587181		0.5110526680587181	0.6248212350924891		0.6248212350924891		0.5679369515756036		expression_driven
E9p5Embryo	Brennecke	2000	graphst	1		0.8726665783950411			0.7457517546918543			0.7642326704764731			0.23789567315951946		0.2660732202558821	0.5010641718179963		0.5010641718179963	0.6281638511142592		0.6281638511142592		0.5646140114661278		expression_driven
E9p5Embryo	Brennecke	2000	graphst	2		0.8758839023279124			0.7719800517346155			0.777237029064677			0.23488614793624166		0.26861992355967873	0.5060615885004593		0.5060615885004593	0.6388279592074021		0.6388279592074021		0.5724447738539307		expression_driven
E9p5Embryo	anticor	2000	graphst	0		0.9099839462344			0.7779830069613607			0.8276653667631676			0.06590209180272762		0.34252712346287706	0.44678372928294763		0.44678372928294763	0.6768313588862126		0.6768313588862126		0.5618075440845801		expression_driven
E9p5Embryo	anticor	2000	graphst	1		0.93153371059364			0.7874030291254227			0.8305888314063434			0.06563004349172359		0.347139400238621	0.44810943744903353		0.44810943744903353	0.6886920466525613		0.6886920466525613		0.5684007420507975		expression_driven
E9p5Embryo	anticor	2000	graphst	2		0.93973676256292			0.8003324713483315			0.7561980422459779			0.08587998079078582		0.3351019526802844	0.42103901151838186		0.42103901151838186	0.6917237288638454		0.6917237288638454		0.5563813701911136		expression_driven
E9p5Embryo	dubstepr	2000	graphst	0		0.9385250531749323			0.8246213520631975			0.6157483569799237			0.06761755587452191		0.37585908163457055	0.3416829564272228		0.3416829564272228	0.7130018289575668		0.7130018289575668		0.5273423926923948		expression_driven
E9p5Embryo	dubstepr	2000	graphst	1		0.9252480557640443			0.7610823789611317			0.6012052526353926			0.07132028813664835		0.3401524499918553	0.3362627703860205		0.3362627703860205	0.6754942949056771		0.6754942949056771		0.5058785326458488		expression_driven
E9p5Embryo	dubstepr	2000	graphst	2		0.9288873452478043			0.7437199852424292			0.6269700193058841			0.05898790671277858		0.2891076691628638	0.34297896300933134		0.34297896300933134	0.6539049998843657		0.6539049998843657		0.4984419814468485		expression_driven
E9p5Embryo	hotspot	2000	graphst	0		0.9751368889025082			0.9018285924712354			0.9024916238277251			0.0017936816442444237		0.3871432044470389	0.45214265273598475		0.45214265273598475	0.7547028952735942		0.7547028952735942		0.6034227740047895		expression_driven
E9p5Embryo	hotspot	2000	graphst	1		0.9619060018639365			0.8776320649887231			0.8761062833969954			0.00167323292589209		0.3157344115572672	0.4388897581614437		0.4388897581614437	0.7184241594699756		0.7184241594699756		0.5786569588157097		expression_driven
E9p5Embryo	hotspot	2000	graphst	2		0.9678603941055618			0.9016438862281756			0.9149107001015063			0.0028176869697364598		0.39772091461697273	0.4588641935356214		0.4588641935356214	0.7557417316502367		0.7557417316502367		0.607302962592929		expression_driven
E9p5Embryo	morans_i	2000	graphst	0		0.9647778168907253			0.8544514221755114			0.7629474502355594			0.013394675438968877		0.33557213994057933	0.38817106283726416		0.38817106283726416	0.7182671263356054		0.7182671263356054		0.5532190945864348		spatially_informed
E9p5Embryo	morans_i	2000	graphst	1		0.9518906916124387			0.8482637605948826			0.7343112655588047			0.0034913842671940865		0.3357874718435887	0.3689013249129994		0.3689013249129994	0.7119806413503035		0.7119806413503035		0.5404409831316515		spatially_informed
E9p5Embryo	morans_i	2000	graphst	2		0.9702638348017921			0.8889915034806803			0.7813038254150502			0.002630957992878319		0.3689696404417063	0.3919673917039642		0.3919673917039642	0.7427416595747264		0.7427416595747264		0.5673545256393453		spatially_informed
E9p5Embryo	nbumi	2000	graphst	0		0.9749471814011268			0.8906538603331619			0.8859759348792554			0.021507350877048904		0.39915182772565866	0.45374164287815216		0.45374164287815216	0.7549176231533158		0.7549176231533158		0.604329633015734		expression_driven
E9p5Embryo	nbumi	2000	graphst	1		0.9747879723014737			0.8852973771787737			0.8622219883193979			0.015054576957419628		0.3903309465212688	0.43863828263840876		0.43863828263840876	0.7501387653338387		0.7501387653338387		0.5943885239861237		expression_driven
E9p5Embryo	nbumi	2000	graphst	2		0.9649153347013583			0.8835426670939385			0.9083931623602415			0.02584773242362549		0.38934536179340434	0.4671204473919335		0.4671204473919335	0.745934454529567		0.745934454529567		0.6065274509607502		expression_driven
E9p5Embryo	nnsvg	2000	graphst	0		0.9273605340779192			0.795899519741714			0.5540742509333626			0.04097425300979666		0.2993466505509939	0.2975242519715796		0.2975242519715796	0.6742022347902091		0.6742022347902091		0.48586324338089437		spatially_informed
E9p5Embryo	nnsvg	2000	graphst	1		0.9190452727522375			0.8048577760764789			0.5817753148290584			0.03045941438409902		0.3187257138040626	0.30611736460657873		0.30611736460657873	0.6808762542109262		0.6808762542109262		0.4934968094087525		spatially_informed
E9p5Embryo	nnsvg	2000	graphst	2		0.9440285542462259			0.8023642407977566			0.5924150275232481			0.037526633028354496		0.3289700636085334	0.3149708302758013		0.3149708302758013	0.6917876195508387		0.6917876195508387		0.50337922491332		spatially_informed
E9p5Embryo	osca	2000	graphst	0		0.939069584572718			0.8152013298991354			0.794672947123378			0.01635542990797756		0.33378571972490106	0.4055141885156778		0.4055141885156778	0.6960188780655848		0.6960188780655848		0.5507665332906313		expression_driven
E9p5Embryo	osca	2000	graphst	1		0.9499412583954875			0.8664573328506495			0.7776155617281859			0.010988175112599434		0.30369082873769965	0.39430186842039266		0.39430186842039266	0.7066964733279456		0.7066964733279456		0.5504991708741691		expression_driven
E9p5Embryo	osca	2000	graphst	2		0.9459376544912648			0.869597340201729			0.8056879336509007			0.005877817620838199		0.3469392007498162	0.40578287563586946		0.40578287563586946	0.72082473181427		0.72082473181427		0.5633038037250697		expression_driven
E9p5Embryo	scPNMF	2000	graphst	0		0.9389007176068435			0.808090136659912			0.6190123181098999			0.05400220163053798		0.31980884511842356	0.3365072598702189		0.3365072598702189	0.6889332331283929		0.6889332331283929		0.5127202464993059		expression_driven
E9p5Embryo	scPNMF	2000	graphst	1		0.931757553555785			0.7687476911511822			0.5926180831162828			0.03642410828908241		0.31122673310241245	0.3145210957026826		0.3145210957026826	0.6705773259364599		0.6705773259364599		0.49254921081957126		expression_driven
E9p5Embryo	scPNMF	2000	graphst	2		0.924411834104006			0.7793683043384285			0.5696572626856449			0.05307848502497156		0.29775362123566845	0.31136787385530823		0.31136787385530823	0.6671779198927009		0.6671779198927009		0.48927289687400455		expression_driven
E9p5Embryo	scanpy_cell_ranger	2000	graphst	0		0.9553243959831734			0.910786848916824			0.9976172860616315			0.030483833261560546		0.3851764868089619	0.514050559661596		0.514050559661596	0.7504292439029866		0.7504292439029866		0.6322399017822913		expression_driven
E9p5Embryo	scanpy_cell_ranger	2000	graphst	1		0.9671414874932276			0.893886220916595			0.9897549972468586			0.02881175774274146		0.4096184676498619	0.5092833774948		0.5092833774948	0.7568820586865614		0.7568820586865614		0.6330827180906807		expression_driven
E9p5Embryo	scanpy_cell_ranger	2000	graphst	2		0.9657272016404709			0.9051533061761985			0.9999796339246868			0.02762255169184242		0.39108520669488656	0.5138010928082646		0.5138010928082646	0.7539885715038519		0.7539885715038519		0.6338948321560582		expression_driven
E9p5Embryo	scanpy_cell_ranger_batch	2000	graphst	0		0.9625804972705306			0.9048762467007849			0.9884004367001651			0.03916917528645923		0.392973905742195	0.5137848059933121		0.5137848059933121	0.7534768832378368		0.7534768832378368		0.6336308446155745		expression_driven
E9p5Embryo	scanpy_cell_ranger_batch	2000	graphst	1		0.9775391172457271			0.925101588405977			0.9802043726910163			0.022341731800727484		0.4028936116556405	0.5012730522458719		0.5012730522458719	0.7685114391024482		0.7685114391024482		0.6348922456741601		expression_driven
E9p5Embryo	scanpy_cell_ranger_batch	2000	graphst	2		0.9590144919518326			0.8873291466281988			0.9966440968382192			0.025172782047821366		0.40151337031165846	0.5109084394430203		0.5109084394430203	0.7492856696305633		0.7492856696305633		0.6300970545367919		expression_driven
E9p5Embryo	scanpy_pearson	2000	graphst	0		0.9561858746075474			0.8164942740438498			0.9813528582972895			0.05664833154928123		0.3062983231712082	0.5190005949232853		0.5190005949232853	0.6929928239408686		0.6929928239408686		0.605996709432077		expression_driven
E9p5Embryo	scanpy_pearson	2000	graphst	1		0.9450228920158472			0.8598079054407234			0.9580397766085611			0.0483930095040077		0.36386719939959883	0.5032163930562844		0.5032163930562844	0.7228993322853898		0.7228993322853898		0.6130578626708372		expression_driven
E9p5Embryo	scanpy_pearson	2000	graphst	2		0.9665901325139641			0.822220169906005			0.9849304149700566			0.046184262992133025		0.34179669359989484	0.5155573389810948		0.5155573389810948	0.7102023320066214		0.7102023320066214		0.612879835493858		expression_driven
E9p5Embryo	scanpy_pearson_batch	2000	graphst	0		0.908697887776678			0.7274658293145574			0.9872494924517197			0.13724159682207748		0.32756926544893133	0.5622455446368986		0.5622455446368986	0.6545776608467223		0.6545776608467223		0.6084116027418105		expression_driven
E9p5Embryo	scanpy_pearson_batch	2000	graphst	1		0.922384791570708			0.7880495013086036			0.9585292435797135			0.1500704641663314		0.31356433328210037	0.5542998538730224		0.5542998538730224	0.6746662087204706		0.6746662087204706		0.6144830312967464		expression_driven
E9p5Embryo	scanpy_pearson_batch	2000	graphst	2		0.9297233024370123			0.751292944200126			0.9752929277119924			0.13639909313041054		0.30211777630291586	0.5558460104212015		0.5558460104212015	0.6610446743133513		0.6610446743133513		0.6084453423672764		expression_driven
E9p5Embryo	scanpy_seurat	2000	graphst	0		0.8889172518901979			0.7314370150918775			0.797593326453849			0.21882601015200057		0.25104954877402463	0.5082096683029248		0.5082096683029248	0.6238012719186999		0.6238012719186999		0.5660054701108124		expression_driven
E9p5Embryo	scanpy_seurat	2000	graphst	1		0.9199984186048592			0.7969154045218385			0.7720993674954086			0.21757581486393626		0.2630150663067523	0.49483759117967246		0.49483759117967246	0.6599762964778167		0.6599762964778167		0.5774069438287446		expression_driven
E9p5Embryo	scanpy_seurat	2000	graphst	2		0.8850758282866867			0.7625600295705534			0.797811954881334			0.2133022333385144		0.28691716499681436	0.5055570941099242		0.5055570941099242	0.6448510076180182		0.6448510076180182		0.5752040508639712		expression_driven
E9p5Embryo	scanpy_seurat_batch	2000	graphst	0		0.8915281184632444			0.750646472127769			0.843081329231528			0.21076375741268824		0.280950759018861	0.5269225433221081		0.5269225433221081	0.6410417832032915		0.6410417832032915		0.5839821632626998		expression_driven
E9p5Embryo	scanpy_seurat_batch	2000	graphst	1		0.8671146873532973			0.7134281491899943			0.8499676174096604			0.21320893778877475		0.2723647377132084	0.5315882775992176		0.5315882775992176	0.6176358580855		0.6176358580855		0.5746120678423587		expression_driven
E9p5Embryo	scanpy_seurat_batch	2000	graphst	2		0.8831381137020321			0.7391023272819282			0.8464877926594954			0.20934896957319712		0.2935842038487426	0.5279183811163463		0.5279183811163463	0.6386082149442344		0.6386082149442344		0.5832632980302903		expression_driven
E9p5Embryo	scanpy_seurat_v3	2000	graphst	0		0.9527290138261991			0.9070003693825636			0.9329767009646223			0.009370198468925653		0.41305605228323516	0.47117344971677394		0.47117344971677394	0.7575951451639993		0.7575951451639993		0.6143842974403866		expression_driven
E9p5Embryo	scanpy_seurat_v3	2000	graphst	1		0.9809404672380188			0.9076468414549208			0.939020895953213			0.012774502435290717		0.39438888218471807	0.4758976991942519		0.4758976991942519	0.7609920636258858		0.7609920636258858		0.6184448814100688		expression_driven
E9p5Embryo	scanpy_seurat_v3	2000	graphst	2		0.9710439944968395			0.9241780568582063			0.9240429919618551			0.006903716130098095		0.3955278479412504	0.4654733540459766		0.4654733540459766	0.763583299765432		0.763583299765432		0.6145283269057044		expression_driven
E9p5Embryo	scanpy_seurat_v3_batch	2000	graphst	0		0.9553644949101027			0.8364425562736281			0.9705681674545922			0.05541152753241973		0.371474818762044	0.512989847493506		0.512989847493506	0.7210939566485915		0.7210939566485915		0.6170419020710487		expression_driven
E9p5Embryo	scanpy_seurat_v3_batch	2000	graphst	1		0.9495623957388845			0.8867750276773717			0.9775901871643041			0.04589989302091724		0.39354420222418623	0.5117450400926107		0.5117450400926107	0.7432938752134808		0.7432938752134808		0.6275194576530457		expression_driven
E9p5Embryo	scanpy_seurat_v3_batch	2000	graphst	2		0.9558010496550033			0.8809567786936862			0.9748696153519071			0.044243420348606274		0.39351085118715473	0.5095565178502567		0.5095565178502567	0.7434228931786148		0.7434228931786148		0.6264897055144357		expression_driven
E9p5Embryo	scry	2000	graphst	0		0.9261125254833005			0.7515700036755396			0.5234619159403568			0.07297849248977344		0.29018644205171523	0.2982202042150651		0.2982202042150651	0.6559563237368518		0.6559563237368518		0.47708826397595844		expression_driven
E9p5Embryo	scry	2000	graphst	1		0.9453340279055087			0.8244366457093137			0.5167223905594238			0.0717618349973779		0.3571353103745188	0.29424211277840084		0.29424211277840084	0.7089686613297804		0.7089686613297804		0.5016053870540906		expression_driven
E9p5Embryo	scry	2000	graphst	2		0.9370741369418938			0.7737347617086269			0.5145354652737533			0.08350618785804054		0.31543116626641504	0.2990208265658969		0.2990208265658969	0.6754133549723119		0.6754133549723119		0.4872170907691044		expression_driven
E9p5Embryo	seurat_disp	2000	graphst	0		0.8877348063166537			0.7236793497802971			0.826882137582883			0.20432152234523585		0.28687188022645815	0.5156018299640595		0.5156018299640595	0.632762012107803		0.632762012107803		0.5741819210359312		expression_driven
E9p5Embryo	seurat_disp	2000	graphst	1		0.8882696412307958			0.7126893239961071			0.814377486364635			0.20451849005563905		0.2837359696615615	0.509447988210137		0.509447988210137	0.6282316449628215		0.6282316449628215		0.5688398165864792		expression_driven
E9p5Embryo	seurat_disp	2000	graphst	2		0.8725692554697803			0.6945881048618701			0.8171214529209185			0.20075889472609781		0.27320013996775794	0.5089401738235082		0.5089401738235082	0.6134525000998028		0.6134525000998028		0.5611963369616555		expression_driven
E9p5Embryo	seurat_mvp	2000	graphst	0		0.9029413992917377			0.7716106390268481			0.7388768199521486			0.16896025607384654		0.2566623836490359	0.4539185380129976		0.4539185380129976	0.6437381406558739		0.6437381406558739		0.5488283393344358		expression_driven
E9p5Embryo	seurat_mvp	2000	graphst	1		0.8963393238367654			0.7874030291254227			0.6992407268424273			0.15797650700352975		0.2901116034382926	0.4286086169229785		0.4286086169229785	0.6579513188001602		0.6579513188001602		0.5432799678615694		expression_driven
E9p5Embryo	seurat_mvp	2000	graphst	2		0.9205929186065052			0.8062430734535468			0.7321510777378734			0.154502609107197		0.2749300150069763	0.44332684342253514		0.44332684342253514	0.6672553356890094		0.6672553356890094		0.5552910895557723		expression_driven
E9p5Embryo	seurat_sct	2000	graphst	0		0.7167808332437419			0.37338381973598933			0.8526557192276701			0.6563984269728708		0.16564043909685036	0.7545270731002705		0.7545270731002705	0.4186016973588605		0.4186016973588605		0.5865643852295654		expression_driven
E9p5Embryo	seurat_sct	2000	graphst	1		0.7122201461092977			0.33884373843082055			0.883883084743052			0.6134251204253867		0.16804858988513943	0.7486541025842193		0.7486541025842193	0.40637082480841924		0.40637082480841924		0.5775124636963193		expression_driven
E9p5Embryo	seurat_sct	2000	graphst	2		0.7048616056733525			0.35029553015513143			0.847893572408553			0.6224464258782526		0.16905051811241106	0.7351699991434029		0.7351699991434029	0.4080692179802983		0.4080692179802983		0.5716196085618506		expression_driven
E9p5Embryo	seurat_vst	2000	graphst	0		0.9652832428825343			0.8915773918809325			0.9322324494008754			0.00833031934111275		0.4054503595103098	0.47028138437099404		0.47028138437099404	0.7541036647579255		0.7541036647579255		0.6121925245644597		expression_driven
E9p5Embryo	seurat_vst	2000	graphst	1		0.9790894265319007			0.9302733653173052			0.9327847698490731			0.012799867443199173		0.43200882885932856	0.47279231864613613		0.47279231864613613	0.7804572069028448		0.7804572069028448		0.6266247627744905		expression_driven
E9p5Embryo	seurat_vst	2000	graphst	2		0.9705363333754432			0.8780014775856666			0.9264633233405585			0.008508435134727415		0.4009769298621143	0.46748587923764295		0.46748587923764295	0.7498382469410747		0.7498382469410747		0.6086620630893589		expression_driven
E9p5Embryo	singleCellHaystack	2000	graphst	0		0.9577849623788429			0.8728297007851622			0.7653877017066565			0.00988283210064022		0.3283990188596586	0.38763526690364836		0.38763526690364836	0.7196712273412212		0.7196712273412212		0.5536532471224348		expression_driven
E9p5Embryo	singleCellHaystack	2000	graphst	1		0.9556372029540133			0.8840967860447656			0.719289315376539			0.0024735913604657534		0.3409646581069763	0.36088145336850236		0.36088145336850236	0.7268995490352518		0.7268995490352518		0.5438905012018771		expression_driven
E9p5Embryo	singleCellHaystack	2000	graphst	2		0.9675814066347584			0.8628555596702729			0.7247285287987301			-0.0016882847550842672		0.34989111034154563	0.3615201220218229		0.3615201220218229	0.726776025548859		0.726776025548859		0.5441480737853409		expression_driven
E9p5Embryo	somde	2000	graphst	0		0.9588804321558226			0.8524196527260864			0.8703221523775845			0.005067192766498812		0.36298742884785473	0.43769467257204164		0.43769467257204164	0.7247625045765879		0.7247625045765879		0.5812285885743147		spatially_informed
E9p5Embryo	somde	2000	graphst	1		0.9780745782301985			0.9063538973102065			0.8501260797298467			-0.0028489047831647316		0.39546737464608794	0.423638587473341		0.423638587473341	0.7599652833954976		0.7599652833954976		0.5918019354344193		spatially_informed
E9p5Embryo	somde	2000	graphst	2		0.9820455937109951			0.8945326929889521			0.8879063425486714			0.0012950435816419686		0.3582816456999932	0.4446006930651567		0.4446006930651567	0.7449533107999802		0.7449533107999802		0.5947770019325684		spatially_informed
E9p5Embryo	sparkx	2000	graphst	0		0.9476231364573423			0.8819726634738106			0.6692324850350545			0.01306529948576764		0.36836771389885736	0.34114889226041106		0.34114889226041106	0.7326545046100034		0.7326545046100034		0.5369016984352072		spatially_informed
E9p5Embryo	sparkx	2000	graphst	1		0.9455212989986176			0.8447543405360358			0.6436246713695628			0.005231059569795023		0.325752992133644	0.3244278654696789		0.3244278654696789	0.7053428772227658		0.7053428772227658		0.5148853713462224		spatially_informed
E9p5Embryo	sparkx	2000	graphst	2		0.9510873825281275			0.8505725895197213			0.6708378349704398			0.005769926449297567		0.3405283828642032	0.33830388070986867		0.33830388070986867	0.7140627849706841		0.7140627849706841		0.5261833328402764		spatially_informed
E9p5Embryo	spatialde	2000	graphst	0		0.9753509651675147			0.8947173993428357			0.871738508805172			-0.0026549358596072783		0.34153029703244264	0.43454178647278235		0.43454178647278235	0.7371995538475976		0.7371995538475976		0.58587067016019		spatially_informed
E9p5Embryo	spatialde	2000	graphst	1		0.9548732298099869			0.8691355743724318			0.8237408332279962			-0.004165120263835556		0.3477694404524252	0.4097878564820803		0.4097878564820803	0.7239260815449479		0.7239260815449479		0.5668569690135141		spatially_informed
E9p5Embryo	spatialde	2000	graphst	2		0.9552427564122201			0.8677502769953638			0.8867566796048516			-0.004314939632499604		0.3745953163597275	0.441220869986176		0.441220869986176	0.7325294499224372		0.7325294499224372		0.5868751599543066		spatially_informed
E9p5Embryo	statistic_mean	2000	graphst	0		0.9068547495994095			0.6996675286516685			0.49763272266335745			0.11391377572893509		0.2846162078016534	0.3057732491961463		0.3057732491961463	0.6303794953509104		0.6303794953509104		0.4680763722735284		expression_driven
E9p5Embryo	statistic_mean	2000	graphst	1		0.8973522658420816			0.7038234207828722			0.5225071625896544			0.09174940124242649		0.272396162035193	0.3071282819160404		0.3071282819160404	0.6245239495533823		0.6245239495533823		0.46582611573471133		expression_driven
E9p5Embryo	statistic_mean	2000	graphst	2		0.8991466641516505			0.6894163280613657			0.5206844131893625			0.11404429466403619		0.2649181776194462	0.31736435392669937		0.31736435392669937	0.6178270566108207		0.6178270566108207		0.46759570526876004		expression_driven
E9p5Embryo	statistic_variance	2000	graphst	0		0.9054029861235326			0.728389360862328			0.5513799526774266			0.08901781928025304		0.27615915740448177	0.32019888597883983		0.32019888597883983	0.6366505014634475		0.6366505014634475		0.47842469372114366		expression_driven
E9p5Embryo	statistic_variance	2000	graphst	1		0.913927899093818			0.7917436276105103			0.5482184543306676			0.08167554283280917		0.2922678212650879	0.3149469985817384		0.3149469985817384	0.6659797826564721		0.6659797826564721		0.49046339061910527		expression_driven
E9p5Embryo	statistic_variance	2000	graphst	2		0.9093058582373178			0.7619135573873724			0.5555549142260628			0.07529867954667571		0.3139730934925304	0.31542679688636927		0.31542679688636927	0.6617308363724068		0.6617308363724068		0.48857881662938807		expression_driven
E9p5Embryo	triku	2000	graphst	0		0.9633039127594613			0.889915035028451			0.9637496851715515			0.015994089474739504		0.4019596714017702	0.48987188732314546		0.48987188732314546	0.7517262063965608		0.7517262063965608		0.6207990468598532		expression_driven
E9p5Embryo	triku	2000	graphst	1		0.9768375194301073			0.9157739194742686			0.9111847279134863			0.009534857467281992		0.4033470207162739	0.46035979269038413		0.46035979269038413	0.7653194865402165		0.7653194865402165		0.6128396396153003		expression_driven
E9p5Embryo	triku	2000	graphst	2		0.9862203394983265			0.9322127816452004			0.9598689934782001			0.01761897567621289		0.40355189646513745	0.48874398457720647		0.48874398457720647	0.7739950058695548		0.7739950058695548		0.6313694952233806		expression_driven
MouseBrainSerialSections	Brennecke	2000	graphst	0	0.8972602739726027	0.9953505969812644	0.7530800548108726	0.7573050038485885	0.9591193463838206	0.9219853202018694	0.9103529456419517	0.5498716577914811	0.866344087855486	0.8886405739184465	0.6243470027004954	0.8817906079619531	0.45250405527124143	0.5871093302459882	0.8163424301083483	0.7017258801771682	0.8023246662121087	0.8960717768019524	0.8491982215070306	0.909622797087236	0.7754620508420994	0.8201822995904783	expression_driven
MouseBrainSerialSections	Brennecke	2000	graphst	1	0.9187866927592955	0.9922685529429959	0.7060758510459374	0.7881245540897769	0.9564835612216454	0.9287573345192666	0.9058749322693642	0.5521985638682099	0.8723459377263209	0.8888607272683726	0.6378942199836061	0.8826957883493984	0.4467119610167086	0.5950463919259079	0.813851767532602	0.704449079729255	0.7984880250604499	0.8942853603093813	0.8463866926849156	0.9237720136392811	0.7754178862070853	0.8248692620178172	expression_driven
MouseBrainSerialSections	Brennecke	2000	graphst	2	0.9168297455968688	0.9946226051327548	0.7437592657215867	0.7754974830484411	0.9572353823772243	0.9269755174483895	0.9123262161005624	0.550968586633391	0.8613578020484758	0.8893161930392556	0.627944310743054	0.8801698963049019	0.45278597722173525	0.5894564486882226	0.8174826859644397	0.7034695673263311	0.8015479882439047	0.8962480562027322	0.8488980222233184	0.9219026315226291	0.7761837947748248	0.8247567403574262	expression_driven
MouseBrainSerialSections	anticor	2000	graphst	0	0.8923679060665362	0.9800053751787886	0.7181592111173172	0.7950962255717974	0.9430659524262213	0.9174061748620488	0.9137208392875766	0.48956398592877853	0.8875201421962451	0.899581560362172	0.5820151341213253	0.883032572167116	0.5132112021010614	0.535789560025052	0.8250892848118829	0.6804394224184674	0.8120941765686904	0.8983767057273463	0.8552354411480183	0.9048870404642925	0.7678374317832428	0.813520634676926	expression_driven
MouseBrainSerialSections	anticor	2000	graphst	1	0.9080234833659491	0.9898059128816703	0.6615471000044679	0.8106029887446071	0.9410761214911728	0.9107817232320092	0.9184855589579015	0.4924410513530808	0.8839430067274364	0.9030888882398773	0.5615712053092542	0.8894506646919091	0.506448975923649	0.5270061283311676	0.8147954959290972	0.6709008121301323	0.8124436700988307	0.9039681118249053	0.858205890961868	0.9094026032989792	0.7645533515460001	0.8128364354636598	expression_driven
MouseBrainSerialSections	anticor	2000	graphst	2	0.913894324853229	0.9872034817648384	0.6731414747940644	0.7833631736538094	0.9365563724272755	0.915587748129404	0.9107629066314408	0.48868803237612024	0.8794688602653898	0.8984117772990392	0.5767075970158733	0.8836670438339682	0.5069050660690692	0.5326978146959968	0.8085963215030757	0.6706470680995362	0.810221640087061	0.8972149752327045	0.8537183076598828	0.9147410364913164	0.7621826878797096	0.8130354707502452	expression_driven
MouseBrainSerialSections	dubstepr	2000	graphst	0	0.9187866927592955	0.9808915891327977	0.7254771289469867	0.7760880693698956	0.9388824138812717	0.920000775587568	0.9239670818612994	0.49131123254366843	0.9051106706727149	0.8992234581433689	0.5900676684988081	0.8914278470065677	0.5065341968222292	0.5406894505212383	0.8264748317832415	0.6835821411522399	0.8087693999454327	0.9076974644339335	0.8582334321896832	0.9193937341734317	0.7709077866709615	0.8204031025051183	expression_driven
MouseBrainSerialSections	dubstepr	2000	graphst	1	0.9334637964774951	0.9770684694759629	0.5606253372316398	0.864197536184517	0.9406957997957344	0.9218834881777482	0.9116515966843346	0.4874956895102604	0.9063270616986703	0.9011772883854975	0.5821035743368904	0.8863759290030975	0.5100165162355815	0.5347996319235754	0.8080818058750812	0.6714407188993283	0.8092602618357597	0.899013762843716	0.8541370123397378	0.9276736423276217	0.7627888656195331	0.8177504578555626	expression_driven
MouseBrainSerialSections	dubstepr	2000	graphst	2	0.930528375733855	0.9877928623231186	0.7454570043378106	0.8178591484679889	0.9395813015201875	0.9168943703809742	0.9186549722714171	0.4959483984248538	0.9299351882490322	0.9039436247865916	0.5685378446709387	0.8899472576904027	0.49525268686481055	0.5322431215478962	0.8492987414603558	0.6907709315041259	0.8075422835693722	0.9043011149809099	0.8559216992751411	0.9237113730574147	0.7733463153896335	0.8234680012788939	expression_driven
MouseBrainSerialSections	hotspot	2000	graphst	0	0.9070450097847357	0.9775679034433801	0.5541789503830524	0.82080054261899	0.9385819748301399	0.922077711929119	0.9295111714531463	0.507515452804117	0.910238062636359	0.8949896810782673	0.6069080124649006	0.8975512956147617	0.504567708428821	0.5572117326345087	0.7950518091791672	0.676131770906838	0.8069058622341138	0.913531233533954	0.8602185478840338	0.9145613608569274	0.7681751593954359	0.8169705598825997	expression_driven
MouseBrainSerialSections	hotspot	2000	graphst	1	0.936399217221135	0.9871986340920004	0.6383185040584639	0.8338405067133856	0.9392539132365378	0.924905812487862	0.9281564322744467	0.5026771034268133	0.9262279917501003	0.8958786628157128	0.6031798900481227	0.8996644559802598	0.5019720761787435	0.5529284967374679	0.8235664163344156	0.6882474565359418	0.8094748745024273	0.9139104441273532	0.8616926593148903	0.9306525148544984	0.774970057925416	0.8268642102351101	expression_driven
MouseBrainSerialSections	hotspot	2000	graphst	2	0.9168297455968688	0.9785437103059997	0.6332513782747934	0.8193924441626032	0.9399616232156259	0.9187147422911887	0.9300799117034277	0.5031656981986642	0.9131709607697622	0.8987888772794268	0.5855573699637632	0.8973150684602855	0.5036672299244422	0.5443615340812137	0.8161509151216464	0.6802562246014301	0.8073908544820226	0.9136974900818566	0.8605441722819396	0.9177722439440288	0.7704001984416848	0.8195242136091329	expression_driven
MouseBrainSerialSections	morans_i	2000	graphst	0	0.913894324853229	0.9853873431822977	0.6575392914759425	0.8321433554009635	0.9384226918584012	0.9214945983906394	0.9320838911789427	0.5062796601322457	0.9342032161071965	0.8971549223918345	0.6003098342008862	0.8978250141842357	0.4899919431828289	0.5532947471665659	0.8302601963439842	0.691777471755275	0.8046006594078426	0.9149544526815891	0.8597775560447158	0.9176944616219342	0.7757775138999954	0.8230831631406416	spatially_informed
MouseBrainSerialSections	morans_i	2000	graphst	1	0.9158512720156556	0.9853928537001968	0.627252173467142	0.8705009703008071	0.9410672992558746	0.9204985128622835	0.9316169790626072	0.5017157960317256	0.9506204994958163	0.9004405503650861	0.5987761486680087	0.8982889618987123	0.4887857559745807	0.5502459723498672	0.8372035484072128	0.6937247603785399	0.8050819696435507	0.9149529704806598	0.8600174700621053	0.9181748924389695	0.7768711152203226	0.8239723742932049	spatially_informed
MouseBrainSerialSections	morans_i	2000	graphst	2	0.9412915851272015	0.9905846420570139	0.6330614592611458	0.8108636889634349	0.940554161294592	0.9283154568463051	0.9333566015207605	0.5024879446751199	0.9411957637807008	0.8936701718335719	0.6248649140818668	0.8920249791222794	0.4929574694919217	0.5636764293784934	0.8196977709597133	0.6916871001691034	0.8080320909478426	0.91269079032152	0.8603614406346813	0.9348035209867533	0.7760242704018924	0.8289506872635126	spatially_informed
MouseBrainSerialSections	nbumi	2000	graphst	0	0.8894324853228962	0.9997525436147476	0.6196198195422109	0.695118559939755	0.9736073422783007	0.9428106988664453	0.8750209299571156	0.5171351605150464	0.896503019885002	0.8619963460246748	0.7778715777084558	0.8514456917076161	0.4399340279465055	0.6475033691117511	0.7683094363479106	0.7079064027298309	0.8044313046131846	0.8632333108323658	0.8338323077227752	0.9161215920946708	0.7708693552263031	0.819286767515759	expression_driven
MouseBrainSerialSections	nbumi	2000	graphst	1	0.9031311154598826	0.9975199652024151	0.6399768489562135	0.6961883905266318	0.9745449131115128	0.9488658689001183	0.8694359311651922	0.5177185355703459	0.9025823757247098	0.8589247543747351	0.7953284956943973	0.8556307716199327	0.436020136327474	0.6565235156323717	0.7744180923955726	0.7154708040139721	0.8026950048804674	0.8625333513925625	0.832614178136515	0.9259984921800004	0.7740424910752435	0.8246944914434957	expression_driven
MouseBrainSerialSections	nbumi	2000	graphst	2	0.9129158512720156	0.9988535896797243	0.5582875995595715	0.7099906042854772	0.9720772332612485	0.9435979863303111	0.8771166575972603	0.5196161778503432	0.8973146790233274	0.8617182232340632	0.7765789656614217	0.8552977787516535	0.4403556745046985	0.6480975717558825	0.7568277765256097	0.702462674140746	0.8037621658152238	0.8662072181744569	0.8349846919948403	0.9282569188011633	0.7687236830677932	0.8219014283122498	expression_driven
MouseBrainSerialSections	nnsvg	2000	graphst	0	0.8796477495107632	0.9852581799074975	0.6478319704563813	0.7318977082469648	0.9342567977840479	0.9336663325631891	0.9283526827689881	0.4988267249089518	0.9137537175441588	0.8867461801300601	0.650946095208577	0.890130194748432	0.49815078872275675	0.5748864100587644	0.7950573940943912	0.6849719020765779	0.8058885888047674	0.90924143875871	0.8575650137817388	0.9066570410369761	0.7712684579291583	0.8163979856317644	spatially_informed
MouseBrainSerialSections	nnsvg	2000	graphst	1	0.9197651663405089	0.9853441617945042	0.6592328719402895	0.749822572193314	0.9344690141675754	0.9366000998176192	0.9238539778675986	0.5015051182909932	0.9235583782867792	0.8819699957830159	0.6832494758940062	0.8907538975938658	0.4893009818836432	0.5923772970924996	0.8036459545508498	0.6980116258216746	0.803038052615241	0.9073039377307321	0.8551709951729866	0.928182633079064	0.7765913104973305	0.8271217513579083	spatially_informed
MouseBrainSerialSections	nnsvg	2000	graphst	2	0.9373776908023483	0.9837295874699176	0.5427742380406354	0.7465086356428055	0.9389975855716453	0.9338967533615103	0.9236948684560707	0.49387843815182997	0.9068428151012976	0.885447782916747	0.6698801167446559	0.898795028741429	0.502047092838133	0.5818792774482429	0.7703933679253713	0.6761363226868071	0.8082580886265652	0.9112449485987499	0.8597515186126576	0.9356372220819293	0.7679439206497324	0.8238416877937981	spatially_informed
MouseBrainSerialSections	osca	2000	graphst	0	0.9099804305283757	0.9834461346405419	0.7507440245138665	0.7807097288152118	0.9402801890542289	0.9333543525502673	0.9332566893107652	0.5226496309055867	0.8995291256595291	0.8873595347624195	0.6435664817601118	0.9038187466551458	0.48117943561277277	0.5831080563328492	0.8295856034377567	0.706346829885303	0.8016352531025145	0.9185377179829555	0.860086485542735	0.9216673915393215	0.7832166577140189	0.8293669023224531	expression_driven
MouseBrainSerialSections	osca	2000	graphst	1	0.9227005870841487	0.9896985418749179	0.6705080708115554	0.8066775253148823	0.9376355817616298	0.9299806464320105	0.9377438429352078	0.5253795334705269	0.8918425229868328	0.8895992424177444	0.6407396907517313	0.9056747708549956	0.47710443583669493	0.5830596121111291	0.8146568403827537	0.6988582262469414	0.8014795198244142	0.9217093068951017	0.861594413359758	0.9263406167580797	0.7802263198033497	0.8289310854549262	expression_driven
MouseBrainSerialSections	osca	2000	graphst	2	0.9471624266144814	0.985868598376573	0.6327431820650754	0.7348774255447772	0.9426596464466372	0.9317325082465235	0.9384042998595872	0.52712603359287	0.8949423721699937	0.8781090433921558	0.6817215585919169	0.9016803468392383	0.4753673159434522	0.6044237960923935	0.7851680057930006	0.694795900942697	0.8012985202555543	0.9200423233494127	0.8606704218024834	0.9394474674305024	0.7777331613725902	0.8316379300585609	expression_driven
MouseBrainSerialSections	scPNMF	2000	graphst	0	0.8904109589041096	0.9656982404683857	0.66739332298752	0.7970538762002992	0.913276866256344	0.9016944703535233	1.0350839185287197	0.49531533780950326	0.8947157107099197	0.9142789749956313	0.5200638052963359	0.9363381803069271	0.3802080530538693	0.5076895715529196	0.8183604712233425	0.663025021388131	0.753061053259533	0.9857110494178234	0.8693860513386782	0.8960527146288164	0.7662055363634046	0.809487929118542	expression_driven
MouseBrainSerialSections	scPNMF	2000	graphst	1	0.910958904109589	0.9745576940019999	0.8102740836564336	0.7911884420577128	0.9124721116889762	0.9082498539485745	1.0403870988033255	0.4970227075304412	0.9146913529017808	0.9077645394509744	0.5457533357695658	0.9439054899674649	0.3752354304552429	0.5213880216500035	0.8559796045167254	0.6886838130833645	0.7540884120487398	0.9921462943853951	0.8731173532170675	0.9096043790290818	0.780900583150216	0.8238018484431713	expression_driven
MouseBrainSerialSections	scPNMF	2000	graphst	2	0.9227005870841487	0.9834586866505682	0.7355598096680519	0.8844786029573168	0.9097833930101378	0.9069132830159917	1.01601425109121	0.4923760281410202	0.921580873448902	0.9126676608689923	0.5251477573725536	0.9320212273065236	0.3778641828650922	0.508761892756787	0.8635717367358158	0.6861668147463014	0.7570354208419326	0.9740177391988668	0.8655265800203997	0.9148069350500703	0.7758466973833505	0.8221667766055903	expression_driven
MouseBrainSerialSections	scanpy_cell_ranger	2000	graphst	0	0.8835616438356163	0.9913039550871623	0.6696610638702925	0.670163806069694	0.9466662576541264	0.9461356197142243	0.894581236377146	0.5657317147320279	0.9067850134440771	0.8562187355168819	0.7906346353270198	0.915977834696782	0.3836945516933662	0.6781831750295239	0.7757071547252363	0.7269451648773801	0.7738882548115517	0.905279535536964	0.8395838951742578	0.9148486317749203	0.783264530025819	0.8271258972755193	expression_driven
MouseBrainSerialSections	scanpy_cell_ranger	2000	graphst	1	0.9050880626223092	0.9955596825520242	0.7174068494259356	0.6722675167865181	0.9466750798894245	0.9520380331534131	0.9033536755704884	0.5655967224546782	0.9096459011938953	0.855847922379357	0.7920619269002733	0.9184814194935548	0.3810425699472682	0.6788293246774757	0.7887920474464265	0.7338106860619511	0.7744257774629056	0.9109175475320216	0.8426716624974636	0.9285630478878611	0.7882411742797073	0.835015132149092	expression_driven
MouseBrainSerialSections	scanpy_cell_ranger	2000	graphst	2	0.9080234833659491	0.9951544863552529	0.6884389080996318	0.7028424868852594	0.9467990739199705	0.9475502401409661	0.8950995967748354	0.5663954121241542	0.91386538405534	0.8562422399257101	0.7733667901794636	0.9182913389855546	0.3809159400845531	0.6698811011518089	0.7903472547414854	0.7301141779466471	0.7742898334532589	0.9066954678801951	0.840492650666727	0.9277868617534576	0.785303414306687	0.8327978967889439	expression_driven
MouseBrainSerialSections	scanpy_cell_ranger_batch	2000	graphst	0	0.9060665362035225	0.9916924193927354	0.5797855652653571	0.7092799281095673	0.9473298563518494	0.949123227960414	0.9037452900761046	0.5658600333072393	0.8990303005604207	0.8556482939872576	0.7853780584424376	0.907964761657358	0.38293226542545267	0.6756190458748385	0.7609360219806507	0.7182775339277445	0.7739848470566791	0.9058550258667313	0.8399199364617052	0.9275948820819683	0.7790987351947248	0.828597450823806	expression_driven
MouseBrainSerialSections	scanpy_cell_ranger_batch	2000	graphst	1	0.9354207436399217	0.9962071733517965	0.66609210119135	0.7206784366770301	0.9490192483406402	0.9473097714234969	0.9030301993281494	0.5665435354437472	0.9080306416569748	0.8579986056870812	0.7816471509689127	0.9227202301696865	0.3804352623514658	0.6740953432063299	0.788199946303109	0.7311476447547194	0.7752205613479676	0.912875214748918	0.8440478880484428	0.9413652575317093	0.7875977664015811	0.8388535967782905	expression_driven
MouseBrainSerialSections	scanpy_cell_ranger_batch	2000	graphst	2	0.9354207436399217	0.9914188399868131	0.6799955860289465	0.6964400432513104	0.950080330677775	0.9475920943929478	0.9206331862436914	0.5651598577987877	0.9011034564017868	0.855263762150158	0.7806685757409606	0.918058237443378	0.38148288355197146	0.6729142167698742	0.7832007119580504	0.7280574643639623	0.7743273514055199	0.9193457118435346	0.8468365316245272	0.9415064190164347	0.7874469979942448	0.8388001383349747	expression_driven
MouseBrainSerialSections	scanpy_pearson	2000	graphst	0	0.9168297455968688	0.9858919562450832	0.6346808719642153	0.728359856818147	0.9403419448061903	0.9272281583834346	0.9115192329813351	0.5149210001712011	0.8298426628287374	0.889640145325426	0.6189235936498231	0.8997060608285048	0.5103637729657202	0.5669222969105121	0.7706308842341314	0.6687765905723217	0.8121992246723312	0.9056126469049199	0.8589059357886255	0.9220289519901517	0.7638412631804736	0.8165704927836996	expression_driven
MouseBrainSerialSections	scanpy_pearson	2000	graphst	1	0.9178082191780822	0.9807637762811454	0.6281921917522897	0.7849687822550637	0.9397846956684168	0.9251495393725874	0.91932080807856	0.5148362736480658	0.8509744322166417	0.8944437946715527	0.6024219735224826	0.901069338844224	0.4994798096311693	0.5586291235852743	0.789644800223887	0.6741369619045806	0.8066760938602439	0.910195073461392	0.858435583660818	0.9214788792753348	0.7662862727826993	0.8180171416135779	expression_driven
MouseBrainSerialSections	scanpy_pearson	2000	graphst	2	0.9001956947162426	0.9854957331896671	0.6458826195208625	0.8236400347739724	0.9441451617605756	0.918431208583369	0.9134959529028166	0.5223198597965583	0.8530052301735661	0.8947593759366553	0.6056433241067803	0.8981434803569207	0.49778012841969527	0.5639815919516693	0.8043218151012641	0.6841517035264667	0.8091403411233126	0.9058197166298687	0.8574800288765907	0.9093134516498058	0.7708158662015288	0.8169817280176211	expression_driven
MouseBrainSerialSections	scanpy_pearson_batch	2000	graphst	0	0.8806262230919765	0.9906896560065139	0.726733561403914	0.8109480067569149	0.9383168249299492	0.9260052366120592	0.9279210113070565	0.5212043195753016	0.8500550809910474	0.8941526150047373	0.6023384436321843	0.8987511205238415	0.4951150169877912	0.5617713816037428	0.8204723160391534	0.6911218488214481	0.8080404993080847	0.913336065915449	0.8606882826117669	0.9033157298520178	0.7759050657166076	0.8183752870950777	expression_driven
MouseBrainSerialSections	scanpy_pearson_batch	2000	graphst	1	0.920743639921722	0.9954050096355662	0.7159256249676411	0.7852378867475683	0.9545290193326638	0.9256241637341492	0.939149896935388	0.5289482984097628	0.8655292567021613	0.8896847050324428	0.6207782258086049	0.9068485637174384	0.5001817761206963	0.5748632621091838	0.8140943683624534	0.6944788152358186	0.8167052683629755	0.9229992303264132	0.8698522493446943	0.9231839018279356	0.7821655322902564	0.8291716554694828	expression_driven
MouseBrainSerialSections	scanpy_pearson_batch	2000	graphst	2	0.9275929549902152	0.9887233335514953	0.7014475569768617	0.7354557449529306	0.9398822228881941	0.924975239419803	0.9292363730751259	0.5216547934901218	0.8533708316327152	0.89394523467338	0.611851344095448	0.9059363651223269	0.493811802739471	0.5667530687927849	0.7960548420589719	0.6814039554258784	0.8074724530597202	0.9175863690987264	0.8625294110792232	0.926284097205009	0.7719666832525508	0.8234058212367036	expression_driven
MouseBrainSerialSections	scanpy_seurat	2000	graphst	0	0.8874755381604698	0.995351175734042	0.630650642879317	0.7377808635281609	0.9616399597507481	0.932689926430354	0.8899131991378946	0.5594809567255219	0.8801387944863523	0.8820140791995381	0.6482316286817865	0.8683975928022457	0.434072802632918	0.6038562927036542	0.782646095023342	0.6932511938634981	0.7970213127059026	0.8791553959700702	0.8380883543379865	0.9100827322954119	0.7656697741007423	0.8138074268322989	expression_driven
MouseBrainSerialSections	scanpy_seurat	2000	graphst	1	0.9256360078277885	0.9829869338843762	0.6689181966174784	0.7200024420487129	0.9536708487220095	0.9318066475905159	0.9319630152719764	0.56330721501242	0.8857877670936626	0.8782873755616597	0.6716648515850714	0.9019442341903122	0.3668649779217611	0.6174860332987457	0.7882489453303784	0.7028674893145621	0.7678409201760489	0.9169536247311443	0.8423972724535966	0.9287213277091522	0.7726323808840794	0.8246620298257703	expression_driven
MouseBrainSerialSections	scanpy_seurat	2000	graphst	2	0.9090019569471623	0.9874988633320184	0.6885958962071671	0.8013087016797282	0.9538213094584499	0.9303465203498809	0.8725229947463078	0.5608144426234011	0.8890519398210228	0.8846237242695424	0.6434175129251686	0.9053950011259244	0.36614093140362564	0.6021159777742848	0.8158950654943651	0.709005521634325	0.7691537013980313	0.8889589979361161	0.8290563496670738	0.9196742386485216	0.7690309356506994	0.8192453699833068	expression_driven
MouseBrainSerialSections	scanpy_seurat_batch	2000	graphst	0	0.9060665362035225	0.996259750815667	0.730502518713183	0.7658516517118256	0.9473381960605243	0.9325155382161174	0.8872715278933376	0.5614347959961838	0.8675416784554615	0.8808778957953919	0.6625869218790368	0.9006283322527747	0.3746814773777783	0.6120108589376103	0.8111934361689654	0.7116021475532879	0.7727598080846564	0.8939499300730562	0.8333548690788564	0.91929103720982	0.7724785083160721	0.8214160179473214	expression_driven
MouseBrainSerialSections	scanpy_seurat_batch	2000	graphst	1	0.9315068493150684	0.9949005350777188	0.6688727292918929	0.7903589124795188	0.9506464020508465	0.9303241870412375	0.8972086061716341	0.5613603645183858	0.8785770310219981	0.8788176737567328	0.673051890425642	0.9046343209130332	0.3788849179795095	0.6172061274720139	0.8041565866375358	0.7106813570547748	0.7748106183693583	0.9009214635423337	0.837866040955846	0.930915518178153	0.7742736990053104	0.8264876387295912	expression_driven
MouseBrainSerialSections	scanpy_seurat_batch	2000	graphst	2	0.936399217221135	0.9960427383104964	0.7141729960840058	0.7912085017706435	0.9537595537064886	0.930430795230733	0.899792839435724	0.5602720844984183	0.8864329449453756	0.8830372130902032	0.6594111833658143	0.9104178078564968	0.3771895552900324	0.6098416339321162	0.8187129139725571	0.7142772739523366	0.7756639491023392	0.9051053236461104	0.8403846363742248	0.933415006225934	0.7773309551632808	0.8293589721841652	expression_driven
MouseBrainSerialSections	scanpy_seurat_v3	2000	graphst	0	0.8894324853228962	0.9909299472345159	0.6164974144993274	0.7250175140879536	0.9563507450606755	0.9491325365088475	0.8984209186729082	0.5434549092930676	0.9049033991938429	0.8640114885575964	0.781967564836731	0.9075854539427926	0.42089334333377365	0.6627112370648993	0.77760745408468	0.7201593455747897	0.7893913452096549	0.9030031863078504	0.8461972657587526	0.9192825109158719	0.7831783056667712	0.828546374083138	expression_driven
MouseBrainSerialSections	scanpy_seurat_v3	2000	graphst	1	0.9090019569471623	0.9866161936204461	0.6933731168385291	0.7578490290629144	0.9541398754019271	0.9467581148850461	0.8831092410931362	0.5469790301905848	0.9161409241558387	0.8641238607227442	0.774904237906638	0.8960552956464461	0.41478202762597166	0.6609416340486114	0.8078717326950067	0.734406683371809	0.7851793655494483	0.8895822683697912	0.8373808169596197	0.9278800359161042	0.7858937501657144	0.8332225120825111	expression_driven
MouseBrainSerialSections	scanpy_seurat_v3	2000	graphst	2	0.923679060665362	0.994223849415611	0.6410518935221925	0.7414769187635208	0.9549975634859581	0.9465000085912028	0.887459048762563	0.5454640988257144	0.9094011585553127	0.8610801396375554	0.786756183473985	0.9018002174389534	0.4170335723602675	0.6661101411498498	0.7882525276196453	0.7271813343847475	0.7887516617539455	0.8946296331007582	0.8416906474273518	0.9350895346282824	0.7844359909060497	0.8346538388134604	expression_driven
MouseBrainSerialSections	scanpy_seurat_v3_batch	2000	graphst	0	0.8845401174168297	0.9941119819449714	0.7232467195536834	0.7073838738371191	0.952317667147292	0.9450935756728993	0.8926646118871318	0.5458383133953616	0.8997518963521414	0.8674497922634857	0.758786251858893	0.9036672210125021	0.410234220916754	0.6523122826271273	0.7994580705016074	0.7258851765643674	0.7855546233363392	0.8981659164498169	0.841860269893078	0.9148168465448645	0.7838727232287227	0.8275207643341034	expression_driven
MouseBrainSerialSections	scanpy_seurat_v3_batch	2000	graphst	1	0.8923679060665362	0.9923109057744625	0.6057048958833954	0.7318977082469648	0.9570584549348893	0.9461002266534643	0.8684782753478208	0.5482526244004708	0.8956066271574845	0.8651230643222956	0.764564883635601	0.8971136409188096	0.4155575829924025	0.6564087540180359	0.774583073902535	0.7154959139602854	0.788308981233918	0.8827959581333152	0.8355524696836166	0.9192340663600003	0.7755241918219511	0.8234274833346342	expression_driven
MouseBrainSerialSections	scanpy_seurat_v3_batch	2000	graphst	2	0.9021526418786692	0.9980746082275289	0.5730964568405663	0.6966956957885978	0.9581905977859069	0.9407001196802256	0.8810239290713897	0.546920556392211	0.8931164854910177	0.8657247727416467	0.7541229082227541	0.9027511931490507	0.41011793458908186	0.6505217323074826	0.7571583527154572	0.7038400425114699	0.7887943802008394	0.8918875611102202	0.8403409706555298	0.9214263807794474	0.7720905065834999	0.8218691313154824	expression_driven
MouseBrainSerialSections	scry	2000	graphst	0	0.9227005870841487	0.9803738230474862	0.6675515541521976	0.8531146207211207	0.9356717350058524	0.9174411502270381	0.9257934394913089	0.4898320632761021	0.9113067638915273	0.9008630093005239	0.5784423920581502	0.8834158932824272	0.5064415578352215	0.5341372276671261	0.8332089870163424	0.6836731073417343	0.8074957052961866	0.9046046663868681	0.8560501858415274	0.9200708686555934	0.7698616465916308	0.8199313872796182	expression_driven
MouseBrainSerialSections	scry	2000	graphst	1	0.9285714285714286	0.9901461700488345	0.6517662663638868	0.7709882784424201	0.9371577328464139	0.9171183407937218	0.9245045092762231	0.4886082522503836	0.901353463456649	0.8996779071250874	0.5815605074839472	0.885963697889961	0.5054933667619571	0.5350843798671654	0.8059464788470109	0.6705154293570881	0.8109324232190684	0.905234103583092	0.8580832634010802	0.9228448846825752	0.7642993463790841	0.8171478591469145	expression_driven
MouseBrainSerialSections	scry	2000	graphst	2	0.920743639921722	0.9875670794873956	0.5886460226658592	0.7827859125387865	0.9384668031397663	0.916733583580697	0.9140298281357535	0.4843046162787933	0.8910598802616218	0.8979149018550545	0.5958926512461172	0.8799073315609681	0.5112433555730937	0.5400986337624553	0.7901016793303305	0.6651001565463929	0.812425746066752	0.8969685798483609	0.8546971629575564	0.9187386117512095	0.7598986597519746	0.8128453104183863	expression_driven
MouseBrainSerialSections	seurat_disp	2000	graphst	0	0.8718199608610567	0.9840530459667175	0.7103177588079864	0.8051635885427175	0.9382457644160663	0.9049989462141278	0.9062917471981206	0.5177908836384894	0.8578839060647322	0.9063956615944291	0.5421154419357583	0.8849721017240331	0.47847308933654914	0.5299531627871239	0.8199402287524663	0.6749466957697952	0.8002572999064443	0.8956319244610769	0.8479446121837606	0.8884094535375923	0.7614456539767779	0.8037669204970493	expression_driven
MouseBrainSerialSections	seurat_disp	2000	graphst	1	0.9246575342465754	0.9828378432115891	0.7159097257359066	0.7663883712209201	0.9358844340208775	0.9151452915036188	0.9135495225463534	0.5120593896131483	0.8579903259799428	0.9034672284922132	0.5524886341433508	0.8843137245079037	0.4783384494948933	0.5322740118782496	0.8109389128572457	0.6716064623677477	0.7990202422424533	0.8989316235271285	0.8489759328847909	0.9199014128750971	0.7602911976262693	0.8134946027092118	expression_driven
MouseBrainSerialSections	seurat_disp	2000	graphst	2	0.8953033268101761	0.9883690873855704	0.7432565895534032	0.7354739787726092	0.9357692622256297	0.9139043016772468	0.913196353231652	0.5149979437558608	0.8490940723181565	0.9018716666434787	0.5602763423197524	0.8908530667095127	0.4826617287022472	0.5376371430378066	0.8074240768219119	0.6725306099298592	0.8022666927711491	0.9020247099705824	0.8521457013708658	0.9046038142437114	0.7623381556503626	0.8097600418481455	expression_driven
MouseBrainSerialSections	seurat_mvp	2000	graphst	0	0.9060665362035225	0.991113011190007	0.5639952710615291	0.6977860637062587	0.9534939211748003	0.9259892225957879	0.7576104498117179	0.5230437671073537	0.8838200173899291	0.8849080164116395	0.6422490192720689	0.8909645248985791	0.385796655116255	0.5826463931897112	0.7576273421423391	0.6701368676660251	0.7768011958270208	0.8242874873551485	0.8005443415910847	0.9160278793996552	0.7353406046285549	0.7955696962189217	expression_driven
MouseBrainSerialSections	seurat_mvp	2000	graphst	1	0.9275929549902152	0.9896786466298632	0.6670982304589758	0.729727849115835	0.9486296218832803	0.9279906472875498	0.8370987512910419	0.5189858737830644	0.8851927009408344	0.8829433324962191	0.6442773860577137	0.9074355229714905	0.3703053661283914	0.581631629920389	0.791240528252966	0.6864360790866775	0.7695378782138449	0.8722671371312662	0.8209025076725556	0.9277918011388825	0.7536692933796165	0.8117101292993718	expression_driven
MouseBrainSerialSections	seurat_mvp	2000	graphst	2	0.9275929549902152	0.9910848031753565	0.5688912190176761	0.7284746649204075	0.9505224081251749	0.9297999937123359	0.8190647824562477	0.5196345903899344	0.8789546374293005	0.8883504280990869	0.6246885638094511	0.9018057071258029	0.3719552450994782	0.5721615770996928	0.7661677373666178	0.6691646572331553	0.7711874854666698	0.8604352447910253	0.8158113651288476	0.9286964743512756	0.7424880111810015	0.8045574989044262	expression_driven
MouseBrainSerialSections	seurat_sct	2000	graphst	0	0.9197651663405089	0.9801176804239652	0.5886084025596581	0.7892031094944555	0.9380776592090296	0.9259927381328869	0.9319721402784155	0.5125174786443841	0.9302602668205563	0.895188410555912	0.6065187941447931	0.9015142612240593	0.47441320432903106	0.5595181363945887	0.8008150473576454	0.680166591876117	0.7975361813206753	0.9167432007512374	0.8571396910359563	0.9228789522366978	0.7686531414560367	0.8200617450495904	expression_driven
MouseBrainSerialSections	seurat_sct	2000	graphst	1	0.9315068493150684	0.9790427683314417	0.5815050415208008	0.8080687477035343	0.93961659046138	0.9218002273494813	0.9390570103630363	0.5145560367109658	0.9095797640871468	0.8978072935531841	0.5961117290786576	0.9074994126811535	0.4755933062854826	0.5553338828948118	0.7992402117161665	0.6772870473054892	0.798084221692768	0.923278211522095	0.8606812166074316	0.9266535383322749	0.7689841319564603	0.8215406007483986	expression_driven
MouseBrainSerialSections	seurat_sct	2000	graphst	2	0.9383561643835616	0.9811008799876625	0.6689821765039751	0.8222128443967835	0.937874264955926	0.9275902618773628	0.9339023444355128	0.5119745465287773	0.9066357832065801	0.8967399903795414	0.6098191400727893	0.9033009572537178	0.47800724778031706	0.5608968433007833	0.8236426986217201	0.6922697709612518	0.7989941309079684	0.9186016508446153	0.8587978908762919	0.9329732131304622	0.7755338309187718	0.8280136249893353	expression_driven
MouseBrainSerialSections	seurat_vst	2000	graphst	0	0.8796477495107632	0.9914651921483709	0.6207710322989904	0.7238713425891072	0.9567134222855177	0.9484307338595265	0.8986774362972932	0.5433554413106872	0.9060134440608665	0.8633214526889298	0.783802071872349	0.908654640035774	0.42165827645659804	0.6635787565915181	0.7784943179094735	0.7210365372504959	0.7899456302968288	0.9036660381665336	0.8468058342316812	0.9140392416851448	0.7839211857410886	0.8272938710557739	expression_driven
MouseBrainSerialSections	seurat_vst	2000	graphst	1	0.9050880626223092	0.9888202375422019	0.6989859815244052	0.7668753571126303	0.9535561594533849	0.9473260810891938	0.880627658965545	0.5468598126426711	0.9143798558807464	0.8633585864808864	0.7756718498609282	0.8984550594129186	0.41531849778852914	0.6612658312517996	0.8108999452496671	0.7360828882507333	0.785898298261372	0.8895413591892318	0.8377198287253019	0.9262070718557516	0.7869013584880176	0.8333365962772623	expression_driven
MouseBrainSerialSections	seurat_vst	2000	graphst	2	0.9256360078277885	0.9924627096600572	0.696715787892494	0.738478999155541	0.9551656686929949	0.9476804007805892	0.89439778603406	0.5447685176366053	0.9111047201982997	0.8630892891518908	0.7854748697635198	0.9064056496514035	0.4193518449495896	0.6651216937000626	0.8023471990995564	0.7337344463998094	0.7889934077675472	0.9004017178427317	0.8446975628051394	0.9366582043041889	0.7892160046024744	0.8383634045030459	expression_driven
MouseBrainSerialSections	singleCellHaystack	2000	graphst	0	0.8727984344422701	0.9904998696149141	0.6379299573993179	0.6662397892345194	0.9718297277267798	0.9423313615410542	0.8643347384102108	0.5149727250631285	0.8771161557519405	0.8593547273916825	0.7661672947355017	0.8592103396777944	0.44600835768405866	0.6405700098993151	0.760160157444365	0.70036508367184	0.8027793183419175	0.8617725390440025	0.83227592869296	0.9075648979916622	0.7663205061824	0.8134019701188206	expression_driven
MouseBrainSerialSections	singleCellHaystack	2000	graphst	1	0.9158512720156556	0.994765178653538	0.6197348638808206	0.6851307511402022	0.9691140599202979	0.9439521299356263	0.8552133353877291	0.5166414575096084	0.8816744185274762	0.8650082004966125	0.7611678529646	0.8567772852563308	0.4424345832984428	0.6389046552371043	0.7628870585112778	0.700895856874191	0.8021046072907595	0.8559953103220299	0.8290499588063946	0.929901700975641	0.7649729078402928	0.8199491722187422	expression_driven
MouseBrainSerialSections	singleCellHaystack	2000	graphst	2	0.9246575342465754	1.0011567709843157	0.6437909072319021	0.6845715137024789	0.9772600984962456	0.9425003852683662	0.8538176047836754	0.5173113701949785	0.9059376904223772	0.8607775669487753	0.7617518635309085	0.8420316336432337	0.44991002504032374	0.6395316168629435	0.7737694195763833	0.7066505182196634	0.8094422981736283	0.8479246192134546	0.8286834586935414	0.9335789597574708	0.7676669884566024	0.8229709788902252	expression_driven
MouseBrainSerialSections	somde	2000	graphst	0	0.9266144814090019	0.9892632159074783	0.6667789968501708	0.8123414435771521	0.9318332291102746	0.9176824352767253	0.9858211530688338	0.4936498859469039	0.9432798964373936	0.8970459695516059	0.599144407014723	0.8886576344522216	0.450577826651187	0.5463971464808135	0.8298615766040806	0.6881293615424471	0.7905580905563133	0.9372393937605277	0.8638987421584206	0.9221484583428636	0.7760140518504338	0.8247255206812438	spatially_informed
MouseBrainSerialSections	somde	2000	graphst	1	0.9217221135029353	0.9847703556218664	0.6769972827291343	0.8151407961686157	0.9321959063351167	0.9228134674417471	0.974986476416055	0.4918285769103793	0.942197470574255	0.8976083137594888	0.5962587169666924	0.891804681135196	0.45283696347686675	0.5440436469385359	0.8329859658078735	0.6885148063732047	0.7899344084779499	0.9333955787756254	0.8616649936267877	0.9222677904723412	0.7750898999999962	0.8241491968241111	spatially_informed
MouseBrainSerialSections	somde	2000	graphst	2	0.9148727984344422	0.9818449186225864	0.5515109845469205	0.8107780996545682	0.9379007317666946	0.9215852726176214	0.9764308321502826	0.49138248225887676	0.9439126129430397	0.8963292395652931	0.592872845170343	0.8907272905620265	0.45147583242047035	0.5421276637146099	0.8006327341774554	0.6713801989460326	0.7904071609365838	0.9335790613561545	0.8619931111463692	0.9182290355260319	0.7666866550462009	0.8172007818728112	spatially_informed
MouseBrainSerialSections	sparkx	2000	graphst	0	0.9129158512720156	0.9756820251511417	0.6663076923016911	0.8081735189603778	0.9269248185373895	0.9273188326104165	0.9107325252660236	0.47171077353649155	0.9161151168833674	0.8890194613777689	0.642934248110837	0.873323897211044	0.5023881853762323	0.5573225108236642	0.8199039473808014	0.6886132291022329	0.8016650096882545	0.8920282112385338	0.8468466104633942	0.9201173419412161	0.7677299197828136	0.8185257271689478	spatially_informed
MouseBrainSerialSections	sparkx	2000	graphst	1	0.9354207436399217	0.9764947572888188	0.645381002983698	0.8279475159633475	0.9297816423183904	0.924331558626601	0.9125579621728614	0.46994764651433185	0.9215603677183539	0.891397981358179	0.6422193743473371	0.8731913876258339	0.5090357273619914	0.5560835104308345	0.8215717170058947	0.6888276137183647	0.8051040423230669	0.8928746748993477	0.8489893586112073	0.9298761511332614	0.7689084861647859	0.8225643744876111	spatially_informed
MouseBrainSerialSections	sparkx	2000	graphst	2	0.9422700587084148	0.9816060668566207	0.5846748543272736	0.7263826169871592	0.9187787799614417	0.925889260397085	0.9761078140202055	0.47202421137989076	0.9322333641020113	0.8885704361660373	0.6450719085112193	0.9099154456448506	0.438102701987917	0.558548059945555	0.7829653178956203	0.6707566889205876	0.7794958496019931	0.9430116298325281	0.8612537397172606	0.9340796595527499	0.7660052143189241	0.8220300293968661	spatially_informed
MouseBrainSerialSections	spatialde	2000	graphst	0	0.9158512720156556	0.983236062222097	0.5617199359099132	0.8180503796912444	0.9356629127705542	0.9265236276758532	0.9422488124530528	0.49975933516717735	0.928186235309007	0.8920798098887084	0.6159596988059961	0.8900514286327782	0.4803422023333958	0.5578595169865868	0.8000090901997183	0.6789343035931525	0.7997470591086824	0.9161501205429154	0.8579485898257989	0.9211874498457544	0.7684414467094758	0.8193567810882353	spatially_informed
MouseBrainSerialSections	spatialde	2000	graphst	1	0.9227005870841487	0.9910332644985227	0.6414334737689389	0.8180503796912444	0.9450827326986618	0.9241807844891716	0.9290923921150173	0.5019194015201366	0.9381570268721632	0.8941320476886814	0.6160368779803187	0.8988549153359461	0.4903515981786904	0.5589781397502276	0.822943232005257	0.6909606858777423	0.8088225317919583	0.9139736537254817	0.8613980927587199	0.9234406857866602	0.7761793893182312	0.8252664881410409	spatially_informed
MouseBrainSerialSections	spatialde	2000	graphst	2	0.9148727984344422	0.980109545732147	0.6226630523806235	0.8193059287584046	0.9371312660356452	0.9213392947095073	0.9361500981168999	0.49195893753831776	0.9256373519640206	0.8948364644636272	0.6022849543361252	0.8898252349801669	0.481327901736355	0.5471219459372214	0.815610699391669	0.6813663226644452	0.7995229045013824	0.9129876665485334	0.8562552855249579	0.9181060465719748	0.7688108040947015	0.8185758849204593	spatially_informed
MouseBrainSerialSections	statistic_mean	2000	graphst	0	0.8737769080234833	0.978262797558259	0.659091231306876	0.7709882784424201	0.895977122705726	0.9048730644616604	0.875051762186974	0.48098206088480644	0.8523043801915564	0.9112704532154928	0.525962339625894	0.8976074172763578	0.4011817227197849	0.5034722002553502	0.7984135857890864	0.6509428930222183	0.75847388099459	0.8863295897316659	0.8224017353631279	0.8893249862425718	0.7366723141926731	0.7875565382093059	expression_driven
MouseBrainSerialSections	statistic_mean	2000	graphst	1	0.8561643835616438	0.9728923106248076	0.5837016850575378	0.7860322038547524	0.9426238749788214	0.9069339302642049	0.8979213346298449	0.48578721653885637	0.8657667890457249	0.9130815433172014	0.5057034454724968	0.8574462645058175	0.48115571862418227	0.4957453310056766	0.7871455553188041	0.6414454431622404	0.7988906347426038	0.8776837995678313	0.8382872171552176	0.8815491569129243	0.7398663301587289	0.787093939076794	expression_driven
MouseBrainSerialSections	statistic_mean	2000	graphst	2	0.8943248532289628	0.9747147907548768	0.6590665795590835	0.702482306401414	0.8909800072532361	0.9082493701544251	0.8148745278149692	0.48365282500200957	0.8396146747852619	0.9061032581389585	0.5286478470098925	0.8696072551817571	0.38795914796545655	0.506150336005951	0.7768167047211795	0.6414835203635653	0.7512179819911898	0.8422408914983631	0.7967294367447765	0.901287111691694	0.7191064785541709	0.7798333562666785	expression_driven
MouseBrainSerialSections	statistic_variance	2000	graphst	0	0.9060665362035225	0.9847028517776	0.6397382470715708	0.7077978687754151	0.9373439650506703	0.9238084605305887	0.9125327210119697	0.49598613966882094	0.8534117327068972	0.8909225041032058	0.6114669581194705	0.8718069188541763	0.5074462378172173	0.5537265488941457	0.7729675881642721	0.6633470685292089	0.8098310182151626	0.892169819933073	0.8510004190741178	0.9149374983670556	0.7571737438016634	0.8097616619901274	expression_driven
MouseBrainSerialSections	statistic_variance	2000	graphst	1	0.9197651663405089	0.9817294426036454	0.6559110757981953	0.6815931487075967	0.9392808624690555	0.9226128246296867	0.9127817118993736	0.48934769725011845	0.8396169612299066	0.8909169781751369	0.6063524494173166	0.8771374584314188	0.5150350403232962	0.5478500733337175	0.7670095409777089	0.6574298071557132	0.8120151151319991	0.8949595851653962	0.8534873501486977	0.9211889954850978	0.7554585786522054	0.8107020509298363	expression_driven
MouseBrainSerialSections	statistic_variance	2000	graphst	2	0.9246575342465754	0.9812225689424037	0.6707172420075794	0.7213710316056314	0.93791885865904	0.9204104021488331	0.9105588774756628	0.4910460794576421	0.8312218468323539	0.890152983305131	0.6105373821693367	0.8832597691699138	0.5148976491548403	0.5507917308134894	0.778365775937674	0.6645787533755817	0.8113463589187613	0.8969093233227883	0.8541278411207748	0.9225339681977043	0.7593532972481782	0.8137468542313536	expression_driven
MouseBrainSerialSections	triku	2000	graphst	0	0.8825831702544031	0.9962273876528696	0.5877458773738954	0.7987628793533641	0.9558469118613143	0.9453297986443651	0.8695120130401114	0.5626835890006403	0.9308719939722692	0.8647450704107743	0.7589377501080738	0.8952851639756375	0.4025171517048371	0.6608106695543571	0.7955314552775756	0.7281710624159663	0.784863817073007	0.8823985885078744	0.8336312027904407	0.9139564844493842	0.7809011326032035	0.8252529165519303	expression_driven
MouseBrainSerialSections	triku	2000	graphst	1	0.9031311154598826	0.9902360894333709	0.5914342277774112	0.8167112219130622	0.9545819528493269	0.946262818019943	0.8436784862516098	0.5676512236169255	0.9379823304231085	0.8665638752684988	0.7514465702902883	0.8906354552807878	0.395295770522678	0.659548896953607	0.8031729138455201	0.7313609053995636	0.7800379376017919	0.8671569707661988	0.8235974541839953	0.9246969667399128	0.7774791797917795	0.8265517754411572	expression_driven
MouseBrainSerialSections	triku	2000	graphst	2	0.9099804305283757	0.9910169975881891	0.6387633525114972	0.78602236246307	0.9529724435048428	0.9429801814774394	0.879448864636563	0.5620553227415614	0.9364098346776675	0.870297279364889	0.7357742422580702	0.9019050763064518	0.4005701662499117	0.6489147824998158	0.8078732072542809	0.7283939948770484	0.7815198691143145	0.8906769704715074	0.8360984197929109	0.9264803060029076	0.7822462073349796	0.830324240224289	expression_driven
STOmics0212	Brennecke	2000	graphst	0		0.9986623262720182	0.6609559528234508	0.7565973414374556	0.9110795331082875		0.7100952706753879	0.19077810813175142	0.8481158777907923	0.9328190040307305	0.02571743499231818	0.7150090113041814	0.2365033909732995	0.1082477715620348	0.7996220440206072	0.453934907791321	0.7154150834512016	0.7125521409897846	0.7139836122204931		0.583959260005907		expression_driven
STOmics0212	Brennecke	2000	graphst	1		0.995213266424055	0.6517464964759407	0.7589295400939635	0.8941560681742926		0.6630092876860875	0.2038623414798243	0.8573962504198069	0.929471375123307	0.02679916227357361	0.7041030422344715	0.23109528982972494	0.11533075187669894	0.7993859155282546	0.45735833370247675	0.7068215414760242	0.6835561649602795	0.6951888532181518		0.5762735934603143		expression_driven
STOmics0212	Brennecke	2000	graphst	2		0.9970555515898837	0.6474311222984636	0.743098293281552	0.9094116987793693		0.7213814811345254	0.20731878114334054	0.8579085166801768	0.9322901707944418	0.026206669479109452	0.7181763508671003	0.22963386811766964	0.116762725311225	0.7951820257636585	0.45597237553744174	0.7120337061623075	0.7197789160008128	0.7159063110815602		0.585939343309501		expression_driven
STOmics0212	anticor	2000	graphst	0		0.962856942741017	0.8220041937061067	0.7555594171338847	0.8404006618945332		0.615850364302123	0.471813725035565	0.5310197359653919	0.9093742932665475	0.0394427357333084	0.5674203852490186	0.24750282501944182	0.2556282303844367	0.7544894100179826	0.5050588202012096	0.6835868098849973	0.5916353747755708	0.637611092330284		0.5713349562657468		expression_driven
STOmics0212	anticor	2000	graphst	1		0.9700375528644719	0.7766234080934569	0.7877030320939521	0.8404084413542324		0.6116738204234946	0.45298641067852047	0.5626328493528574	0.9257603824841514	0.03385732974057708	0.5724698721127498	0.2371432065050636	0.24342187020954878	0.7631799180061045	0.5033008941078266	0.6825297335745892	0.5920718462681223	0.6373007899213557		0.5703008420145912		expression_driven
STOmics0212	anticor	2000	graphst	2		0.9650449095783656	0.6894537427194882	0.7640999546096464	0.8372227443359385		0.6144874627492447	0.4550220878946891	0.5370318592018275	0.9190585185049099	0.03623379068254355	0.5706069481146271	0.24545067653508948	0.24562793928861634	0.727411018758968	0.48651947902379217	0.6825727768164646	0.5925472054319358	0.6375599911242003		0.5620397350739962		expression_driven
STOmics0212	dubstepr	2000	graphst	0		0.9743598907687913	0.6636592127358646	0.7956876895758612	0.9165215082123114		0.7885181501125048	0.19347556326545728	0.6286886232406775	0.9547766010442418	0.02041652542132089	0.6974422014362696	0.25403796232715814	0.10694604434338909	0.7607030316491613	0.4338245379962752	0.714973120436087	0.7429801757743872	0.7289766481052371		0.5814005930507562		expression_driven
STOmics0212	dubstepr	2000	graphst	1		0.9680706417504846	0.5882774914226495	0.7773924732525327	0.908220429270346		0.8105447544170359	0.21758265973384408	0.6253413984774993	0.9515144229867671	0.020359707065196457	0.7019385780569259	0.25828629399321895	0.11897118339952027	0.7356314465348621	0.4273013149671912	0.7115257883380165	0.7562416662369809	0.7338837272874987		0.5805925211273449		expression_driven
STOmics0212	dubstepr	2000	graphst	2		0.9451294172932448	0.5919949818297501	0.7889949479448811	0.9168137720821337		0.7634715251845894	0.2130927039484906	0.6242517142603697	0.9499435894728084	0.021039077340132786	0.6861519323367439	0.2498853628057843	0.1170658906443117	0.7387963083769523	0.427931099510632	0.7039428507270543	0.7248117287606666	0.7143772897438605		0.5711541946272463		expression_driven
STOmics0212	hotspot	2000	graphst	0		0.9651687274866412	0.6507425075238178	0.7299303153684574	0.9083347227880284		0.7314362584767775	0.2577457651436744	0.7625394427941348	0.9409983271793183	0.026947242706743677	0.6682424968673178	0.23739395738146457	0.14234650392520906	0.771052648216432	0.45669957607082057	0.7036324692187114	0.6998393776720477	0.7017359234453795		0.5792177497581		expression_driven
STOmics0212	hotspot	2000	graphst	1		0.9824922061633603	0.6139632526133534	0.765447333249217	0.9089909471468322		0.7064808005103169	0.2425408869058918	0.7641058168886301	0.9389471746604072	0.02754088887605589	0.6633108863353571	0.23607414668098153	0.13504088789097385	0.7706158943529019	0.45282839112193785	0.7091857666637247	0.6848958434228369	0.6970408050432808		0.5749345980826093		expression_driven
STOmics0212	hotspot	2000	graphst	2		0.9626686552444035	0.6363096856114905	0.7898105532589492	0.9107091702977871		0.6665413703441027	0.26579556940512655	0.7887431941847883	0.9360894058449674	0.02993354826136426	0.6615395300693862	0.23665681560295432	0.1478645588332454	0.7877382097250488	0.4678013842791471	0.7033448803817149	0.6640404502067444	0.6836926652942297		0.5757470247866884		expression_driven
STOmics0212	morans_i	2000	graphst	0		0.9735072240422685	0.6388120422189879	0.7843780884596347	0.8645484059721648		0.7866391687875417	0.3465958543598438	0.7348841365758186	0.9394075079174239	0.02612313717950794	0.6771345286688516	0.2140419994001484	0.18635949576967586	0.7743704437929664	0.48036496978132115	0.6840325431381938	0.7318868487281966	0.7079596959331953		0.5941623328572583		spatially_informed
STOmics0212	morans_i	2000	graphst	1		0.9785523694041457	0.6840072916213411	0.7536812516202824	0.8651002699068008		0.7744131000196769	0.3421699645185367	0.7281199559868252	0.9349438971777437	0.026756475589856568	0.6670816992723769	0.2171818124534927	0.18446322005419663	0.7751880991015482	0.4798256595778724	0.686944817254813	0.720747399646027	0.70384610845042		0.5918358840141462		spatially_informed
STOmics0212	morans_i	2000	graphst	2		0.9797317951494547	0.6684323276403008	0.7914595903119588	0.8684773278328554		0.7922053596302421	0.3424638779865302	0.7144347953812956	0.9352253188252453	0.02716787819562955	0.6716226491963452	0.21990039539482906	0.18481587809107988	0.7773880080397002	0.48110194306539006	0.6893698394590464	0.7319140044132937	0.71064192193617		0.5958719325007801		spatially_informed
STOmics0212	nbumi	2000	graphst	0		0.972406418052471	0.5692297219168001	0.7163663518464907	0.8915008638413664		0.8230998768131291	0.2877728337312694	0.6723409846963779	0.9322455587757112	0.022639940461874727	0.6542122969447804	0.2303081637633707	0.15520638709657206	0.722545654308845	0.43887602070270854	0.6980718152190694	0.7386560868789548	0.7183639510490121		0.5786199858758603		expression_driven
STOmics0212	nbumi	2000	graphst	1		0.9703183056906113	0.6036989175692347	0.6826459065272878	0.8984457184302841		0.8300718345892165	0.30428444983870473	0.6793537713699366	0.9332961643102636	0.02666511013734441	0.6526511824844763	0.23042654056890494	0.16547477998802457	0.7247486899441806	0.44511173496610257	0.6997301882299335	0.7413615085368463	0.72054584838339		0.5828287916747463		expression_driven
STOmics0212	nbumi	2000	graphst	2		0.9737592535756844	0.6183147673791568	0.6776397111696092	0.9022818688347144		0.824995367781403	0.2817614124744839	0.655033661168063	0.9310540267782483	0.025977033679069332	0.6498541235702203	0.23281191719925284	0.1538692230767766	0.7205105416237694	0.437189882350273	0.7029510132032172	0.7374247456758116	0.7201878794395145		0.5786888808948938		expression_driven
STOmics0212	nnsvg	2000	graphst	0		0.9590386055100222	0.7141980382939875	0.7305873583670491	0.8629899753799375		0.8377586722686101	0.3360499433632384	0.7133179463463298	0.9316852322664679	0.029854395143430818	0.689058585328776	0.219688557431886	0.1829521692533346	0.7724471438184587	0.47769965653589663	0.6805723794406152	0.763408628798693	0.7219905041196542		0.5998450803277754		spatially_informed
STOmics0212	nnsvg	2000	graphst	1		0.9864113337441618	0.718924829561708	0.7467254167880958	0.8706190098701359		0.8130440675793887	0.3309182578760389	0.7112246524509476	0.9384584873428012	0.02561185492089333	0.6715115171579085	0.22238709422475914	0.17826505639846613	0.7788333465358882	0.47854920146717717	0.6931391459463523	0.7422777923686485	0.7177084691575004		0.5981288353123388		spatially_informed
STOmics0212	nnsvg	2000	graphst	2		0.9817031930942779	0.7205608746935408	0.7295352504602566	0.868167684533585		0.8034774276535417	0.33589427479886985	0.7195226855799212	0.9371764410569493	0.028464469168889325	0.6762180029717223	0.22320166894660165	0.1821793719838796	0.7766988129476669	0.4794390924657732	0.6910241821914882	0.7398477153126319	0.7154359487520601		0.5974375206089166		spatially_informed
STOmics0212	osca	2000	graphst	0		0.9924508779219199	0.6611669353121002	0.8012672192065325	0.930992132209928		0.6219021720902572	0.2536610505998668	0.7836396853844795	0.9430035061461897	0.01962476066265855	0.667467277204556	0.22298507065903173	0.1366429056312627	0.7972693365123256	0.46695612107179413	0.7154760269302932	0.6446847246474066	0.6800803757888498		0.573518248430322		expression_driven
STOmics0212	osca	2000	graphst	1		0.9770450041442832	0.6161059746611822	0.8356608401555597	0.9024973744170549		0.5843376032643224	0.2610391144162083	0.762650886504252	0.9450610900084596	0.0214598740683611	0.6479460148734505	0.2230304036507405	0.1412494942422847	0.7898696978323634	0.46555959603732405	0.7008575940706928	0.6161418090688864	0.6584997015697895		0.5620296488035568		expression_driven
STOmics0212	osca	2000	graphst	2		0.969298551466989	0.6192271533288509	0.7889169674971158	0.9274682649406516		0.6387402987897586	0.2490662466332572	0.7661467918122892	0.948466340964802	0.019837839158808664	0.6718425193590883	0.22273844689205285	0.13445204289603294	0.7806893134007644	0.4575706781483987	0.7065017544332312	0.6552914090744235	0.6808965817538273		0.5692336299511129		expression_driven
STOmics0212	scPNMF	2000	graphst	0		0.9856561526105801	0.6398619206010684	0.783382318187131	0.8912056159077695		0.8316639842079673	0.2862342762715629	0.6835406813271712	0.9368133086942875	0.027865616814176764	0.6484186472346376	0.2666129804414397	0.15704994654286983	0.7608995572024145	0.4589747518726422	0.7144915829865965	0.7400413157213024	0.7272664493539495		0.5931206006132959		expression_driven
STOmics0212	scPNMF	2000	graphst	1		0.983057838816214	0.5971663719457048	0.7611443476147796	0.8905864258471363		0.8228007486585577	0.21572144672879276	0.7291813233533411	0.9394432984427741	0.023263563301293515	0.6628388767362918	0.2519862288544837	0.11949250501504313	0.75673383533915	0.43811317017709656	0.708543497839278	0.7428198126974248	0.7256816552683514		0.581897412722724		expression_driven
STOmics0212	scPNMF	2000	graphst	2		0.9869425899815157	0.6291991043034506	0.778638307267452	0.8915072915437438		0.801211992728008	0.285512493338816	0.6423240889491441	0.9362239443711082	0.027385403559765105	0.6396637674236713	0.27592404381534735	0.15644894844929055	0.7465963612227887	0.45152265483603965	0.7181246417802023	0.7204378800758396	0.719281260928021		0.5854019578820303		expression_driven
STOmics0212	scanpy_cell_ranger	2000	graphst	0		0.9924208573464152	0.6163324138605268	0.8038363443305131	0.9265928776631419		0.7149922361427589	0.20612863400801643	0.78824357223923	0.9453979733310276	0.017858312195413294	0.7779868280610046	0.2349683575906914	0.11199347310171485	0.7884525759403245	0.45022302452101964	0.7179940308667495	0.7464895321018817	0.7322417814843156		0.5912324030026677		expression_driven
STOmics0212	scanpy_cell_ranger	2000	graphst	1		0.9784660906299756	0.6746622862729019	0.8264381191904933	0.9244698703855448		0.7169782127634956	0.19527062408416873	0.8028300611409971	0.9503731303339178	0.016353958932436	0.7658586848825367	0.23697045628217858	0.10581229150830236	0.8135758992345775	0.45969409537143996	0.713302139099233	0.7414184488230162	0.7273602939611246		0.5935271946662822		expression_driven
STOmics0212	scanpy_cell_ranger	2000	graphst	2		0.9882518749957895	0.6725325435574856	0.8280889758542348	0.9302070257786458		0.7423277372449394	0.19169284171078466	0.8048320841249369	0.948860718505873	0.015479337752817648	0.7980452320223683	0.239346989001948	0.10358608973180115	0.8135785805106326	0.4585823351212169	0.7192686299254611	0.7701864846336539	0.7447275572795575		0.6016549462003872		expression_driven
STOmics0212	scanpy_cell_ranger_batch	2000	graphst	0		0.9779688746509048	0.6561360573902997	0.8471570077431838	0.9206132115677227		0.735564289804462	0.29916530950703224	0.7156183228077737	0.9349140868061536	0.02758471244377275	0.7736042980740742	0.23059994584200186	0.1633750109754025	0.7884563686868526	0.4759156898311276	0.7097273440202098	0.7545842939392681	0.7321558189797389		0.6040357544054332		expression_driven
STOmics0212	scanpy_cell_ranger_batch	2000	graphst	1		0.9727607719489093	0.7834847279124809	0.828376033042662	0.9182838936035669		0.7387794973876094	0.30399073964176204	0.7461162749386314	0.9367770183958154	0.026676074582362822	0.7752225833371841	0.23330601629848605	0.16533340711206243	0.8236885135723975	0.49451096034222997	0.7081168939503207	0.7570010403623968	0.7325589671563588		0.6135349637492944		expression_driven
STOmics0212	scanpy_cell_ranger_batch	2000	graphst	2		0.9797386855833026	0.777621330524733	0.8220574822412534	0.9256368584579522		0.7437734724443683	0.31185343346256666	0.7328016920677742	0.939486220790305	0.026968401203422747	0.7778550318935754	0.2339592833669497	0.1694109173329947	0.8179916814060164	0.4937012993695056	0.7131116091360682	0.7608142521689718	0.73696293065252		0.6153321150110128		expression_driven
STOmics0212	scanpy_pearson	2000	graphst	0		0.9859650416379652	0.6573148314359026	0.7536812516202824	0.936278277794964		0.6358143161812962	0.21549101597041231	0.8058689129056419	0.9415419716201616	0.022871401823427444	0.7045878446350899	0.22409749817764335	0.11918120889691988	0.7896017418954973	0.45439147539620856	0.7154469392035242	0.670201080408193	0.6928240098058587		0.5736077426010336		expression_driven
STOmics0212	scanpy_pearson	2000	graphst	1		0.9900956531415587	0.6749533872202043	0.7799541410610941	0.936693868388586		0.6472851495878175	0.2139178792225012	0.7947001845267424	0.945388994140312	0.0221863739568869	0.709363274142509	0.22041602556954945	0.11805212658969405	0.7987491767370881	0.45840065166339106	0.7157351823665646	0.6783242118651632	0.6970296971158639		0.5777151743896275		expression_driven
STOmics0212	scanpy_pearson	2000	graphst	2		0.9917601300780093	0.6000166680275623	0.7520175868145609	0.9330635449614094		0.6343372022972269	0.2072278725645056	0.7993042856797248	0.9418892972142813	0.023131775826177613	0.7014734977198114	0.2206234087514209	0.1151798241953416	0.7733069594340323	0.4442433918146869	0.7151490279302798	0.6679053500085191	0.6915271889693995		0.5678852903920432		expression_driven
STOmics0212	scanpy_pearson_batch	2000	graphst	0		0.9697671877698001	0.6719323863885127	0.7996041715488016	0.9145575618675384		0.5913976168149004	0.2438392348845907	0.782706049112837	0.9448471210069154	0.02225689054685547	0.6547364332490223	0.2315568304421863	0.1330480627157231	0.7997724320142666	0.46641024736499487	0.7052938600265083	0.6230670250319614	0.6641804425292348		0.5652953449471149		expression_driven
STOmics0212	scanpy_pearson_batch	2000	graphst	1		0.9873448470704836	0.6747335001183484	0.6972871980298601	0.8970745505303455		0.6737619606058404	0.2419567353201362	0.7729797412792403	0.9406969022619542	0.02579575519934982	0.6642617600502057	0.22907770894588145	0.133876245259743	0.7714243354223507	0.45265029034104687	0.7044990355155702	0.6690118603280231	0.6867554479217967		0.5697028691314218		expression_driven
STOmics0212	scanpy_pearson_batch	2000	graphst	2		0.9861297365794729	0.6826288750827597	0.784433799092787	0.9281196550390913		0.6261163089609548	0.24247902437511396	0.7855076281490807	0.9412409584680629	0.023574958511684074	0.6796738205541153	0.22553304335471883	0.13302699144339902	0.7984528151981726	0.4657399033207858	0.713260811657761	0.6528950647575351	0.6830779382076481		0.5744089207642169		expression_driven
STOmics0212	scanpy_seurat	2000	graphst	0		0.9811595921538647	0.6630495851350343	0.7994994144196881	0.8892975220680229		0.6658895630240738	0.2209478449208259	0.814330307446612	0.9360681382088409	0.022319809532297844	0.6814614747252637	0.23102379644794452	0.12163382722656187	0.8032368613025438	0.46243534426455285	0.700493636889944	0.6736755188746688	0.6870845778823065		0.5747599610734296		expression_driven
STOmics0212	scanpy_seurat	2000	graphst	1		0.9924654447346581	0.6294553721572157	0.7679714113069687	0.896172052190436		0.6756648473135295	0.2163104794402026	0.8121588148319407	0.9343646473864516	0.02434011885563744	0.6807291970597243	0.23156176559341335	0.12032529914792002	0.7859875614206442	0.4531564302842821	0.7067330875061691	0.6781970221866269	0.692465054846398		0.57281074256534		expression_driven
STOmics0212	scanpy_seurat	2000	graphst	2		0.931616167041036	0.6308657257652442	0.732487135808306	0.880190166339533		0.6694477228147901	0.22354630929892957	0.8055392963363947	0.9286150220428661	0.025550925420917622	0.6800137794386228	0.2301608097053101	0.12454861735992359	0.7743767949882028	0.4494627061740632	0.6806557143619597	0.6747307511267064	0.677693232744333		0.5635779694591981		expression_driven
STOmics0212	scanpy_seurat_batch	2000	graphst	0		0.9510297829139317	0.7966858681731745	0.7584391892034605	0.853382461964027		0.6227546944044856	0.3145336633400534	0.7686080113219422	0.9280228796979361	0.0316897054547839	0.6529166065942045	0.23921240930228072	0.17311168439741864	0.8129389870991284	0.4930253357482735	0.6812082180600797	0.637835650499345	0.6595219342797123		0.5762736350139929		expression_driven
STOmics0212	scanpy_seurat_batch	2000	graphst	1		0.9561396156561466	0.788974389707356	0.7714333805540856	0.8450947974855443		0.6341644352432071	0.30961173860325003	0.7844111388844018	0.9315703497574702	0.03401452025980157	0.6672694017737238	0.2379752942214629	0.1718131294315258	0.8190973147258285	0.49545522207867715	0.6797365691210513	0.6507169185084655	0.6652267438147583		0.5803409829467178		expression_driven
STOmics0212	scanpy_seurat_batch	2000	graphst	2		0.9521012658939051	0.7985234981045553	0.8395697592707317	0.8548354992217977		0.6251630391653812	0.3052317573228519	0.8049345531976859	0.9328210668393125	0.027852859789342224	0.6528702225273557	0.24037755063116276	0.16654230855609706	0.8439622193530714	0.5052522639545842	0.6824381052489552	0.6390166308463685	0.6607273680476619		0.5829898160011231		expression_driven
STOmics0212	scanpy_seurat_v3	2000	graphst	0		0.9736597999637311	0.5919494677374132	0.6476869926090532	0.9387220481337818		0.8163605519303753	0.20292122870902382	0.7629504452295307	0.9333806773389356	0.02658192069970691	0.7276131197234225	0.22007246858595153	0.11475157470436537	0.7339918957287331	0.42437173521654925	0.7108181055611548	0.7719868358268989	0.7414024706940268		0.582887102955288		expression_driven
STOmics0212	scanpy_seurat_v3	2000	graphst	1		0.9780648514818762	0.6790119871568465	0.6977316171553413	0.9311092315588397		0.7636688559718275	0.19097713332562488	0.775262168465947	0.9397661936930919	0.0210735998233142	0.6995106290123216	0.21703620534254073	0.10602536657446954	0.7729429916178067	0.43948417909613813	0.7087367627944189	0.7315897424920745	0.7201632526432467		0.5798237158696924		expression_driven
STOmics0212	scanpy_seurat_v3	2000	graphst	2		0.9833967957651907	0.6524359746246045	0.675267263928824	0.9362375795885988		0.8060577861814655	0.20379765636392258	0.7630618889396479	0.9319987556756336	0.026376589210245344	0.7144642745938411	0.2230867205302635	0.11508712278708397	0.7556909707921775	0.43538904678963075	0.7142403652946844	0.7602610303876534	0.7372506978411688		0.5863198723153997		expression_driven
STOmics0212	scanpy_seurat_v3_batch	2000	graphst	0		0.9675953833083182	0.7182802905001446	0.7027935168932146	0.9151177744049609		0.7122466924502283	0.2845737344692434	0.7414733297141671	0.9338389545572053	0.028838807239532385	0.6852350584026093	0.23594190362015718	0.15670627085438787	0.7740965229161829	0.46540139688528537	0.7062183537778121	0.6987408754264188	0.7024796146021155		0.5839405057437004		expression_driven
STOmics0212	scanpy_seurat_v3_batch	2000	graphst	1		0.9720867751505464	0.6759232146369103	0.735575460317503	0.9146105305858422		0.7108637530910796	0.26658855859871666	0.7192188941049988	0.933104472048503	0.02771376022289341	0.6959942209466214	0.2410775262967801	0.14715115941080503	0.7659555102769788	0.45655333484389193	0.7092582773443895	0.7034289870188506	0.7063436321816201		0.581448483512756		expression_driven
STOmics0212	scanpy_seurat_v3_batch	2000	graphst	2		0.990083033831195	0.7642161380227196	0.7510221517384941	0.915656408113952		0.730559493227827	0.293060374956917	0.7377249882800082	0.9315984668738304	0.030875968979105755	0.7020188919815293	0.23849291167491327	0.1619681719680114	0.7961404362287631	0.47905430409838723	0.7147441178733533	0.7162891926046782	0.7155166552390158		0.5972854796687015		expression_driven
STOmics0212	scry	2000	graphst	0		0.9709807847642326	0.6227488357985969	0.8344164632693012	0.8657277540693594		0.7619741594217521	0.27397623605014654	0.6969708608352935	0.9451291160992739	0.025906818600878158	0.6586154686715785	0.2114512268666591	0.14994152732551236	0.7748163190006163	0.46237892316306434	0.6827199219000838	0.7102948140466653	0.6965073679733745		0.5794431455682194		expression_driven
STOmics0212	scry	2000	graphst	1		0.9826263944428713	0.5772177923373444	0.728973887380311	0.8694975958482747		0.7598926531041104	0.2962594491376163	0.6837607562628906	0.9388692606280695	0.028454983485306493	0.6528690173035369	0.21749929638704718	0.1623572163114614	0.7322054241521538	0.4472813202318076	0.6898744288927311	0.7063808352038237	0.6981276320482774		0.5727044761400425		expression_driven
STOmics0212	scry	2000	graphst	2		0.9803375709711937	0.6491492866896934	0.7236577025850283	0.8709928128067095		0.768300200284243	0.27774143283488356	0.7043287208774256	0.9437314641267436	0.026235563414270097	0.6637214401975475	0.2147745773690954	0.15198849812457682	0.7552167935697227	0.45360264584714977	0.6887016537156662	0.7160108202408952	0.7023562369782808		0.5779794414127153		expression_driven
STOmics0212	seurat_disp	2000	graphst	0		0.9790114765178651	0.68906678763062	0.7430063929916961	0.9174343421136323		0.5982192801852105	0.1697514844857693	0.8749506252918223	0.9355662505092118	0.024032104269134647	0.6701179329418117	0.23096376732413365	0.09689179437745198	0.8106475141058376	0.4537696542416448	0.709136528651877	0.634168606563511	0.6716525676076941		0.5627111109246694		expression_driven
STOmics0212	seurat_disp	2000	graphst	1		1.0055098187972153	0.7522057908606741	0.7909937999029582	0.8909063139485881		0.7000253742303091	0.17152423789764606	0.8818157755850619	0.9394239012722674	0.021363848597496776	0.7167834297135505	0.22961875712043336	0.09644404324757141	0.8411098169052402	0.4687769300764058	0.7086782966220789	0.7084044019719298	0.7085413492970043		0.588659139686705		expression_driven
STOmics0212	seurat_disp	2000	graphst	2		0.9792532935003352	0.6404134801722849	0.718573957096774	0.9190807477464288		0.5764222025510486	0.18167399757471855	0.8742884459121983	0.9362619458449623	0.02410438045722287	0.6577948459300891	0.23277285129420186	0.10288918901597072	0.7923844572565548	0.44763682313626274	0.710368964180322	0.6171085242405688	0.6637387442104454		0.555687783673354		expression_driven
STOmics0212	seurat_mvp	2000	graphst	0		0.9826480821070803	0.664447051463983	0.8411259952289889	0.8904061528619455		0.7207749690729772	0.18308510371128772	0.8134051632817547	0.9420498992073894	0.015756712343303614	0.7047959119400512	0.23538356080111916	0.09942090802729567	0.815257027295529	0.4573389676614123	0.7028125985900483	0.7127854405065142	0.7077990195482813		0.5825689936048468		expression_driven
STOmics0212	seurat_mvp	2000	graphst	1		0.9720582775408374	0.6477766008928981	0.8455378514913822	0.8917080483546197		0.705057828973627	0.17714561906860513	0.8380655251419812	0.9411106263988815	0.016943136820273277	0.6922489323009505	0.23609377796431064	0.09704437794443921	0.8181226509812857	0.45758351446286244	0.699953367953256	0.6986533806372888	0.6993033742952723		0.5784434443790674		expression_driven
STOmics0212	seurat_mvp	2000	graphst	2		0.9844057898014618	0.6532911611456823	0.8416208211529875	0.8931145038057987		0.7389039976086823	0.18301987728794683	0.8088387016716013	0.9369296813634617	0.01793946390569974	0.7087952968315655	0.2396038322849503	0.10047967059682328	0.8101700913334332	0.45532488096512824	0.7057080419640703	0.7238496472201239	0.7147788445920971		0.5850518627786127		expression_driven
STOmics0212	seurat_sct	2000	graphst	0		0.9769816156249297	0.6685990262890951	0.8455441872535447	0.9017295994861891		0.6805560235159668	0.29694149538756254	0.7580314623085576	0.9399051015504615	0.025621529387768623	0.6471466352781697	0.2344553697449129	0.16128151238766558	0.8030199443504147	0.48215072836904016	0.7043888616186772	0.6638513293970683	0.6841200955078728		0.5831354119384564		expression_driven
STOmics0212	seurat_sct	2000	graphst	1		0.9831308164963691	0.6330862325041416	0.7889534053772974	0.8986424915794731		0.6774963740400365	0.2822025885189208	0.7787436877466962	0.938885358897747	0.02179500354747189	0.6476296834047357	0.23532392470743543	0.15199879603319635	0.7849171711314706	0.4684579835823335	0.7056990775944257	0.662563028722386	0.6841310531584059		0.5762945183703697		expression_driven
STOmics0212	seurat_sct	2000	graphst	2		0.9700041123232896	0.6480145356974171	0.8090097456757251	0.8944271781184462		0.7390756409372149	0.2787590679847429	0.7767789289241182	0.943321561362626	0.021147326467650742	0.6942676084857601	0.22441004695997085	0.14995319722619682	0.7942811929149716	0.4721171950705842	0.6962804458005688	0.7166716247114875	0.7064760352560282		0.5892966151633062		expression_driven
STOmics0212	seurat_vst	2000	graphst	0		0.9762758069907741	0.5956145400522335	0.6538651413899111	0.9384637402265957		0.8120017516913358	0.20013323298072408	0.7619906358087166	0.9341968526426467	0.025523953777170406	0.7259175199895576	0.2201208151017222	0.11282859337894724	0.736416792473377	0.4246226929261621	0.7116201207730306	0.7689596358404467	0.7402898783067386		0.5824562856164504		expression_driven
STOmics0212	seurat_vst	2000	graphst	1		0.9897698378881045	0.6689943623558173	0.6899243581717316	0.9303894837838026		0.7576623446831741	0.19592754895216394	0.7635901750715446	0.9387551881099319	0.022032063675065727	0.6989172162776329	0.21694831255156372	0.10897980631361483	0.7653160209272564	0.4371479136204356	0.7123692114078236	0.7282897804804035	0.7203294959441136		0.5787387047822745		expression_driven
STOmics0212	seurat_vst	2000	graphst	2		0.9838061863312524	0.7656861757494186	0.7005514614454091	0.9366903505336343		0.806048411667573	0.20518269551508933	0.7652213262000844	0.9347728819835518	0.025095519324889598	0.7154606247548573	0.22292676664732247	0.11513910741998946	0.7915579613446161	0.45334853438230277	0.7144744345040697	0.7607545182112152	0.7376144763576424		0.5954815053699726		expression_driven
STOmics0212	singleCellHaystack	2000	graphst	0		0.989541710237562	0.6529260916897649	0.5023939224560432	0.9364604214853841		0.9741546978857387	0.4913464019176807	0.5478576025412331	0.8686725400593305	0.05679063353176185	0.6791340325292871	0.1754500933718757	0.2740685177247213	0.642962539186593	0.45851552845565713	0.7004840750316074	0.8266443652075128	0.76356422011956		0.6110398742876086		expression_driven
STOmics0212	singleCellHaystack	2000	graphst	1		0.983733686846575	0.71138829704835	0.5537907279135243	0.9230288736256836		1.1648316539711994	0.4768224233014311	0.6040273502534043	0.8618431092894391	0.05986434008975298	0.7416037625399831	0.18904785559666912	0.268343381695592	0.6827623711261794	0.4755528764108857	0.698603472022976	0.9532177082555913	0.8259105901392836		0.6507317332750846		expression_driven
STOmics0212	singleCellHaystack	2000	graphst	2		0.9825250059541664	0.7561868490820502	0.5901901218975419	0.9355075754540252		0.6915687839717385	0.4698312097502475	0.6408662116045147	0.874168872420317	0.04981553686674143	0.6585047713266141	0.16220152200213317	0.2598233733084945	0.7153530137511059	0.4875881935298002	0.6934113678034416	0.6750367776491764	0.6842240727263089		0.5859061331280546		expression_driven
STOmics0212	somde	2000	graphst	0		0.978177934454047	0.8126949052381902	0.7536812516202824	0.8664278686173881		0.6986698833088457	0.35149129096956516	0.7410229201350891	0.9255947070969629	0.03276689455305845	0.654587374721802	0.2152427345748712	0.1921290927613118	0.8082484460226312	0.5001887693919715	0.6866161792154354	0.6766286290153238	0.6816224041153796		0.5909055867536755		spatially_informed
STOmics0212	somde	2000	graphst	1		0.9885545238089203	0.8200250764901793	0.6503785303728399	0.8707707938615946		0.7191953659640826	0.32759744455077106	0.7399636684242732	0.9203475114380405	0.0343596380241682	0.6676446727861162	0.21132640814786685	0.18097854128746962	0.7826786966813332	0.4818286189844014	0.6902172419394605	0.6934200193750995	0.69181863065728		0.5868236248208407		spatially_informed
STOmics0212	somde	2000	graphst	2		0.9819431556883441	0.7768724646653798	0.6606524148585811	0.8653451144017058		0.7243816308661377	0.34169674988685433	0.7274337457212284	0.9198524935281509	0.03811115265689067	0.6657439800564288	0.20986699540300488	0.1899039512718725	0.7712027796933351	0.4805533654826038	0.6857184218310183	0.6950628054612833	0.6903906136461508		0.5854719895643773		spatially_informed
STOmics0212	sparkx	2000	graphst	0		0.988101102960238	0.7687575886231695	0.6527436925387718	0.8465501005514597		0.4897558882539179	0.5458431257867387	0.597485386863329	0.8776855015004212	0.057846323978846016	0.5509624522508207	0.2124323720647571	0.30184472488279235	0.724168042381423	0.5130063836321077	0.6823611918588183	0.5203591702523693	0.6013601810555937		0.5571832823438507		spatially_informed
STOmics0212	sparkx	2000	graphst	1		0.9758943300993497	0.6631647134821181	0.7132285391551286	0.8540852577051413		0.49526266684279924	0.54939684693216	0.6153678250019697	0.8850955073563843	0.05352165637852364	0.5620560886881737	0.21520919336623795	0.3014592516553418	0.7192141462489001	0.510336698952121	0.6817295937235763	0.5286593777654864	0.6051944857445314		0.5577655923483262		spatially_informed
STOmics0212	sparkx	2000	graphst	2		0.9768137090405268	0.7822191839456317	0.705350094983576	0.8511161460887416		0.4981713617009598	0.5493892394288593	0.595884561091987	0.8750143551366921	0.058178328811414756	0.560289618762613	0.21585442441938443	0.303783784120137	0.7396170487894718	0.5217004164548044	0.6812614265162176	0.5292304902317864	0.605245958374002		0.5634731874144032		spatially_informed
STOmics0212	spatialde	2000	graphst	0		0.9768384757785877	0.6844048077209581	0.7230819961672109	0.8588688358942096		0.7672186619711396	0.4113670475031911	0.6586507614748968	0.931247538930978	0.033233685733800866	0.6551208290354035	0.22500142863593606	0.22230036661849598	0.749346276073511	0.4858233213460035	0.6869029134362444	0.7111697455032715	0.6990363294697579		0.5924298254078807		spatially_informed
STOmics0212	spatialde	2000	graphst	1		0.9834561330377077	0.6851665331121547	0.7361815659635786	0.867121841790848		0.749316167434338	0.4040145793679187	0.6680451493928133	0.9342795700721113	0.029444008324682577	0.6557558107972826	0.22384486919754776	0.21672929384630063	0.7559182046351645	0.4863237492407325	0.6914742813420345	0.7025359891158103	0.6970051352289224		0.5916644422348274		spatially_informed
STOmics0212	spatialde	2000	graphst	2		0.9782401914019235	0.6615721098365291	0.761191709980762	0.865655267470984		0.7987936120002275	0.40400104106672413	0.6579326459419825	0.9325500464461265	0.032382384582640415	0.669333503081938	0.22758931880194955	0.21819171282468228	0.7533116280513501	0.4857516704380162	0.690494925891619	0.7340635575410828	0.7122792417163508		0.5990154560771835		spatially_informed
STOmics0212	statistic_mean	2000	graphst	0		0.9849574316856347	0.7056341154090102	0.7185960813880045	0.8781503908279858		0.5727691068819204	0.3383241649598003	0.6563899532403705	0.9311845758803792	0.03034340958815761	0.5547552364972828	0.22040936530622085	0.18433378727397895	0.7529511814794411	0.46864248437671	0.6945057292732805	0.5637621716896015	0.629133950481441		0.5488882174290756		expression_driven
STOmics0212	statistic_mean	2000	graphst	1		0.9751260056920427	0.6154234111988974	0.7149232732030154	0.871264357851292		0.5827886292760767	0.33631128854134085	0.6717279903566141	0.933169372068396	0.028432827169243287	0.5640527656632471	0.21527743303887875	0.18237205785529206	0.7338110117067308	0.45809153478101144	0.6872225988607378	0.5734206974696618	0.6303216481651999		0.5442065914731057		expression_driven
STOmics0212	statistic_mean	2000	graphst	2		0.9809452879824959	0.63748405665808	0.7572426711301405	0.8904960077856436		0.539633477132221	0.325402835202978	0.650495435147784	0.9345199657223654	0.027791643791644977	0.5415089032620144	0.2305574953643126	0.1765972394973115	0.7449355321645925	0.460766385830952	0.7006662637108173	0.5405711901971177	0.6206187269539676		0.5406925563924598		expression_driven
STOmics0212	statistic_variance	2000	graphst	0		0.9738011911612634	0.6301736266275997	0.7877617526736295	0.886032001910294		0.5484600312040511	0.28006660321597643	0.686748574126083	0.9410306348236148	0.024180494828704307	0.5475223594120063	0.22504901092645957	0.15212354902234038	0.7614286470627317	0.45677609804253605	0.6949607346660057	0.5479911953080288	0.6214759649870172		0.5391260315147766		expression_driven
STOmics0212	statistic_variance	2000	graphst	1		0.9803598346794603	0.6163845421066725	0.795495152666626	0.8855272229804277		0.5548827875389335	0.27352147715708414	0.6931926758553979	0.9444785433074671	0.02338863481693353	0.5427043385555066	0.22210219075952717	0.14845505598700884	0.7623877284840408	0.4554213922355248	0.695996416139805	0.54879356304722	0.6223949895935126		0.5389081909145187		expression_driven
STOmics0212	statistic_variance	2000	graphst	2		0.9795101412871954	0.7460866863758163	0.7457673963800191	0.9001240540893448		0.6062673282844638	0.2801965368417602	0.6824896009949146	0.9366626145539826	0.025313752564838858	0.5771995348042727	0.24642874285064809	0.15275514470329954	0.777751574576183	0.4652533596397413	0.7086876460757295	0.5917334315443683	0.650210538810049		0.5577319492248951		expression_driven
STOmics0212	triku	2000	graphst	0		0.9850720707658617	0.64044136145814	0.7748993820115929	0.9237083658863803		0.825799669800184	0.19770016872174787	0.6649881613818197	0.9381142965805653	0.02238189265325367	0.7254993958475464	0.2644494866100017	0.11004103068750076	0.7546108003580295	0.4323259155227651	0.7244099744207478	0.7756495328238653	0.7500297536223066		0.5911778345725358		expression_driven
STOmics0212	triku	2000	graphst	1		0.9859779355556327	0.6055252028179111	0.6883292254049922	0.9222622213445703		0.8017656468771621	0.21712367819354075	0.6452103215400142	0.9351636663350793	0.028517804264055657	0.7083888129678445	0.2668079821485013	0.1228207412287982	0.7185571040244991	0.42068892262664864	0.7250160463495682	0.7550772299225033	0.7400466381360358		0.5803677803813422		expression_driven
STOmics0212	triku	2000	graphst	2		0.9743721944385754	0.6350063523455068	0.7443362563384165	0.9210026616901621		0.8217498748346028	0.1976780342637627	0.6857100043520231	0.9404658561522193	0.02480764818643733	0.7228964954249312	0.26708074447054475	0.11124284122510002	0.7513796172970414	0.4313112292610707	0.720818533533094	0.7723231851297669	0.7465708593314304		0.5889410442962506		expression_driven
STOmics0218	Brennecke	2000	graphst	0		0.9401886992569048	0.9557579357290213	0.7864993115358117	0.8328283727739187		0.9620483525505128	0.7888486737883471	1.027278079314084	0.9533824045064874	0.25935785862681393	0.9893731829755658	0.30016758086491463	0.5241032662075805	0.9307294327713511	0.7274163494894659	0.6910615509652461	0.9757107677630392	0.8333861593641427		0.7804012544268043		expression_driven
STOmics0218	Brennecke	2000	graphst	1		0.9279485751644538	0.9347559772861923	0.8117443002270146	0.8618784529731075		0.6798137425475901	0.8034482389181041	1.025017314123921	0.9543516630925941	0.25004904005413636	0.8988846964219513	0.27613956709619425	0.5267486394861203	0.9314673136824305	0.7291079765842754	0.6886555317445852	0.7893492194847707	0.739002375614678		0.7340551760994767		expression_driven
STOmics0218	Brennecke	2000	graphst	2		0.9264806964050748	0.9214021014111361	0.7899950387887014	0.8378185706270949		0.9272049414302992	0.8172818624869795	1.017990780494894	0.9378480456168505	0.28486833390507305	0.9214730151830215	0.2917058975095715	0.5510750981960263	0.9168089915778954	0.7339420448869609	0.685335054847247	0.9243389783066603	0.8048370165769536		0.7693895307319573		expression_driven
STOmics0218	anticor	2000	graphst	0		0.9367747447098816	0.9406619922911807	0.7428605218138356	0.8417394403688762		0.8793013154961983	0.7869249553849493	0.9559425458959994	0.9402380356896173	0.25876569584269143	0.9256137271954756	0.32985081770803515	0.5228453256138204	0.8949257739226583	0.7088855497682394	0.7027883342622644	0.902457521345837	0.8026229278040506		0.755754238786145		expression_driven
STOmics0218	anticor	2000	graphst	1		0.9411484682336484	0.9294245571953511	0.6917835295638949	0.8154517910439381		0.7538025532376665	0.7934310291589459	0.9761607468890362	0.9327653323421664	0.2660888941034568	0.8959087123773084	0.26702225703525406	0.5297599616312014	0.8825335414976122	0.7061467515644069	0.6745408387709468	0.8248556328074874	0.7496982357892171		0.727922493676812		expression_driven
STOmics0218	anticor	2000	graphst	2		0.9292982339622637	0.9017515778426448	0.6853024069857236	0.8021743004610952		0.63799617799661	0.8112132108458314	0.9702604819388332	0.9342956895870485	0.25866568668039674	0.8711808996970707	0.29221848661353256	0.5349394487631141	0.8729025390885625	0.7039209939258383	0.6745636736789637	0.7545885388468403	0.714576106262902		0.7092485500943702		expression_driven
STOmics0218	dubstepr	2000	graphst	0		0.9418803067014674	0.9434397810178902	0.7068052478376421	0.8226697557691247		0.8814163441875472	0.7898286978131895	0.9445540167459737	0.9289405504559083	0.2786421001690627	0.9226190490841403	0.2790319854241685	0.5342353989911262	0.8809348990143535	0.7075851490027398	0.6811940159649202	0.9020176966358437	0.791605856300382		0.7495955026515609		expression_driven
STOmics0218	dubstepr	2000	graphst	1		0.9422062589315198	0.9623792185137751	0.7308256274696788	0.8400463374991055		0.6801336095950873	0.7945892858029113	0.9434056284728827	0.9368057743147328	0.24216273229005267	0.8690621944155034	0.28276722333929166	0.518376009046482	0.8933540621927673	0.7058650356196245	0.6883399399233056	0.7745979020052953	0.7314689209643004		0.7186669782919625		expression_driven
STOmics0218	dubstepr	2000	graphst	2		0.9437335209024034	0.9399181179113845	0.7261609304230215	0.8243628586388954		0.7181839694071935	0.807155720259637	0.9270659519354314	0.9326656884794549	0.25093675932766335	0.9036084685693401	0.26127580647116094	0.5290462397936502	0.881452672187323	0.7052494559904866	0.6764573953374865	0.8108962189882668	0.7436768071628767		0.7244631315766816		expression_driven
STOmics0218	hotspot	2000	graphst	0		0.971482887314818	0.9131317695042535	0.694546530301144	0.8756906076651052		0.6572127643005055	0.7781008957006275	0.8518589617675667	0.9256475152272813	0.2702283984144473	0.8790697898657064	0.3376253533033962	0.5241646470575374	0.8462961942000614	0.6852304206287994	0.7282662827611065	0.768141277083106	0.7482037799221062		0.7167171002754528		expression_driven
STOmics0218	hotspot	2000	graphst	1		0.9467226281214582	0.9340590023579987	0.6911643775313825	0.8430761004279336		0.6355288871905043	0.8014186201897178	0.9085014448420309	0.9366058000642281	0.2437106816008016	0.884968489667659	0.30069412563760584	0.5225646508952597	0.86758265619891	0.6950736535470848	0.696830951395666	0.7602486884290816	0.7285398199123738		0.7118067367297294		expression_driven
STOmics0218	hotspot	2000	graphst	2		0.9487531410154868	0.9634350539374471	0.6857053606291331	0.8779183745371157		0.6410756985767242	0.7996255624438279	0.8910707846820074	0.9321423926768218	0.23371658748078927	0.8616503866628973	0.31978619779673356	0.5166710749623086	0.8680883979813523	0.6923797364718305	0.7154859044497787	0.7513630426198108	0.7334244735347948		0.7129021050033126		expression_driven
STOmics0218	morans_i	2000	graphst	0		0.9588673025473603	0.9062782237945384	0.6728264143643868	0.8467296381151374		0.7476442276386266	0.7627386376019688	0.9780032405998395	0.9024774672125803	0.3572722744073725	0.9052381773357193	0.2734740331791311	0.5600054560046707	0.8648963364928363	0.7124508962487535	0.6930236579472097	0.826441202487173	0.7597324302171913		0.7360916632329724		spatially_informed
STOmics0218	morans_i	2000	graphst	1		0.9679505958218118	0.8689277143843382	0.6605973547731764	0.8849581179638609		0.9085720460511156	0.7845757870309272	0.9692193851597108	0.888093365215417	0.37783214022121087	0.9366797866375091	0.38319018020229884	0.5812039636260691	0.8467094548831606	0.7139567092546149	0.7453662979959904	0.9226259163443123	0.8339961071701514		0.7739764082123831		spatially_informed
STOmics0218	morans_i	2000	graphst	2		0.9605504133979192	0.9193022179163194	0.6567865569195155	0.8787203707008482		0.6849460578999899	0.7888188813205472	0.9833835720973839	0.8970470122895946	0.37304194899486887	0.8815481117162559	0.3209004601370555	0.580930415157708	0.8641298398057032	0.7225301274817056	0.7200570814119409	0.7832470848081229	0.751652083110032		0.7370911052958689		spatially_informed
STOmics0218	nbumi	2000	graphst	0		0.9647710572073144	0.9242158915629781	0.7713156189266656	0.8990376047104361		0.7112436478885631	0.761044343881911	1.0011070933420019	0.9431413535140203	0.254495932870812	0.9001410004753596	0.30037933329662203	0.5077701383763615	0.9099449893364164	0.708857563856389	0.721395998404791	0.8056923241819614	0.7635441612933762		0.7362008625748826		expression_driven
STOmics0218	nbumi	2000	graphst	1		0.964670815987376	0.913655291481959	0.7378890131804399	0.9079486721984785		0.9598755634415508	0.7726314782014421	1.0041327749423543	0.9413535754240874	0.2787534157485159	0.9974797044964112	0.3458916571883714	0.525692446974979	0.8992576637572101	0.7124750553660946	0.739503715124742	0.978677633968981	0.8590906745468615		0.785782864956478		expression_driven
STOmics0218	nbumi	2000	graphst	2		0.9658025632701709	0.9526200870348913	0.7524202909075853	0.9000178220656951		0.6737222905703413	0.788751128997658	1.0039449887889935	0.9439325936220775	0.2665477323865812	0.8676125655363771	0.31688850980980404	0.5276494306921196	0.9132294900883869	0.7204394603902533	0.7275696317152235	0.7706674280533592	0.7491185298842913		0.7347789951372723		expression_driven
STOmics0218	nnsvg	2000	graphst	0		0.9599330850434767	0.9415928320165852	0.6764779571120921	0.8764926037219226		0.8735281344868134	0.7829792552147041	0.9712304032006525	0.9101258256978852	0.3299652336950839	0.9144851749314414	0.3420930063298161	0.556472244454894	0.8748567545068038	0.7156644994808489	0.7261728983650718	0.8940066547091274	0.8100897765370996		0.7628771380089743		spatially_informed
STOmics0218	nnsvg	2000	graphst	1		0.964464532402593	0.9659445156599894	0.7443299924533127	0.8765817144780584		0.5916696036397949	0.7802626866404652	0.9697117075966831	0.9072773142375281	0.3379554013005433	0.82170877784783	0.33453621794801236	0.5591090439705042	0.8968158824868783	0.7279624632286912	0.725194154942888	0.7066891907438124	0.7159416728433502		0.7219520680360207		spatially_informed
STOmics0218	nnsvg	2000	graphst	2		0.9549501387428739	0.9152826534146556	0.649976747328217	0.8723935126816997		0.6701014972143057	0.7943706366549239	0.9613309494575428	0.9188093100866622	0.3197532857035925	0.8619324013858254	0.3139765761049865	0.5570619611792582	0.8613499150717695	0.7092059381255138	0.71377340917652	0.7660169493000655	0.7398951792382927		0.7245505586819032		spatially_informed
STOmics0218	osca	2000	graphst	0		0.9639976796574194	0.9584880581906287	0.7979382043917409	0.8715915166248823		0.6348133909398307	0.7837938726392901	1.0113208177385276	0.9354328682988888	0.3253109576657664	0.8796583216083009	0.260201332343251	0.5545524151525283	0.9257949871549466	0.7401737011537375	0.6985968428751842	0.7572358562740658	0.727916349574625		0.7340450253641813		expression_driven
STOmics0218	osca	2000	graphst	1		0.9663419767999333	0.9061097052223193	0.7394791777112968	0.87836392799705		0.6946233044289358	0.7882583806155185	1.0159352452069923	0.9325291050068476	0.2995508362694806	0.8981731797048368	0.30756776281670956	0.5439046084424995	0.8985133082868639	0.7212089583646817	0.717424555871231	0.7963982420668863	0.7569113989690586		0.7390601786668701		expression_driven
STOmics0218	osca	2000	graphst	2		0.962290622257597	0.9444769292475561	0.7501377768322693	0.8733737301438738		0.9768934822516485	0.7980750995390958	1.008235566072792	0.9260032932095069	0.3279875807910661	0.9445982586009504	0.3081640213695363	0.5630313401650809	0.907213391340531	0.735122365752806	0.714609457923669	0.9607458704262994	0.8376776641749842		0.7864000149638951		expression_driven
STOmics0218	scPNMF	2000	graphst	0		0.9519272182206361	0.9315879926406381	0.6770935923497114	0.8328283727739187		0.5987200280310497	0.7921324105937129	0.8439670963681608	0.9528711461026912	0.18991369245463735	0.8413560049115488	0.2927238238396661	0.49102305152417514	0.8513799568653003	0.6712015041947377	0.6924931382780736	0.7200380164712993	0.7062655773746864		0.688733540784712		expression_driven
STOmics0218	scPNMF	2000	graphst	1		0.951466677826232	0.9574114327970082	0.7473574724843703	0.8436998751863093		1.0182481652975048	0.8068603782182427	0.9130184625851961	0.9561556197201968	0.1867118585252656	0.9719546396821823	0.27996082740557027	0.4967861183717542	0.8934857468966928	0.6951359326342235	0.6917091268060371	0.9951014024898436	0.8434052646479404		0.7692705986410819		expression_driven
STOmics0218	scPNMF	2000	graphst	2		0.945255500946875	0.9582129415240618	0.6118353235558539	0.81946177143494		0.6864505668493364	0.8163754790157763	0.8868722470620386	0.9338383824448842	0.2200716450230391	0.9155401284326744	0.24384661911907765	0.5182235620194078	0.8476897236467096	0.6829566428330587	0.6695212971669643	0.8009953476410054	0.7352583224039848		0.7091074826185217		expression_driven
STOmics0218	scanpy_cell_ranger	2000	graphst	0		0.9761662124936431	0.914845809811626	0.8061065858428336	0.9069684547363045		0.7034594809339341	0.7654700092002719	1.0236838584393004	0.9453202448610688	0.27362281613382894	0.9062649712219317	0.3073452132456182	0.5195464126670504	0.9224891247387071	0.7210177687028787	0.7301599601585219	0.8048622260779329	0.7675110931182274		0.744264430910553		expression_driven
STOmics0218	scanpy_cell_ranger	2000	graphst	1		0.984207945455751	0.9167305765484008	0.7939035162064463	0.9186419532055126		0.602625436596263	0.7682426211349683	1.0281632099603304	0.951759702715975	0.268699072120651	0.8754174967323933	0.31592585828399816	0.5184708466278096	0.9226392513577881	0.7205550489927989	0.739591918981754	0.7390214666643282	0.7393066928230412		0.72993087090792		expression_driven
STOmics0218	scanpy_cell_ranger	2000	graphst	2		0.9668421989485275	0.9363677092476514	0.7663407254861191	0.9352165388786758		0.7157128868234403	0.7767588701851993	1.023624912377943	0.9411824710598409	0.27378723595179666	0.9001304032725687	0.28491915298034104	0.5252730530684979	0.9168789545428886	0.7210760038056933	0.7289926302691815	0.8079216450480045	0.7684571376585929		0.7447665707321431		expression_driven
STOmics0218	scanpy_cell_ranger_batch	2000	graphst	0		0.9679576325144315	0.9178001519609919	0.7937220291838442	0.8886116556510647		0.6715785294599445	0.7678022600023238	1.0315138846677756	0.9414748281319891	0.2980661210524122	0.893206183513755	0.30556446271309345	0.532934190527368	0.9211277234861502	0.7270309570067591	0.7207112502928631	0.7823923564868498	0.7515518033898565		0.7392913801983079		expression_driven
STOmics0218	scanpy_cell_ranger_batch	2000	graphst	1		0.9870329972583726	0.9082227720550372	0.7890766347718017	0.9369987523976673		0.5959276562343773	0.771290879201761	1.037073896311095	0.9481219602310407	0.27886637777186246	0.879443187749483	0.32885925578655845	0.5250786284868117	0.9206238158422436	0.7228512221645277	0.7509636684808662	0.7376854219919302	0.7443245452363982		0.733587883700463		expression_driven
STOmics0218	scanpy_cell_ranger_batch	2000	graphst	2		0.9662751899173051	0.8588690875554498	0.7687660918862992	0.9196221706676866		0.7054516403548323	0.779748718437971	1.0361298363427944	0.9308428642206856	0.29065270949072974	0.9106631040355476	0.27135897492877936	0.5352007139643504	0.8986519700013073	0.7169263419828289	0.7190854451712569	0.80805737219519	0.7635714086832235		0.7402488753330262		expression_driven
STOmics0218	scanpy_pearson	2000	graphst	0		0.9636436367453057	0.9140921974101691	0.69479352571266	0.8701657458096891		0.9702883563651009	0.7670190086507901	1.027198104038072	0.9193768203847746	0.29812180530781895	0.9843307936137982	0.29674473411200836	0.5325704069793045	0.888865161886419	0.7107177844328617	0.7101847055556677	0.9773095749894496	0.8437471402725587		0.7772324623527103		expression_driven
STOmics0218	scanpy_pearson	2000	graphst	1		0.9609907475392505	0.9168069446279915	0.7623857732282504	0.8634824451936572		0.6107535409223216	0.7869999075198982	1.020023710748735	0.93104377256878	0.26599049779995243	0.8729572392398799	0.29482197737188914	0.5264952026599253	0.9075650502934393	0.7170301264766823	0.7064317233682657	0.7418553900811007	0.7241435567246832		0.7205868416006828		expression_driven
STOmics0218	scanpy_pearson	2000	graphst	2		0.9478505133160697	0.9124978788410073	0.7447520002630901	0.8490465157432838		0.7104002104916288	0.7943731478062936	1.0122325378379824	0.9273760721815631	0.28264325149982106	0.8949265649201897	0.30171198740418553	0.5385081996530574	0.8992146222809108	0.7188614109669841	0.6995363388211797	0.8026633877059093	0.7510998632635445		0.7349806371152643		expression_driven
STOmics0218	scanpy_pearson_batch	2000	graphst	0		0.9614333572678103	0.9164109016534339	0.6887310129207194	0.8830867937956487		0.9647439023996952	0.7579534218861657	1.031078395420109	0.9158534124220222	0.36395414253150504	1.0029517207697174	0.34916028257619386	0.5609537822088353	0.888018430604071	0.7244861064064532	0.7312268112132175	0.9838478115847062	0.8575373113989619		0.7910117089027076		expression_driven
STOmics0218	scanpy_pearson_batch	2000	graphst	1		0.9472154289711409	0.9286214757030585	0.7676543106719906	0.8735519514423155		0.9282532512606148	0.7670547916609202	1.0252184559163506	0.9080625507122565	0.3804610743576089	0.9583205335848507	0.3686626128309123	0.5737579330092646	0.907389198250914	0.7405735656300894	0.7298099977481228	0.9432868924227327	0.8365484450854277		0.7885610053577585		expression_driven
STOmics0218	scanpy_pearson_batch	2000	graphst	2		0.9557372916081318	0.8940218162347874	0.6631625025364224	0.874264836849912		1.0074739838683917	0.7815959213323251	1.0339638049143185	0.8978239852174719	0.4061639472374963	0.9956566293600465	0.3428148660093604	0.5938799342849107	0.87224302722575	0.7330614807553304	0.7242723314891348	1.0015653066142192	0.862918819051677		0.7979901499035037		expression_driven
STOmics0218	scanpy_seurat	2000	graphst	0		0.9454563199172574	0.9591811378772687	0.758340091292242	0.8452147566507232		0.7640503217281287	0.7920113163347003	1.0140265647562263	0.9413849967730723	0.2579186821782103	0.9132333761546507	0.2277797375069656	0.5249649992564553	0.9182331976747024	0.7215990984655789	0.6728169380249821	0.8386418489413897	0.7557293934831859		0.7386642459743824		expression_driven
STOmics0218	scanpy_seurat	2000	graphst	1		0.9650949261532843	0.8986982356797661	0.7909956988354353	0.8964533950277123		0.7048934095749151	0.8013852275501437	1.0046894311714194	0.9473111390920894	0.25187877271192244	0.9276216709072888	0.2872628683805289	0.5266320001310331	0.9104236261946776	0.7185278131628554	0.7162703965205085	0.8162575402411019	0.7662639683808052		0.7423958907718303		expression_driven
STOmics0218	scanpy_seurat	2000	graphst	2		0.9489192108073753	0.8887269678691468	0.7551079571297475	0.8476207449280906		0.7230453500552678	0.8154965183698774	0.9939294089196592	0.9484836823966174	0.2497038350321066	0.8962790214732568	0.24627748488246595	0.532600176700992	0.8965620040787927	0.7145810903898924	0.6809391468726439	0.8096621857642623	0.7453006663184532		0.7299408783541728		expression_driven
STOmics0218	scanpy_seurat_batch	2000	graphst	0		0.9382060442058268	0.9127078500716203	0.7640744492512713	0.8543931563002581		0.7578083866855482	0.7685055896664253	1.0203175417829553	0.9371546446982207	0.30188895746402855	0.9094880087811652	0.29015353019156703	0.535197273565227	0.9085636214510169	0.721880447508122	0.6942509102325506	0.8336481977333567	0.7639495539829537		0.7429150007455378		expression_driven
STOmics0218	scanpy_seurat_batch	2000	graphst	1		0.9681769734828322	0.8830526440090344	0.786200895708751	0.8848690072077251		0.7375327297650344	0.776380750501691	1.0147802742029088	0.9450596495501048	0.27637873430619647	0.9220429800526739	0.29107524931402473	0.5263797424039437	0.9072733658676998	0.7168265541358217	0.7147070766681941	0.8297878549088542	0.7722474657885241		0.7445370099621729		expression_driven
STOmics0218	scanpy_seurat_batch	2000	graphst	2		0.9651828311264028	0.9081324150146984	0.7586539882770393	0.8995722687126761		0.6613284423621402	0.7866262507472426	1.0125335746772595	0.9364039853075752	0.29117299829736876	0.9139488731540444	0.27612127637135114	0.5388996245223057	0.9039309908191431	0.7214153076707244	0.7136254587368102	0.7876386577580923	0.7506320582474513		0.7360236829590878		expression_driven
STOmics0218	scanpy_seurat_v3	2000	graphst	0		0.966290380263318	0.9102808133179707	0.6547713945014273	0.8926216360420668		0.7114923472007245	0.7495787155922847	1.019487962374376	0.9253420001649428	0.367816448868012	0.8953921936386	0.30946857077353435	0.5586975822301483	0.8774705425896792	0.7180840624099137	0.7227935290263064	0.8034422704196622	0.7631178997229844		0.7406009810664491		expression_driven
STOmics0218	scanpy_seurat_v3	2000	graphst	1		0.9829512828568515	0.9356505792770071	0.7204382814860631	0.9091962216083151		0.7128027260914738	0.7492307262705352	1.0154070839218192	0.9263137955548776	0.3748817263842881	0.8947546649853729	0.3219787213423002	0.5620562263274117	0.8994524350599418	0.7307543306936768	0.7380420752691558	0.8037786955384234	0.7709103854037895		0.7508323580487332		expression_driven
STOmics0218	scanpy_seurat_v3	2000	graphst	2		0.9595733387405561	0.8891983961916905	0.6290951012349922	0.9065229013832854		0.7215700482435883	0.770501327051352	1.0241598986490246	0.9240818715705048	0.3558467523925006	0.8868587674939314	0.2764473814946664	0.5631740397219263	0.8666338169115531	0.7149039283167397	0.7141812072061692	0.8042144078687599	0.7591978075374646		0.7370508679271022		expression_driven
STOmics0218	scanpy_seurat_v3_batch	2000	graphst	0		0.9811631055799144	0.9121375003409364	0.648980810116575	0.9211370521321005		0.7296845014237028	0.741481880906678	1.0294167075732228	0.8887641116207631	0.44934161548739887	0.9149228409432766	0.3006573831576452	0.5954117481970385	0.8698247824128744	0.7326182653049564	0.7343191802898866	0.8223036711834897	0.7783114257366881		0.7554648455208223		expression_driven
STOmics0218	scanpy_seurat_v3_batch	2000	graphst	1		0.9776396744543631	0.9478281022341168	0.6005619607745304	0.9168597397934359		0.7404080253005757	0.7459669580281851	1.0099796712740376	0.8699719526082511	0.45755506552417524	0.9287450887921402	0.3383376406037031	0.6017610117761802	0.8570854217227339	0.7294232167494571	0.744279018283834	0.8345765570463579	0.7894277876650959		0.7594255022072764		expression_driven
STOmics0218	scanpy_seurat_v3_batch	2000	graphst	2		0.9709876874833884	0.7947708032691799	0.6244429985327261	0.9044733558097164		0.7028771915238868	0.7699785096944017	1.0127867687280028	0.896793006153516	0.4270871744585876	0.8816291329969789	0.3163901343041934	0.5985328420764947	0.8321983941708562	0.7153656181236754	0.7306170591990995	0.7922531622604329	0.7614351107297661		0.7384003644267207		expression_driven
STOmics0218	scry	2000	graphst	0		0.9371597997093506	0.9526924598895256	0.7921259361301336	0.8370165745702774		0.7087673025960959	0.8003900214169017	0.8816680618573665	0.951718485965244	0.20030568476591587	0.882018653471114	0.2777691096602556	0.5003478530914088	0.8945512359605674	0.6974495445259881	0.6839818279799612	0.7953929780336049	0.739687403006783		0.7185684737663856		expression_driven
STOmics0218	scry	2000	graphst	1		0.9447264749920528	0.9774559302756242	0.7944222132316934	0.83621457851346		0.7915478451312951	0.8162057932668951	0.8854398314066483	0.9593000169753307	0.17829549395177596	0.9059253203725949	0.24399479736078522	0.4972506436093356	0.9041544979723241	0.7007025707908299	0.6749786169554327	0.848736582751945	0.7618575998536888		0.7312800853222594		expression_driven
STOmics0218	scry	2000	graphst	2		0.9428471075632521	0.9621115777443782	0.7623486358600813	0.8239173052858764		0.6064224478423805	0.8200000733613891	0.8793434222759893	0.9470664348415081	0.2015922909018492	0.8494396418011377	0.27902834337141275	0.5107961821316191	0.8877175176804892	0.6992568499060542	0.6819309187401803	0.7279310448217591	0.7049309817809697		0.702093915843512		expression_driven
STOmics0218	seurat_disp	2000	graphst	0		0.9344675396391912	0.9392652748021111	0.7856641505492071	0.8199073248948742		0.7510833694673072	0.8038607604054094	1.002525876229859	0.9425757114110863	0.258382645826626	0.9112657554226211	0.2591841151303556	0.5311217031160177	0.9175077532480659	0.7243147281820418	0.6711863265548069	0.8311745624449642	0.7511804444998855		0.7377475863409637		expression_driven
STOmics0218	seurat_disp	2000	graphst	1		0.9290621449923671	0.9363335103193596	0.7541238276226007	0.8049367313353457		0.6167900693486723	0.7999392004532093	0.9921508156389867	0.9294521663739514	0.2730889577074509	0.8270539278876593	0.274034258477343	0.5365140790803301	0.9030150799887245	0.7197645795345273	0.6693443782683519	0.7219219986181658	0.6956331884432588		0.7076988839888931		expression_driven
STOmics0218	seurat_disp	2000	graphst	2		0.9067751606615866	0.9212848470265061	0.7444134374301402	0.7773124219513502		0.6416607131403526	0.8121158851900712	0.9938085367359898	0.9325792938178581	0.2642573360875887	0.8454187389031438	0.2493886657041969	0.53818661063883	0.8980215287526236	0.7181040696957268	0.6444920827723779	0.7435397260217482	0.6940159043970631		0.7060599870463949		expression_driven
STOmics0218	seurat_mvp	2000	graphst	0		0.9679723228722644	0.8983612802651819	0.8580193110850021	0.8872749954850924		0.9108549405207452	0.8072770745495099	1.0065545991983995	0.9696166948540457	0.21652949169810665	0.9195072408944942	0.2958492503792851	0.5119032831238083	0.9331379713506573	0.7225206272372329	0.7170321895788806	0.9151810907076197	0.8161066401432502		0.7693136336902415		expression_driven
STOmics0218	seurat_mvp	2000	graphst	1		0.9520453933114711	0.8929099812253847	0.8273306083160484	0.864640883954273		0.7765961299040312	0.8087583447968986	1.0073527394056416	0.9695704623168699	0.20658086283078075	0.9202311230067134	0.22798333568568752	0.5076696038138396	0.9242909478159862	0.715980275814913	0.6815565376504772	0.8484136264553723	0.7649850820529247		0.7404826789339188		expression_driven
STOmics0218	seurat_mvp	2000	graphst	2		0.9446583948707675	0.9444835079252423	0.7800537393009659	0.832204598015543		0.7270586998812815	0.8201508346568617	1.0115020392951417	0.9607756142760125	0.21707037389932612	0.8638234688377288	0.21527506618524886	0.5186106042780939	0.9242037251993406	0.7214071647387172	0.6640460196905198	0.7954410843595051	0.7297435520250124		0.7255753583818648		expression_driven
STOmics0218	seurat_sct	2000	graphst	0		0.9673099731462759	0.9126686368441158	0.7478123101744997	0.8856710033714575		0.6002460859214755	0.7837393724563554	0.9928406767333704	0.9576906808427388	0.24730022458934067	0.86298297822694	0.28382521181711423	0.515519798522848	0.9027530761486812	0.7091364373357646	0.7122687294449492	0.7316145320742078	0.7219416307595785		0.7155390340476715		expression_driven
STOmics0218	seurat_sct	2000	graphst	1		0.9590011343193374	0.8995908384958621	0.8446772631819724	0.8878096595942473		0.5874797470618984	0.7905293289761448	0.9857244678670941	0.9555891298442987	0.24204824732932048	0.8543807388406266	0.2896003310692465	0.5162887881527326	0.9213954248473069	0.7188421065000197	0.7121370416609437	0.7209302429512625	0.7165336423061031		0.7176878744030614		expression_driven
STOmics0218	seurat_sct	2000	graphst	2		0.9613012337887807	0.9292075384504048	0.737162062406114	0.8906612011177187		0.9086565006828891	0.8015447339611538	0.9804077773404807	0.9390124972093942	0.274504716981738	0.9641619353055294	0.34195879987068073	0.5380247254714459	0.8964474688515984	0.7172360971615221	0.7313070782590602	0.9364092179942092	0.8338581481266347		0.7755471226440784		expression_driven
STOmics0218	seurat_vst	2000	graphst	0		0.9648570006883427	0.9171501828812127	0.6592774591987134	0.8924434146367102		0.7135031104661136	0.7491877176711422	1.018647851619167	0.924108701426718	0.36953461599269866	0.8963345823781426	0.3092105035907755	0.5593611668319205	0.8797960487814528	0.7195786078066866	0.7221703063052761	0.8049188464221281	0.7635445763637021		0.7415615920851943		expression_driven
STOmics0218	seurat_vst	2000	graphst	1		0.9840564570499128	0.9354749845767831	0.7172057221080514	0.9085724469568544		0.7133201639123375	0.7493196944276138	1.016061244732235	0.9263366707660226	0.3749915119069329	0.8950363655653473	0.32200515009814007	0.5621556031672734	0.8987696555457729	0.7304626293565232	0.7382113513683025	0.8041782647388425	0.7711948080535724		0.7508287187050477		expression_driven
STOmics0218	seurat_vst	2000	graphst	2		0.9667834791828768	0.8898269982591515	0.6326834093425688	0.9424345036038626		1.1067256885420236	0.770791696484203	1.024108331365524	0.9247867504066786	0.3538348118842653	1.0165675306009447	0.34018620348299483	0.5623132541842342	0.8678513723434808	0.7150823132638575	0.7498013954232446	1.061646609571484	0.9057240024973643		0.8104031578806109		expression_driven
STOmics0218	singleCellHaystack	2000	graphst	0		0.9798717466858862	0.960294321511486	0.6539440768291436	0.9108893244780857		0.7339135459240644	0.7515152748962333	1.0287091781442874	0.8889554411930551	0.397001144465468	0.8872298915404407	0.3065898341789743	0.5742582096808506	0.882975754419493	0.7286169820501718	0.732450301780982	0.8105717187322525	0.7715110102566173		0.7500639961533946		expression_driven
STOmics0218	singleCellHaystack	2000	graphst	1		0.9735570353952145	0.9665711514420087	0.7443684479367196	0.9177508464994742		0.6699299720222692	0.7643664822094995	0.9786643128825636	0.9129848003542563	0.36803569272939574	0.8531898325778914	0.34613796040121975	0.5662010874694476	0.9006471781538871	0.7334241328116673	0.7458152807653029	0.7615599023000803	0.7536875915326916		0.7435558621721794		expression_driven
STOmics0218	singleCellHaystack	2000	graphst	2		0.981333123996402	0.879426167215919	0.7268947748695536	0.9403849580302936		0.7749416290290563	0.762103971365309	1.041247031108462	0.8927954976515753	0.43816447311644274	0.9123678169930676	0.2893757832735873	0.6001342222408759	0.8850908677113775	0.7426125449761267	0.7370312884334277	0.8436547230110619	0.7903430057222448		0.7664777753491858		expression_driven
STOmics0218	somde	2000	graphst	0		0.9657010384267327	0.93573743344487	0.6962915673810094	0.9016218142862451		0.9579209627725118	0.7759237424777111	0.9709224200155189	0.8960909133224447	0.39194812009294744	0.9353432293032259	0.3457264774373358	0.5839359312853293	0.8747605835409606	0.7293482574131449	0.7376831100501046	0.9466320960378689	0.8421576030439868		0.7857529302285658		spatially_informed
STOmics0218	somde	2000	graphst	1		0.9529621761249646	0.8769758085113105	0.6876626507395374	0.8781857065916934		0.642185432468082	0.7801234449645648	0.9683313097910388	0.885902207627838	0.4031071167578145	0.8600672091833337	0.32975441724243953	0.5916152808611896	0.8547179941674312	0.7231666375143104	0.7203007666530326	0.7511263208257078	0.7357135437393703		0.7294400906268403		spatially_informed
STOmics0218	somde	2000	graphst	2		0.9537730800312875	0.9084286826110316	0.6521261587259634	0.86107645691629		0.6660285279048926	0.7807111913762791	0.9590760044301145	0.8866622910614671	0.44721604403961984	0.859337879365636	0.3012203802529926	0.6139636177079495	0.8515732842071442	0.7327684509575468	0.7053566390668567	0.7626832036352643	0.7340199213510605		0.7333941861543036		spatially_informed
STOmics0218	sparkx	2000	graphst	0		0.9396032980322877	0.9432737866977017	0.647120313190623	0.8308679379564856		0.6670722082334571	0.7844377159589513	0.7651791661026976	0.92415358290208	0.25034167943745883	0.8766636232939315	0.30593378851348263	0.5173896976982051	0.8199317122232755	0.6686607049607403	0.6921350081674186	0.7718679157636943	0.7320014619655564		0.7003310834631483		spatially_informed
STOmics0218	sparkx	2000	graphst	1		0.9538652044559357	0.8907937881024159	0.6737048218660943	0.8363036891626808		0.7284213254373834	0.7957610629886394	0.8283035402820503	0.9253696802372711	0.24362607190465974	0.8646835683427427	0.2797415653827084	0.5196935674466495	0.829542957621958	0.6746182625343038	0.6899701530004417	0.7965524468900631	0.7432612999452524		0.7089397812397781		spatially_informed
STOmics0218	sparkx	2000	graphst	2		0.938880802292315	0.8851804623403937	0.6227032522405478	0.8527000534304875		0.6660223274527436	0.7947699009531317	0.7836245990925835	0.9166560343503991	0.25930433821160936	0.8358163073356102	0.2966446915936568	0.5270371195823705	0.8020410870059811	0.6645391032941759	0.6960751824388197	0.7509193173941768	0.7234972499164982		0.694018176605337		spatially_informed
STOmics0218	spatialde	2000	graphst	0		0.9687003473276864	0.8883288134029882	0.6820551030437847	0.8848690072077251		0.5680756115733412	0.7715440436263891	0.9999612164293745	0.8984409578967352	0.3591143024629975	0.8372333347776986	0.30716063091463414	0.5653291730446933	0.8671965226932206	0.716262847868957	0.7202433284833485	0.7026544731755199	0.7114489008294342		0.7138558743491956		spatially_informed
STOmics0218	spatialde	2000	graphst	1		0.960485483843177	0.8762696101141991	0.6747535319711486	0.8776510425894534		0.6357927406754318	0.7759155228716538	0.9832299615564556	0.887980645615223	0.39945070815091815	0.8790071695654057	0.32757887898421223	0.5876831155112859	0.8555584373142566	0.7216207764127713	0.7219051351389476	0.7573999551204187	0.7396525451296831		0.7306366607712272		spatially_informed
STOmics0218	spatialde	2000	graphst	2		0.9504620060648823	0.89186203593933	0.642893712008389	0.8617002316746657		0.7006222290698475	0.7944187329301698	0.9629936593318867	0.9039815850291063	0.3384580938348046	0.898227014530776	0.3049069989213498	0.5664384133824872	0.850432748077178	0.7084355807298326	0.7056897455536326	0.7994246218003118	0.7525571836769722		0.7304963822034024		spatially_informed
STOmics0218	statistic_mean	2000	graphst	0		0.9394688316599286	0.9033104610111358	0.6197936275714246	0.8140260202287448		0.8826537696744451	0.8307656466218417	0.8275522905829809	0.943013473355219	0.18688318604053006	0.860197760620971	0.2791780204167294	0.5088244163311859	0.82341746313019	0.666120939730688	0.677557624101801	0.871425765147708	0.7744916946247544		0.7203063171777212		expression_driven
STOmics0218	statistic_mean	2000	graphst	1		0.9371715814820994	0.8527464632770168	0.742745676618277	0.8189271074327001		0.789619868264797	0.8377909919257369	0.8457391329567571	0.954738118077513	0.1565743572725296	0.8929419619729255	0.26245091943772686	0.49718267459913323	0.8489923477323909	0.673087511165762	0.6728498694508421	0.8412809151188613	0.7570653922848517		0.7150764517253069		expression_driven
STOmics0218	statistic_mean	2000	graphst	2		0.9388293499830594	0.850640261094251	0.6055113990837493	0.8090358224824836		0.7621469710143863	0.8480136171621614	0.8160203711666058	0.9389041272301445	0.19828189955025502	0.873146821951482	0.2586669817066273	0.5231477583562082	0.8027690396436876	0.6629583989999479	0.6688440513907233	0.8176468964829342	0.7432454739368288		0.7031019364683884		expression_driven
STOmics0218	statistic_variance	2000	graphst	0		0.9359214395623776	0.9566752476013453	0.8251306325727875	0.8097487078900802		0.6042202080163346	0.8152793421100285	0.8661394561739167	0.9788461539902381	0.1596005463758264	0.8399001367094648	0.24208731773259548	0.48743994424292747	0.9066978725845719	0.6970689084137497	0.6625858217283511	0.7220601723628997	0.6923229970456254		0.6946959527296875		expression_driven
STOmics0218	statistic_variance	2000	graphst	1		0.9230231275045242	0.908798848795572	0.7881742375727663	0.7896988058281548		0.6724547042788657	0.8232196952198508	0.8983362648898319	0.957571342749861	0.17041973593402981	0.8621642138452661	0.25255942405049886	0.4968197155769403	0.8882201735020078	0.6925199445394741	0.6550937857943926	0.7673094590620659	0.7112016224282293		0.7018607834838517		expression_driven
STOmics0218	statistic_variance	2000	graphst	2		0.9372087376549715	0.8821317164540137	0.7344359340042376	0.8263232934563285		0.7531558593397766	0.8268008470055238	0.8775832073553134	0.9490244442768413	0.19616872487470402	0.8948046968035439	0.2667329910749521	0.5114847859401139	0.8607938255226014	0.6861393057313576	0.6767550073954173	0.8239802780716603	0.7503676427335388		0.7182534742324482		expression_driven
STOmics0218	triku	2000	graphst	0		0.971789189368395	0.8963615511975102	0.5680861723447511	0.9082160042530562		0.7381916051218236	0.7576658007815293	1.0306358040580694	0.8789019988558047	0.44823799461192376	0.9149980554167025	0.3297262157476748	0.6029518976967265	0.8434963816140338	0.7232241396553802	0.7365771364563752	0.8265948302692631	0.7815859833628191		0.7524050615090997		expression_driven
STOmics0218	triku	2000	graphst	1		0.98563632034135	0.9032944894847539	0.63166851576589	0.9445731598266524		0.6197196781181451	0.7433512281460298	1.0575215945462602	0.8972291645770281	0.41693390397545416	0.9089310077147982	0.33941947940633527	0.580142566060742	0.872428441093483	0.7262855035771125	0.7565429865247792	0.7643253429164716	0.7604341647206254		0.743359834148869		expression_driven
STOmics0218	triku	2000	graphst	2		0.9741782466706812	0.8498690606584343	0.5803857209678007	0.9227410443526504		0.7106052886861727	0.7639905656796429	1.0225834863925236	0.8842854435056103	0.43738036620696624	0.9305610425012388	0.3410074611272063	0.6006854659433045	0.8342809278810922	0.7174831969121984	0.7459755840501793	0.8205831655937057	0.7832793748219424		0.7503812858670704		expression_driven
STOmics0224	Brennecke	2000	graphst	0		0.962427052257969	0.5462760860416362	0.40669856465633974	0.8864138439207074		0.4570676123367191	0.16420666205098888	0.6915359515421415	0.8060296873187268	0.026167595049000826	0.6948657257723477	0.4267045898084565	0.09518712854999485	0.6126350723897112	0.353911100469853	0.758515161995711	0.5759666690545334	0.6672409155251222		0.5105760079974876		expression_driven
STOmics0224	Brennecke	2000	graphst	1		0.9394664244383748	0.6193651547131445	0.3421052630684211	0.8472938144273673		0.5054112848611814	0.18556384148793637	0.7211626430687287	0.7795846311398611	0.031327824770045525	0.7278000325117269	0.4167894204992248	0.10844583312899095	0.6155544229975388	0.36200012806326487	0.7345165531216556	0.6166056586864541	0.6755611059040549		0.51878061698366		expression_driven
STOmics0224	Brennecke	2000	graphst	2		0.9598779225829213	0.6050477472955565	0.314814814987963	0.8610088365560019		0.6499333235667142	0.16265934467903692	0.7221122009879617	0.7958093058646624	0.02740437509931963	0.7184897302178431	0.4042723730006567	0.09503185988917828	0.6094460172840359	0.3522389385866071	0.7417197107131933	0.6842115268922786	0.712965618802736		0.5326022786946716		expression_driven
STOmics0224	anticor	2000	graphst	0		0.9684762907257574	0.47015592228940756	0.6026119405205224	0.8720544919319607		0.5961028591650966	0.0740358356958544	0.5554965919762198	0.8834493918987188	0.009387613653309085	0.7064913633517749	0.4691738764249081	0.04171172467458174	0.6279284616712172	0.33482009317289946	0.769901553027542	0.6512971112584358	0.7105993321429889		0.5227097126579442		expression_driven
STOmics0224	anticor	2000	graphst	1		0.967078342387438	0.4496660997492643	0.4352409641370482	0.8903718703936072		0.5519115240935044	0.020579276045072994	0.6325682418507557	0.8935386544968942	0.002932027188488571	0.681910831196119	0.5088608695347088	0.011755651616780783	0.6027534900584905	0.3072545708376357	0.788770360771918	0.6169111776448117	0.7028407692083649		0.5050476700230003		expression_driven
STOmics0224	anticor	2000	graphst	2		0.9795943553857137	0.46005695243424055	0.4214876033092975	0.8803387334639301		0.6007656967538112	0.04049838073133734	0.6039580938982153	0.8712819914082222	0.00498334826934828	0.7740624474882543	0.4874228335636213	0.02274086450034281	0.5891961602624939	0.30596851238141837	0.782451974137755	0.6874140721210327	0.7349330231293938		0.5204507677554061		expression_driven
STOmics0224	dubstepr	2000	graphst	0		0.9813913249995871	0.48188080372426484	0.37842465765068495	0.8797864506951321		0.6746157574479609	0.11216924730044481	0.5586684837008004	0.8258007401732155	0.015752367926310823	0.6955048543540515	0.4479509000740574	0.06396080761337782	0.5611936713122414	0.31257723946280963	0.7697095585895921	0.6850603059010062	0.7273849322452992		0.5199810858540544		expression_driven
STOmics0224	dubstepr	2000	graphst	1		0.9732390394347386	0.4812209642885896	0.26309523812761904	0.9045471280892691		0.4765557303802396	0.1190303716300642	0.6091639219771381	0.8292895071317474	0.014458677623209208	0.7747421998005718	0.4806950901889635	0.0667445246266367	0.5456924078812735	0.3062184662539551	0.7861604192376571	0.6256489650904057	0.7059046921640314		0.5060615792089933		expression_driven
STOmics0224	dubstepr	2000	graphst	2		0.980231233326548	0.4226531301898971	0.30829015548665806	0.8909241531624051		0.437460762443363	0.08749697913292256	0.5912663189644564	0.8090080851787249	0.011827203220268022	0.7359304936888437	0.4449002033679347	0.04966209117659529	0.5328044224549341	0.2912332568157647	0.7720185299522959	0.5866956280661033	0.6793570790091996		0.4852951679124822		expression_driven
STOmics0224	hotspot	2000	graphst	0		0.9637946267527421	0.39361722436791496	0.46984924624396984	0.9166053019115099		0.6674297582987808	-0.05402725449437507	0.6372898076920118	0.9124552307687746	0.002801831134928138	0.8052532485427639	0.472951290745152	-0.02561271167972347	0.6033028772681678	0.28884508279422216	0.7844504064698014	0.7363415034207723	0.7603959549452868		0.5246205188697545		expression_driven
STOmics0224	hotspot	2000	graphst	1		0.9700973791503931	0.26844926979485406	0.4922779922484556	0.9023379970140774		0.5896655811696729	-0.04537718949151799	0.6532708851882478	0.9069670594241859	0.005477232893723058	0.7604642485930676	0.43869990055131597	-0.019949978298897466	0.5802413016639358	0.2801456616825192	0.7703784255719288	0.6750649148813703	0.7227216702266496		0.5014336659545844		expression_driven
STOmics0224	hotspot	2000	graphst	2		0.9812895249138889	0.37908946662526544	0.46703296716840664	0.9016016200626511		0.502645009556024	-0.056080641160065635	0.626912265118042	0.8958108470245879	0.0023659068817126648	0.7261555874566773	0.42458860528602793	-0.026857367139176486	0.5922113864840755	0.28267700967244946	0.7691599167541893	0.6144002985063506	0.6917801076302699		0.48722855865135967		expression_driven
STOmics0224	morans_i	2000	graphst	0		0.9567103925996355	0.3849782324578656	0.31954887213890976	0.8336708395005034		0.4166813014106273	0.25127523239713445	0.5997334590460018	0.852397468015722	0.022591866629957033	0.6863263309077111	0.3986636462215426	0.13693354951354575	0.5391645079146248	0.33804902871408526	0.7296816261072272	0.5515038161591692	0.6405927211331982		0.48932087492364174		spatially_informed
STOmics0224	morans_i	2000	graphst	1		0.9575165432865719	0.48067164476205493	0.4276729559855346	0.8821796759529521		0.5269400201154608	0.24347117742714433	0.6518105620072697	0.8577153605593002	0.022844098900767048	0.75651721469747	0.45373800062421604	0.13315763816395568	0.6044676308285398	0.36881263449624774	0.7644780732879134	0.6417286174064654	0.7031033453471893		0.5359579899217185		spatially_informed
STOmics0224	morans_i	2000	graphst	2		0.9555564584486183	0.4443773773855054	0.3541666665958334	0.839285714279797		0.4744675639290963	0.2732526229313033	0.6284030210392588	0.8338545304669414	0.025073167501606916	0.658734828924458	0.4149133199471289	0.14916289521645512	0.5652003988718848	0.35718164704416994	0.7365851642251814	0.5666011964267772	0.6515931803259793		0.5043874136850747		spatially_informed
STOmics0224	nbumi	2000	graphst	0		0.987728060298536	0.4351051362613931	0.4927536233485508	0.8898195876248093		0.6090128366940586	0.2582767030957755	0.6929595090320353	0.7981478968638086	0.02463473241230549	0.736181117560104	0.36511226955545717	0.1414557177540405	0.604741541376447	0.37309862956524376	0.7475533058262674	0.6725969771270812	0.7100751414766744		0.5415868855209591		expression_driven
STOmics0224	nbumi	2000	graphst	1		0.9864641841491302	0.27063835834781813	0.4792284866708457	0.8886229749958993		0.6520660046800711	0.2229881090462345	0.7162081296947761	0.8078466041442574	0.01745989714877498	0.7193118435971987	0.35639159489741645	0.12022400309750475	0.5684803947144244	0.3443521989059646	0.7438262513474819	0.6856889241386349	0.7147575877430584		0.5295548933245116		expression_driven
STOmics0224	nbumi	2000	graphst	2		0.9912859494810041	0.4489704000361328	0.41846153870869235	0.9159609720513977		0.5873773951669866	0.2592593367428297	0.6884213156965369	0.7939133621790326	0.02295239841150804	0.6557132721928954	0.38675551300594513	0.14110586757716886	0.5874416541550986	0.3642737608661337	0.764667478179449	0.621545333679941	0.693106405929695		0.5286900833979143		expression_driven
STOmics0224	nnsvg	2000	graphst	0		0.9580809816793809	0.5091673403155674	0.3434343434686869	0.8696612665636841		0.5867253507929601	0.14161301633383508	0.5707007986886403	0.8605924263595808	0.019717619656879196	0.677606711335607	0.40882443614390684	0.08066531799535714	0.5709737272081188	0.32581952260173797	0.7455222281289906	0.6321660310642836	0.6888441295966371		0.5073318260991875		spatially_informed
STOmics0224	nnsvg	2000	graphst	1		0.9712309475422038	0.49936402701879057	0.4540059347408012	0.8791421207245634		0.4998326280266753	0.09992408684204343	0.6052557826839571	0.8605876360589693	0.01893011536484838	0.6829251643388244	0.45146072133223825	0.05942710110344591	0.6048033451256295	0.3321152231145377	0.7672779298663351	0.5913788961827499	0.6793284130245425		0.5057218180695401		spatially_informed
STOmics0224	nnsvg	2000	graphst	2		0.9706518280361366	0.4897086011368276	0.38746438767749286	0.8958946980815867		0.6161422319415031	0.09734640263644898	0.5773503182346749	0.8468494176987377	0.016116178745668834	0.6967607703394096	0.4441013132762804	0.05673129069105891	0.5753431811869333	0.3160372359389961	0.7702159464646678	0.6564515011404564	0.7133337238025621		0.5146854798707791		spatially_informed
STOmics0224	osca	2000	graphst	0		0.9928341575695597	0.4666703101103125	0.4437751005637551	0.9076767305194284		0.549401897441357	-0.10044380623684343	0.6598875668595686	0.8984860179539217	0.0009669258720542249	0.7147641424987985	0.4146382083749397	-0.0497384401823946	0.6172047488718895	0.28373315434474744	0.771716365487976	0.6320830199700778	0.7018996927290269		0.49281642353688715		expression_driven
STOmics0224	osca	2000	graphst	1		0.9682984116351063	0.5442320710336114	0.5452830190090565	0.914948453605116		0.6325900196440271	-0.14279558381407864	0.6823341910623574	0.9215717526677148	-0.007099763990601967	0.7560753576124063	0.4072397162455731	-0.0749476739023403	0.6733552584431851	0.2992037922704224	0.7634955271619318	0.6943326886282166	0.7289141078950743		0.5140589500827484		expression_driven
STOmics0224	osca	2000	graphst	2		0.9760129524404602	0.4454965326655337	0.44884488476476897	0.9194587628468137		0.7105846284214679	-0.14092775730680748	0.6850868598689599	0.9022439295393333	-0.007341496770840198	0.7255902842606955	0.3884200215434002	-0.07413462703882384	0.6204180517096489	0.2731417123354125	0.7612972456102246	0.7180874563410817	0.7396923509756532		0.5064170316555329		expression_driven
STOmics0224	scPNMF	2000	graphst	0		0.9705624831684618	0.5865449613168261	0.7285714285957143	0.9131075110056373		0.5729672033600672	-0.009447392202938597	0.6924269446269056	0.8572521475527975	0.021694452769842113	0.8357223984413956	0.47984314816754137	0.006123530283451758	0.7161988705230609	0.36116120040325633	0.7878377141138801	0.7043448009007314	0.7460912575073058		0.553626228955281		expression_driven
STOmics0224	scPNMF	2000	graphst	1		0.9724082164386353	0.435370182471177	0.4207920793341584	0.9053755522424659		0.6156713152783448	0.023221325002164096	0.7108472036885947	0.8711777898068221	0.019307142403148188	0.80545596526824	0.42217142059198365	0.021264233702656142	0.609546813825188	0.3154055237639221	0.766651729757695	0.7105636402732924	0.7386076850154937		0.5270066043897079		expression_driven
STOmics0224	scPNMF	2000	graphst	2		0.9440096522518497	0.5709069905488445	0.3422818794684564	0.8678203239642055		0.5757730966217537	-0.003898048892639761	0.6787987763705485	0.8579390898893052	0.022762932301905677	0.7204807605281041	0.41341344438032007	0.009432441704632958	0.6124816840692886	0.3109570628869608	0.7417478068654585	0.6481269285749289	0.6949373677201938		0.5029472153035772		expression_driven
STOmics0224	scanpy_cell_ranger	2000	graphst	0		0.9880134747861271	0.6590817478402904	0.285234899557047	0.9526877761764613		0.5046307576676029	0.2725567583405779	0.760234712779815	0.7316227137350786	0.03014650780034508	0.7461180671317423	0.2852206622956701	0.15135163307046148	0.6090435184780578	0.38019757577425967	0.7419739710860861	0.6253744123996726	0.6836741917428794		0.5319358837585695		expression_driven
STOmics0224	scanpy_cell_ranger	2000	graphst	1		1.0061176940348893	0.7070752224846287	0.5917721518933545	0.9658505154258414		0.6374168690208416	0.24837798941111006	0.757365003594418	0.743603758517707	0.031983281501833084	0.8040036387919712	0.28860441616867166	0.14018063545647158	0.699954034122527	0.4200673347894993	0.7535242085431341	0.7207102539064064	0.7371172312247702		0.5785922830071348		expression_driven
STOmics0224	scanpy_cell_ranger	2000	graphst	2		0.996773473659939	0.6659578912488551	0.5466237941343248	0.9532400589452592		0.6889465236806865	0.27236299153814797	0.7520806011400708	0.7224241910639592	0.02991132564567113	0.7794128757521295	0.32481214901318733	0.15113715859190954	0.6717716193968024	0.411454388994356	0.7582752272061285	0.7341796997164081	0.7462274634612682		0.5788409262278121		expression_driven
STOmics0224	scanpy_cell_ranger_batch	2000	graphst	0		0.9885319563799048	0.6389636899478547	0.38235294115147056	0.9494661266549878		0.694589329747004	0.46311419530116443	0.7729493830359405	0.7024843721349687	0.08088772741379097	0.7499191366653771	0.2683035777989856	0.2720009613574777	0.6241875965675586	0.4480942789625182	0.7354338869446261	0.7222542332061905	0.7288440600754083		0.5884691695189632		expression_driven
STOmics0224	scanpy_cell_ranger_batch	2000	graphst	1		0.9705891854670612	0.5917417666690983	0.3789808917007962	0.9301362297470595		0.5454850050570497	0.4408144020088096	0.7839336606766322	0.6821547241859592	0.08260758409812528	0.9111954427654422	0.20982411256132413	0.26171099305346746	0.6092027608081214	0.43545687693079443	0.7035165092584815	0.728340223911246	0.7159283665848637		0.5756926217578291		expression_driven
STOmics0224	scanpy_cell_ranger_batch	2000	graphst	2		0.9719155758334649	0.546314359198365	0.4121212123324242	0.9181701031265895		0.4943420256848852	0.4536576574383845	0.7797898656997327	0.6937496564796536	0.08007059088750784	0.7385324314550347	0.2616564332008579	0.26686412416294614	0.6079937734275439	0.437428948795245	0.7172473707203041	0.61643722856996	0.666842299645132		0.5521356242201885		expression_driven
STOmics0224	scanpy_pearson	2000	graphst	0		0.9908380716627783	0.4325431071014812	0.394329897178866	0.9309646539002564		0.42383028878601686	0.06251328725117009	0.5876572655523291	0.7611355191427924	0.027744550297198925	0.7286801452607176	0.45530259496942455	0.045128918774184505	0.5439164472438672	0.29452268300902584	0.7923684401774863	0.5762552170233672	0.6843118286004268		0.48941725580472634		expression_driven
STOmics0224	scanpy_pearson	2000	graphst	1		0.9993582311694849	0.5549946759551158	0.32807017569061403	0.9432989691068961		0.3697413613507346	0.011714625018620068	0.6734823662498335	0.7954784426834337	0.0157593271193763	0.7769012536457041	0.46127737032053945	0.013736976068998184	0.5880064151447492	0.30087169560687366	0.8013115235323068	0.5733213074982193	0.6873164155152631		0.4940940555610684		expression_driven
STOmics0224	scanpy_pearson	2000	graphst	2		0.9771657398669975	0.5038674946148654	0.37080536899916106	0.9097017673015354		0.36135611627247854	0.1454493694060101	0.6052071974477454	0.7273448455777859	0.032624452932539356	0.6756738968175311	0.4500599169797978	0.08903691116927473	0.5518062266598894	0.32042156891458207	0.7789758080494437	0.5185150065450048	0.6487454072972243		0.4845834881059032		expression_driven
STOmics0224	scanpy_pearson_batch	2000	graphst	0		0.9319664984392582	0.64014347073604	0.29010238928302046	0.7736561118841553		0.4776253104286935	0.6978202467494916	0.7683647977720909	0.5261846301310329	0.19507740461750528	0.49436633832686344	0.27820531405129106	0.4464488256834984	0.556198821980546	0.5013238238320222	0.6612759747915682	0.48599582437777844	0.5736358995846733		0.5374798617083478		expression_driven
STOmics0224	scanpy_pearson_batch	2000	graphst	1		0.9383620628995131	0.7269893900708361	0.6071428574464286	0.8102908689179047		0.4049084591045629	0.6026242824941065	0.7663623903369703	0.6092917427027211	0.1401324532865664	0.5723355497513344	0.32021114965569225	0.37137836789033646	0.677446595139239	0.5244124815147877	0.6896213604910367	0.4886220044279487	0.5891216824594927		0.5567670819871402		expression_driven
STOmics0224	scanpy_pearson_batch	2000	graphst	2		0.9454478001229982	0.6642721214639175	0.1630695445826139	0.8217047127695768		0.4232420023848157	0.5602548507105716	0.7274458441061616	0.5757194588266187	0.12581155603688504	0.6054943026023548	0.28922003904184623	0.34303320337372833	0.532626742244828	0.43782997280927816	0.6854575173114738	0.5143681524935853	0.5999128349025296		0.5188714038559039		expression_driven
STOmics0224	scanpy_seurat	2000	graphst	0		0.9634670063866929	0.668024302594988	0.42889908268577986	0.8827319587217501		0.7081574009118092	0.0650290502725008	0.7431434947425956	0.833980657153548	0.00597433831006132	0.8809898243288612	0.3403780458870998	0.03550169429128106	0.6685118842942279	0.3520067892927545	0.728859003665181	0.7945736126203352	0.761716308142758		0.5568615487177563		expression_driven
STOmics0224	scanpy_seurat	2000	graphst	1		0.944992695745054	0.7261920161515858	0.4553571427660715	0.8823637702460371		0.5995891027305823	0.08491343405116489	0.7435383889464533	0.8194514340159388	0.01494592188278405	0.7450253880890111	0.3917920113512809	0.04992967796697447	0.6861347454700124	0.36803221171849343	0.739716159114124	0.6723072454097967	0.7060117022619603		0.5370219569902268		expression_driven
STOmics0224	scanpy_seurat	2000	graphst	2		0.9677759511269338	0.599885223993277	0.33392857161678574	0.9036266568447581		0.5035828003149172	0.028224156847126345	0.7517400960316816	0.8211376395884928	0.004134661459640192	0.7304545356614469	0.3667001003814404	0.01617940915338327	0.6266728828075593	0.32142614598047126	0.7460342361177107	0.6170186679881821	0.6815264520529464		0.5014762990167088		expression_driven
STOmics0224	scanpy_seurat_batch	2000	graphst	0		0.9792109491536641	0.6073411490729	0.4086538464317308	0.9174337260647067		0.4796458673270256	0.11744608963419619	0.7638065939457417	0.8363155951887654	0.02556702435761443	0.7725928306303325	0.37239269910970235	0.0715065569959053	0.6540292961597844	0.36276792657784485	0.7563457914426911	0.626119348978679	0.6912325702106851		0.527000248394265		expression_driven
STOmics0224	scanpy_seurat_batch	2000	graphst	1		0.9699665478514303	0.6794511295586044	0.5519480521853896	0.9062960235974336		0.7088415948377846	0.0712997235741502	0.7828503774706105	0.8422306796872456	0.020862646418318895	0.9038875709099125	0.3450581855563028	0.046081184996234544	0.7141200597254626	0.3801006223608486	0.7404402523350555	0.8063645828738486	0.773402417604452		0.5767515199826503		expression_driven
STOmics0224	scanpy_seurat_batch	2000	graphst	2		0.9635541304256624	0.6307965119397282	0.53125000010625	0.87076583210128		0.5091078188581727	0.07915963545786821	0.7701913349732054	0.8339570191911927	0.018738416780109943	0.7544811104093531	0.3045464732168786	0.048949026118989075	0.6915487165525941	0.3702488713357916	0.7129554785812737	0.6317944646337629	0.6723749716075182		0.521311921471655		expression_driven
STOmics0224	scanpy_seurat_v3	2000	graphst	0		0.9727959342871749	0.49858684353304233	0.547029703134406	0.8792341679263341		0.6634973521640961	0.33921758567529425	0.7174925484455236	0.7602789620243491	0.02209854566957377	0.7141340034165238	0.35991661542081776	0.180658065672434	0.6308470142843303	0.4057525399783822	0.7373155725447756	0.6888156777903099	0.7130656251675428		0.5594090825729625		expression_driven
STOmics0224	scanpy_seurat_v3	2000	graphst	1		0.9633054111214228	0.4607199735122366	0.4086538464317308	0.9116347569923283		0.4942640709792192	0.316150972921318	0.7395952878130437	0.773269263401252	0.024118273798541746	0.6649258957758397	0.4178197038861951	0.17013462335992988	0.5955595927895658	0.38284710807474787	0.7642532906666487	0.5795949833775295	0.6719241370220891		0.5273856225484185		expression_driven
STOmics0224	scanpy_seurat_v3	2000	graphst	2		0.9968531178127218	0.537189803259851	0.5257731959551547	0.9368556700639491		0.6331406218365021	0.3485292061108596	0.7005495985895637	0.7822160090233204	0.022561383227520496	0.7105629413982417	0.4337351860350437	0.18554529466919004	0.6364321517069724	0.4109887231880812	0.7891479913039049	0.6718517816173719	0.7304998864606385		0.5707443048243599		expression_driven
STOmics0224	scanpy_seurat_v3_batch	2000	graphst	0		0.9378515121130355	0.6109993790366977	0.35864978929673	0.8611008836473159		0.9039731757189359	0.724676504156519	0.7667660254758326	0.5600511238508247	0.14797879692203436	0.6766786652077956	0.31206228215997733	0.4363276505392767	0.5741165794150213	0.505222114977149	0.7036715593067763	0.7903259204633657	0.746998739885071		0.62611042743111		expression_driven
STOmics0224	scanpy_seurat_v3_batch	2000	graphst	1		0.9333886816763759	0.6523221961453113	0.1709770117091954	0.7951030927759611		0.5749629822910104	0.7400553943084661	0.7516597159056114	0.556070411960802	0.15601306772387283	0.7040357806324099	0.26886297256877695	0.44803423101616946	0.53275733393023	0.4903957824731997	0.6657849156737047	0.6394993814617101	0.6526421485677074		0.5715189655204536		expression_driven
STOmics0224	scanpy_seurat_v3_batch	2000	graphst	2		0.9304350250971967	0.6939514089502515	0.2335164833717033	0.8072533136895159		0.6007096432672594	0.6780996648922509	0.7271559237632372	0.545220174053333	0.1331502736005289	0.6753160257353138	0.2584832989601202	0.4056249692463899	0.5499609975346313	0.47779298339051063	0.665390545915611	0.6380128345012865	0.6517016902084487		0.5647473367994796		expression_driven
STOmics0224	scry	2000	graphst	0		0.959831053808604	0.547426913921206	0.4456928841641386	0.8542893961286557		0.586424964690502	0.015054349272433234	0.5278218827016701	0.8832819968131489	-0.00360352760241834	0.6801493287114027	0.44169145265938414	0.005725410835007447	0.6010559194000409	0.30339066511752416	0.751937300865548	0.6332871467009523	0.6926122237832502		0.4980014444503872		expression_driven
STOmics0224	scry	2000	graphst	1		0.9496128723176893	0.5298343147362449	0.340000000068	0.8558541973437355		0.5267647122162243	0.036240489633497346	0.5865116673258576	0.8776571590897895	0.0010782512882299602	0.718615460476714	0.4570745359917657	0.018659370460863654	0.583500785304973	0.3010800778829183	0.7541805352177301	0.6226900863464692	0.6884353107820996		0.49475769433250893		expression_driven
STOmics0224	scry	2000	graphst	2		0.9650649188171676	0.4551570089848908	0.4047619046809524	0.863402061813822		0.5223781591764194	0.05146215239221451	0.5599756552896454	0.8430610578751264	0.007380355891711076	0.6802364458145191	0.4809679009709119	0.029421254141962793	0.5657389067076538	0.2975800804248083	0.7698116272006338	0.6013073024954693	0.6855594648480515		0.4915697726364299		expression_driven
STOmics0224	seurat_disp	2000	graphst	0		0.9742201846682738	0.6083480278968799	0.351239669495248	0.8585235640964111		0.6329195406147878	0.12166431599467628	0.691525901651645	0.7917115668405074	0.024296884847015948	0.8057013622070028	0.38560969510754184	0.07298060042084611	0.61070629147107	0.34184344594595806	0.7394511479574088	0.7193104514108953	0.7293807996841521		0.5356121228150551		expression_driven
STOmics0224	seurat_disp	2000	graphst	1		0.9683476059464025	0.6238240809593845	0.3617021278223404	0.87076583210128		0.4921110576615975	0.12054538544007412	0.7162988598782045	0.7942620976097667	0.024087677629443034	0.7708122895194676	0.42777561016663584	0.07231653153475857	0.624021791567424	0.3481691615510913	0.755629682738106	0.6314616735905325	0.6935456781643192		0.5208574198577053		expression_driven
STOmics0224	seurat_disp	2000	graphst	2		0.9373170084645612	0.6198152477736454	0.27717391308043476	0.8740795287140677		0.7077146403063376	0.11004641173264201	0.7099280785096005	0.7914719358428313	0.02332416927038808	0.7098824817308362	0.42284706301161423	0.06668529050151505	0.599597293801628	0.3331412921515715	0.744747866730081	0.708798561018587	0.7267732138743339		0.5299572530129527		expression_driven
STOmics0224	seurat_mvp	2000	graphst	0		0.9734274096188624	0.6773167615302038	0.5887445887427489	0.8932253313289111		0.5340358572786063	0.03654129998842603	0.7524097113064565	0.8285654471597573	0.004826747884910173	0.7422209359664818	0.355354862164213	0.0206840239366681	0.7117591271847916	0.3662215755607299	0.7406692010373289	0.638128396622544	0.6893987988299364		0.5278101871953331		expression_driven
STOmics0224	seurat_mvp	2000	graphst	1		0.9707229908187615	0.5606849065403271	0.36710963444842193	0.9002209131406562		0.606307815304215	0.03276078044317076	0.7479875144150037	0.8410770702424224	0.007959463159079567	0.7337956379459784	0.36958862736961245	0.020360121801125165	0.6292147814115437	0.32478745160633443	0.7468441771096767	0.6700517266250967	0.7084479518673867		0.5166177017368606		expression_driven
STOmics0224	seurat_mvp	2000	graphst	2		0.9740300665315188	0.4968583177829178	0.3119266055123853	0.9009572900920824		0.7455700255021159	0.015782664124177097	0.7392675388463825	0.8430760665960593	-0.0005238448301355117	0.8086099679159854	0.3499879965256819	0.007629409647020793	0.5977821321844362	0.3027057709157285	0.7416584510497609	0.7770899967090507	0.7593742238794058		0.5310399973975671		expression_driven
STOmics0224	seurat_sct	2000	graphst	0		0.9743977547006335	0.5119338217526064	0.5288888888057778	0.9064801177800619		0.6984916062871499	-0.12321548014242144	0.6563212245321568	0.9027225528565715	-0.00044968551102440147	0.7984883883605568	0.42265562895559483	-0.061832582826722916	0.6499666219867781	0.2940670195800276	0.7678445004787634	0.7484899973238534	0.7581672489013084		0.526117134240668		expression_driven
STOmics0224	seurat_sct	2000	graphst	1		0.9727808343408226	0.42171266066615226	0.5862068967422414	0.8839285714611167		0.5182767477279296	-0.12735620545145893	0.6826039413320494	0.9123292690131669	0.000565847872001992	0.6983670566323704	0.40439270396052246	-0.06339517878972847	0.6507131919384025	0.293659006574337	0.7537007032541538	0.60832190218015	0.6810113027171519		0.4873351546457445		expression_driven
STOmics0224	seurat_sct	2000	graphst	2		0.9651797821044132	0.5300708526496605	0.534965035181993	0.9019698085383642		0.522958337895646	-0.14448922607395298	0.6865300573906029	0.8943383056960066	-0.004808326451661712	0.7841797285732941	0.3806706152962606	-0.07464877626280735	0.6614760627295657	0.2934136432333792	0.7492734019796794	0.6535690332344701	0.7014212176070748		0.497417430420227		expression_driven
STOmics0224	seurat_vst	2000	graphst	0		0.9688677459841258	0.4984774685551934	0.5821917810664384	0.8961708394659857		0.7337179499355967	0.33825147091124813	0.7165040657235714	0.7592903200869509	0.021872782409618853	0.7113323985153351	0.37575078587221655	0.1800621266604335	0.6391159088580386	0.40958901775923606	0.746929790440776	0.7225251742254659	0.7347274823331209		0.5721582500461785		expression_driven
STOmics0224	seurat_vst	2000	graphst	1		0.96087290788584	0.5907254569914954	0.5260586319052117	0.8937776140977091		0.5298308656503085	0.31323287740564204	0.7397684508459227	0.7736945487205419	0.02178060514518109	0.6456824261520263	0.38469808978263687	0.16750674127541157	0.6575617721157929	0.41253425669560223	0.7464495372553953	0.5877566459011674	0.6671030915782814		0.5398186741369418		expression_driven
STOmics0224	seurat_vst	2000	graphst	2		0.977051462608315	0.5358650841720773	0.5275862068555173	0.8993004417856886		0.7558427052559872	0.3455396617665264	0.6999630345459701	0.776437576300345	0.021712772611503055	0.7280928381685828	0.3872790322814394	0.18362621718901473	0.6349629754684776	0.40929459632874615	0.754543645558481	0.741967771712285	0.7482557086353829		0.5787751524820646		expression_driven
STOmics0224	singleCellHaystack	2000	graphst	0		0.9964712214064231	0.5121247456617635	0.5246913580299383	0.9607879234153457		0.5344500493465788	0.1404157924110375	0.6581601464660025	0.7731150911431386	0.012301244637126762	0.66482966644016	0.40997320315996444	0.07635851852408213	0.6170228353252107	0.34669067692464645	0.7890774493272444	0.5996398578933694	0.6943586536103069		0.5205246652674766		expression_driven
STOmics0224	singleCellHaystack	2000	graphst	1		0.9763336620604547	0.48141693735751956	0.3976608189545322	0.926362297456788		0.5310784645585674	0.09726962161525865	0.6429907961554507	0.8010927484457697	0.013875087796360033	0.6513506273651266	0.4171567328855832	0.05557235470580934	0.5807903252283181	0.3181813399670637	0.7732842308009419	0.591214545961847	0.6822493883813945		0.5002153641742291		expression_driven
STOmics0224	singleCellHaystack	2000	graphst	2		0.9819721907694425	0.515184121622243	0.5718654434393732	0.9097938143928496		0.6126484854875943	0.15579199024514387	0.6226142385182443	0.7532273466001177	0.016821496120660803	0.6832066729259446	0.3790911131178122	0.08630674318290234	0.6157227875449945	0.35101476536394843	0.7569523727600348	0.6479275792067695	0.7024399759834021		0.5267273706736753		expression_driven
STOmics0224	somde	2000	graphst	0		0.960412539383885	0.47397096075070383	0.46363636376772727	0.8443483062902928		0.47961577354263124	0.22745863655819942	0.6112284677522136	0.868076194503485	0.021520395564279184	0.7394317711458994	0.4067077708885684	0.1244895160612393	0.6042279966935324	0.36435875637738585	0.7371562055209154	0.6095237723442654	0.6733399889325904		0.5188493726549881		spatially_informed
STOmics0224	somde	2000	graphst	1		0.9588434403059121	0.4117763185089262	0.5209677422041936	0.8522643593465488		0.5880212841121791	0.20635658736797732	0.6838447285496988	0.8755698761171659	0.019131847812049078	0.7026896923320919	0.41392082441371325	0.1127442175900132	0.6230396663449961	0.36789194196750463	0.7416762080220581	0.6453554882221355	0.6935158481220969		0.5307038950448008		spatially_informed
STOmics0224	somde	2000	graphst	2		0.9676505680358819	0.4420085618148168	0.4371428574124286	0.8597201767253211		0.5720522024423925	0.22553427066758125	0.652074012572446	0.8631609646733062	0.022866045392783686	0.6909823819414902	0.40986696967844327	0.12420015803018247	0.5985965991182494	0.3613983785742159	0.7457459048132155	0.6315172921919414	0.6886315985025784		0.5250149885383971		spatially_informed
STOmics0224	sparkx	2000	graphst	0		0.9669141395483877	0.4344189803801198	0.2032608697906522	0.8577871870345284		0.4173131064215045	0.16292863315840916	0.4984461506192727	0.8093314564552133	0.030793505000638557	0.6724144504800795	0.43394457425844635	0.09686106907952385	0.48636436431131447	0.29161271669541916	0.7528819669471208	0.544863778450792	0.6488728726989564		0.47024279469718777		spatially_informed
STOmics0224	sparkx	2000	graphst	1		0.9529362352335137	0.4017199549547249	0.170000000034	0.8611929307386301		0.5029553734257803	0.1723429634998298	0.5226899412656951	0.8099068483116819	0.029183621717769184	0.6530445198199534	0.42298894536644455	0.10076329260879949	0.47607918614152545	0.28842123937516245	0.7457060371128628	0.5779999466228669	0.6618529918678648		0.4751371156215136		spatially_informed
STOmics0224	sparkx	2000	graphst	2		0.9706482392445025	0.42236616638499547	0.24147727269829547	0.8668078056283803		0.45524577919321996	0.16465748603149827	0.5431138815718762	0.7962475447100111	0.0322216624369599	0.6905494347198522	0.44388563773412637	0.09843957423422908	0.5008012163412946	0.29962039528776185	0.7604472275356698	0.5728976069565361	0.6666724172461029		0.4831464062669324		spatially_informed
STOmics0224	spatialde	2000	graphst	0		0.9562098532751842	0.519397786356148	0.4847908747719582	0.8324742267611368		0.5843900094614787	0.2492187600899908	0.6119996068688018	0.8685735542399442	0.026592184559475672	0.6840164614626751	0.383280562889161	0.13790547232473324	0.621190455559213	0.37954796394197315	0.723988214308494	0.6342032354620769	0.6790957248852855		0.5293218444136293		spatially_informed
STOmics0224	spatialde	2000	graphst	1		0.9668753231780755	0.38368044526417017	0.5055762082511153	0.8953424153127888		0.6037416139289683	0.217908798082529	0.6884326745425257	0.8729901663052871	0.020677613934915896	0.7697797703242958	0.45257665897065563	0.11929320600872245	0.6126698735907745	0.36598153979974846	0.7715981324871732	0.686760692126632	0.7291794123069026		0.5475804760533256		spatially_informed
STOmics0224	spatialde	2000	graphst	2		0.9712336632019437	0.4338664105847436	0.4309859155611972	0.8621134020935977		0.6397161442316074	0.19027118454013658	0.6391323392273595	0.8713502981828771	0.0163490300506861	0.6860008969749706	0.39441488982465733	0.10331010729541135	0.5938337408890444	0.34857192409222787	0.7425873183733996	0.662858520603289	0.7027229194883443		0.5256474217902861		spatially_informed
STOmics0224	statistic_mean	2000	graphst	0		0.9495899851157021	0.476274891406005	0.19101123588820224	0.849502945502559		0.45326077381056395	0.1362969727467644	0.48893914798808485	0.818520624016711	0.010323003972718537	0.676709120826132	0.49611440569358844	0.07330998835974147	0.4936864748247508	0.28349823159224613	0.7650691121039498	0.5649849473183479	0.6650270297111489		0.4742626306516975		expression_driven
STOmics0224	statistic_mean	2000	graphst	1		0.9580556304552789	0.3449628991418219	0.273514851354703	0.8572349042657303		0.49286544477599453	0.08604283055729935	0.5538843900625856	0.8616715827729794	0.006121276657247578	0.6489214594396021	0.4668544667253782	0.046082053607273465	0.5085084308330224	0.27729524222014795	0.7607150004821291	0.5708934521077983	0.6658042262949637		0.47154973425755586		expression_driven
STOmics0224	statistic_mean	2000	graphst	2		0.9453968544813848	0.4006226738306865	0.3064903846112981	0.8561303387281344		0.5572432885499234	0.10259320071578004	0.5535356579124576	0.8082600187266786	0.01073124519560789	0.6690801922073595	0.4991350277067472	0.05666222295569397	0.5172271837702802	0.2869447033629871	0.7668874069720887	0.6131617403786415	0.6900245736753651		0.4884846385191761		expression_driven
STOmics0224	statistic_variance	2000	graphst	0		0.966533739457095	0.4421005998353019	0.32807017569061403	0.8901877761005225		0.5283085750814192	-0.019284075564895465	0.5001136972228782	0.8532378842306441	0.008310397921994733	0.6631090799970342	0.4497051139849763	-0.005486838821450366	0.5308805892448595	0.26269687521170454	0.7688088765141979	0.5957088275392266	0.6822588520267123		0.4724778636192084		expression_driven
STOmics0224	statistic_variance	2000	graphst	1		0.967803288430547	0.467203525949169	0.24401913862380384	0.8900957290092083		0.5142225088501563	-0.09582549109833391	0.526212900932533	0.8923002752430368	-0.003412290751445235	0.7324181636914269	0.4658552301962624	-0.049618890924889573	0.5324339601871356	0.24140753463112302	0.7745847492120058	0.6233203362707915	0.6989525427413987		0.4701800386862609		expression_driven
STOmics0224	statistic_variance	2000	graphst	2		0.9689178759145113	0.4466387796747462	0.30979498868695904	0.8844808542299147		0.5557441034820448	-0.02808346392811193	0.5066460177576304	0.8278481618144637	0.005873372188066568	0.7417809545435189	0.45228213498374753	-0.011105045870022682	0.5227319869834499	0.2558134705567136	0.7685602883760577	0.6487625290127819	0.7086614086944198		0.48223743962556676		expression_driven
STOmics0224	triku	2000	graphst	0		0.9886343543160679	0.41963867886567224	0.3863636364022728	0.8693851251792852		0.6672759033287015	0.24313746324883412	0.6668641979926309	0.8387968334629445	0.010800973597628655	0.7493224615685742	0.37665438638706367	0.1269692184232314	0.5779158366808801	0.35244252755205574	0.7448912886274722	0.7082991824486378	0.7265952355380549		0.5395188815450553		expression_driven
STOmics0224	triku	2000	graphst	1		0.9743400249761995	0.45484361393098255	0.5	0.882087628861638		0.5483762829662345	0.20869166673498413	0.7024114870879109	0.8477224584679353	0.010889381644849538	0.7088996572754988	0.39524994727756235	0.10979052418991683	0.6262443898717072	0.368017457030812	0.7505592003718	0.6286379701208666	0.6895985852463333		0.5288080211385726		expression_driven
STOmics0224	triku	2000	graphst	2		0.9835747036085811	0.4165187330648252	0.4722222222694445	0.9062960235974336		0.6137327543268004	0.18159157278407667	0.6770728425628642	0.8323294813790089	0.004825942771578957	0.7828254424491091	0.4238140212740144	0.09320875777782782	0.5995358198190357	0.34637228879843174	0.7712282494933431	0.6982790983879548	0.7347536739406489		0.5405629813695403		expression_driven
