dataset	fs_method	n_features	MethodGroup	CanonicalConfig	integration_method	BatchMixingMean	BatchMixingSD	BatchMixingNSeeds	BiologicalConservationMean	BiologicalConservationSD	BiologicalConservationNSeeds	IntegrationMean	IntegrationSD	IntegrationNSeeds	LabelIndependentClusteringMean	LabelIndependentClusteringSD	LabelIndependentClusteringNSeeds	LabelAgreementMean	LabelAgreementSD	LabelAgreementNSeeds	ClusteringMean	ClusteringSD	ClusteringNSeeds	AlignmentMean	AlignmentSD	AlignmentNSeeds	CoreOverallMean	CoreOverallSD	CoreOverallNSeeds	AlignmentEligibleOverallMean	AlignmentEligibleOverallSD	AlignmentEligibleOverallNSeeds	BatchMixingRank	BiologicalConservationRank	IntegrationRank	LabelIndependentClusteringRank	LabelAgreementRank	ClusteringRank	AlignmentRank	CoreOverallRank	AlignmentEligibleOverallRank
DLPFC	Brennecke	2000	expression_driven	configs/rebuild_v1/non_spatial_downstream/canonical/dlpfc.yaml	cellcharter	0.6027768003037455	0.0014756408265539	3	0.8511928773946383	0.0091343660383141	3	0.7269848388491919	0.0044783774504211	3	0.6770619605031593	0.0077637964529055	3	0.6045300817662366	0.0378757926314918	3	0.6407960211346979	0.017651522541277	3	0.8515784664846677	0.0062835652961512	3	0.6838904299919449	0.0095044503884867	3	0.7397864421561859	0.0083397148803509	3	5.0	25.0	26.0	25.0	27.0	27.0	27.0	27.0	28.0
DLPFC	Brennecke	2000	expression_driven	configs/rebuild_v1/non_spatial_downstream/canonical/dlpfc.yaml	scvi	0.8575313007763056	0.0191487452037109	3	0.6286432292469821	0.0178061847065468	3	0.7430872650116438	0.0112579290956537	3	0.4279932018445287	0.0083542791059692	3	0.4523045572990997	0.024047738358732	3	0.4401488795718142	0.0119174152565363	3	0.7251048785642406	0.0089283602795805	3	0.591618072291729	0.0100626739758372	3	0.6361136743825662	0.0096108795624819	3	6.0	27.0	18.0	27.0	26.0	27.0	29.0	26.0	27.0
DLPFC	anticor	2000	expression_driven	configs/rebuild_v1/non_spatial_downstream/canonical/dlpfc.yaml	cellcharter	0.5361794303507982	0.001831856888663	3	0.9182927755907048	0.0311515964241503	3	0.7272361029707515	0.0164916106357032	3	0.7232766891251775	0.0015987729430312	3	0.6962529099944604	0.0192892902546022	3	0.709764799559819	0.0101695692912489	3	0.917312075942172	0.0074896920449659	3	0.7185004512652852	0.0130899116778754	3	0.7847709928242476	0.0069880141251843	3	28.0	19.0	25.0	2.0	11.0	10.0	14.0	14.0	13.0
DLPFC	anticor	2000	expression_driven	configs/rebuild_v1/non_spatial_downstream/canonical/dlpfc.yaml	scvi	0.7278972203226646	0.0534098794976199	3	0.7303041041834142	0.0239039085406495	3	0.7291006622530394	0.0383426150250033	3	0.4972734964850218	0.0114451026443644	3	0.6943105858480122	0.0321572152421962	3	0.5957920411665171	0.0109523246827441	3	0.7989031743850794	0.0324055230094983	3	0.6624463517097782	0.0161273358913765	3	0.7079319592682118	0.0214768064978304	3	24.0	9.0	23.0	15.0	11.0	11.0	10.0	15.0	13.0
DLPFC	dubstepr	2000	expression_driven	configs/rebuild_v1/non_spatial_downstream/canonical/dlpfc.yaml	cellcharter	0.5676949608535634	0.0035454056306042	3	0.95425417985785	0.0048231659321575	3	0.7609745703557067	0.0012129408840161	3	0.706922386740961	0.0009834632237789	3	0.6881526847236229	0.0631230042567407	3	0.6975375357322919	0.0319874030802809	3	0.9296509408060478	0.0034904389986611	3	0.7292560530439993	0.0155654467168986	3	0.7960543489646822	0.010681626843384	3	14.0	7.0	7.0	9.0	13.0	13.0	7.0	10.0	10.0
DLPFC	dubstepr	2000	expression_driven	configs/rebuild_v1/non_spatial_downstream/canonical/dlpfc.yaml	scvi	0.8113686337161141	0.0337635512217888	3	0.7281999369782866	0.0062750372324471	3	0.7697842853472004	0.0153064050489661	3	0.5152503300898409	0.0082037124626367	3	0.7086935325682492	0.0168427154736801	3	0.611971931329045	0.0098266472219332	3	0.8141767943246973	0.0036840877149621	3	0.6908781083381227	0.0110131827559994	3	0.7319776703336475	0.0071003016097685	3	14.0	10.0	9.0	3.0	8.0	6.0	9.0	7.0	7.0
DLPFC	hotspot	2000	expression_driven	configs/rebuild_v1/non_spatial_downstream/canonical/dlpfc.yaml	cellcharter	0.5412582743306723	0.0043014037650316	3	0.9255143520029544	0.0441770581789831	3	0.7333863131668134	0.020849120874227	3	0.7263796062481965	0.0040861638735604	3	0.6857936671180017	0.0967744558755323	3	0.7060866366830991	0.0468633757726111	3	0.9274054422436844	0.0037376169007899	3	0.7197364749249563	0.027380104299377	3	0.788959464031199	0.0192128860507899	3	26.0	18.0	24.0	1.0	14.0	11.0	8.0	13.0	12.0
DLPFC	hotspot	2000	expression_driven	configs/rebuild_v1/non_spatial_downstream/canonical/dlpfc.yaml	scvi	0.7897886676170446	0.0252986896327954	3	0.7497895507475962	0.0219365414651317	3	0.7697891091823204	0.0052966950399038	3	0.5134706464352076	0.013986465448167	3	0.7423528445564743	0.033065642640662	3	0.6279117454958408	0.0211169415499019	3	0.8157064165572464	0.0128260930950451	3	0.6988504273390808	0.0129465240109499	3	0.7378024237451358	0.0110157577395291	3	17.0	5.0	8.0	7.0	1.0	2.0	8.0	4.0	4.0
DLPFC	morans_i	2000	spatially_informed	configs/rebuild_v1/downstream/canonical/dlpfc.yaml	cellcharter	0.5459196402667331	0.004153315685326	3	0.9744285784086872	0.0048433846018149	3	0.7601741093377101	0.0044055439995765	3	0.698563637265868	0.018445898350512	3	0.7285136362404397	0.0865260480773875	3	0.7135386367531537	0.0521118466536852	3	0.9193199181987696	0.0038586638767707	3	0.736856373045432	0.0278114931303694	3	0.7976775547632111	0.0196473231929303	3	23.0	1.0	8.0	18.0	8.0	9.0	12.0	9.0	9.0
DLPFC	morans_i	2000	spatially_informed	configs/rebuild_v1/downstream/canonical/dlpfc.yaml	scvi	0.698759013827436	0.1603826061181242	3	0.6502586101598645	0.1653863105950298	3	0.6745088119936503	0.1628823486133435	3	0.4858102878524516	0.0239748011279052	3	0.6448747745035474	0.2048420183870066	3	0.5653425311779995	0.1143824113941414	3	0.7576587837341928	0.1038295273145947	3	0.6199256715858249	0.1386309346857072	3	0.6658367089686142	0.1270287443994633	3	25.0	22.0	26.0	16.0	19.0	18.0	19.0	22.0	22.0
DLPFC	nbumi	2000	expression_driven	configs/rebuild_v1/non_spatial_downstream/canonical/dlpfc.yaml	cellcharter	0.5764380952018068	0.004616473023369	3	0.9654127168890068	0.0109505583898607	3	0.7709254060454068	0.0070593524270235	3	0.7063641968272801	0.0039293094165697	3	0.7932598511724201	0.1763226315025131	3	0.7498120239998501	0.0901085152037766	3	0.9380541998952318	0.0111721400740786	3	0.7603687150226285	0.0479945834085614	3	0.8195972099801629	0.0338588196568888	3	12.0	3.0	2.0	10.0	4.0	3.0	4.0	4.0	3.0
DLPFC	nbumi	2000	expression_driven	configs/rebuild_v1/non_spatial_downstream/canonical/dlpfc.yaml	scvi	0.8518838857950825	0.0207670881484402	3	0.7423024175793085	0.0022159039464821	3	0.7970931516871955	0.0093078262351793	3	0.5041929104968407	0.0288365972283281	3	0.7081819500403999	0.0418685872731995	3	0.6061874302686202	0.0351361074257183	3	0.8233633062808771	0.0010380044360986	3	0.7016402909779078	0.0219929120910054	3	0.7422146294122309	0.0149145283373738	3	8.0	7.0	1.0	9.0	9.0	8.0	2.0	3.0	3.0
DLPFC	nnsvg	2000	spatially_informed	configs/rebuild_v1/downstream/canonical/dlpfc.yaml	cellcharter	0.547219783474144	0.0034569008780364	3	0.9607505270724342	0.0063270117319367	3	0.7539851552732891	0.0045572395545257	3	0.7053232358859338	0.0128367984856325	3	0.6569153092802317	0.0523758374454927	3	0.6811192725830827	0.0304375937137782	3	0.917565164806463	0.0068581522064022	3	0.7175522139281859	0.0161215788355079	3	0.7842231975542783	0.0106381955495175	3	22.0	6.0	13.0	13.0	16.0	17.0	13.0	15.0	15.0
DLPFC	nnsvg	2000	spatially_informed	configs/rebuild_v1/downstream/canonical/dlpfc.yaml	scvi	0.6864561436411921	0.0790788788891456	3	0.6887374557941951	0.0681975655095295	3	0.6875967997176936	0.0733274667449886	3	0.5007532338777834	0.0330494338152961	3	0.6764145090189068	0.1414970640131502	3	0.588583871448345	0.0855648184392251	3	0.7741724318388187	0.0526525901765409	3	0.6380903355830193	0.07944539142914	3	0.6834510343349525	0.0704322645695409	3	26.0	17.0	25.0	12.0	14.0	14.0	16.0	19.0	18.0
DLPFC	osca	2000	expression_driven	configs/rebuild_v1/non_spatial_downstream/canonical/dlpfc.yaml	cellcharter	0.5622053590716142	0.0041252297904617	3	0.931156208495062	0.0086229405084717	3	0.7466807837833381	0.0055076798888757	3	0.6981781371165617	0.0037680923124709	3	0.7022189713986094	0.0559833700418627	3	0.7001985542575856	0.0296718639451632	3	0.906084961666548	0.0054745642375161	3	0.7234396690204618	0.0136370737263684	3	0.7843214332358238	0.0072692276277607	3	17.0	17.0	15.0	20.0	10.0	12.0	19.0	12.0	14.0
DLPFC	osca	2000	expression_driven	configs/rebuild_v1/non_spatial_downstream/canonical/dlpfc.yaml	scvi	0.8176657187954599	0.0326364715270883	3	0.7177709373609353	0.0123841573324253	3	0.7677183280781975	0.0222278557183923	3	0.5020304506587058	0.0110565594201555	3	0.6683947872481344	0.0428284750940554	3	0.58521261895342	0.0220053203008269	3	0.7872302684091482	0.0067840107612841	3	0.6764654735158088	0.0219635115903417	3	0.7133870718135887	0.0155776491230081	3	12.0	11.0	11.0	10.0	15.0	15.0	11.0	11.0	12.0
DLPFC	scPNMF	2000	expression_driven	configs/rebuild_v1/non_spatial_downstream/canonical/dlpfc.yaml	cellcharter	0.5338140807986014	0.0020877115384695	3	0.8578558782181313	0.0248187170138266	3	0.6958349795083664	0.0134348572523924	3	0.7215796441352968	0.0093519377104859	3	0.63428050007992	0.0402899878810734	3	0.6779300721076084	0.0227958804396138	3	0.8851432076825811	0.0171467247075183	3	0.6868825258079875	0.0048098800056541	3	0.7529694197661853	0.0067012727457633	3	29.0	24.0	28.0	4.0	22.0	18.0	23.0	26.0	24.0
DLPFC	scPNMF	2000	expression_driven	configs/rebuild_v1/non_spatial_downstream/canonical/dlpfc.yaml	scvi	0.7395810832067745	0.0307644192749693	3	0.6783471967663429	0.0371194434298909	3	0.7089641399865587	0.0305136657528993	3	0.4560271074658014	0.0096471232054973	3	0.6298211475002679	0.0898833747504489	3	0.5429241274830346	0.0495788106099534	3	0.7534124212984222	0.0207698659269942	3	0.6259441337347967	0.0399564278540786	3	0.6684335629226719	0.0335005032988008	3	23.0	19.0	24.0	24.0	21.0	22.0	21.0	20.0	21.0
DLPFC	scanpy_cell_ranger	2000	expression_driven	configs/rebuild_v1/non_spatial_downstream/canonical/dlpfc.yaml	cellcharter	0.6506506383508414	0.0080287748184562	3	0.8313601643158227	0.0089413877200697	3	0.7410054013333319	0.0019980777419241	3	0.6565935342692327	0.003981261696627	3	0.5379264183662706	0.0552273975723849	3	0.5972599763177516	0.028651904928126	3	0.8434622317417121	0.0065922510119577	3	0.6691326888255418	0.0142011712371567	3	0.7272425364642653	0.0074062213204722	3	2.0	27.0	19.0	29.0	29.0	29.0	28.0	29.0	29.0
DLPFC	scanpy_cell_ranger	2000	expression_driven	configs/rebuild_v1/non_spatial_downstream/canonical/dlpfc.yaml	scvi	0.9439210763666178	0.0100392838574124	3	0.6325063347915036	0.0051532924798519	3	0.7882137055790607	0.0069795839543833	3	0.3317466627341602	0.0189040049005497	3	0.3696147434774059	0.0263253410864864	3	0.3506807031057832	0.0224311944001836	3	0.7353666434207701	0.006150879168195	3	0.5694472043424219	0.0101564724116504	3	0.6247536840352047	0.0050339378680766	3	1.0	26.0	4.0	29.0	28.0	29.0	26.0	28.0	28.0
DLPFC	scanpy_cell_ranger_batch	2000	expression_driven	configs/rebuild_v1/non_spatial_downstream/canonical/dlpfc.yaml	cellcharter	0.6871906372374587	0.0103176461519947	3	0.8215578936081789	0.0020833850239498	3	0.7543742654228188	0.0049852377877227	3	0.6607627037759004	0.0059138949477313	3	0.613625973226889	0.044198824891029	3	0.6371943385013947	0.0233733820785584	3	0.8424189991481601	0.0048622062774843	3	0.6957843019621067	0.012518472947788	3	0.7446625343574578	0.0067305135022225	3	1.0	28.0	12.0	28.0	24.0	28.0	29.0	21.0	27.0
DLPFC	scanpy_cell_ranger_batch	2000	expression_driven	configs/rebuild_v1/non_spatial_downstream/canonical/dlpfc.yaml	scvi	0.9304714156776812	0.0107358037702314	3	0.6132140357919287	0.0072705122056249	3	0.7718427257348047	0.0025467425522341	3	0.3782685329109443	0.0090715006450491	3	0.3405732043732392	0.0685532944686294	3	0.3594208686420918	0.0385090331173318	3	0.7253960092487546	0.0129965374429365	3	0.5656317971884484	0.0179813643837521	3	0.6188865345418838	0.016081592596896	3	2.0	29.0	7.0	28.0	29.0	28.0	28.0	29.0	29.0
DLPFC	scanpy_pearson	2000	expression_driven	configs/rebuild_v1/non_spatial_downstream/canonical/dlpfc.yaml	cellcharter	0.5600066687257245	0.0024638900654737	3	0.8500377019586668	0.0205332701936812	3	0.7050221853421957	0.0094206746057272	3	0.7106463675637729	0.0024468371795932	3	0.6568901267336595	0.0266083076861448	3	0.6837682471487162	0.0145274947702204	3	0.91392672731018	0.0140500370091443	3	0.694395216245456	0.0030464859019611	3	0.767572386600364	0.0027784724839334	3	18.0	26.0	27.0	7.0	17.0	16.0	15.0	22.0	20.0
DLPFC	scanpy_pearson	2000	expression_driven	configs/rebuild_v1/non_spatial_downstream/canonical/dlpfc.yaml	scvi	0.7801377871643731	0.0503980486724852	3	0.7028281709222838	0.0137128251299528	3	0.7414829790433285	0.0185290381161464	3	0.4991274403090482	0.0047592136980759	3	0.6557120170681964	0.0269243592888503	3	0.5774197286886222	0.0111450869617825	3	0.7743164311135903	0.0021422532408754	3	0.6594513538659753	0.0037448773710888	3	0.6977397129485138	0.0027094621400877	3	19.0	15.0	20.0	13.0	17.0	16.0	15.0	16.0	16.0
DLPFC	scanpy_pearson_batch	2000	expression_driven	configs/rebuild_v1/non_spatial_downstream/canonical/dlpfc.yaml	cellcharter	0.5749978860560825	0.0038589115640061	3	0.9093643503637988	0.0136273782943108	3	0.7421811182099406	0.006047883959672	3	0.6902786903800707	0.0024100709017942	3	0.644904734340968	0.069560576961205	3	0.6675917123605194	0.0337880415080948	3	0.8965870513188002	0.0043121228929987	3	0.70488641528523	0.0196882725158282	3	0.7687866272964201	0.0126238354678808	3	13.0	20.0	18.0	22.0	20.0	21.0	21.0	19.0	19.0
DLPFC	scanpy_pearson_batch	2000	expression_driven	configs/rebuild_v1/non_spatial_downstream/canonical/dlpfc.yaml	scvi	0.8526960496759868	0.0271530876513187	3	0.6807919170989885	0.0067732478744587	3	0.7667439833874877	0.0135200866401448	3	0.4814867163975365	0.0134759819354011	3	0.6481529357473046	0.014779387043872	3	0.5648198260724205	0.0141268351660628	3	0.7631596247388345	0.0022207173891657	3	0.6657819047299541	0.0104803400661462	3	0.6982411447329141	0.0064644394064819	3	7.0	18.0	12.0	18.0	18.0	19.0	18.0	13.0	15.0
DLPFC	scanpy_seurat	2000	expression_driven	configs/rebuild_v1/non_spatial_downstream/canonical/dlpfc.yaml	cellcharter	0.6020213065476914	0.0114908456384909	3	0.8655979854084426	0.0115633349411961	3	0.733809645978067	0.0036682771178635	3	0.6768816010970342	0.00780549698957	3	0.6063872496854968	0.0801143738251991	3	0.6416344253912655	0.0398089185164411	3	0.8635108364383889	0.0086673500943935	3	0.6877220356846663	0.0212056930720333	3	0.7463183026025737	0.0162081036791366	3	6.0	22.0	23.0	26.0	26.0	26.0	26.0	25.0	25.0
DLPFC	scanpy_seurat	2000	expression_driven	configs/rebuild_v1/non_spatial_downstream/canonical/dlpfc.yaml	scvi	0.8419671161800389	0.021381256307723	3	0.6341816752407855	0.0052979016740211	3	0.7380743957104122	0.0114227207977596	3	0.441865063440473	0.0172851872388529	3	0.495159738162598	0.0699419513895929	3	0.4685124008015355	0.0434936595735797	3	0.7254310396377935	0.0092684599048168	3	0.603293398255974	0.0224925921971115	3	0.6440059453832471	0.0180483899440878	3	9.0	25.0	21.0	26.0	25.0	25.0	27.0	25.0	25.0
DLPFC	scanpy_seurat_batch	2000	expression_driven	configs/rebuild_v1/non_spatial_downstream/canonical/dlpfc.yaml	cellcharter	0.5969073080532247	0.0033929929047653	3	0.8725819728473737	0.0067404096265814	3	0.7347446404502992	0.0026673274461384	3	0.6821812007348518	0.0082832506315345	3	0.6181742734684929	0.0228690886329506	3	0.6501777371016723	0.0129050495168568	3	0.8783270707635858	0.0103773661212207	3	0.6924611887759857	0.0074806739834923	3	0.7544164827718524	0.0065392117328001	3	7.0	21.0	22.0	24.0	23.0	24.0	24.0	24.0	23.0
DLPFC	scanpy_seurat_batch	2000	expression_driven	configs/rebuild_v1/non_spatial_downstream/canonical/dlpfc.yaml	scvi	0.8699244221102359	0.0200453329842296	3	0.6683365543634713	0.0193671580284741	3	0.7691304882368537	0.0136939264789866	3	0.4689563142176046	0.0252021783987862	3	0.5591916753418434	0.0565277538625276	3	0.514073994779724	0.0156788542263962	3	0.7554266708950795	0.0135508797177069	3	0.6416022415082888	0.003226910144369	3	0.6795437179705525	0.003436426523614	3	4.0	20.0	10.0	21.0	24.0	24.0	20.0	18.0	19.0
DLPFC	scanpy_seurat_v3	2000	expression_driven	configs/rebuild_v1/non_spatial_downstream/canonical/dlpfc.yaml	cellcharter	0.5820499744950093	0.0027544235078722	3	0.9444041072028988	0.0426701596518605	3	0.7632270408489541	0.0203618069933899	3	0.7040129981170452	0.0065473410798193	3	0.8614342411768349	0.0383032653422063	3	0.7827236196469401	0.0208047888552576	3	0.9475429071983914	0.0056185581175306	3	0.772975330247947	0.0204029522455813	3	0.8311645225647618	0.0118104239051894	3	10.0	13.0	6.0	15.0	1.0	1.0	1.0	1.0	1.0
DLPFC	scanpy_seurat_v3	2000	expression_driven	configs/rebuild_v1/non_spatial_downstream/canonical/dlpfc.yaml	scvi	0.7729590414690658	0.0096530244355892	3	0.7522828556578077	0.009070879888717	3	0.7626209485634368	0.00721735076206	3	0.4980303230047285	0.0172902482604263	3	0.6802745608528532	0.0826261439065432	3	0.5891524419287908	0.0498389930025073	3	0.8207670668972575	0.0082032662728088	3	0.6758866952461138	0.0279251439834024	3	0.7241801524631617	0.020777430027211	3	20.0	3.0	14.0	14.0	13.0	13.0	5.0	12.0	9.0
DLPFC	scanpy_seurat_v3_batch	2000	expression_driven	configs/rebuild_v1/non_spatial_downstream/canonical/dlpfc.yaml	cellcharter	0.606414394836013	0.0087855275702312	3	0.9521007646028914	0.006460790175155	3	0.7792575797194522	0.0028708695647823	3	0.6879204435177982	0.0031119732022206	3	0.7983224042778471	0.0471955691294068	3	0.7431214238978227	0.0243723363378939	3	0.93478754157188	0.0046748373434986	3	0.7611895018086375	0.0136131683917708	3	0.8190555150630517	0.0099899154877433	3	4.0	8.0	1.0	23.0	3.0	7.0	6.0	3.0	5.0
DLPFC	scanpy_seurat_v3_batch	2000	expression_driven	configs/rebuild_v1/non_spatial_downstream/canonical/dlpfc.yaml	scvi	0.8634130477080775	0.0157919665037641	3	0.7047140051264827	0.0101122667289996	3	0.78406352641728	0.0040307467620869	3	0.4821780621165251	0.0136853473058775	3	0.7161782246930195	0.0185298897502252	3	0.5991781434047724	0.0069568618427135	3	0.7751378352839663	0.00845769423195	3	0.6916208349110261	0.0024465452452372	3	0.7194598350353395	0.0036260950340622	3	5.0	14.0	5.0	17.0	6.0	10.0	14.0	6.0	11.0
DLPFC	scry	2000	expression_driven	configs/rebuild_v1/non_spatial_downstream/canonical/dlpfc.yaml	cellcharter	0.5452140062474627	0.0035817558275012	3	0.933236010218468	0.0085312568256959	3	0.7392250082329656	0.0024758235001879	3	0.702595542776239	0.012299945566536	3	0.5914239085595017	0.0208963742471577	3	0.6470097256678703	0.0163109645479586	3	0.9005674793760144	0.0038039108675984	3	0.6931173669504179	0.0092167099107626	3	0.7622674044256167	0.0063874597657567	3	24.0	16.0	20.0	16.0	28.0	25.0	20.0	23.0	21.0
DLPFC	scry	2000	expression_driven	configs/rebuild_v1/non_spatial_downstream/canonical/dlpfc.yaml	scvi	0.6757710764904324	0.0675650966564276	3	0.6481758036255147	0.0720533180380514	3	0.6619734400579736	0.0697776009249091	3	0.4634555278362791	0.0084739219185123	3	0.641836330543534	0.0975387152292195	3	0.5526459291899065	0.0480631600432585	3	0.735758162874291	0.0313433475820075	3	0.6073096846239401	0.0588261076271954	3	0.6501258440407237	0.0496544006541102	3	27.0	23.0	28.0	23.0	20.0	21.0	25.0	23.0	23.0
DLPFC	seurat_disp	2000	expression_driven	configs/rebuild_v1/non_spatial_downstream/canonical/dlpfc.yaml	cellcharter	0.5660235355339216	0.0068133844151998	3	0.8050961836880687	0.0181698787442555	3	0.6855598596109952	0.0119105449957479	3	0.7143693504830823	0.0108070935457962	3	0.6074428912261881	0.0759025709321166	3	0.6609061208546353	0.0395625429248711	3	0.8884851253167355	0.0008674898520543	3	0.6732329902328152	0.025677065199884	3	0.7449837019274553	0.0168297682674331	3	15.0	29.0	29.0	5.0	25.0	23.0	22.0	28.0	26.0
DLPFC	seurat_disp	2000	expression_driven	configs/rebuild_v1/non_spatial_downstream/canonical/dlpfc.yaml	scvi	0.8159380887372837	0.0188454904142357	3	0.668200914661275	0.0070622240658122	3	0.7420695016992793	0.010552038173319	3	0.508577197030685	0.0215017076486381	3	0.6138236984248576	0.0030518747493455	3	0.5612004477277713	0.012174967579196	3	0.7526168717075192	0.0035017305711579	3	0.6516349747135253	0.0059819931636467	3	0.6852956070448565	0.0028207625850585	3	13.0	21.0	19.0	8.0	22.0	20.0	22.0	17.0	17.0
DLPFC	seurat_mvp	2000	expression_driven	configs/rebuild_v1/non_spatial_downstream/canonical/dlpfc.yaml	cellcharter	0.6142814023528627	0.0022157181995371	3	0.8595975476759098	0.0036999724281496	3	0.7369394750143862	0.0009297571545157	3	0.6759781100011523	0.0083423873935448	3	0.6503719679881725	0.0689811807454463	3	0.6631750389946625	0.0322757723879796	3	0.8661184053867802	0.0059253669772837	3	0.7000572570045241	0.0165230758434959	3	0.7554109731319428	0.0094902811289218	3	3.0	23.0	21.0	27.0	19.0	22.0	25.0	20.0	22.0
DLPFC	seurat_mvp	2000	expression_driven	configs/rebuild_v1/non_spatial_downstream/canonical/dlpfc.yaml	scvi	0.8776818994010996	0.0040420694371367	3	0.6408861427929076	0.0109499080379512	3	0.7592840210970037	0.006831602468884	3	0.4535616195202874	0.0073558115534438	3	0.4503526587960459	0.1156282955517636	3	0.4519571391581667	0.0599170624717067	3	0.7376019400040662	0.0050745266111377	3	0.6056205801275851	0.0313101102920596	3	0.6496143667530788	0.0212197920858622	3	3.0	24.0	16.0	25.0	27.0	26.0	23.0	24.0	24.0
DLPFC	seurat_sct	2000	expression_driven	configs/rebuild_v1/non_spatial_downstream/canonical/dlpfc.yaml	cellcharter	0.547845697578801	0.0029453343648939	3	0.9409194770522796	0.0207910775883462	3	0.7443825873155402	0.0117529019026385	3	0.7105143642877528	0.0026277028826643	3	0.6699100858911988	0.0606763556021299	3	0.6902122250894758	0.0311476493389828	3	0.9137939057605134	0.0089007239416647	3	0.717297406202508	0.0196111999869555	3	0.7827962393885098	0.0102352280332389	3	21.0	14.0	16.0	8.0	15.0	15.0	16.0	16.0	16.0
DLPFC	seurat_sct	2000	expression_driven	configs/rebuild_v1/non_spatial_downstream/canonical/dlpfc.yaml	scvi	0.8061941844985542	0.0406074693882927	3	0.7139004179010824	0.0181234450092521	3	0.7600473011998182	0.0114587535513514	3	0.5143511825739083	0.021962244890842	3	0.7417725401575632	0.0661168888354368	3	0.6280618613657357	0.0440388449043371	3	0.7840808787697039	0.0070632051731687	3	0.694054581282777	0.0169554192422715	3	0.7240633471117525	0.0099316719813333	3	15.0	13.0	15.0	5.0	2.0	1.0	13.0	5.0	10.0
DLPFC	seurat_vst	2000	expression_driven	configs/rebuild_v1/non_spatial_downstream/canonical/dlpfc.yaml	cellcharter	0.5828731515435467	0.0029327576537285	3	0.9467807760819557	0.0397842154571845	3	0.7648269638127512	0.0187310873862105	3	0.7042154097447302	0.0037014188143069	3	0.8467174707592529	0.0745978401651582	3	0.7754664402519914	0.0387692304640151	3	0.9458187240680724	0.0058924172837353	3	0.7701467020323713	0.022564678311655	3	0.8287040427109383	0.0140180495564747	3	9.0	12.0	4.0	14.0	2.0	2.0	2.0	2.0	2.0
DLPFC	seurat_vst	2000	expression_driven	configs/rebuild_v1/non_spatial_downstream/canonical/dlpfc.yaml	scvi	0.7661204375183779	0.0150372155838518	3	0.7518347394273638	0.0048827848184489	3	0.7589775884728708	0.0095540916825668	3	0.5139897448940868	0.0136050881456444	3	0.7056250454111043	0.0307701283783705	3	0.6098073951525956	0.0218042125600564	3	0.8191492166409177	0.0086462181940774	3	0.6843924918127332	0.0156206277775463	3	0.7293114000887947	0.0130461717059244	3	21.0	4.0	17.0	6.0	10.0	7.0	6.0	10.0	8.0
DLPFC	singleCellHaystack	2000	expression_driven	configs/rebuild_v1/non_spatial_downstream/canonical/dlpfc.yaml	cellcharter	0.5773432992650088	0.0034769556795905	3	0.9510058439659702	0.0083376645891624	3	0.7641745716154894	0.0026001394620636	3	0.705791264878937	0.0073231497456813	3	0.7282357544567297	0.1007682639432413	3	0.7170135096678333	0.0529523061750257	3	0.9361541616661648	0.009163128694797	3	0.7405940406416613	0.0263572248564856	3	0.8057807476498292	0.0205740028791711	3	11.0	10.0	5.0	11.0	9.0	8.0	5.0	8.0	8.0
DLPFC	singleCellHaystack	2000	expression_driven	configs/rebuild_v1/non_spatial_downstream/canonical/dlpfc.yaml	scvi	0.8406532270466638	0.0231872132476016	3	0.7384981802662517	0.0210197246930813	3	0.7895757036564578	0.008691690853958	3	0.5242272863036235	0.0218119892015592	3	0.7142363023367584	0.0355283490324064	3	0.6192317943201909	0.0147089415451035	3	0.8260602325358769	0.0052461563935203	3	0.7044037489883244	0.003014564191236	3	0.7449559101708418	0.0012390609984518	3	10.0	8.0	3.0	1.0	7.0	4.0	1.0	2.0	2.0
DLPFC	somde	2000	spatially_informed	configs/rebuild_v1/downstream/canonical/dlpfc.yaml	cellcharter	0.5439941190897932	0.0034461084822247	3	0.9652192934312648	0.0078026413885991	3	0.754606706260529	0.0039298341978195	3	0.7224260308599648	0.0020227031293676	3	0.7699437684146598	0.0283581596054343	3	0.7461848996373123	0.0149564339757166	3	0.9238433809334358	0.0053663297138005	3	0.7503958029489205	0.0093392798247942	3	0.8082116622770923	0.0070722093925305	3	25.0	4.0	11.0	3.0	7.0	4.0	10.0	6.0	7.0
DLPFC	somde	2000	spatially_informed	configs/rebuild_v1/downstream/canonical/dlpfc.yaml	scvi	0.8342282211040262	0.0101768488688131	3	0.7579129205163214	0.0059877368160332	3	0.796070570810174	0.0065561504427086	3	0.5171516258957655	0.005775032966661	3	0.7330373512235092	0.0400726196013274	3	0.6250944885596373	0.0189409689346567	3	0.8225363507821158	0.0065579868210776	3	0.7105825296849057	0.0111736084342098	3	0.7479004700506424	0.0094628905076434	3	11.0	1.0	2.0	2.0	3.0	3.0	4.0	1.0	1.0
DLPFC	sparkx	2000	spatially_informed	configs/rebuild_v1/downstream/canonical/dlpfc.yaml	cellcharter	0.5506143299202956	0.0049597818987467	3	0.9634680841500666	0.0075373506092227	3	0.7570412070351811	0.0043881959694734	3	0.6959293315535952	0.0120028752142925	3	0.6532923445574176	0.0357616619412557	3	0.6746108380555064	0.0130409674544897	3	0.9133146258267004	0.0027584942794658	3	0.7158260225453437	0.0086837754084333	3	0.7816555569724626	0.0066859205048617	3	19.0	5.0	9.0	21.0	18.0	19.0	17.0	17.0	17.0
DLPFC	sparkx	2000	spatially_informed	configs/rebuild_v1/downstream/canonical/dlpfc.yaml	scvi	0.6552164610259843	0.0485150858327446	3	0.6908216981545693	0.0402290244707614	3	0.6730190795902767	0.0440765434695818	3	0.4775063355494917	0.0349318928837411	3	0.6664062835450196	0.0661621945345946	3	0.5719563095472556	0.0505461151049115	3	0.7635648299350467	0.0355691947463971	3	0.6224876945687662	0.0442315004633116	3	0.6695134063575264	0.0406056624106361	3	28.0	16.0	27.0	19.0	16.0	17.0	17.0	21.0	20.0
DLPFC	spatialde	2000	spatially_informed	configs/rebuild_v1/downstream/canonical/dlpfc.yaml	cellcharter	0.5404689726309437	0.0024120754654506	3	0.966759460000006	0.0125766135365016	3	0.753614216315475	0.005340423971098	3	0.7119352510351363	0.0046837096252049	3	0.7763792060493536	0.0941595085380338	3	0.7441572285422451	0.0484620626452374	3	0.9269549876126032	0.0044127338296722	3	0.74888572242886	0.0265307243112686	3	0.8082421441567743	0.0162967953570781	3	27.0	2.0	14.0	6.0	6.0	6.0	9.0	7.0	6.0
DLPFC	spatialde	2000	spatially_informed	configs/rebuild_v1/downstream/canonical/dlpfc.yaml	scvi	0.7813074260980505	0.0205844276542991	3	0.7477438446205836	0.0196946485746562	3	0.7645256353593171	0.0198848647839054	3	0.500913042843247	0.007582249772756	3	0.7328033484552532	0.0278966571303096	3	0.6168581956492502	0.0159639654066862	3	0.8168858126145043	0.0061196547388903	3	0.6906919155042835	0.0139984063370076	3	0.7327565478743572	0.0109410225467693	3	18.0	6.0	13.0	11.0	4.0	5.0	7.0	8.0	6.0
DLPFC	statistic_mean	2000	expression_driven	configs/rebuild_v1/non_spatial_downstream/canonical/dlpfc.yaml	cellcharter	0.5484123960894248	0.0129854106921376	3	0.9393431361808572	0.0139556166897167	3	0.743877766135141	0.010829851833987	3	0.6996223920791804	0.0206784730120846	3	0.6387114040886168	0.0312207840835694	3	0.6691668980838986	0.0257706832136247	3	0.9095426974626748	0.0048474928533933	3	0.7065223321095199	0.0100870685560234	3	0.7741957872272383	0.0057672256775052	3	20.0	15.0	17.0	17.0	21.0	20.0	18.0	18.0	18.0
DLPFC	statistic_mean	2000	expression_driven	configs/rebuild_v1/non_spatial_downstream/canonical/dlpfc.yaml	scvi	0.6520156818110717	0.0590575196909348	3	0.6246357880500201	0.0777551966971391	3	0.6383257349305459	0.0676682961407525	3	0.4648507018585172	0.022171547318499	3	0.6074543265936688	0.1034661872226963	3	0.5361525142260931	0.052387211060428	3	0.736751425940565	0.0573425297972765	3	0.5872391245783195	0.0600103212354906	3	0.6370765583657346	0.0588199873375332	3	29.0	28.0	29.0	22.0	23.0	23.0	24.0	27.0	26.0
DLPFC	statistic_variance	2000	expression_driven	configs/rebuild_v1/non_spatial_downstream/canonical/dlpfc.yaml	cellcharter	0.5626257888966254	0.0045906910803408	3	0.9468309800264773	0.0019124000583464	3	0.7547283844615512	0.0015343109156359	3	0.6984993697421542	0.0063706292892894	3	0.6883701733850872	0.1057065584296609	3	0.6934347715636208	0.0530637743176209	3	0.9199630475543074	0.0052819064498834	3	0.7240815780125859	0.027276278697536	3	0.7893754011931599	0.0199341321180463	3	16.0	11.0	10.0	19.0	12.0	14.0	11.0	11.0	11.0
DLPFC	statistic_variance	2000	expression_driven	configs/rebuild_v1/non_spatial_downstream/canonical/dlpfc.yaml	scvi	0.7478268450058735	0.0542320579433868	3	0.7157002721623762	0.0047753282350045	3	0.7317635585841248	0.0285690954593806	3	0.4689974974835358	0.0397282911258032	3	0.7207325394086181	0.0332568384270893	3	0.594865018446077	0.035069807877158	3	0.7862109375494651	0.0158563099555898	3	0.6633142885151009	0.0290171302574963	3	0.7042798381932224	0.0246232582128211	3	22.0	12.0	22.0	20.0	5.0	12.0	12.0	14.0	14.0
DLPFC	triku	2000	expression_driven	configs/rebuild_v1/non_spatial_downstream/canonical/dlpfc.yaml	cellcharter	0.5897852044979622	0.0033741627237277	3	0.9520175068619284	0.0138335599452408	3	0.7709013556799454	0.0084101233253814	3	0.7056880495229301	0.0013553485692647	3	0.7849281925173986	0.0848735229223545	3	0.7453081210201643	0.0421950873933301	3	0.941790012942891	0.0012911071371982	3	0.7581047383500549	0.0234788368063687	3	0.8193331632143335	0.0153103666509043	3	8.0	9.0	3.0	12.0	5.0	5.0	3.0	5.0	4.0
DLPFC	triku	2000	expression_driven	configs/rebuild_v1/non_spatial_downstream/canonical/dlpfc.yaml	scvi	0.7908414386529913	0.0331866146096802	3	0.7540314167462996	0.0207532664711817	3	0.7724364276996454	0.0114716201711111	3	0.5150718930333297	0.0110957257256285	3	0.6938776834512473	0.0590193944634482	3	0.6044747882422885	0.034781112730329	3	0.8231238727920963	0.0069029882699551	3	0.688455607970967	0.0131483237856417	3	0.7333450295780101	0.0092452313179716	3	16.0	2.0	6.0	4.0	12.0	9.0	3.0	9.0	5.0
E8p5Embryo	Brennecke	2000	expression_driven	configs/rebuild_v1/non_spatial_downstream/canonical/e8p5_embryo.yaml	cellcharter	0.6101780135173879	0.0036172820678594	3			0	0.6101780135173879	0.0036172820678594	3	0.614841759824207	0.0184905320381085	3			0	0.614841759824207	0.0184905320381085	3			0	0.6125098866707974	0.0110507792268803	3			0	3.0		3.0	19.0		19.0		3.0	
E8p5Embryo	Brennecke	2000	expression_driven	configs/rebuild_v1/non_spatial_downstream/canonical/e8p5_embryo.yaml	scvi	0.8347220647584169	0.0106748185417642	3			0	0.8347220647584169	0.0106748185417642	3	0.2423909288749917	0.0046186086732741	3			0	0.2423909288749917	0.0046186086732741	3			0	0.5385564968167044	0.0064136936788589	3			0	2.0		2.0	28.0		28.0		27.0	
E8p5Embryo	anticor	2000	expression_driven	configs/rebuild_v1/non_spatial_downstream/canonical/e8p5_embryo.yaml	cellcharter	0.5121500164824019	0.0061120878000074	3			0	0.5121500164824019	0.0061120878000074	3	0.6989319769211337	0.0207588314763272	3			0	0.6989319769211337	0.0207588314763272	3			0	0.6055409967017679	0.0102308320268007	3			0	13.0		13.0	10.0		10.0		7.0	
E8p5Embryo	anticor	2000	expression_driven	configs/rebuild_v1/non_spatial_downstream/canonical/e8p5_embryo.yaml	scvi	0.7389376663768986	0.014365842981425	3			0	0.7389376663768986	0.014365842981425	3	0.397830330177297	0.0161437603526041	3			0	0.397830330177297	0.0161437603526041	3			0	0.5683839982770978	0.0015533720793893	3			0	19.0		19.0	6.0		6.0		8.0	
E8p5Embryo	dubstepr	2000	expression_driven	configs/rebuild_v1/non_spatial_downstream/canonical/e8p5_embryo.yaml	cellcharter	0.5162630547094286	0.0095185096129503	3			0	0.5162630547094286	0.0095185096129503	3	0.5862027622335796	0.0222199829037068	3			0	0.5862027622335796	0.0222199829037068	3			0	0.5512329084715041	0.0064055312309464	3			0	10.0		10.0	22.0		22.0		21.0	
E8p5Embryo	dubstepr	2000	expression_driven	configs/rebuild_v1/non_spatial_downstream/canonical/e8p5_embryo.yaml	scvi	0.7991038828241281	0.0075999075642265	3			0	0.7991038828241281	0.0075999075642265	3	0.3383383196480059	0.0101163470691742	3			0	0.3383383196480059	0.0101163470691742	3			0	0.5687211012360671	0.0029232446665788	3			0	6.0		6.0	18.0		18.0		7.0	
E8p5Embryo	hotspot	2000	expression_driven	configs/rebuild_v1/non_spatial_downstream/canonical/e8p5_embryo.yaml	cellcharter	0.4663739604649399	0.0031849973849627	3			0	0.4663739604649399	0.0031849973849627	3	0.7124919366336141	0.004174231852049	3			0	0.7124919366336141	0.004174231852049	3			0	0.589432948549277	0.0028053826916884	3			0	24.0		24.0	6.0		6.0		14.0	
E8p5Embryo	hotspot	2000	expression_driven	configs/rebuild_v1/non_spatial_downstream/canonical/e8p5_embryo.yaml	scvi	0.7245598277152544	0.0118308616943111	3			0	0.7245598277152544	0.0118308616943111	3	0.3908914498922284	0.0318967924900455	3			0	0.3908914498922284	0.0318967924900455	3			0	0.5577256388037414	0.0104505460405204	3			0	26.0		26.0	10.0		10.0		16.0	
E8p5Embryo	morans_i	2000	spatially_informed	configs/rebuild_v1/downstream/canonical/e8p5_embryo.yaml	cellcharter	0.4675736528393615	0.0027942983241948	3			0	0.4675736528393615	0.0027942983241948	3	0.62189608857019	0.004962861397844	3			0	0.62189608857019	0.004962861397844	3			0	0.5447348707047758	0.0038783095711887	3			0	23.0		23.0	18.0		18.0		24.0	
E8p5Embryo	morans_i	2000	spatially_informed	configs/rebuild_v1/downstream/canonical/e8p5_embryo.yaml	scvi	0.7353346271331871	0.0116362475704715	3			0	0.7353346271331871	0.0116362475704715	3	0.4070927214540472	0.0170789584562477	3			0	0.4070927214540472	0.0170789584562477	3			0	0.5712136742936171	0.0047316917775202	3			0	20.0		20.0	4.0		4.0		2.0	
E8p5Embryo	nbumi	2000	expression_driven	configs/rebuild_v1/non_spatial_downstream/canonical/e8p5_embryo.yaml	cellcharter	0.4720941617552913	0.0040176212519882	3			0	0.4720941617552913	0.0040176212519882	3	0.7010322923051261	0.0224056843768311	3			0	0.7010322923051261	0.0224056843768311	3			0	0.5865632270302087	0.0096259135224837	3			0	21.0		21.0	9.0		9.0		16.0	
E8p5Embryo	nbumi	2000	expression_driven	configs/rebuild_v1/non_spatial_downstream/canonical/e8p5_embryo.yaml	scvi	0.7306057591273012	0.0129992178354133	3			0	0.7306057591273012	0.0129992178354133	3	0.367286128493477	0.0224199732307518	3			0	0.367286128493477	0.0224199732307518	3			0	0.5489459438103892	0.0101944292152222	3			0	25.0		25.0	15.0		15.0		19.0	
E8p5Embryo	nnsvg	2000	spatially_informed	configs/rebuild_v1/downstream/canonical/e8p5_embryo.yaml	cellcharter	0.4939358935886193	0.0047229467728952	3			0	0.4939358935886193	0.0047229467728952	3	0.5790073993168482	0.0265320615263205	3			0	0.5790073993168482	0.0265320615263205	3			0	0.5364716464527338	0.0118237370577495	3			0	17.0		17.0	25.0		25.0		25.0	
E8p5Embryo	nnsvg	2000	spatially_informed	configs/rebuild_v1/downstream/canonical/e8p5_embryo.yaml	scvi	0.7529832253388561	0.0096465642287837	3			0	0.7529832253388561	0.0096465642287837	3	0.3894945896196453	0.0010739544149774	3			0	0.3894945896196453	0.0010739544149774	3			0	0.5712389074792507	0.0050907378826506	3			0	16.0		16.0	11.0		11.0		1.0	
E8p5Embryo	osca	2000	expression_driven	configs/rebuild_v1/non_spatial_downstream/canonical/e8p5_embryo.yaml	cellcharter	0.5024227969638935	0.0019360627450665	3			0	0.5024227969638935	0.0019360627450665	3	0.6379550943751215	0.0131043669794074	3			0	0.6379550943751215	0.0131043669794074	3			0	0.5701889456695075	0.0063764064133616	3			0	16.0		16.0	15.0		15.0		17.0	
E8p5Embryo	osca	2000	expression_driven	configs/rebuild_v1/non_spatial_downstream/canonical/e8p5_embryo.yaml	scvi	0.7597301056424216	0.023653196640434	3			0	0.7597301056424216	0.023653196640434	3	0.3733579078376183	0.0125929084335986	3			0	0.3733579078376183	0.0125929084335986	3			0	0.56654400674002	0.005808229084314	3			0	15.0		15.0	13.0		13.0		10.0	
E8p5Embryo	scPNMF	2000	expression_driven	configs/rebuild_v1/non_spatial_downstream/canonical/e8p5_embryo.yaml	cellcharter	0.5125552540546511	0.0030654672871026	3			0	0.5125552540546511	0.0030654672871026	3	0.5819200399766903	0.0167169245313185	3			0	0.5819200399766903	0.0167169245313185	3			0	0.5472376470156708	0.0069348695553223	3			0	12.0		12.0	24.0		24.0		22.0	
E8p5Embryo	scPNMF	2000	expression_driven	configs/rebuild_v1/non_spatial_downstream/canonical/e8p5_embryo.yaml	scvi	0.7793380769639094	0.0173805222618892	3			0	0.7793380769639094	0.0173805222618892	3	0.3331376867711036	0.0636581126333419	3			0	0.3331376867711036	0.0636581126333419	3			0	0.5562378818675066	0.0261144145481185	3			0	9.0		9.0	19.0		19.0		17.0	
E8p5Embryo	scanpy_cell_ranger	2000	expression_driven	configs/rebuild_v1/non_spatial_downstream/canonical/e8p5_embryo.yaml	cellcharter	0.5034911169200552	0.0067939887289363	3			0	0.5034911169200552	0.0067939887289363	3	0.7048700093353205	0.02749948694431	3			0	0.7048700093353205	0.02749948694431	3			0	0.6041805631276879	0.0139836879876839	3			0	15.0		15.0	8.0		8.0		8.0	
E8p5Embryo	scanpy_cell_ranger	2000	expression_driven	configs/rebuild_v1/non_spatial_downstream/canonical/e8p5_embryo.yaml	scvi	0.7706524045750616	0.0073483101945683	3			0	0.7706524045750616	0.0073483101945683	3	0.3684073931235618	0.0107640186649281	3			0	0.3684073931235618	0.0107640186649281	3			0	0.5695298988493116	0.0020334125812602	3			0	13.0		13.0	14.0		14.0		5.0	
E8p5Embryo	scanpy_cell_ranger_batch	2000	expression_driven	configs/rebuild_v1/non_spatial_downstream/canonical/e8p5_embryo.yaml	cellcharter	0.5057794900912349	0.0024485427089426	3			0	0.5057794900912349	0.0024485427089426	3	0.7131637836142349	0.0187270299031718	3			0	0.7131637836142349	0.0187270299031718	3			0	0.609471636852735	0.0087007091158353	3			0	14.0		14.0	5.0		5.0		5.0	
E8p5Embryo	scanpy_cell_ranger_batch	2000	expression_driven	configs/rebuild_v1/non_spatial_downstream/canonical/e8p5_embryo.yaml	scvi	0.7737930636083741	0.0127959251460886	3			0	0.7737930636083741	0.0127959251460886	3	0.3640192947866552	0.0122564273546399	3			0	0.3640192947866552	0.0122564273546399	3			0	0.5689061791975146	0.0047506696970862	3			0	12.0		12.0	16.0		16.0		6.0	
E8p5Embryo	scanpy_pearson	2000	expression_driven	configs/rebuild_v1/non_spatial_downstream/canonical/e8p5_embryo.yaml	cellcharter	0.4811744465999223	0.0065705246566895	3			0	0.4811744465999223	0.0065705246566895	3	0.7348978553416413	0.0044376007060535	3			0	0.7348978553416413	0.0044376007060535	3			0	0.6080361509707819	0.0043334890789456	3			0	19.0		19.0	4.0		4.0		6.0	
E8p5Embryo	scanpy_pearson	2000	expression_driven	configs/rebuild_v1/non_spatial_downstream/canonical/e8p5_embryo.yaml	scvi	0.7424479768466222	0.0109649298179611	3			0	0.7424479768466222	0.0109649298179611	3	0.390995620045262	0.0056478738319227	3			0	0.390995620045262	0.0056478738319227	3			0	0.5667217984459421	0.0081024277358863	3			0	17.0		17.0	9.0		9.0		9.0	
E8p5Embryo	scanpy_pearson_batch	2000	expression_driven	configs/rebuild_v1/non_spatial_downstream/canonical/e8p5_embryo.yaml	cellcharter	0.5518073510015397	0.0139910361224713	3			0	0.5518073510015397	0.0139910361224713	3	0.6975958564952823	0.0128169306196443	3			0	0.6975958564952823	0.0128169306196443	3			0	0.624701603748411	0.0015034755238028	3			0	7.0		7.0	11.0		11.0		1.0	
E8p5Embryo	scanpy_pearson_batch	2000	expression_driven	configs/rebuild_v1/non_spatial_downstream/canonical/e8p5_embryo.yaml	scvi	0.7786878464984669	0.0003292028779214	3			0	0.7786878464984669	0.0003292028779214	3	0.3182918325690719	0.0047949010771197	3			0	0.3182918325690719	0.0047949010771197	3			0	0.5484898395337693	0.0025610732905157	3			0	10.0		10.0	20.0		20.0		20.0	
E8p5Embryo	scanpy_seurat	2000	expression_driven	configs/rebuild_v1/non_spatial_downstream/canonical/e8p5_embryo.yaml	cellcharter	0.6108629600957157	0.0040541382810102	3			0	0.6108629600957157	0.0040541382810102	3	0.611895553219926	0.0253836727119412	3			0	0.611895553219926	0.0253836727119412	3			0	0.6113792566578208	0.0118872782967557	3			0	2.0		2.0	20.0		20.0		4.0	
E8p5Embryo	scanpy_seurat	2000	expression_driven	configs/rebuild_v1/non_spatial_downstream/canonical/e8p5_embryo.yaml	scvi	0.8406140835815957	0.0063928803265553	3			0	0.8406140835815957	0.0063928803265553	3	0.2537912154163536	0.0092724364761324	3			0	0.2537912154163536	0.0092724364761324	3			0	0.5472026494989747	0.0045028877583199	3			0	1.0		1.0	27.0		27.0		21.0	
E8p5Embryo	scanpy_seurat_batch	2000	expression_driven	configs/rebuild_v1/non_spatial_downstream/canonical/e8p5_embryo.yaml	cellcharter	0.5963526175986759	0.0038542742980924	3			0	0.5963526175986759	0.0038542742980924	3	0.6312507307077162	0.0135779272734731	3			0	0.6312507307077162	0.0135779272734731	3			0	0.6138016741531961	0.004892706255019	3			0	5.0		5.0	16.0		16.0		2.0	
E8p5Embryo	scanpy_seurat_batch	2000	expression_driven	configs/rebuild_v1/non_spatial_downstream/canonical/e8p5_embryo.yaml	scvi	0.8234843555346547	0.0072183998563615	3			0	0.8234843555346547	0.0072183998563615	3	0.2538064947182861	0.0029719068251877	3			0	0.2538064947182861	0.0029719068251877	3			0	0.5386454251264704	0.0048780867138502	3			0	3.0		3.0	26.0		26.0		26.0	
E8p5Embryo	scanpy_seurat_v3	2000	expression_driven	configs/rebuild_v1/non_spatial_downstream/canonical/e8p5_embryo.yaml	cellcharter	0.4498409546486179	0.0027921561710922	3			0	0.4498409546486179	0.0027921561710922	3	0.7376263334626115	0.0104036398419607	3			0	0.7376263334626115	0.0104036398419607	3			0	0.5937336440556146	0.0062883461910466	3			0	28.0		28.0	2.0		2.0		12.0	
E8p5Embryo	scanpy_seurat_v3	2000	expression_driven	configs/rebuild_v1/non_spatial_downstream/canonical/e8p5_embryo.yaml	scvi	0.7323655118751896	0.0111449491741116	3			0	0.7323655118751896	0.0111449491741116	3	0.4085821575594541	0.0135907045605085	3			0	0.4085821575594541	0.0135907045605085	3			0	0.5704738347173218	0.0077336825830277	3			0	24.0		24.0	3.0		3.0		3.0	
E8p5Embryo	scanpy_seurat_v3_batch	2000	expression_driven	configs/rebuild_v1/non_spatial_downstream/canonical/e8p5_embryo.yaml	cellcharter	0.4606235887716962	0.0092855775488902	3			0	0.4606235887716962	0.0092855775488902	3	0.7431380990746314	0.0027159988885572	3			0	0.7431380990746314	0.0027159988885572	3			0	0.6018808439231639	0.0039970596282813	3			0	25.0		25.0	1.0		1.0		10.0	
E8p5Embryo	scanpy_seurat_v3_batch	2000	expression_driven	configs/rebuild_v1/non_spatial_downstream/canonical/e8p5_embryo.yaml	scvi	0.7344786498556758	0.0206005856558385	3			0	0.7344786498556758	0.0206005856558385	3	0.3755198300494344	0.0277615107817066	3			0	0.3755198300494344	0.0277615107817066	3			0	0.5549992399525552	0.0140152400363293	3			0	21.0		21.0	12.0		12.0		18.0	
E8p5Embryo	scry	2000	expression_driven	configs/rebuild_v1/non_spatial_downstream/canonical/e8p5_embryo.yaml	cellcharter	0.5138153570228057	0.0043274344844842	3			0	0.5138153570228057	0.0043274344844842	3	0.546821574663489	0.0081704915675541	3			0	0.546821574663489	0.0081704915675541	3			0	0.5303184658431473	0.0019399786445016	3			0	11.0		11.0	26.0		26.0		27.0	
E8p5Embryo	scry	2000	expression_driven	configs/rebuild_v1/non_spatial_downstream/canonical/e8p5_embryo.yaml	scvi	0.7745136276610965	0.0274783667947495	3			0	0.7745136276610965	0.0274783667947495	3	0.3079673176281434	0.0189174854936894	3			0	0.3079673176281434	0.0189174854936894	3			0	0.5412404726446199	0.0107686863853391	3			0	11.0		11.0	21.0		21.0		23.0	
E8p5Embryo	seurat_disp	2000	expression_driven	configs/rebuild_v1/non_spatial_downstream/canonical/e8p5_embryo.yaml	cellcharter	0.6042425597269304	0.0028272487376653	3			0	0.6042425597269304	0.0028272487376653	3	0.5858143876342341	0.0182895863022859	3			0	0.5858143876342341	0.0182895863022859	3			0	0.5950284736805823	0.0101573368725591	3			0	4.0		4.0	23.0		23.0		11.0	
E8p5Embryo	seurat_disp	2000	expression_driven	configs/rebuild_v1/non_spatial_downstream/canonical/e8p5_embryo.yaml	scvi	0.8231496106710102	0.0052724837552892	3			0	0.8231496106710102	0.0052724837552892	3	0.2546514975439243	0.0123528353826417	3			0	0.2546514975439243	0.0123528353826417	3			0	0.5389005541074673	0.0053739943522195	3			0	4.0		4.0	25.0		25.0		25.0	
E8p5Embryo	seurat_mvp	2000	expression_driven	configs/rebuild_v1/non_spatial_downstream/canonical/e8p5_embryo.yaml	cellcharter	0.580177539668879	0.005465953610641	3			0	0.580177539668879	0.005465953610641	3	0.6240028365252176	0.0043055258672597	3			0	0.6240028365252176	0.0043055258672597	3			0	0.6020901880970483	0.003016479509816	3			0	6.0		6.0	17.0		17.0		9.0	
E8p5Embryo	seurat_mvp	2000	expression_driven	configs/rebuild_v1/non_spatial_downstream/canonical/e8p5_embryo.yaml	scvi	0.8177055108081336	0.0094514817866909	3			0	0.8177055108081336	0.0094514817866909	3	0.269333044412783	0.0127776334481418	3			0	0.269333044412783	0.0127776334481418	3			0	0.5435192776104583	0.0107407746754478	3			0	5.0		5.0	24.0		24.0		22.0	
E8p5Embryo	seurat_sct	2000	expression_driven	configs/rebuild_v1/non_spatial_downstream/canonical/e8p5_embryo.yaml	cellcharter	0.7021527823002199	0.0098458118452114	3			0	0.7021527823002199	0.0098458118452114	3	0.2202591985458256	0.0223544580272733	3			0	0.2202591985458256	0.0223544580272733	3			0	0.4612059904230228	0.0064896802166614	3			0	1.0		1.0	29.0		29.0		29.0	
E8p5Embryo	seurat_sct	2000	expression_driven	configs/rebuild_v1/non_spatial_downstream/canonical/e8p5_embryo.yaml	scvi	0.7410291091402917	0.0019750041458948	3			0	0.7410291091402917	0.0019750041458948	3	0.1222094247404635	0.0009697940495439	3			0	0.1222094247404635	0.0009697940495439	3			0	0.4316192669403777	0.0010804150222915	3			0	18.0		18.0	29.0		29.0		29.0	
E8p5Embryo	seurat_vst	2000	expression_driven	configs/rebuild_v1/non_spatial_downstream/canonical/e8p5_embryo.yaml	cellcharter	0.450383800572423	0.0046911852290732	3			0	0.450383800572423	0.0046911852290732	3	0.7353149688221706	0.0221564745239528	3			0	0.7353149688221706	0.0221564745239528	3			0	0.5928493846972969	0.0126764541281851	3			0	27.0		27.0	3.0		3.0		13.0	
E8p5Embryo	seurat_vst	2000	expression_driven	configs/rebuild_v1/non_spatial_downstream/canonical/e8p5_embryo.yaml	scvi	0.7327752009508665	0.0080437582659444	3			0	0.7327752009508665	0.0080437582659444	3	0.3930696800710346	0.0197935677091624	3			0	0.3930696800710346	0.0197935677091624	3			0	0.5629224405109506	0.0123309941578005	3			0	23.0		23.0	7.0		7.0		15.0	
E8p5Embryo	singleCellHaystack	2000	expression_driven	configs/rebuild_v1/non_spatial_downstream/canonical/e8p5_embryo.yaml	cellcharter	0.4749221454375869	0.0046811583953523	3			0	0.4749221454375869	0.0046811583953523	3	0.6466786010725051	0.0026815277731426	3			0	0.6466786010725051	0.0026815277731426	3			0	0.560800373255046	0.0010236257923541	3			0	20.0		20.0	14.0		14.0		19.0	
E8p5Embryo	singleCellHaystack	2000	expression_driven	configs/rebuild_v1/non_spatial_downstream/canonical/e8p5_embryo.yaml	scvi	0.7662794770281591	0.03528539372354	3			0	0.7662794770281591	0.03528539372354	3	0.3615160467622336	0.0335594018992603	3			0	0.3615160467622336	0.0335594018992603	3			0	0.5638977618951965	0.0150047593023504	3			0	14.0		14.0	17.0		17.0		13.0	
E8p5Embryo	somde	2000	spatially_informed	configs/rebuild_v1/downstream/canonical/e8p5_embryo.yaml	cellcharter	0.4450331754215584	0.0006568142747122	3			0	0.4450331754215584	0.0006568142747122	3	0.6886720464394999	0.033113841986094	3			0	0.6886720464394999	0.033113841986094	3			0	0.5668526109305292	0.0165185626645211	3			0	29.0		29.0	12.0		12.0		18.0	
E8p5Embryo	somde	2000	spatially_informed	configs/rebuild_v1/downstream/canonical/e8p5_embryo.yaml	scvi	0.684871862408055	0.0099634375713338	3			0	0.684871862408055	0.0099634375713338	3	0.454348770958132	0.0159060887478775	3			0	0.454348770958132	0.0159060887478775	3			0	0.5696103166830935	0.0060270133909367	3			0	29.0		29.0	1.0		1.0		4.0	
E8p5Embryo	sparkx	2000	spatially_informed	configs/rebuild_v1/downstream/canonical/e8p5_embryo.yaml	cellcharter	0.4931817663201999	0.001222986063698	3			0	0.4931817663201999	0.001222986063698	3	0.5991656209348951	0.0089816201453493	3			0	0.5991656209348951	0.0089816201453493	3			0	0.5461736936275474	0.0039667104278738	3			0	18.0		18.0	21.0		21.0		23.0	
E8p5Embryo	sparkx	2000	spatially_informed	configs/rebuild_v1/downstream/canonical/e8p5_embryo.yaml	scvi	0.7344059997481635	0.0029227092157337	3			0	0.7344059997481635	0.0029227092157337	3	0.3927070960085094	0.0206062982976703	3			0	0.3927070960085094	0.0206062982976703	3			0	0.5635565478783365	0.0102024443750689	3			0	22.0		22.0	8.0		8.0		14.0	
E8p5Embryo	spatialde	2000	spatially_informed	configs/rebuild_v1/downstream/canonical/e8p5_embryo.yaml	cellcharter	0.4565350481555845	0.0033858021768366	3			0	0.4565350481555845	0.0033858021768366	3	0.6553082614290243	0.0142566549127377	3			0	0.6553082614290243	0.0142566549127377	3			0	0.5559216547923045	0.0073576374142254	3			0	26.0		26.0	13.0		13.0		20.0	
E8p5Embryo	spatialde	2000	spatially_informed	configs/rebuild_v1/downstream/canonical/e8p5_embryo.yaml	scvi	0.6891313855513882	0.013810661170976	3			0	0.6891313855513882	0.013810661170976	3	0.4406935270115135	0.0083360724153078	3			0	0.4406935270115135	0.0083360724153078	3			0	0.5649124562814509	0.0110725183955534	3			0	28.0		28.0	2.0		2.0		12.0	
E8p5Embryo	statistic_mean	2000	expression_driven	configs/rebuild_v1/non_spatial_downstream/canonical/e8p5_embryo.yaml	cellcharter	0.532519080832413	0.0083809239779766	3			0	0.532519080832413	0.0083809239779766	3	0.5346544943673679	0.0239231052322228	3			0	0.5346544943673679	0.0239231052322228	3			0	0.5335867875998904	0.0099426201111884	3			0	8.0		8.0	27.0		27.0		26.0	
E8p5Embryo	statistic_mean	2000	expression_driven	configs/rebuild_v1/non_spatial_downstream/canonical/e8p5_embryo.yaml	scvi	0.7874126672534287	0.0098132154408651	3			0	0.7874126672534287	0.0098132154408651	3	0.2729559925547336	0.0073350320605205	3			0	0.2729559925547336	0.0073350320605205	3			0	0.5301843299040812	0.0077835194269822	3			0	7.0		7.0	23.0		23.0		28.0	
E8p5Embryo	statistic_variance	2000	expression_driven	configs/rebuild_v1/non_spatial_downstream/canonical/e8p5_embryo.yaml	cellcharter	0.5233472668161401	0.005965625928901	3			0	0.5233472668161401	0.005965625928901	3	0.5255278976646126	0.0113361123341809	3			0	0.5255278976646126	0.0113361123341809	3			0	0.5244375822403763	0.0072569770407076	3			0	9.0		9.0	28.0		28.0		28.0	
E8p5Embryo	statistic_variance	2000	expression_driven	configs/rebuild_v1/non_spatial_downstream/canonical/e8p5_embryo.yaml	scvi	0.7847703684278549	0.0142915303318729	3			0	0.7847703684278549	0.0142915303318729	3	0.2968169095122631	0.023002301881742	3			0	0.2968169095122631	0.023002301881742	3			0	0.5407936389700589	0.0131886747202854	3			0	8.0		8.0	22.0		22.0		24.0	
E8p5Embryo	triku	2000	expression_driven	configs/rebuild_v1/non_spatial_downstream/canonical/e8p5_embryo.yaml	cellcharter	0.4697355144695586	0.0048643655916573	3			0	0.4697355144695586	0.0048643655916573	3	0.7088492749789944	0.0055575388027313	3			0	0.7088492749789944	0.0055575388027313	3			0	0.5892923947242764	0.0049985859455753	3			0	22.0		22.0	7.0		7.0		15.0	
E8p5Embryo	triku	2000	expression_driven	configs/rebuild_v1/non_spatial_downstream/canonical/e8p5_embryo.yaml	scvi	0.7228610240864874	0.0058491041182826	3			0	0.7228610240864874	0.0058491041182826	3	0.4069687410024163	0.0142811420927337	3			0	0.4069687410024163	0.0142811420927337	3			0	0.5649148825444518	0.010047071049267	3			0	27.0		27.0	5.0		5.0		11.0	
E9p5Embryo	Brennecke	2000	expression_driven	configs/rebuild_v1/non_spatial_downstream/canonical/e9p5_embryo.yaml	cellcharter	0.6082178926810559	0.016524796357433	3			0	0.6082178926810559	0.016524796357433	3	0.5135876476881701	0.0269836056976597	3			0	0.5135876476881701	0.0269836056976597	3			0	0.560902770184613	0.0071648889357404	3			0	5.0		5.0	28.0		28.0		24.0	
E9p5Embryo	Brennecke	2000	expression_driven	configs/rebuild_v1/non_spatial_downstream/canonical/e9p5_embryo.yaml	scvi	0.8677416590623986	0.0062768927948655	3			0	0.8677416590623986	0.0062768927948655	3	0.1723579138144393	0.0052497341168397	3			0	0.1723579138144393	0.0052497341168397	3			0	0.5200497864384189	0.0057615075542301	3			0	1.0		1.0	28.0		28.0		28.0	
E9p5Embryo	anticor	2000	expression_driven	configs/rebuild_v1/non_spatial_downstream/canonical/e9p5_embryo.yaml	cellcharter	0.5270088101022419	0.0089260490724724	3			0	0.5270088101022419	0.0089260490724724	3	0.6427380360267217	0.0087792701576874	3			0	0.6427380360267217	0.0087792701576874	3			0	0.5848734230644818	0.0028527743884206	3			0	14.0		14.0	12.0		12.0		14.0	
E9p5Embryo	anticor	2000	expression_driven	configs/rebuild_v1/non_spatial_downstream/canonical/e9p5_embryo.yaml	scvi	0.6830394754704656	0.0196582891294477	3			0	0.6830394754704656	0.0196582891294477	3	0.3737589957875123	0.0142795793464192	3			0	0.3737589957875123	0.0142795793464192	3			0	0.5283992356289889	0.0165155819943277	3			0	23.0		23.0	12.0		12.0		23.0	
E9p5Embryo	dubstepr	2000	expression_driven	configs/rebuild_v1/non_spatial_downstream/canonical/e9p5_embryo.yaml	cellcharter	0.5309998085697186	4.53824868182404e-05	3			0	0.5309998085697186	4.53824868182404e-05	3	0.6087352578342907	0.0188517293330541	3			0	0.6087352578342907	0.0188517293330541	3			0	0.5698675332020047	0.0094306933787211	3			0	11.0		11.0	19.0		19.0		20.0	
E9p5Embryo	dubstepr	2000	expression_driven	configs/rebuild_v1/non_spatial_downstream/canonical/e9p5_embryo.yaml	scvi	0.7381581239445616	0.0077233292266037	3			0	0.7381581239445616	0.0077233292266037	3	0.3459221793369407	0.0199200875353177	3			0	0.3459221793369407	0.0199200875353177	3			0	0.5420401516407511	0.0138202331427145	3			0	10.0		10.0	19.0		19.0		15.0	
E9p5Embryo	hotspot	2000	expression_driven	configs/rebuild_v1/non_spatial_downstream/canonical/e9p5_embryo.yaml	cellcharter	0.4974335853009536	0.0043929582957288	3			0	0.4974335853009536	0.0043929582957288	3	0.6769986231152396	0.0161671729630107	3			0	0.6769986231152396	0.0161671729630107	3			0	0.5872161042080967	0.0061514680002912	3			0	28.0		28.0	8.0		8.0		12.0	
E9p5Embryo	hotspot	2000	expression_driven	configs/rebuild_v1/non_spatial_downstream/canonical/e9p5_embryo.yaml	scvi	0.6814859750356	0.0130995363515447	3			0	0.6814859750356	0.0130995363515447	3	0.4004502864181365	0.012104963675012	3			0	0.4004502864181365	0.012104963675012	3			0	0.5409681307268683	0.0086281641491581	3			0	24.0		24.0	7.0		7.0		17.0	
E9p5Embryo	morans_i	2000	spatially_informed	configs/rebuild_v1/downstream/canonical/e9p5_embryo.yaml	cellcharter	0.5093548497232149	0.005802761335452	3			0	0.5093548497232149	0.005802761335452	3	0.6284146461367811	0.0015808554772227	3			0	0.6284146461367811	0.0015808554772227	3			0	0.568884747929998	0.0021110459413918	3			0	22.0		22.0	15.0		15.0		21.0	
E9p5Embryo	morans_i	2000	spatially_informed	configs/rebuild_v1/downstream/canonical/e9p5_embryo.yaml	scvi	0.701198603105709	0.0034173861308545	3			0	0.701198603105709	0.0034173861308545	3	0.3845794294837483	0.0145929806758421	3			0	0.3845794294837483	0.0145929806758421	3			0	0.5428890162947286	0.0057554816509498	3			0	20.0		20.0	9.0		9.0		13.0	
E9p5Embryo	nbumi	2000	expression_driven	configs/rebuild_v1/non_spatial_downstream/canonical/e9p5_embryo.yaml	cellcharter	0.5072060432411646	0.0048382758701733	3			0	0.5072060432411646	0.0048382758701733	3	0.6663025773627851	0.0096357272832752	3			0	0.6663025773627851	0.0096357272832752	3			0	0.5867543103019749	0.0071824501434767	3			0	25.0		25.0	10.0		10.0		13.0	
E9p5Embryo	nbumi	2000	expression_driven	configs/rebuild_v1/non_spatial_downstream/canonical/e9p5_embryo.yaml	scvi	0.6742624620269603	0.0017071135250721	3			0	0.6742624620269603	0.0017071135250721	3	0.4307673161428919	0.019272590207598	3			0	0.4307673161428919	0.019272590207598	3			0	0.5525148890849261	0.0089319244193731	3			0	28.0		28.0	2.0		2.0		3.0	
E9p5Embryo	nnsvg	2000	spatially_informed	configs/rebuild_v1/downstream/canonical/e9p5_embryo.yaml	cellcharter	0.5226830066321253	0.0088823515348937	3			0	0.5226830066321253	0.0088823515348937	3	0.6129502901668739	0.0081976809892549	3			0	0.6129502901668739	0.0081976809892549	3			0	0.5678166483994996	0.0003633811707997	3			0	17.0		17.0	18.0		18.0		22.0	
E9p5Embryo	nnsvg	2000	spatially_informed	configs/rebuild_v1/downstream/canonical/e9p5_embryo.yaml	scvi	0.7257377140891731	0.0033480694397876	3			0	0.7257377140891731	0.0033480694397876	3	0.3583956110479899	0.0051977236000126	3			0	0.3583956110479899	0.0051977236000126	3			0	0.5420666625685815	0.0034383600667465	3			0	13.0		13.0	17.0		17.0		14.0	
E9p5Embryo	osca	2000	expression_driven	configs/rebuild_v1/non_spatial_downstream/canonical/e9p5_embryo.yaml	cellcharter	0.5284159557694222	0.00311983736595	3			0	0.5284159557694222	0.00311983736595	3	0.627037627825405	0.026220220249722	3			0	0.627037627825405	0.026220220249722	3			0	0.5777267917974136	0.0115749758522283	3			0	13.0		13.0	16.0		16.0		18.0	
E9p5Embryo	osca	2000	expression_driven	configs/rebuild_v1/non_spatial_downstream/canonical/e9p5_embryo.yaml	scvi	0.7098746490754175	0.0060850853531244	3			0	0.7098746490754175	0.0060850853531244	3	0.3762156143823781	0.0136885096797572	3			0	0.3762156143823781	0.0136885096797572	3			0	0.5430451317288979	0.0077483201135222	3			0	17.0		17.0	10.0		10.0		11.0	
E9p5Embryo	scPNMF	2000	expression_driven	configs/rebuild_v1/non_spatial_downstream/canonical/e9p5_embryo.yaml	cellcharter	0.5263482319506448	0.0044488278770712	3			0	0.5263482319506448	0.0044488278770712	3	0.5916314133505277	0.010661721351515	3			0	0.5916314133505277	0.010661721351515	3			0	0.5589898226505863	0.0042163216622202	3			0	15.0		15.0	20.0		20.0		25.0	
E9p5Embryo	scPNMF	2000	expression_driven	configs/rebuild_v1/non_spatial_downstream/canonical/e9p5_embryo.yaml	scvi	0.730031017298122	0.014321186948922	3			0	0.730031017298122	0.014321186948922	3	0.3505253445637725	0.0126640192895404	3			0	0.3505253445637725	0.0126640192895404	3			0	0.5402781809309473	0.010575772764225	3			0	11.0		11.0	18.0		18.0		18.0	
E9p5Embryo	scanpy_cell_ranger	2000	expression_driven	configs/rebuild_v1/non_spatial_downstream/canonical/e9p5_embryo.yaml	cellcharter	0.5287339593355421	0.0040909445921128	3			0	0.5287339593355421	0.0040909445921128	3	0.715059189959249	0.0098469571151238	3			0	0.715059189959249	0.0098469571151238	3			0	0.6218965746473956	0.0030607211599254	3			0	12.0		12.0	3.0		3.0		1.0	
E9p5Embryo	scanpy_cell_ranger	2000	expression_driven	configs/rebuild_v1/non_spatial_downstream/canonical/e9p5_embryo.yaml	scvi	0.7229274392316887	0.0115204941191603	3			0	0.7229274392316887	0.0115204941191603	3	0.3676646449903449	0.0082804524761188	3			0	0.3676646449903449	0.0082804524761188	3			0	0.5452960421110168	0.0093742981504928	3			0	14.0		14.0	14.0		14.0		8.0	
E9p5Embryo	scanpy_cell_ranger_batch	2000	expression_driven	configs/rebuild_v1/non_spatial_downstream/canonical/e9p5_embryo.yaml	cellcharter	0.5232650615059583	0.0028382613624003	3			0	0.5232650615059583	0.0028382613624003	3	0.7126450142375461	0.0064768981071948	3			0	0.7126450142375461	0.0064768981071948	3			0	0.6179550378717522	0.003179578445238	3			0	16.0		16.0	4.0		4.0		3.0	
E9p5Embryo	scanpy_cell_ranger_batch	2000	expression_driven	configs/rebuild_v1/non_spatial_downstream/canonical/e9p5_embryo.yaml	scvi	0.7209815958178728	0.0094728977784705	3			0	0.7209815958178728	0.0094728977784705	3	0.3623864060835644	0.0054171907295651	3			0	0.3623864060835644	0.0054171907295651	3			0	0.5416840009507186	0.0072193134903348	3			0	15.0		15.0	16.0		16.0		16.0	
E9p5Embryo	scanpy_pearson	2000	expression_driven	configs/rebuild_v1/non_spatial_downstream/canonical/e9p5_embryo.yaml	cellcharter	0.5158667526204522	0.0121969082121847	3			0	0.5158667526204522	0.0121969082121847	3	0.679185052553897	0.0198620766463022	3			0	0.679185052553897	0.0198620766463022	3			0	0.5975259025871745	0.0041591550977554	3			0	19.0		19.0	7.0		7.0		8.0	
E9p5Embryo	scanpy_pearson	2000	expression_driven	configs/rebuild_v1/non_spatial_downstream/canonical/e9p5_embryo.yaml	scvi	0.7161790951343194	0.0045805860351348	3			0	0.7161790951343194	0.0045805860351348	3	0.3751266066848387	0.0134638351537531	3			0	0.3751266066848387	0.0134638351537531	3			0	0.545652850909579	0.0048769683646374	3			0	16.0		16.0	11.0		11.0		7.0	
E9p5Embryo	scanpy_pearson_batch	2000	expression_driven	configs/rebuild_v1/non_spatial_downstream/canonical/e9p5_embryo.yaml	cellcharter	0.5486075980803274	0.0081768736820468	3			0	0.5486075980803274	0.0081768736820468	3	0.6397799991007599	0.0089822165382298	3			0	0.6397799991007599	0.0089822165382298	3			0	0.5941937985905436	0.0082640756546399	3			0	8.0		8.0	13.0		13.0		10.0	
E9p5Embryo	scanpy_pearson_batch	2000	expression_driven	configs/rebuild_v1/non_spatial_downstream/canonical/e9p5_embryo.yaml	scvi	0.7271264120657142	0.0172433744502004	3			0	0.7271264120657142	0.0172433744502004	3	0.3156343515149449	0.0146594265998034	3			0	0.3156343515149449	0.0146594265998034	3			0	0.5213803817903296	0.0138864497907822	3			0	12.0		12.0	23.0		23.0		26.0	
E9p5Embryo	scanpy_seurat	2000	expression_driven	configs/rebuild_v1/non_spatial_downstream/canonical/e9p5_embryo.yaml	cellcharter	0.6347788820308015	0.0032655359625426	3			0	0.6347788820308015	0.0032655359625426	3	0.553445398049356	0.0077630054733612	3			0	0.553445398049356	0.0077630054733612	3			0	0.5941121400400787	0.002523658262371	3			0	1.0		1.0	25.0		25.0		11.0	
E9p5Embryo	scanpy_seurat	2000	expression_driven	configs/rebuild_v1/non_spatial_downstream/canonical/e9p5_embryo.yaml	scvi	0.8375477025899848	0.0086052287357446	3			0	0.8375477025899848	0.0086052287357446	3	0.2122242279684516	0.0057303317165995	3			0	0.2122242279684516	0.0057303317165995	3			0	0.5248859652792183	0.0071297584181886	3			0	2.0		2.0	27.0		27.0		25.0	
E9p5Embryo	scanpy_seurat_batch	2000	expression_driven	configs/rebuild_v1/non_spatial_downstream/canonical/e9p5_embryo.yaml	cellcharter	0.6102742844153487	0.0025442913936095	3			0	0.6102742844153487	0.0025442913936095	3	0.5506626820144367	0.0320429801976147	3			0	0.5506626820144367	0.0320429801976147	3			0	0.5804684832148927	0.0164472240780381	3			0	4.0		4.0	27.0		27.0		16.0	
E9p5Embryo	scanpy_seurat_batch	2000	expression_driven	configs/rebuild_v1/non_spatial_downstream/canonical/e9p5_embryo.yaml	scvi	0.7797319096190941	0.0246348719269833	3			0	0.7797319096190941	0.0246348719269833	3	0.2628029015396395	0.0092041901502835	3			0	0.2628029015396395	0.0092041901502835	3			0	0.5212674055793668	0.0100647442471088	3			0	5.0		5.0	25.0		25.0		27.0	
E9p5Embryo	scanpy_seurat_v3	2000	expression_driven	configs/rebuild_v1/non_spatial_downstream/canonical/e9p5_embryo.yaml	cellcharter	0.5089516207027778	0.0046212622365155	3			0	0.5089516207027778	0.0046212622365155	3	0.7290335000224397	0.0113425390754951	3			0	0.7290335000224397	0.0113425390754951	3			0	0.6189925603626086	0.0069386457864683	3			0	23.0		23.0	1.0		1.0		2.0	
E9p5Embryo	scanpy_seurat_v3	2000	expression_driven	configs/rebuild_v1/non_spatial_downstream/canonical/e9p5_embryo.yaml	scvi	0.6789990444014994	0.0073540500623371	3			0	0.6789990444014994	0.0073540500623371	3	0.4238446419079726	0.0124889484063107	3			0	0.4238446419079726	0.0124889484063107	3			0	0.5514218431547361	0.0027050461991927	3			0	27.0		27.0	3.0		3.0		4.0	
E9p5Embryo	scanpy_seurat_v3_batch	2000	expression_driven	configs/rebuild_v1/non_spatial_downstream/canonical/e9p5_embryo.yaml	cellcharter	0.5218786378323529	0.0053727858352408	3			0	0.5218786378323529	0.0053727858352408	3	0.6911136040391517	0.0166063373572166	3			0	0.6911136040391517	0.0166063373572166	3			0	0.6064961209357523	0.0057043094657372	3			0	18.0		18.0	6.0		6.0		5.0	
E9p5Embryo	scanpy_seurat_v3_batch	2000	expression_driven	configs/rebuild_v1/non_spatial_downstream/canonical/e9p5_embryo.yaml	scvi	0.697362839647487	0.0077665368903267	3			0	0.697362839647487	0.0077665368903267	3	0.3686593937185623	0.0177958801934079	3			0	0.3686593937185623	0.0177958801934079	3			0	0.5330111166830247	0.0084102425888409	3			0	21.0		21.0	13.0		13.0		21.0	
E9p5Embryo	scry	2000	expression_driven	configs/rebuild_v1/non_spatial_downstream/canonical/e9p5_embryo.yaml	cellcharter	0.5372774081006488	0.0070931702099451	3			0	0.5372774081006488	0.0070931702099451	3	0.567858228921225	0.0287249541510291	3			0	0.567858228921225	0.0287249541510291	3			0	0.552567818510937	0.0145791051916367	3			0	10.0		10.0	22.0		22.0		27.0	
E9p5Embryo	scry	2000	expression_driven	configs/rebuild_v1/non_spatial_downstream/canonical/e9p5_embryo.yaml	scvi	0.7454592452406748	0.0136747598695987	3			0	0.7454592452406748	0.0136747598695987	3	0.3437895855847788	0.0141786803687785	3			0	0.3437895855847788	0.0141786803687785	3			0	0.5446244154127268	0.0126847222894779	3			0	9.0		9.0	20.0		20.0		9.0	
E9p5Embryo	seurat_disp	2000	expression_driven	configs/rebuild_v1/non_spatial_downstream/canonical/e9p5_embryo.yaml	cellcharter	0.6242687030256554	0.0064289127534201	3			0	0.6242687030256554	0.0064289127534201	3	0.5664563388009574	0.0188313278614951	3			0	0.5664563388009574	0.0188313278614951	3			0	0.5953625209133063	0.0122036347947805	3			0	2.0		2.0	24.0		24.0		9.0	
E9p5Embryo	seurat_disp	2000	expression_driven	configs/rebuild_v1/non_spatial_downstream/canonical/e9p5_embryo.yaml	scvi	0.7695717675227524	0.0051815946530027	3			0	0.7695717675227524	0.0051815946530027	3	0.2809368746493238	0.0065483527150053	3			0	0.2809368746493238	0.0065483527150053	3			0	0.5252543210860381	0.0054942281048776	3			0	6.0		6.0	24.0		24.0		24.0	
E9p5Embryo	seurat_mvp	2000	expression_driven	configs/rebuild_v1/non_spatial_downstream/canonical/e9p5_embryo.yaml	cellcharter	0.607221798207838	0.0032339570366187	3			0	0.607221798207838	0.0032339570366187	3	0.5902230806265584	0.0439286810400553	3			0	0.5902230806265584	0.0439286810400553	3			0	0.5987224394171982	0.0230754011555291	3			0	6.0		6.0	21.0		21.0		7.0	
E9p5Embryo	seurat_mvp	2000	expression_driven	configs/rebuild_v1/non_spatial_downstream/canonical/e9p5_embryo.yaml	scvi	0.8105936395163408	0.0226412383603548	3			0	0.8105936395163408	0.0226412383603548	3	0.2549531170606299	0.026069933782439	3			0	0.2549531170606299	0.026069933782439	3			0	0.5327733782884855	0.0027137726994311	3			0	3.0		3.0	26.0		26.0		22.0	
E9p5Embryo	seurat_sct	2000	expression_driven	configs/rebuild_v1/non_spatial_downstream/canonical/e9p5_embryo.yaml	cellcharter	0.6143519918273194	0.0176721302898912	3			0	0.6143519918273194	0.0176721302898912	3	0.2677144259756231	0.074259256275864	3			0	0.2677144259756231	0.074259256275864	3			0	0.4410332089014712	0.0303467711028955	3			0	3.0		3.0	29.0		29.0		29.0	
E9p5Embryo	seurat_sct	2000	expression_driven	configs/rebuild_v1/non_spatial_downstream/canonical/e9p5_embryo.yaml	scvi	0.7818253048416914	0.0020049128722162	3			0	0.7818253048416914	0.0020049128722162	3	0.0962410963005582	0.0026887595996645	3			0	0.0962410963005582	0.0026887595996645	3			0	0.4390332005711248	0.0022829911928213	3			0	4.0		4.0	29.0		29.0		29.0	
E9p5Embryo	seurat_vst	2000	expression_driven	configs/rebuild_v1/non_spatial_downstream/canonical/e9p5_embryo.yaml	cellcharter	0.5080663430117097	0.0053594637270872	3			0	0.5080663430117097	0.0053594637270872	3	0.7259532079089096	0.0131485065016804	3			0	0.7259532079089096	0.0131485065016804	3			0	0.6170097754603097	0.0057094782594876	3			0	24.0		24.0	2.0		2.0		4.0	
E9p5Embryo	seurat_vst	2000	expression_driven	configs/rebuild_v1/non_spatial_downstream/canonical/e9p5_embryo.yaml	scvi	0.6793546242809985	0.0056292266063666	3			0	0.6793546242809985	0.0056292266063666	3	0.4137200757748046	0.0148635826435739	3			0	0.4137200757748046	0.0148635826435739	3			0	0.5465373500279015	0.0056244301666943	3			0	25.0		25.0	5.0		5.0		6.0	
E9p5Embryo	singleCellHaystack	2000	expression_driven	configs/rebuild_v1/non_spatial_downstream/canonical/e9p5_embryo.yaml	cellcharter	0.5108893519194311	0.0057574110537466	3			0	0.5108893519194311	0.0057574110537466	3	0.632661164208829	0.0102830274705264	3			0	0.632661164208829	0.0102830274705264	3			0	0.5717752580641301	0.0026701587779486	3			0	21.0		21.0	14.0		14.0		19.0	
E9p5Embryo	singleCellHaystack	2000	expression_driven	configs/rebuild_v1/non_spatial_downstream/canonical/e9p5_embryo.yaml	scvi	0.7028626702956933	0.0085960744012926	3			0	0.7028626702956933	0.0085960744012926	3	0.3669934155498473	0.0128428245632488	3			0	0.3669934155498473	0.0128428245632488	3			0	0.5349280429227702	0.0104819770974482	3			0	19.0		19.0	15.0		15.0		20.0	
E9p5Embryo	somde	2000	spatially_informed	configs/rebuild_v1/downstream/canonical/e9p5_embryo.yaml	cellcharter	0.4927776743277455	0.0047128234666435	3			0	0.4927776743277455	0.0047128234666435	3	0.6671649466798849	0.0032384233719584	3			0	0.6671649466798849	0.0032384233719584	3			0	0.5799713105038152	0.0007441067268212	3			0	29.0		29.0	9.0		9.0		17.0	
E9p5Embryo	somde	2000	spatially_informed	configs/rebuild_v1/downstream/canonical/e9p5_embryo.yaml	scvi	0.6669174290643562	0.0041660056038085	3			0	0.6669174290643562	0.0041660056038085	3	0.4533098156894656	0.0079248296367427	3			0	0.4533098156894656	0.0079248296367427	3			0	0.560113622376911	0.0057644417200996	3			0	29.0		29.0	1.0		1.0		1.0	
E9p5Embryo	sparkx	2000	spatially_informed	configs/rebuild_v1/downstream/canonical/e9p5_embryo.yaml	cellcharter	0.512460150752847	0.0045860175259856	3			0	0.512460150752847	0.0045860175259856	3	0.6172943005103516	0.0101014880419079	3			0	0.6172943005103516	0.0101014880419079	3			0	0.5648772256315994	0.0064064283331041	3			0	20.0		20.0	17.0		17.0		23.0	
E9p5Embryo	sparkx	2000	spatially_informed	configs/rebuild_v1/downstream/canonical/e9p5_embryo.yaml	scvi	0.7075097693168866	0.0040893679720842	3			0	0.7075097693168866	0.0040893679720842	3	0.387193412343866	0.0197024478743758	3			0	0.387193412343866	0.0197024478743758	3			0	0.5473515908303762	0.0112217036595585	3			0	18.0		18.0	8.0		8.0		5.0	
E9p5Embryo	spatialde	2000	spatially_informed	configs/rebuild_v1/downstream/canonical/e9p5_embryo.yaml	cellcharter	0.5019960271782541	0.0053877250037458	3			0	0.5019960271782541	0.0053877250037458	3	0.662296265570205	0.0176992779777043	3			0	0.662296265570205	0.0176992779777043	3			0	0.5821461463742296	0.0062179364284625	3			0	27.0		27.0	11.0		11.0		15.0	
E9p5Embryo	spatialde	2000	spatially_informed	configs/rebuild_v1/downstream/canonical/e9p5_embryo.yaml	scvi	0.6898184880916371	0.0071301659285622	3			0	0.6898184880916371	0.0071301659285622	3	0.4230684939996297	0.0053720866202832	3			0	0.4230684939996297	0.0053720866202832	3			0	0.5564434910456334	0.0011350726712541	3			0	22.0		22.0	4.0		4.0		2.0	
E9p5Embryo	statistic_mean	2000	expression_driven	configs/rebuild_v1/non_spatial_downstream/canonical/e9p5_embryo.yaml	cellcharter	0.5504548787733853	0.0022803416955322	3			0	0.5504548787733853	0.0022803416955322	3	0.5527087014483077	0.0196625036502903	3			0	0.5527087014483077	0.0196625036502903	3			0	0.5515817901108465	0.0087104256719088	3			0	7.0		7.0	26.0		26.0		28.0	
E9p5Embryo	statistic_mean	2000	expression_driven	configs/rebuild_v1/non_spatial_downstream/canonical/e9p5_embryo.yaml	scvi	0.7541621331853156	0.0139694660877922	3			0	0.7541621331853156	0.0139694660877922	3	0.3236328257290439	0.0252550657746606	3			0	0.3236328257290439	0.0252550657746606	3			0	0.5388974794571797	0.0082814722024181	3			0	7.0		7.0	22.0		22.0		19.0	
E9p5Embryo	statistic_variance	2000	expression_driven	configs/rebuild_v1/non_spatial_downstream/canonical/e9p5_embryo.yaml	cellcharter	0.542515684613839	0.0100456100341512	3			0	0.542515684613839	0.0100456100341512	3	0.5667217435517372	0.0190173178540458	3			0	0.5667217435517372	0.0190173178540458	3			0	0.5546187140827881	0.0110192875351618	3			0	9.0		9.0	23.0		23.0		26.0	
E9p5Embryo	statistic_variance	2000	expression_driven	configs/rebuild_v1/non_spatial_downstream/canonical/e9p5_embryo.yaml	scvi	0.7532219449537189	0.0077307783426554	3			0	0.7532219449537189	0.0077307783426554	3	0.3328392890385614	0.0058615284656452	3			0	0.3328392890385614	0.0058615284656452	3			0	0.5430306169961402	0.0043860949591818	3			0	8.0		8.0	21.0		21.0		12.0	
E9p5Embryo	triku	2000	expression_driven	configs/rebuild_v1/non_spatial_downstream/canonical/e9p5_embryo.yaml	cellcharter	0.5029969289898443	0.0053535753962116	3			0	0.5029969289898443	0.0053535753962116	3	0.7030797858760197	0.0220248606790826	3			0	0.7030797858760197	0.0220248606790826	3			0	0.603038357432932	0.0136842099650347	3			0	26.0		26.0	5.0		5.0		6.0	
E9p5Embryo	triku	2000	expression_driven	configs/rebuild_v1/non_spatial_downstream/canonical/e9p5_embryo.yaml	scvi	0.6792281218415613	0.0050397791162815	3			0	0.6792281218415613	0.0050397791162815	3	0.4091920412213397	0.0331307379599803	3			0	0.4091920412213397	0.0331307379599803	3			0	0.5442100815314506	0.0145653110080154	3			0	26.0		26.0	6.0		6.0		10.0	
MouseBrainSerialSections	Brennecke	2000	expression_driven	configs/rebuild_v1/non_spatial_downstream/canonical/mouse_brain_serial_sections.yaml	cellcharter	0.5895704745020454	0.022140397602219	3	0.8417862142771795	0.0136759996041887	3	0.7156783443896124	0.005817348601808	3	0.7783924799146474	0.0051291317525937	3	0.855470782117989	0.026047249007225	3	0.8169316310163183	0.0127247816740408	3	0.9630742308156672	0.0093918419171487	3	0.7663049877029654	0.0041524259187331	3	0.8318947354071993	0.0014424457714624	3	15.0	16.0	18.0	21.0	1.0	1.0	13.0	2.0	2.0
MouseBrainSerialSections	Brennecke	2000	expression_driven	configs/rebuild_v1/non_spatial_downstream/canonical/mouse_brain_serial_sections.yaml	scvi	0.4523549678414528	0.0674129288922358	3	0.6109539367273423	0.04635555409846	3	0.5316544522843976	0.0540035924062447	3	0.6128178706962539	0.0829270530412472	3	0.5224350260951112	0.2150515587366802	3	0.5676264483956825	0.1486953390166463	3	0.8806913046516084	0.0037169413798218	3	0.54964045034004	0.1013492267863859	3	0.6599907351105628	0.0663885884690976	3	10.0	20.0	14.0	20.0	20.0	20.0	9.0	15.0	13.0
MouseBrainSerialSections	anticor	2000	expression_driven	configs/rebuild_v1/non_spatial_downstream/canonical/mouse_brain_serial_sections.yaml	cellcharter	0.5768816335644537	0.0037851730765711	3	0.8505671046429492	0.0222133204998478	3	0.7137243691037014	0.0129794730509914	3	0.7906202514773807	0.0014542140108646	3	0.8089316441034445	0.0147755776271609	3	0.7997759477904126	0.0066697992615652	3	0.9608053690028924	0.0106197211483747	3	0.756750158447057	0.0098160241241408	3	0.8247685619656687	0.0091176371337931	3	19.0	13.0	23.0	3.0	9.0	7.0	18.0	18.0	21.0
MouseBrainSerialSections	anticor	2000	expression_driven	configs/rebuild_v1/non_spatial_downstream/canonical/mouse_brain_serial_sections.yaml	scvi	0.2985914563292728	0.1601777018397569	3	0.6379527965506031	0.0364763473581895	3	0.4682721264399379	0.0913700266388839	3	0.5825776432263509	0.1155167144085745	3	0.4909477453887547	0.0931545711200014	3	0.5367626943075527	0.0997359492306921	3	0.6055784559092241	0.1906411025248263	3	0.5025174103737454	0.0334915179564908	3	0.5368710922189049	0.075627236296981	3	20.0	16.0	19.0	26.0	24.0	25.0	23.0	22.0	22.0
MouseBrainSerialSections	dubstepr	2000	expression_driven	configs/rebuild_v1/non_spatial_downstream/canonical/mouse_brain_serial_sections.yaml	cellcharter	0.5772297371727837	0.0040372308805973	3	0.8566493346308709	0.0144219518561074	3	0.7169395359018272	0.0064331324815992	3	0.7874072913709899	0.0060980387888995	3	0.8101558526046743	0.0229933182393638	3	0.7987815719878322	0.0084477208418852	3	0.9602102376306668	0.0068277176099829	3	0.7578605539448297	0.0063259944428015	3	0.8253104485067753	0.0031934205409306	3	18.0	8.0	16.0	14.0	8.0	9.0	19.0	16.0	19.0
MouseBrainSerialSections	dubstepr	2000	expression_driven	configs/rebuild_v1/non_spatial_downstream/canonical/mouse_brain_serial_sections.yaml	scvi	0.3344109639465357	0.1022601560431065	3	0.6918738708218296	0.0591784713685806	3	0.5131424173841826	0.0806437729462777	3	0.5876501251199812	0.039751868754598	3	0.5198821215670102	0.1326091993099404	3	0.5537661233434957	0.0859204548850502	3	0.7270204950796854	0.2263460825185559	3	0.5334542703638392	0.0832816941276583	3	0.5979763452691212	0.1308322852053558	3	17.0	11.0	15.0	24.0	22.0	23.0	18.0	16.0	18.0
MouseBrainSerialSections	hotspot	2000	expression_driven	configs/rebuild_v1/non_spatial_downstream/canonical/mouse_brain_serial_sections.yaml	cellcharter	0.5641714004226527	0.0014969045049344	3	0.8666910279298962	0.0246816732416518	3	0.7154312141762745	0.0122411159320333	3	0.7892138839745214	0.0032452159801399	3	0.799996537861853	0.0123836480944378	3	0.7946052109181873	0.0077752770350537	3	0.966937798548122	0.0071026210553106	3	0.7550182125472308	0.0037369235372166	3	0.8256580745475278	0.0047214253949556	3	24.0	4.0	20.0	6.0	17.0	16.0	3.0	23.0	17.0
MouseBrainSerialSections	hotspot	2000	expression_driven	configs/rebuild_v1/non_spatial_downstream/canonical/mouse_brain_serial_sections.yaml	scvi	0.2658407874835992	0.0098993987909301	3	0.5162283059978204	0.0481511956988855	3	0.3910345467407098	0.0286138988083402	3	0.5490513675467187	0.051546641023773	3	0.3653961073245116	0.0580543314557756	3	0.4572237374356152	0.0475031513735177	3	0.6780913205272497	0.1483742739432155	3	0.4241291420881625	0.0262568815600906	3	0.5087832015678583	0.0501075099666036	3	21.0	28.0	23.0	29.0	29.0	29.0	20.0	28.0	26.0
MouseBrainSerialSections	morans_i	2000	spatially_informed	configs/rebuild_v1/downstream/canonical/mouse_brain_serial_sections.yaml	cellcharter	0.563857706031603	0.0142393129761569	3	0.8628603516743517	0.0207929331359372	3	0.7133590288529774	0.0169271034750072	3	0.7921251066309237	0.0046222987149995	3	0.8055559450378654	0.0092759329463943	3	0.7988405258343946	0.005198920725132	3	0.9663258223239805	0.0080067565857832	3	0.7560997773436858	0.0080386943372843	3	0.8261751256704507	0.0060264295638087	3	25.0	5.0	24.0	2.0	12.0	8.0	4.0	19.0	15.0
MouseBrainSerialSections	morans_i	2000	spatially_informed	configs/rebuild_v1/downstream/canonical/mouse_brain_serial_sections.yaml	scvi	0.2541089896918636	0.1565696684651704	3	0.5976591623122891	0.0634605870085593	3	0.4258840760020763	0.0937120488411155	3	0.6144881044868072	0.1067566983343052	3	0.5205750143112678	0.1185738279027189	3	0.5675315593990375	0.1077671866181768	3	0.5344326965323295	0.2473494748002036	3	0.4967078177005569	0.0610310905372761	3	0.5092827773111478	0.0921319972485019	3	23.0	21.0	22.0	18.0	21.0	21.0	28.0	24.0	25.0
MouseBrainSerialSections	nbumi	2000	expression_driven	configs/rebuild_v1/non_spatial_downstream/canonical/mouse_brain_serial_sections.yaml	cellcharter	0.6587651478508131	0.0086178397266103	3	0.8002415855040431	0.0239172013556072	3	0.7295033666774281	0.0079474138532856	3	0.785866459290236	0.006594861879991	3	0.7963309733678781	0.0112996508569432	3	0.7910987163290569	0.0080854050887648	3	0.9631908976212474	0.0079015720367722	3	0.7603010415032426	0.0040319211182731	3	0.8279309935425774	0.0053112195493822	3	8.0	25.0	9.0	17.0	20.0	18.0	12.0	12.0	10.0
MouseBrainSerialSections	nbumi	2000	expression_driven	configs/rebuild_v1/non_spatial_downstream/canonical/mouse_brain_serial_sections.yaml	scvi	0.5201132304167874	0.143284131027609	3	0.7222519413471007	0.0249381863032885	3	0.6211825858819441	0.0697450779860468	3	0.716679672582759	0.0204970225351259	3	0.7140113499775772	0.0806903020545652	3	0.7153455112801681	0.0492751737984479	3	0.8936008941644994	0.0504885842452664	3	0.6682640485810561	0.0594729364867526	3	0.7433763304422037	0.0543264841238223	3	8.0	8.0	8.0	9.0	11.0	10.0	8.0	8.0	8.0
MouseBrainSerialSections	nnsvg	2000	spatially_informed	configs/rebuild_v1/downstream/canonical/mouse_brain_serial_sections.yaml	cellcharter	0.6134439402785863	0.0046222859517323	3	0.8541421849195112	0.0069508036735105	3	0.7337930625990489	0.0029381875704982	3	0.7877653847632043	0.0021587526137842	3	0.7775511742745628	0.03303163637995	3	0.7826582795188836	0.0161801851055304	3	0.9658018684015838	0.0079338480202063	3	0.7582256710589662	0.0095591328785988	3	0.8274177368398387	0.0052180025123062	3	11.0	11.0	8.0	12.0	28.0	25.0	7.0	14.0	13.0
MouseBrainSerialSections	nnsvg	2000	spatially_informed	configs/rebuild_v1/downstream/canonical/mouse_brain_serial_sections.yaml	scvi	0.4138530498194608	0.0610482897934777	3	0.7100168115355082	0.0135550454081419	3	0.5619349306774847	0.0330435673380061	3	0.6128794109532345	0.0324968182150376	3	0.6195684376005595	0.0779470227010105	3	0.616223924276897	0.055127255506925	3	0.7827183279218759	0.0457722171850245	3	0.5890794274771908	0.0423439057946621	3	0.6536257276254193	0.0434491145315032	3	11.0	9.0	10.0	19.0	16.0	18.0	15.0	13.0	14.0
MouseBrainSerialSections	osca	2000	expression_driven	configs/rebuild_v1/non_spatial_downstream/canonical/mouse_brain_serial_sections.yaml	cellcharter	0.567684187888238	0.0252692687000398	3	0.8544946277245096	0.0026201702348585	3	0.7110894078063739	0.0128337450510346	3	0.7832621846280535	0.0049096535131322	3	0.8392047037726682	0.0544477037607213	3	0.8112334442003609	0.0258663933434484	3	0.964797404605679	0.0115980631017876	3	0.7611614260033673	0.0067226836456257	3	0.8290400855374713	0.0059333039464711	3	22.0	10.0	25.0	19.0	3.0	3.0	11.0	11.0	6.0
MouseBrainSerialSections	osca	2000	expression_driven	configs/rebuild_v1/non_spatial_downstream/canonical/mouse_brain_serial_sections.yaml	scvi	0.3071832528176124	0.1222433645993093	3	0.6116322066923772	0.0500754937812531	3	0.4594077297549948	0.0697516204776989	3	0.6700932979274716	0.0464944179405556	3	0.6721521323526799	0.0349607136109383	3	0.6711227151400757	0.0360418634117047	3	0.6602784372725051	0.2081033693164602	3	0.5652652224475353	0.0239862258794697	3	0.5969362940558586	0.0836033163419566	3	19.0	19.0	20.0	14.0	13.0	14.0	22.0	14.0	19.0
MouseBrainSerialSections	scPNMF	2000	expression_driven	configs/rebuild_v1/non_spatial_downstream/canonical/mouse_brain_serial_sections.yaml	cellcharter	0.5662360102941856	0.0238128786975838	3	0.8414881556770205	0.0296213362240345	3	0.7038620829856032	0.0235556422935457	3	0.7863342095502587	0.0090134516501206	3	0.8075729767951488	0.03267934867691	3	0.7969535931727038	0.0119219025188638	3	0.9598634258007896	0.0115387338223505	3	0.7504078380791533	0.0150966723897741	3	0.8202263673196989	0.0075891186307455	3	23.0	17.0	27.0	15.0	10.0	13.0	20.0	27.0	28.0
MouseBrainSerialSections	scPNMF	2000	expression_driven	configs/rebuild_v1/non_spatial_downstream/canonical/mouse_brain_serial_sections.yaml	scvi	0.1956990909898833	0.0941885083202959	3	0.5806062598977187	0.0975364884897986	3	0.388152675443801	0.0532896679926842	3	0.6345504158330159	0.1200708059064497	3	0.6227081351654394	0.1890860361604636	3	0.6286292754992276	0.1489530289441353	3	0.5377049566266625	0.0809331483793756	3	0.5083909754715142	0.0784445421275898	3	0.5181623025232304	0.0393450390799554	3	28.0	23.0	25.0	17.0	15.0	16.0	27.0	20.0	24.0
MouseBrainSerialSections	scanpy_cell_ranger	2000	expression_driven	configs/rebuild_v1/non_spatial_downstream/canonical/mouse_brain_serial_sections.yaml	cellcharter	0.7059814122755753	0.0093878911451363	3	0.7968768213645997	0.007011550296939	3	0.7514291168200874	0.0049771813481855	3	0.7765883542167895	0.0009804282531767	3	0.7731379523538472	0.0122294063376534	3	0.7748631532853182	0.0056891067400047	3	0.9561304674621908	0.0103440668998294	3	0.7631461350527028	0.0009849031144866	3	0.8274742458558655	0.0036846561526568	3	2.0	27.0	2.0	24.0	29.0	29.0	27.0	9.0	12.0
MouseBrainSerialSections	scanpy_cell_ranger	2000	expression_driven	configs/rebuild_v1/non_spatial_downstream/canonical/mouse_brain_serial_sections.yaml	scvi	0.7102254730158468	0.011519800563127	3	0.8091157754438166	0.0194515738434112	3	0.7596706242298318	0.0154843978346645	3	0.7499211414509418	0.0099323430709816	3	0.9209242275680432	0.0115808556798475	3	0.8354226845094925	0.0042200462993776	3	0.9636388866168804	0.0097796629962583	3	0.7975466543696621	0.0085204257858836	3	0.8529107317854017	0.002444711022703	3	1.0	2.0	1.0	4.0	1.0	1.0	2.0	1.0	1.0
MouseBrainSerialSections	scanpy_cell_ranger_batch	2000	expression_driven	configs/rebuild_v1/non_spatial_downstream/canonical/mouse_brain_serial_sections.yaml	cellcharter	0.7072864660774149	0.0056224220921824	3	0.7972975279293867	0.0044816844738583	3	0.7522919970034009	0.0050308778814815	3	0.7767433032215663	0.0025843803574294	3	0.7804486568429722	0.0281948864405095	3	0.7785959800322692	0.0153532746405902	3	0.957678078122095	0.0085723129726969	3	0.765443988517835	0.0092589570594702	3	0.8295220183859217	0.008987352112353	3	1.0	26.0	1.0	23.0	27.0	26.0	24.0	4.0	5.0
MouseBrainSerialSections	scanpy_cell_ranger_batch	2000	expression_driven	configs/rebuild_v1/non_spatial_downstream/canonical/mouse_brain_serial_sections.yaml	scvi	0.7038737231685271	0.0134769913153984	3	0.800600436967693	0.0072577776958498	3	0.7522370800681101	0.0073751713132917	3	0.750078353465503	0.0032122018356096	3	0.8952926751275231	0.0472360993636229	3	0.8226855142965132	0.0247324948702549	3	0.9648000219819672	0.0069573987066649	3	0.7874612971823116	0.0160405391148571	3	0.8465742054488635	0.0085267111569083	3	2.0	3.0	2.0	3.0	2.0	3.0	1.0	3.0	2.0
MouseBrainSerialSections	scanpy_pearson	2000	expression_driven	configs/rebuild_v1/non_spatial_downstream/canonical/mouse_brain_serial_sections.yaml	cellcharter	0.5577163379903022	0.0089277777336497	3	0.8467541354494582	0.0102844563554936	3	0.7022352367198802	0.0065702715902572	3	0.7895644572805343	0.0039973693639685	3	0.8127523435118396	0.0005475539023978	3	0.8011584003961869	0.0018021270191792	3	0.9672037900996096	0.0110665008190064	3	0.7516968185580337	0.0041499878480984	3	0.8235324757385589	0.0015339143352383	3	29.0	14.0	28.0	5.0	6.0	5.0	2.0	26.0	24.0
MouseBrainSerialSections	scanpy_pearson	2000	expression_driven	configs/rebuild_v1/non_spatial_downstream/canonical/mouse_brain_serial_sections.yaml	scvi	0.2031915033238071	0.0717560987862228	3	0.5443023704421089	0.0738133513714079	3	0.373746936882958	0.0115116237685967	3	0.6500243785659446	0.1156160877241704	3	0.6127849156804315	0.2023276055604494	3	0.6314046471231881	0.1588775025766605	3	0.5744502757376041	0.1513343464667474	3	0.502575792003073	0.0803352532630321	3	0.5265339532479167	0.0031676237733874	3	27.0	25.0	27.0	16.0	17.0	15.0	25.0	21.0	23.0
MouseBrainSerialSections	scanpy_pearson_batch	2000	expression_driven	configs/rebuild_v1/non_spatial_downstream/canonical/mouse_brain_serial_sections.yaml	cellcharter	0.5590334063553808	0.0047943141484434	3	0.8398305821342396	0.0080195640928532	3	0.6994319942448102	0.0060900623144469	3	0.7878014759608877	0.00124063574062	3	0.8044143710961985	0.0115299969143718	3	0.7961079235285432	0.0054009182647746	3	0.9662051563127833	0.0096994774060676	3	0.7477699588866766	0.0003837894088173	3	0.8205816913620456	0.0031216039052403	3	27.0	18.0	29.0	11.0	14.0	14.0	6.0	28.0	27.0
MouseBrainSerialSections	scanpy_pearson_batch	2000	expression_driven	configs/rebuild_v1/non_spatial_downstream/canonical/mouse_brain_serial_sections.yaml	scvi	0.259247270152079	0.0640321108385468	3	0.5209619454414577	0.0827350871974853	3	0.3901046077967683	0.0728606094950688	3	0.6055216214929585	0.0429788259021672	3	0.4772243767759971	0.0547210384598634	3	0.5413729991344779	0.0229711404329077	3	0.7004365926605741	0.1491508738971631	3	0.4657388034656231	0.0377238373553932	3	0.54397139986394	0.072791272475849	3	22.0	27.0	24.0	23.0	25.0	24.0	19.0	26.0	21.0
MouseBrainSerialSections	scanpy_seurat	2000	expression_driven	configs/rebuild_v1/non_spatial_downstream/canonical/mouse_brain_serial_sections.yaml	cellcharter	0.6809100506077912	0.0102233578944924	3	0.8103085073589386	0.0163536708092515	3	0.7456092789833649	0.0080357427894086	3	0.7719341508953365	0.001969056491739	3	0.7829160930120729	0.0108205726807618	3	0.7774251219537046	0.0044940443716781	3	0.9627789051449094	0.012474273060462	3	0.7615172004685347	0.0061715682662292	3	0.8286044353606595	0.0080484165161659	3	3.0	22.0	3.0	28.0	25.0	28.0	14.0	10.0	9.0
MouseBrainSerialSections	scanpy_seurat	2000	expression_driven	configs/rebuild_v1/non_spatial_downstream/canonical/mouse_brain_serial_sections.yaml	scvi	0.6976967194799283	0.0004969872718961	3	0.7825503851229824	0.0076285494384621	3	0.7401235523014553	0.0040627629078503	3	0.736080697802211	0.0045913068460039	3	0.8820331239598072	0.0121446465873075	3	0.8090569108810092	0.0083427348770285	3	0.9493701143610896	0.0121601928528958	3	0.7745902315912322	0.0060630817716875	3	0.8328501925145179	0.0068145923474026	3	3.0	4.0	4.0	5.0	4.0	4.0	5.0	4.0	4.0
MouseBrainSerialSections	scanpy_seurat_batch	2000	expression_driven	configs/rebuild_v1/non_spatial_downstream/canonical/mouse_brain_serial_sections.yaml	cellcharter	0.6038836105581683	0.0311615084517504	3	0.8159565232329519	0.0139967158197977	3	0.7099200668955601	0.0147278333338032	3	0.7776542653596992	0.0043025380607917	3	0.7934754526144171	0.0231701427225558	3	0.7855648589870582	0.0123993689108097	3	0.9651697260304402	0.0069523633216712	3	0.7477424629413091	0.0135631692655252	3	0.8202182173043528	0.00739184743883	3	12.0	20.0	26.0	22.0	21.0	23.0	9.0	29.0	29.0
MouseBrainSerialSections	scanpy_seurat_batch	2000	expression_driven	configs/rebuild_v1/non_spatial_downstream/canonical/mouse_brain_serial_sections.yaml	scvi	0.5109544070771724	0.1596077842334476	3	0.6721592571931841	0.1008622778662827	3	0.5915568321351783	0.130164156143077	3	0.6941610056053534	0.0559728262624786	3	0.7794081131466631	0.1875597352146259	3	0.7367845593760083	0.1216580208014084	3	0.8774009946492054	0.0823014082089754	3	0.6641706957555932	0.1255270202618143	3	0.7352474620534638	0.1110020120965103	3	9.0	13.0	9.0	12.0	7.0	9.0	10.0	9.0	9.0
MouseBrainSerialSections	scanpy_seurat_v3	2000	expression_driven	configs/rebuild_v1/non_spatial_downstream/canonical/mouse_brain_serial_sections.yaml	cellcharter	0.6769305986514175	0.0096392651994884	3	0.7940938275579484	0.0187397532512702	3	0.7355122131046828	0.0057846722507632	3	0.7857099783820046	0.004580120825253	3	0.8022571711602441	0.004132023380641	3	0.7939835747711244	0.0018294314890147	3	0.9537928198162868	0.0088056917445998	3	0.7647478939379037	0.0030221973878847	3	0.8277628692306981	0.0037341746241987	3	5.0	28.0	6.0	18.0	16.0	17.0	28.0	6.0	11.0
MouseBrainSerialSections	scanpy_seurat_v3	2000	expression_driven	configs/rebuild_v1/non_spatial_downstream/canonical/mouse_brain_serial_sections.yaml	scvi	0.5895133327548011	0.1567117436354297	3	0.7620072807465199	0.0180630502433626	3	0.6757603067506605	0.0857845125544888	3	0.7316817795227379	0.0147818318282445	3	0.7718897019701133	0.0593310775962416	3	0.7517857407464256	0.0307587841745819	3	0.9272793444907464	0.0414993024164067	3	0.713773023748543	0.0546980112079584	3	0.7849417973292775	0.0498039951579317	3	7.0	7.0	7.0	7.0	8.0	7.0	6.0	6.0	6.0
MouseBrainSerialSections	scanpy_seurat_v3_batch	2000	expression_driven	configs/rebuild_v1/non_spatial_downstream/canonical/mouse_brain_serial_sections.yaml	cellcharter	0.6261292649208133	0.0127173665947428	3	0.8298229649174284	0.0234996048679625	3	0.7279761149191208	0.0077807741298131	3	0.7885037534978974	0.0019641991156376	3	0.8119937268889066	0.0021043360235504	3	0.800248740193402	0.0015163678426826	3	0.9584277060889465	0.0068231162702675	3	0.7641124275562614	0.0045480037787682	3	0.8288841870671565	0.0046394030540905	3	10.0	19.0	11.0	7.0	7.0	6.0	21.0	8.0	7.0
MouseBrainSerialSections	scanpy_seurat_v3_batch	2000	expression_driven	configs/rebuild_v1/non_spatial_downstream/canonical/mouse_brain_serial_sections.yaml	scvi	0.3971870886139273	0.1341315434958342	3	0.669516419726618	0.0744940378566511	3	0.5333517541702727	0.1025826482025805	3	0.7143292538661455	0.0490084012482316	3	0.6766120307767208	0.2587182145003569	3	0.6954706423214332	0.1538623474565105	3	0.8192581270151842	0.0992386776750037	3	0.614411198245853	0.1208675223549366	3	0.68269350783563	0.1121249439719501	3	12.0	14.0	13.0	10.0	12.0	12.0	12.0	12.0	12.0
MouseBrainSerialSections	scry	2000	expression_driven	configs/rebuild_v1/non_spatial_downstream/canonical/mouse_brain_serial_sections.yaml	cellcharter	0.5776101725002483	0.0102069861773559	3	0.8681993358895427	0.0203892701414904	3	0.7229047541948955	0.0148033272664406	3	0.7765719688251657	0.001139565306522	3	0.8539567785463377	0.0264024716556304	3	0.8152643736857517	0.0127160187579559	3	0.9649846692516336	0.0056786075230862	3	0.7690845639403235	0.001630407830478	3	0.8343845990440936	0.0022373422981441	3	17.0	3.0	12.0	25.0	2.0	2.0	10.0	1.0	1.0
MouseBrainSerialSections	scry	2000	expression_driven	configs/rebuild_v1/non_spatial_downstream/canonical/mouse_brain_serial_sections.yaml	scvi	0.2417080108861985	0.0914993415886248	3	0.5279600286305242	0.0965872272746011	3	0.3848340197583613	0.0150993424472401	3	0.5665543568503985	0.108638111004366	3	0.4127373429509625	0.1022172738871747	3	0.4896458499006804	0.105426547578223	3	0.5677885391895645	0.247954365123744	3	0.4372399348295209	0.0541011441157474	3	0.4807561362828687	0.0466565234077978	3	24.0	26.0	26.0	28.0	27.0	27.0	26.0	27.0	27.0
MouseBrainSerialSections	seurat_disp	2000	expression_driven	configs/rebuild_v1/non_spatial_downstream/canonical/mouse_brain_serial_sections.yaml	cellcharter	0.576139266441522	0.0130738801486115	3	0.8548213263589038	0.012636484262689	3	0.7154802964002128	0.0107937999375984	3	0.7807176376917666	0.0039249518672865	3	0.7999436586221575	0.0073129788812213	3	0.7903306481569622	0.0042538104541172	3	0.9705461439455038	0.0057981246728154	3	0.7529054722785876	0.0049092287089012	3	0.8254523628342264	0.0028144322093304	3	20.0	9.0	19.0	20.0	18.0	21.0	1.0	25.0	18.0
MouseBrainSerialSections	seurat_disp	2000	expression_driven	configs/rebuild_v1/non_spatial_downstream/canonical/mouse_brain_serial_sections.yaml	scvi	0.3397964073746708	0.1113428262248839	3	0.5968776038583855	0.1244392260947679	3	0.4683370056165281	0.1178570511290807	3	0.6075233356538283	0.0858082112817884	3	0.5770531512003262	0.2069261846104848	3	0.5922882434270772	0.1459034632707652	3	0.7646337998232751	0.1337962237419164	3	0.5303126245218027	0.1315703628071237	3	0.6084196829556269	0.1321424857611192	3	15.0	22.0	18.0	22.0	19.0	19.0	17.0	17.0	15.0
MouseBrainSerialSections	seurat_mvp	2000	expression_driven	configs/rebuild_v1/non_spatial_downstream/canonical/mouse_brain_serial_sections.yaml	cellcharter	0.6719226862301974	0.0144347965234836	3	0.8048701079728735	0.0160494895579355	3	0.7383963971015354	0.0109414500179437	3	0.7738221376936026	0.0033538825318249	3	0.7812840898948225	0.0053070211014225	3	0.7775531137942125	0.0022451116792807	3	0.9573986048651998	0.011502897575774	3	0.757974755447874	0.0065930889974471	3	0.824449371920316	0.0050740418108542	3	7.0	23.0	5.0	26.0	26.0	27.0	25.0	15.0	23.0
MouseBrainSerialSections	seurat_mvp	2000	expression_driven	configs/rebuild_v1/non_spatial_downstream/canonical/mouse_brain_serial_sections.yaml	scvi	0.6911859654505541	0.0095498811093283	3	0.7745903758465107	0.0091507382922404	3	0.7328881706485323	0.0091883990194021	3	0.7350640626059602	0.0057384160719071	3	0.8512320937252421	0.022850393399919	3	0.7931480781656012	0.0136400359889387	3	0.9493866690653254	0.0020959713271656	3	0.7630181244070667	0.0069437739349701	3	0.8251409726264862	0.0053185006097016	3	4.0	5.0	5.0	6.0	5.0	5.0	4.0	5.0	5.0
MouseBrainSerialSections	seurat_sct	2000	expression_driven	configs/rebuild_v1/non_spatial_downstream/canonical/mouse_brain_serial_sections.yaml	cellcharter	0.5958966888970946	0.0095011562562476	3	0.8465845957996135	0.0101837814449871	3	0.721240642348354	0.0016796292596057	3	0.7883701548227969	0.0008346878300643	3	0.7931737624121342	0.0166874272084809	3	0.7907719586174656	0.0082522808662117	3	0.9662894311696322	0.0099564794317866	3	0.7560063004829098	0.0049632853588924	3	0.8261006773784839	0.0062917495563693	3	14.0	15.0	13.0	8.0	22.0	19.0	5.0	20.0	16.0
MouseBrainSerialSections	seurat_sct	2000	expression_driven	configs/rebuild_v1/non_spatial_downstream/canonical/mouse_brain_serial_sections.yaml	scvi	0.3928354518575399	0.119019100387674	3	0.6841216961963914	0.0503143872035211	3	0.5384785740269656	0.0846224561004779	3	0.6721726507087569	0.0830558082530786	3	0.7238901905417797	0.144385833643954	3	0.6980314206252682	0.1131559135467005	3	0.8165984149578529	0.1131849696682098	3	0.618254997326117	0.0986181096016322	3	0.684369469870029	0.1030726268104148	3	13.0	12.0	12.0	13.0	10.0	11.0	13.0	11.0	11.0
MouseBrainSerialSections	seurat_vst	2000	expression_driven	configs/rebuild_v1/non_spatial_downstream/canonical/mouse_brain_serial_sections.yaml	cellcharter	0.6771244055770543	0.0104460512230929	3	0.7913104422543075	0.0159801203710648	3	0.7342174239156809	0.0029289619405592	3	0.7862298450768295	0.0033833141246274	3	0.80455079461226	0.0042760345727491	3	0.7953903198445448	0.0035174758196063	3	0.9569038200382656	0.0086826697706992	3	0.7648038718801128	0.0032201868632081	3	0.8288371879328303	0.001312199338982	3	4.0	29.0	7.0	16.0	13.0	15.0	26.0	5.0	8.0
MouseBrainSerialSections	seurat_vst	2000	expression_driven	configs/rebuild_v1/non_spatial_downstream/canonical/mouse_brain_serial_sections.yaml	scvi	0.5921819167495489	0.1555662729526645	3	0.7707742872732862	0.028037702664545	3	0.6814781020114177	0.0904182344894422	3	0.724438591479683	0.0083957273496693	3	0.7659580906617979	0.0672090920240539	3	0.7451983410707405	0.0355010574366741	3	0.926931904047739	0.0364085258569642	3	0.7133382215410791	0.0616887186868613	3	0.7845361157099656	0.0531281629660761	3	6.0	6.0	6.0	8.0	9.0	8.0	7.0	7.0	7.0
MouseBrainSerialSections	singleCellHaystack	2000	expression_driven	configs/rebuild_v1/non_spatial_downstream/canonical/mouse_brain_serial_sections.yaml	cellcharter	0.6316011492833475	0.0137880301315341	3	0.8045800120569266	0.0091286428627409	3	0.7180905806701371	0.0032987653239114	3	0.7942134490643737	0.005125286083189	3	0.8028206220738406	0.0447326636092511	3	0.7985170355691072	0.0235946669265624	3	0.9579679721061084	0.0096651562719084	3	0.7583038081196222	0.0126858599704184	3	0.8248585294484508	0.0057649887337729	3	9.0	24.0	15.0	1.0	15.0	10.0	23.0	13.0	20.0
MouseBrainSerialSections	singleCellHaystack	2000	expression_driven	configs/rebuild_v1/non_spatial_downstream/canonical/mouse_brain_serial_sections.yaml	scvi	0.3733886219265857	0.2042345430208997	3	0.7086102652976015	0.0476791093922513	3	0.5409994436120936	0.1138647129679727	3	0.759654972858391	0.0422781509911491	3	0.7982646910283303	0.1242124556148257	3	0.7789598319433607	0.0830630951377064	3	0.8290934718305504	0.0580434396745255	3	0.6599796377777271	0.0381749142705475	3	0.7163509157953349	0.0396244224242757	3	14.0	10.0	11.0	2.0	6.0	6.0	11.0	10.0	10.0
MouseBrainSerialSections	somde	2000	spatially_informed	configs/rebuild_v1/downstream/canonical/mouse_brain_serial_sections.yaml	cellcharter	0.5603408659470811	0.0085320175071178	3	0.8690254335762102	0.0109583489167221	3	0.7146831497616457	0.0094826393098397	3	0.7881406096907634	0.0008920293268308	3	0.8064321637125028	0.0197809948367199	3	0.7972863867016331	0.0094651189528327	3	0.961701818563086	0.0039088012109825	3	0.7559847682316394	0.0092717883068954	3	0.8245571183421215	0.005361633773308	3	26.0	1.0	21.0	9.0	11.0	12.0	16.0	21.0	22.0
MouseBrainSerialSections	somde	2000	spatially_informed	configs/rebuild_v1/downstream/canonical/mouse_brain_serial_sections.yaml	scvi	0.310370693186394	0.0437108142702468	3	0.6407593908060891	0.0728609658369524	3	0.4755650419962415	0.0519824863593408	3	0.5874510950355212	0.0530214986619173	3	0.4639007187334074	0.1362291163559414	3	0.5256759068844643	0.0944995942689391	3	0.7949864941489647	0.0494605589141576	3	0.500620474440353	0.0717538952478717	3	0.5987424810098901	0.0411580643724081	3	18.0	15.0	17.0	25.0	26.0	26.0	14.0	23.0	17.0
MouseBrainSerialSections	sparkx	2000	spatially_informed	configs/rebuild_v1/downstream/canonical/mouse_brain_serial_sections.yaml	cellcharter	0.5856846577401259	0.0064109006555696	3	0.8526535045227696	0.0147701205302536	3	0.7191690811314477	0.0052157939038437	3	0.7874367428727673	0.0082997395514719	3	0.8318105111550751	0.0384206619802721	3	0.8096236270139211	0.0160923440473755	3	0.9616892880306862	0.0090662191166576	3	0.7643963540726845	0.0059849457350135	3	0.8301606653920185	0.0056928855370939	3	16.0	12.0	14.0	13.0	4.0	4.0	17.0	7.0	3.0
MouseBrainSerialSections	sparkx	2000	spatially_informed	configs/rebuild_v1/downstream/canonical/mouse_brain_serial_sections.yaml	scvi	0.222376941649522	0.1021849286752025	3	0.6306126083251876	0.0667707277955353	3	0.4264947749873548	0.0294832696137223	3	0.6514298452862044	0.1123492835584007	3	0.6034921441415481	0.1477179089534573	3	0.6274609947138763	0.1299735371663745	3	0.677861387268424	0.1639468499191564	3	0.5269778848506156	0.0554427689865415	3	0.5772723856565517	0.0248450622523205	3	26.0	17.0	21.0	15.0	18.0	17.0	21.0	18.0	20.0
MouseBrainSerialSections	spatialde	2000	spatially_informed	configs/rebuild_v1/downstream/canonical/mouse_brain_serial_sections.yaml	cellcharter	0.5713182050508542	0.0058569085005471	3	0.8606553908338096	0.0116588333428383	3	0.7159867979423318	0.0066770537451429	3	0.7904522995987199	0.006600045026387	3	0.7905088747872812	0.0142467349012203	3	0.7904805871930005	0.0097985474820272	3	0.9617822467968172	0.0109931389640914	3	0.7532336925676661	0.0068406006816566	3	0.8227498773107165	0.0032950101127268	3	21.0	6.0	17.0	4.0	24.0	20.0	15.0	24.0	25.0
MouseBrainSerialSections	spatialde	2000	spatially_informed	configs/rebuild_v1/downstream/canonical/mouse_brain_serial_sections.yaml	scvi	0.3350348111232724	0.155016216449174	3	0.628351809306333	0.1217982980475401	3	0.4816933102148027	0.1342845160534936	3	0.6100935403052913	0.1194157019795293	3	0.5060126385700396	0.3042275660144162	3	0.5580530894376655	0.2095662084065554	3	0.7696618189768712	0.1069633903394789	3	0.5198731998262341	0.1714407955113689	3	0.6031360728764464	0.149940710461683	3	16.0	18.0	16.0	21.0	23.0	22.0	16.0	19.0	16.0
MouseBrainSerialSections	statistic_mean	2000	expression_driven	configs/rebuild_v1/non_spatial_downstream/canonical/mouse_brain_serial_sections.yaml	cellcharter	0.5590039610639507	0.0115133491196219	3	0.8689670150488281	0.0215735064324162	3	0.7139854880563895	0.0158388516028856	3	0.7737858317959126	0.0116214530589374	3	0.8219931695292605	0.0543923469911064	3	0.7978895006625866	0.0233719070143451	3	0.952083567537707	0.0081152558355228	3	0.755937494359488	0.0158158284477608	3	0.8213195187522276	0.0099186005411633	3	28.0	2.0	22.0	27.0	5.0	11.0	29.0	22.0	26.0
MouseBrainSerialSections	statistic_mean	2000	expression_driven	configs/rebuild_v1/non_spatial_downstream/canonical/mouse_brain_serial_sections.yaml	scvi	0.2262425937708626	0.1054179073034726	3	0.5006916209759891	0.0752705224223395	3	0.3634671073734258	0.0209385640665232	3	0.5696514446686676	0.1264535439463799	3	0.3887849338894349	0.084617669659696	3	0.4792181892790513	0.1052664083476027	3	0.5974827693742535	0.0919464166767596	3	0.4213426483262386	0.0439816881989241	3	0.4800560220089101	0.0413684526576523	3	25.0	29.0	28.0	27.0	28.0	28.0	24.0	29.0	28.0
MouseBrainSerialSections	statistic_variance	2000	expression_driven	configs/rebuild_v1/non_spatial_downstream/canonical/mouse_brain_serial_sections.yaml	cellcharter	0.5991159364954357	0.0072446782396542	3	0.8591732976251681	0.0037522606665365	3	0.7291446170603019	0.0019193883952934	3	0.7717363636220336	0.0015564284307912	3	0.7982180854668903	0.0046163894190842	3	0.7849772245444621	0.0015458578029011	3	0.9655023528078622	0.005575156537293	3	0.757060920802382	0.0008583407507675	3	0.8265413981375419	0.0021061186700119	3	13.0	7.0	10.0	29.0	19.0	24.0	8.0	17.0	14.0
MouseBrainSerialSections	statistic_variance	2000	expression_driven	configs/rebuild_v1/non_spatial_downstream/canonical/mouse_brain_serial_sections.yaml	scvi	0.0680211872720358	0.0244085713005574	3	0.5468134477886601	0.0590775211470663	3	0.307417317530348	0.0413274033159595	3	0.6999352085475651	0.0327168805102623	3	0.6708961962916845	0.1178923658097118	3	0.6854157024196247	0.0574983842870731	3	0.3886649340551586	0.0747564134167892	3	0.4964165099749864	0.0352137359253193	3	0.4604993180017104	0.0483416483821278	3	29.0	24.0	29.0	11.0	14.0	13.0	29.0	25.0	29.0
MouseBrainSerialSections	triku	2000	expression_driven	configs/rebuild_v1/non_spatial_downstream/canonical/mouse_brain_serial_sections.yaml	cellcharter	0.6724236594460599	0.0035534170091	3	0.8106368907917512	0.0126755554200194	3	0.7415302751189055	0.0076782995550005	3	0.7879867092953335	0.0044505415743475	3	0.791443536007468	0.0113256838485341	3	0.7897151226514008	0.0078282637402387	3	0.958200534691346	0.008877644858986	3	0.7656226988851532	0.0077197434069468	3	0.8298153108205506	0.0074710133962737	3	6.0	21.0	4.0	10.0	23.0	22.0	22.0	3.0	4.0
MouseBrainSerialSections	triku	2000	expression_driven	configs/rebuild_v1/non_spatial_downstream/canonical/mouse_brain_serial_sections.yaml	scvi	0.6890241279963183	0.0044264494055564	3	0.8115698259209831	0.0042216489479084	3	0.7502969769586508	0.004317608200317	3	0.7686762146605228	0.0124909395669783	3	0.8835387504131349	0.0548958434145561	3	0.826107482536829	0.0336043118791626	3	0.9586190990395614	0.005488620174068	3	0.7882022297477397	0.0184677666412921	3	0.8450078528450137	0.013437023063705	3	5.0	1.0	3.0	1.0	3.0	2.0	3.0	2.0	3.0
STOmics0212	Brennecke	2000	expression_driven	configs/rebuild_v1/non_spatial_downstream/canonical/stomics_0212.yaml	cellcharter	0.0337737154616007	0.007872606028962	3	0.8092516190224757	0.02002282340303	3	0.4215126672420382	0.0124669868353327	3	0.723747066361554	0.0058957181277466	3	0.6911337850458873	0.0468045564449716	3	0.7074404257037207	0.0255573920726643	3			0	0.5644765464728794	0.0087035381119845	3			0	27.0	9.0	24.0	10.0	18.0	16.0		29.0	
STOmics0212	Brennecke	2000	expression_driven	configs/rebuild_v1/non_spatial_downstream/canonical/stomics_0212.yaml	scvi	0.3435178294508984	0.0305296069825905	3	0.666007009923738	0.0248774684547246	3	0.5047624196873183	0.0262223832530707	3	0.6102358028258456	0.0207932592222005	3	0.5372506200011589	0.0219415007823935	3	0.5737432114135022	0.0210571551807864	3			0	0.5392528155504102	0.0077630530816285	3			0	24.0	12.0	22.0	11.0	24.0	24.0		24.0	
STOmics0212	anticor	2000	expression_driven	configs/rebuild_v1/non_spatial_downstream/canonical/stomics_0212.yaml	cellcharter	0.217729461954238	0.0263819179481799	3	0.7557250139880934	0.0185142045857215	3	0.4867272379711657	0.0119379630700521	3	0.699791184451071	0.0131746640447213	3	0.6615262171338246	0.0703252397487913	3	0.6806587007924478	0.0417346959050534	3			0	0.5836929693818068	0.0258184672354218	3			0	7.0	23.0	8.0	22.0	22.0	22.0		18.0	
STOmics0212	anticor	2000	expression_driven	configs/rebuild_v1/non_spatial_downstream/canonical/stomics_0212.yaml	scvi	0.3923647134072638	0.0137015139311111	3	0.6273559318547482	0.0095045346539927	3	0.5098603226310061	0.0097778960983282	3	0.629892757880012	0.0139888889874606	3	0.5536779275934308	0.020740028341624	3	0.5917853427367213	0.0101928853520552	3			0	0.5508228326838637	0.0097702106900764	3			0	18.0	22.0	21.0	2.0	21.0	13.0		22.0	
STOmics0212	dubstepr	2000	expression_driven	configs/rebuild_v1/non_spatial_downstream/canonical/stomics_0212.yaml	cellcharter	0.1346001652558497	0.0074354055216626	3	0.792143390713503	0.0075331254011209	3	0.4633717779846764	0.0074716791036336	3	0.7177601834382171	0.0014539731003987	3	0.7425370430646688	0.0120013489439644	3	0.7301486132514431	0.0065865003839825	3			0	0.5967601956180597	0.0065310068385873	3			0	12.0	16.0	17.0	13.0	10.0	9.0		8.0	
STOmics0212	dubstepr	2000	expression_driven	configs/rebuild_v1/non_spatial_downstream/canonical/stomics_0212.yaml	scvi	0.4299233555213691	0.0201988074788976	3	0.6384188605556284	0.0411263115770981	3	0.5341711080384988	0.03031187167914	3	0.5799125010918427	0.0238700988072433	3	0.7044476894901841	0.0431817606960085	3	0.6421800952910134	0.0325266615513015	3			0	0.588175601664756	0.0013431689159636	3			0	8.0	21.0	9.0	22.0	1.0	3.0		2.0	
STOmics0212	hotspot	2000	expression_driven	configs/rebuild_v1/non_spatial_downstream/canonical/stomics_0212.yaml	cellcharter	0.106759894584911	0.0109336426428581	3	0.8448566514501267	0.0125034680245591	3	0.4758082730175189	0.0109247086394343	3	0.7114334309894863	0.0089151636327857	3	0.7461867660707439	0.0354902476175997	3	0.728810098530115	0.021922624841689	3			0	0.6023091857738169	0.0078607930442459	3			0	17.0	2.0	11.0	16.0	9.0	10.0		7.0	
STOmics0212	hotspot	2000	expression_driven	configs/rebuild_v1/non_spatial_downstream/canonical/stomics_0212.yaml	scvi	0.4014874384058129	0.0223056433828877	3	0.6494286904599079	0.0126258019935606	3	0.5254580644328605	0.0057485915205046	3	0.592828074719557	0.0078845498485389	3	0.6509314913154174	0.0414819997209532	3	0.6218797830174871	0.0168859764939424	3			0	0.5736689237251738	0.0072319531244318	3			0	17.0	15.0	14.0	15.0	6.0	8.0		7.0	
STOmics0212	morans_i	2000	spatially_informed	configs/rebuild_v1/downstream/canonical/stomics_0212.yaml	cellcharter	0.2171206650421477	0.0099810795940712	3	0.7987923053712785	0.0191883729214712	3	0.5079564852067131	0.0141872338990514	3	0.6899426074152865	0.0140072094471633	3	0.6485186990519874	0.0217815830455817	3	0.6692306532336371	0.0140682309454074	3			0	0.588593569220175	0.0126121380783886	3			0	8.0	12.0	4.0	29.0	24.0	25.0		11.0	
STOmics0212	morans_i	2000	spatially_informed	configs/rebuild_v1/downstream/canonical/stomics_0212.yaml	scvi	0.4665035828559256	0.0071702848202437	3	0.6398397653392726	0.010115827875056	3	0.553171674097599	0.0028285527478003	3	0.5646901107228343	0.0379150299599612	3	0.5364297513133496	0.025261666412193	3	0.5505599310180919	0.0185207620527541	3			0	0.5518658025578455	0.0085659056843245	3			0	4.0	20.0	2.0	28.0	25.0	26.0		21.0	
STOmics0212	nbumi	2000	expression_driven	configs/rebuild_v1/non_spatial_downstream/canonical/stomics_0212.yaml	cellcharter	0.2458847594826797	0.0189571577121428	3	0.6846444744458443	0.0284385776840562	3	0.4652646169642619	0.0068563464634097	3	0.7293446525346056	0.0049751572003056	3	0.8080848560548796	0.0279021542292031	3	0.7687147542947427	0.0119936618726651	3			0	0.6169896856295023	0.0033785409980809	3			0	3.0	27.0	14.0	7.0	6.0	6.0		4.0	
STOmics0212	nbumi	2000	expression_driven	configs/rebuild_v1/non_spatial_downstream/canonical/stomics_0212.yaml	scvi	0.4175259817603123	0.0577753633837664	3	0.5889011642757235	0.0542283463734431	3	0.503213573018018	0.0035104696594031	3	0.6226655179522965	0.0158133459897609	3	0.6282834617666632	0.0518623123183757	3	0.6254744898594798	0.0198412605788137	3			0	0.5643440314387488	0.0088058914930269	3			0	11.0	27.0	23.0	5.0	12.0	7.0		12.0	
STOmics0212	nnsvg	2000	spatially_informed	configs/rebuild_v1/downstream/canonical/stomics_0212.yaml	cellcharter	0.2241801945296439	0.0120334405680558	3	0.7946574577615921	0.014088526423517	3	0.509418826145618	0.0092189957208786	3	0.6996928888672187	0.0062958776722855	3	0.6388511789916113	0.0248125744272324	3	0.6692720339294148	0.0155477145289411	3			0	0.5893454300375165	0.005070547997847	3			0	6.0	14.0	3.0	23.0	25.0	24.0		10.0	
STOmics0212	nnsvg	2000	spatially_informed	configs/rebuild_v1/downstream/canonical/stomics_0212.yaml	scvi	0.4240670321993721	0.0053877805688174	3	0.6405687055391681	0.0181370759038061	3	0.5323178688692701	0.0098746321851405	3	0.5754088823667648	0.0120276037062448	3	0.578288386456057	0.033069925740528	3	0.5768486344114109	0.0179761099373491	3			0	0.5545832516403405	0.011480765105558	3			0	9.0	19.0	11.0	24.0	16.0	21.0		20.0	
STOmics0212	osca	2000	expression_driven	configs/rebuild_v1/non_spatial_downstream/canonical/stomics_0212.yaml	cellcharter	0.1068624487468021	0.0194769989598983	3	0.8123849482518666	0.0035059688713469	3	0.4596236984993344	0.0089153604400328	3	0.7106485716707863	0.0062719316060695	3	0.6866770126183949	0.1110918784027412	3	0.6986627921445906	0.0543542651983055	3			0	0.5791432453219625	0.0237852855849159	3			0	16.0	7.0	19.0	18.0	20.0	20.0		22.0	
STOmics0212	osca	2000	expression_driven	configs/rebuild_v1/non_spatial_downstream/canonical/stomics_0212.yaml	scvi	0.4076492057201035	0.0508944057072782	3	0.641495361855765	0.0199743002586503	3	0.5245722837879342	0.0158917066141881	3	0.568605825735849	0.0153716580958093	3	0.6137463343863095	0.03285608452171	3	0.5911760800610792	0.0218062766687825	3			0	0.5578741819245067	0.018562129700884	3			0	15.0	18.0	17.0	26.0	13.0	14.0		15.0	
STOmics0212	scPNMF	2000	expression_driven	configs/rebuild_v1/non_spatial_downstream/canonical/stomics_0212.yaml	cellcharter	0.1180293633250521	0.0395237682692522	3	0.8035995415805574	0.0197848605392199	3	0.4608144524528046	0.0239125645340772	3	0.7023533322022583	0.0127920446409695	3	0.6980680544267998	0.0098550164944904	3	0.700210693314529	0.0015653714767778	3			0	0.5805125728836669	0.0112094008672389	3			0	14.0	11.0	18.0	20.0	16.0	19.0		21.0	
STOmics0212	scPNMF	2000	expression_driven	configs/rebuild_v1/non_spatial_downstream/canonical/stomics_0212.yaml	scvi	0.4118502622501134	0.0876111447922378	3	0.617896006073872	0.0284480859021936	3	0.5148731341619928	0.0298846547394631	3	0.5914954630566313	0.0083588955172747	3	0.6292463327981023	0.0284513833019942	3	0.6103708979273668	0.0182996848274982	3			0	0.5626220160446797	0.0058159226771213	3			0	14.0	25.0	18.0	16.0	11.0	11.0		13.0	
STOmics0212	scanpy_cell_ranger	2000	expression_driven	configs/rebuild_v1/non_spatial_downstream/canonical/stomics_0212.yaml	cellcharter	0.0335455897736233	0.0180597186758831	3	0.7709332572950505	0.0082737040659463	3	0.4022394235343369	0.0116307934389624	3	0.7316493503487137	0.002647964278191	3	0.7236710359651969	0.1472649961559636	3	0.7276601931569552	0.07248947557455	3			0	0.564949808345646	0.035131945867855	3			0	28.0	21.0	26.0	5.0	13.0	11.0		28.0	
STOmics0212	scanpy_cell_ranger	2000	expression_driven	configs/rebuild_v1/non_spatial_downstream/canonical/stomics_0212.yaml	scvi	0.345357643824314	0.0141986103492801	3	0.7228793286335112	0.025195819879897	3	0.5341184862289126	0.0080619593300596	3	0.5878134945463643	0.0184377151287294	3	0.5689783511347755	0.030537800794048	3	0.5783959228405698	0.0064390974006032	3			0	0.5562572045347413	0.0061423975776904	3			0	23.0	1.0	10.0	20.0	17.0	20.0		17.0	
STOmics0212	scanpy_cell_ranger_batch	2000	expression_driven	configs/rebuild_v1/non_spatial_downstream/canonical/stomics_0212.yaml	cellcharter	0.1225541575228739	0.00855325554425	3	0.8465871591969397	0.0110536311557283	3	0.4845706583599069	0.0089935426221771	3	0.7173549655107938	0.0060160676088375	3	0.841748966920945	0.0892392563549439	3	0.7795519662158693	0.0416243874999938	3			0	0.6320613122878882	0.0234050847512662	3			0	13.0	1.0	10.0	14.0	3.0	4.0		1.0	
STOmics0212	scanpy_cell_ranger_batch	2000	expression_driven	configs/rebuild_v1/non_spatial_downstream/canonical/stomics_0212.yaml	scvi	0.4891954482754028	0.025579037940941	3	0.6912802706231181	0.0031893091842067	3	0.5902378594492604	0.0142606910663212	3	0.5247500395451995	0.0060839845154691	3	0.6533897358826539	0.0246959144275289	3	0.5890698877139267	0.0115415280652359	3			0	0.5896538735815936	0.0128963016312074	3			0	2.0	3.0	1.0	29.0	4.0	15.0		1.0	
STOmics0212	scanpy_pearson	2000	expression_driven	configs/rebuild_v1/non_spatial_downstream/canonical/stomics_0212.yaml	cellcharter	0.0529324165040859	0.0098035168866108	3	0.803660642230312	0.0168707685256583	3	0.428296529367199	0.0133004313585039	3	0.714817207482017	0.0048169285769855	3	0.7827397538078759	0.0113664723905888	3	0.7487784806449466	0.0058289229693956	3			0	0.5885375050060727	0.0077084692799404	3			0	25.0	10.0	22.0	15.0	7.0	8.0		12.0	
STOmics0212	scanpy_pearson	2000	expression_driven	configs/rebuild_v1/non_spatial_downstream/canonical/stomics_0212.yaml	scvi	0.3539034986411979	0.0265161764327258	3	0.6665112198931663	0.0183133604414624	3	0.5102073592671821	0.0202511002160744	3	0.612089734791363	0.0075360538966031	3	0.649359315496818	0.0321146291359772	3	0.6307245251440905	0.0129320360155799	3			0	0.5704659422056363	0.0046254195477538	3			0	22.0	11.0	20.0	9.0	7.0	5.0		8.0	
STOmics0212	scanpy_pearson_batch	2000	expression_driven	configs/rebuild_v1/non_spatial_downstream/canonical/stomics_0212.yaml	cellcharter	0.0972909841043721	0.0131664409479278	3	0.8300281913960003	0.0060395079021973	3	0.4636595877501862	0.0074454344934038	3	0.7088551381864585	0.0026632764980464	3	0.6990137306800036	0.0524141005033552	3	0.703934434433231	0.0275386481156179	3			0	0.5837970110917087	0.0168946086968857	3			0	19.0	4.0	16.0	19.0	15.0	18.0		17.0	
STOmics0212	scanpy_pearson_batch	2000	expression_driven	configs/rebuild_v1/non_spatial_downstream/canonical/stomics_0212.yaml	scvi	0.387861812037152	0.021942021833168	3	0.6625586386135877	0.0295147686817764	3	0.5252102253253699	0.0087341485578647	3	0.5892484371237161	0.0295904011627502	3	0.6346346453378175	0.0236892409004658	3	0.6119415412307668	0.0071996529219799	3			0	0.5685758832780684	0.0009625292445825	3			0	19.0	14.0	16.0	18.0	10.0	10.0		9.0	
STOmics0212	scanpy_seurat	2000	expression_driven	configs/rebuild_v1/non_spatial_downstream/canonical/stomics_0212.yaml	cellcharter	0.0360153446929851	0.0107491936745098	3	0.7792881270492643	0.0067339728315176	3	0.4076517358711247	0.0081716505015937	3	0.7256910849754457	0.0082215184598956	3	0.7262023108197244	0.0885872924332321	3	0.7259466978975849	0.0483020294570585	3			0	0.5667992168843549	0.0244378286468559	3			0	26.0	20.0	25.0	9.0	11.0	13.0		27.0	
STOmics0212	scanpy_seurat	2000	expression_driven	configs/rebuild_v1/non_spatial_downstream/canonical/stomics_0212.yaml	scvi	0.3044838904438784	0.0224045070940324	3	0.6647881734615402	0.0173985208873464	3	0.4846360319527094	0.0027900232324117	3	0.5905872840166079	0.0129801932052938	3	0.5256593348712397	0.0197330768458274	3	0.5581233094439239	0.0157118867649581	3			0	0.5213796706983166	0.0090451358333936	3			0	25.0	13.0	25.0	17.0	26.0	25.0		28.0	
STOmics0212	scanpy_seurat_batch	2000	expression_driven	configs/rebuild_v1/non_spatial_downstream/canonical/stomics_0212.yaml	cellcharter	0.0834185470653877	0.0100651929437988	3	0.8448414438634092	0.02051136737532	3	0.4641299954643985	0.0116383557013204	3	0.722289353642673	0.0101930782826518	3	0.6876055075280282	0.0676375271671275	3	0.7049474305853506	0.0388799391921266	3			0	0.5845387130248745	0.0139562393851372	3			0	22.0	3.0	15.0	12.0	19.0	17.0		16.0	
STOmics0212	scanpy_seurat_batch	2000	expression_driven	configs/rebuild_v1/non_spatial_downstream/canonical/stomics_0212.yaml	scvi	0.4139940774219071	0.0286764722400207	3	0.6889673087326136	0.0310002349897569	3	0.5514806930772603	0.0260847315719318	3	0.5880807779801506	0.010381230328471	3	0.6106707037665225	0.021319860328937	3	0.5993757408733366	0.0098131380224542	3			0	0.5754282169752984	0.0086056824908454	3			0	13.0	4.0	4.0	19.0	14.0	12.0		6.0	
STOmics0212	scanpy_seurat_v3	2000	expression_driven	configs/rebuild_v1/non_spatial_downstream/canonical/stomics_0212.yaml	cellcharter	0.0915786108942173	0.0251782667934048	3	0.7039410173975695	0.0261347018750722	3	0.3977598141458934	0.0238186010449464	3	0.7418862476764764	0.0030842745610409	3	0.948741551691176	0.0330347287592626	3	0.8453138996838264	0.0156099724483979	3			0	0.6215368569148599	0.0132413883811445	3			0	20.0	25.0	28.0	2.0	1.0	1.0		3.0	
STOmics0212	scanpy_seurat_v3	2000	expression_driven	configs/rebuild_v1/non_spatial_downstream/canonical/stomics_0212.yaml	scvi	0.2861788451710394	0.0669460086936372	3	0.6741493634557477	0.0119059985106162	3	0.4801641043133935	0.0391685582865222	3	0.6275622875965184	0.0376126562154897	3	0.6819464940238672	0.0163887999520907	3	0.6547543908101928	0.020961563988017	3			0	0.5674592475617932	0.0155818343427853	3			0	29.0	7.0	28.0	3.0	2.0	1.0		11.0	
STOmics0212	scanpy_seurat_v3_batch	2000	expression_driven	configs/rebuild_v1/non_spatial_downstream/canonical/stomics_0212.yaml	cellcharter	0.1030702741062835	0.0155498744142477	3	0.7525406303814534	0.0329870374091903	3	0.4278054522438685	0.0242669489052595	3	0.7286097045859301	0.0114894967054363	3	0.8252151973054495	0.0567095703017644	3	0.7769124509456898	0.0277447065036804	3			0	0.6023589515947791	0.0128620592937735	3			0	18.0	24.0	23.0	8.0	4.0	5.0		6.0	
STOmics0212	scanpy_seurat_v3_batch	2000	expression_driven	configs/rebuild_v1/non_spatial_downstream/canonical/stomics_0212.yaml	scvi	0.3589696371863491	0.0249329600668299	3	0.6706829713143221	0.021280590794647	3	0.5148263042503357	0.0177138054363556	3	0.6244403872693701	0.0164266348195435	3	0.6523179256404575	0.1026508076277022	3	0.6383791564549138	0.0449640210770683	3			0	0.5766027303526248	0.0302517443696954	3			0	20.0	9.0	19.0	4.0	5.0	4.0		5.0	
STOmics0212	scry	2000	expression_driven	configs/rebuild_v1/non_spatial_downstream/canonical/stomics_0212.yaml	cellcharter	0.1984726036001936	0.029988260113675	3	0.7975574805390434	0.0032353923617991	3	0.4980150420696184	0.0136395905468685	3	0.6991239258322383	0.0038155612175707	3	0.6489125363815366	0.0110903395888906	3	0.6740182311068873	0.0061792638744473	3			0	0.5860166365882529	0.0062339298022239	3			0	10.0	13.0	7.0	24.0	23.0	23.0		15.0	
STOmics0212	scry	2000	expression_driven	configs/rebuild_v1/non_spatial_downstream/canonical/stomics_0212.yaml	scvi	0.4338780584101783	0.0127927295233204	3	0.6431949857848259	0.0193689017867383	3	0.5385365220975021	0.0105876653322876	3	0.6113683056490045	0.0165244267675572	3	0.541360099008897	0.0079568279454912	3	0.5763642023289507	0.0117415673284661	3			0	0.5574503622132264	0.0081028234436041	3			0	7.0	17.0	6.0	10.0	23.0	23.0		16.0	
STOmics0212	seurat_disp	2000	expression_driven	configs/rebuild_v1/non_spatial_downstream/canonical/stomics_0212.yaml	cellcharter	0.0579666542234793	0.01689307710358	3	0.8113207096837879	0.0192253149792823	3	0.4346436819536336	0.0134979652823104	3	0.7226296419339686	0.0087700796795803	3	0.6946939232710275	0.0870253854065355	3	0.7086617826024981	0.0478967990850879	3			0	0.5716527322780659	0.0205969836988821	3			0	24.0	8.0	20.0	11.0	17.0	15.0		26.0	
STOmics0212	seurat_disp	2000	expression_driven	configs/rebuild_v1/non_spatial_downstream/canonical/stomics_0212.yaml	scvi	0.2954135417415695	0.0263167924060585	3	0.6700549023229915	0.0106297745430906	3	0.4827342220322805	0.0184351714884092	3	0.6172315043619824	0.0048172043975102	3	0.55986048332966	0.0089096504481882	3	0.5885459938458212	0.0054743507211225	3			0	0.5356401079390508	0.0117592894876486	3			0	27.0	10.0	26.0	7.0	19.0	16.0		25.0	
STOmics0212	seurat_mvp	2000	expression_driven	configs/rebuild_v1/non_spatial_downstream/canonical/stomics_0212.yaml	cellcharter	0.0283353127711817	0.0166550865963519	3	0.7693177927508645	0.0088131018678109	3	0.3988265527610231	0.0076155071691229	3	0.731158666349715	0.0152279775151412	3	0.7722490606409282	0.022422825982097	3	0.7517038634953216	0.0167484235125328	3			0	0.5752652081281724	0.0078639968170235	3			0	29.0	22.0	27.0	6.0	8.0	7.0		25.0	
STOmics0212	seurat_mvp	2000	expression_driven	configs/rebuild_v1/non_spatial_downstream/canonical/stomics_0212.yaml	scvi	0.3038350778577885	0.0185767877534279	3	0.6774861531913964	0.0043532238740657	3	0.4906606155245924	0.0071469342282754	3	0.5980865529235021	0.0153856749805312	3	0.5554809030042204	0.0457161081622343	3	0.5767837279638611	0.015165701954718	3			0	0.5337221717442268	0.011149841177289	3			0	26.0	6.0	24.0	14.0	20.0	22.0		26.0	
STOmics0212	seurat_sct	2000	expression_driven	configs/rebuild_v1/non_spatial_downstream/canonical/stomics_0212.yaml	cellcharter	0.1162122364117712	0.0097825463645841	3	0.8202850226821218	0.0152488683919577	3	0.4682486295469464	0.0083262332062679	3	0.7107167779919271	0.005190888906837	3	0.7258382518886682	0.0214206357984151	3	0.7182775149402977	0.0081614428854161	3			0	0.5932630722436221	0.0035660087747793	3			0	15.0	6.0	12.0	17.0	12.0	14.0		9.0	
STOmics0212	seurat_sct	2000	expression_driven	configs/rebuild_v1/non_spatial_downstream/canonical/stomics_0212.yaml	scvi	0.4210990928933506	0.0209692954398553	3	0.6850837809231921	0.0306559684730746	3	0.5530914369082713	0.0127571632776336	3	0.6014596597751242	0.0313924341026501	3	0.6347735002549036	0.019922179365614	3	0.6181165800150139	0.0211440526505876	3			0	0.5856040084616426	0.012213659475326	3			0	10.0	5.0	3.0	12.0	9.0	9.0		3.0	
STOmics0212	seurat_vst	2000	expression_driven	configs/rebuild_v1/non_spatial_downstream/canonical/stomics_0212.yaml	cellcharter	0.0914635674043268	0.0200405566796261	3	0.6947198677553518	0.0194609749596708	3	0.3930917175798393	0.0160242243621169	3	0.7398689443616956	0.0074700115792844	3	0.9295948041689184	0.0402899339656802	3	0.8347318742653069	0.021798026764348	3			0	0.6139117959225732	0.0074773985325613	3			0	21.0	26.0	29.0	3.0	2.0	2.0		5.0	
STOmics0212	seurat_vst	2000	expression_driven	configs/rebuild_v1/non_spatial_downstream/canonical/stomics_0212.yaml	scvi	0.2904062524801076	0.0712655508763926	3	0.6710774678965045	0.0048896198952406	3	0.480741860188306	0.0376702341781828	3	0.6339513421511968	0.0164777473102721	3	0.6745114999006486	0.0190447638925344	3	0.6542314210259227	0.0114593504113179	3			0	0.5674866406071143	0.0160934979808713	3			0	28.0	8.0	27.0	1.0	3.0	2.0		10.0	
STOmics0212	singleCellHaystack	2000	expression_driven	configs/rebuild_v1/non_spatial_downstream/canonical/stomics_0212.yaml	cellcharter	0.293317998010485	0.0353651527217358	3	0.6427713338607363	0.0066865148167746	3	0.4680446659356107	0.0163470398628526	3	0.7444185494093688	0.0047171455239712	3	0.8166750090156358	0.0723229598368126	3	0.7805467792125023	0.0338744914094517	3			0	0.6242957225740565	0.0248678200219932	3			0	2.0	28.0	13.0	1.0	5.0	3.0		2.0	
STOmics0212	singleCellHaystack	2000	expression_driven	configs/rebuild_v1/non_spatial_downstream/canonical/stomics_0212.yaml	scvi	0.5110410828342684	0.0667558991180002	3	0.5420581870963975	0.0314727669837603	3	0.526549634965333	0.0213212948868935	3	0.5781315078143064	0.0112103330094516	3	0.59034555854397	0.034515346694361	3	0.5842385331791382	0.0116812475581423	3			0	0.5553940840722356	0.0139993565075515	3			0	1.0	29.0	13.0	23.0	15.0	17.0		19.0	
STOmics0212	somde	2000	spatially_informed	configs/rebuild_v1/downstream/canonical/stomics_0212.yaml	cellcharter	0.1419087676625484	0.0095728140608581	3	0.82896776601226	0.0078878077384874	3	0.4854382668374042	0.0071712797334707	3	0.7005054536611229	0.0056668125245034	3	0.6751465225297256	0.0236617169106916	3	0.6878259880954243	0.0108487761593537	3			0	0.5866321274664142	0.0086740797109685	3			0	11.0	5.0	9.0	21.0	21.0	21.0		14.0	
STOmics0212	somde	2000	spatially_informed	configs/rebuild_v1/downstream/canonical/stomics_0212.yaml	scvi	0.4144385985758275	0.0290634687246387	3	0.6477694569476117	0.0456254997770218	3	0.5311040277617196	0.0320217796682363	3	0.6014098811658625	0.0161489687739678	3	0.5605848300481361	0.010669659063317	3	0.5809973556069993	0.0053958980784989	3			0	0.5560506916843595	0.0161245206418682	3			0	12.0	16.0	12.0	13.0	18.0	19.0		18.0	
STOmics0212	sparkx	2000	spatially_informed	configs/rebuild_v1/downstream/canonical/stomics_0212.yaml	cellcharter	0.3929918650790709	0.0131224909768578	3	0.6266445125185366	0.0064852679422768	3	0.5098181887988037	0.0043697251310966	3	0.6937882113079175	0.0119508870338981	3	0.5898946071438873	0.0138898312578832	3	0.6418414092259024	0.0103032672611595	3			0	0.575829799012353	0.0046669189724524	3			0	1.0	29.0	1.0	28.0	29.0	29.0		24.0	
STOmics0212	sparkx	2000	spatially_informed	configs/rebuild_v1/downstream/canonical/stomics_0212.yaml	scvi	0.4020349730286384	0.0738834641116145	3	0.542300412837034	0.077532693734386	3	0.4721676929328362	0.0490041764381268	3	0.570082898356099	0.0172298556433374	3	0.5211091050467034	0.0128577017293912	3	0.5455960017014011	0.0038412896517204	3			0	0.5088818473171187	0.0227957570212496	3			0	16.0	28.0	29.0	25.0	27.0	27.0		29.0	
STOmics0212	spatialde	2000	spatially_informed	configs/rebuild_v1/downstream/canonical/stomics_0212.yaml	cellcharter	0.2314412639601741	0.0231617681159704	3	0.7877396193072442	0.0172178914204199	3	0.509590441633709	0.00415475429708	3	0.6965091241079749	0.0039921518570374	3	0.6356337902712594	0.0332666531212036	3	0.6660714571896172	0.0180211511287476	3			0	0.5878309494116633	0.0074183190595726	3			0	4.0	18.0	2.0	26.0	26.0	26.0		13.0	
STOmics0212	spatialde	2000	spatially_informed	configs/rebuild_v1/downstream/canonical/stomics_0212.yaml	scvi	0.4500181731681505	0.0013789684549811	3	0.6262278848376955	0.0615273539983985	3	0.5381230290029231	0.0302981511352028	3	0.6183758254274023	0.0246044144479253	3	0.5464110981588067	0.0440094431901767	3	0.5823934617931045	0.0179703970132535	3			0	0.5602582453980137	0.0239186050163617	3			0	5.0	23.0	7.0	6.0	22.0	18.0		14.0	
STOmics0212	statistic_mean	2000	expression_driven	configs/rebuild_v1/non_spatial_downstream/canonical/stomics_0212.yaml	cellcharter	0.2300453528156251	0.0292361687689234	3	0.7804872758932553	0.0120383605895181	3	0.5052663143544401	0.0116685413422675	3	0.6955971528982392	0.0074638700949615	3	0.6285454143837733	0.0552292948077217	3	0.6620712836410063	0.0285407190909586	3			0	0.5836687989977233	0.0132200391899013	3			0	5.0	19.0	5.0	27.0	27.0	27.0		19.0	
STOmics0212	statistic_mean	2000	expression_driven	configs/rebuild_v1/non_spatial_downstream/canonical/stomics_0212.yaml	scvi	0.4772081191734375	0.0249111821774309	3	0.6211612275016783	0.0244080182844479	3	0.5491846733375579	0.0194751972677658	3	0.5866414940875201	0.0195531172914564	3	0.4941471293314001	0.0726563201946987	3	0.5403943117094601	0.0272329832997561	3			0	0.544789492523509	0.0130241192753448	3			0	3.0	24.0	5.0	21.0	28.0	28.0		23.0	
STOmics0212	statistic_variance	2000	expression_driven	configs/rebuild_v1/non_spatial_downstream/canonical/stomics_0212.yaml	cellcharter	0.2151152867259346	0.0171561401128074	3	0.7936611325804019	0.0154824006536367	3	0.5043882096531682	0.0074719626017306	3	0.6965372660903936	0.0055951351089795	3	0.619984914899456	0.0452089694390626	3	0.6582610904949248	0.0231969081954008	3			0	0.5813246500740464	0.0153336683144382	3			0	9.0	15.0	6.0	25.0	28.0	28.0		20.0	
STOmics0212	statistic_variance	2000	expression_driven	configs/rebuild_v1/non_spatial_downstream/canonical/stomics_0212.yaml	scvi	0.4469307182377582	0.0196092007563745	3	0.6038065550195775	0.0256569032144956	3	0.5253686366286678	0.0054554198970233	3	0.5676376197228046	0.0072939967474791	3	0.4935621632240723	0.0205171507461531	3	0.5305998914734384	0.0123576713937034	3			0	0.5279842640510531	0.006157643583963	3			0	6.0	26.0	15.0	27.0	29.0	29.0		27.0	
STOmics0212	triku	2000	expression_driven	configs/rebuild_v1/non_spatial_downstream/canonical/stomics_0212.yaml	cellcharter	0.0663602312811163	0.0023021882313737	3	0.7919611881780408	0.0057962180255531	3	0.4291607097295786	0.0040393314102194	3	0.7364354630600136	0.0022287486824782	3	0.7155558846338753	0.0128069036238373	3	0.7259956738469443	0.0059426049703873	3			0	0.5775781917882615	0.0037859456814254	3			0	23.0	17.0	21.0	4.0	14.0	12.0		23.0	
STOmics0212	triku	2000	expression_driven	configs/rebuild_v1/non_spatial_downstream/canonical/stomics_0212.yaml	scvi	0.3564940694674172	0.025627191928328	3	0.7177718666943335	0.012936238749968	3	0.5371329680808753	0.0092767880656352	3	0.6147203744093671	0.0269859236981032	3	0.6465932778090249	0.0341198088370408	3	0.630656826109196	0.0056580199742507	3			0	0.5838948970950356	0.0055853768532462	3			0	21.0	2.0	8.0	8.0	8.0	6.0		4.0	
STOmics0218	Brennecke	2000	expression_driven	configs/rebuild_v1/non_spatial_downstream/canonical/stomics_0218.yaml	cellcharter	0.6147373743637928	0.0138314993327371	3	0.8834875437990455	0.0090409989738934	3	0.7491124590814192	0.0109354804594245	3	0.724168742365937	0.0032758597452544	3	0.7546329132122841	0.0202215232277526	3	0.7394008277891105	0.0087564896347774	3			0	0.744256643435265	0.0035262820381247	3			0	21.0	5.0	15.0	27.0	19.0	24.0		22.0	
STOmics0218	Brennecke	2000	expression_driven	configs/rebuild_v1/non_spatial_downstream/canonical/stomics_0218.yaml	scvi	0.8304096862467079	0.0109525718572046	3	0.698773959498662	0.010587244026258	3	0.7645918228726849	0.0103007182202673	3	0.6422913247338287	0.0355682153918233	3	0.7783787015712539	0.0346298632107889	3	0.7103350131525413	0.0327300245737062	3			0	0.7374634180126131	0.0112158938944165	3			0	11.0	6.0	8.0	24.0	20.0	26.0		24.0	
STOmics0218	anticor	2000	expression_driven	configs/rebuild_v1/non_spatial_downstream/canonical/stomics_0218.yaml	cellcharter	0.6244384643072441	0.0154449921141813	3	0.8768891738229541	0.0039705322187743	3	0.750663819065099	0.0072629992700707	3	0.7465994218888546	0.0075182021492915	3	0.731492841728016	0.0064405300983733	3	0.7390461318084354	0.0005836166213118	3			0	0.7448549754367672	0.0033408526579145	3			0	17.0	7.0	13.0	1.0	29.0	25.0		19.0	
STOmics0218	anticor	2000	expression_driven	configs/rebuild_v1/non_spatial_downstream/canonical/stomics_0218.yaml	scvi	0.8210287594615421	0.0067073927232714	3	0.6864192541109224	0.0129497548874946	3	0.7537240067862322	0.0093658772961162	3	0.6562814155598042	0.0149821634692781	3	0.8373864931456222	0.006780336014394	3	0.7468339543527133	0.0056127529165046	3			0	0.7502789805694728	0.0026971254506566	3			0	21.0	18.0	19.0	20.0	1.0	3.0		5.0	
STOmics0218	dubstepr	2000	expression_driven	configs/rebuild_v1/non_spatial_downstream/canonical/stomics_0218.yaml	cellcharter	0.6114128621268454	0.0102402853106234	3	0.8746866760759681	0.0069323496990753	3	0.7430497691014066	0.0020143851432739	3	0.7409429870032955	0.0063491970369195	3	0.7523117518497952	0.0204306909626824	3	0.7466273694265454	0.0101280400286465	3			0	0.7448385692639761	0.0058332012005967	3			0	23.0	9.0	24.0	4.0	21.0	16.0		20.0	
STOmics0218	dubstepr	2000	expression_driven	configs/rebuild_v1/non_spatial_downstream/canonical/stomics_0218.yaml	scvi	0.8092141759760662	0.0030160565449293	3	0.6893307677199445	0.0193505871328199	3	0.7492724718480054	0.0111335231526493	3	0.6658448627257632	0.0137944101006181	3	0.8153971816210052	0.0302513996068982	3	0.7406210221733843	0.0179532044603977	3			0	0.7449467470106947	0.0102766782770629	3			0	28.0	15.0	24.0	15.0	9.0	6.0		9.0	
STOmics0218	hotspot	2000	expression_driven	configs/rebuild_v1/non_spatial_downstream/canonical/stomics_0218.yaml	cellcharter	0.6331909669476956	0.0067446882202327	3	0.8507141806046281	0.0022073841425758	3	0.7419525737761618	0.003103652193994	3	0.7456163876140302	0.0089031737178763	3	0.7912159074201798	0.0596683432219668	3	0.768416147517105	0.0254125372336581	3			0	0.7551843606466333	0.0142570609108524	3			0	13.0	25.0	26.0	2.0	3.0	2.0		5.0	
STOmics0218	hotspot	2000	expression_driven	configs/rebuild_v1/non_spatial_downstream/canonical/stomics_0218.yaml	scvi	0.8237447113675516	0.0056966508029993	3	0.6624946075754211	0.0153442395199002	3	0.7431196594714863	0.0099496690584856	3	0.6651815501448451	0.0093701610782147	3	0.7864673546182613	0.0351854142653745	3	0.7258244523815532	0.0160063796538711	3			0	0.7344720559265197	0.0056451520511567	3			0	17.0	27.0	27.0	17.0	17.0	15.0		27.0	
STOmics0218	morans_i	2000	spatially_informed	configs/rebuild_v1/downstream/canonical/stomics_0218.yaml	cellcharter	0.6490830007723772	0.0045184565863649	3	0.8517782160562991	0.007504677721782	3	0.7504306084143382	0.0056066238349155	3	0.73914124027235	0.013242320621411	3	0.7642456021597398	0.0417540530738812	3	0.751693421216045	0.0157816813883193	3			0	0.7510620148151915	0.0098958896393918	3			0	11.0	24.0	14.0	11.0	15.0	11.0		13.0	
STOmics0218	morans_i	2000	spatially_informed	configs/rebuild_v1/downstream/canonical/stomics_0218.yaml	scvi	0.808284775370597	0.0121355142010876	3	0.6917411482134724	0.0156610508017371	3	0.7500129617920347	0.0138186239567856	3	0.6797831166500835	0.0207717461150685	3	0.7867847599545944	0.0254933230400087	3	0.7332839383023391	0.014327669575341	3			0	0.7416484500471868	0.007514133291299	3			0	29.0	11.0	23.0	5.0	16.0	10.0		16.0	
STOmics0218	nbumi	2000	expression_driven	configs/rebuild_v1/non_spatial_downstream/canonical/stomics_0218.yaml	cellcharter	0.6170300202627371	0.0062328116676009	3	0.8688113923387181	0.0073494755472792	3	0.7429207063007276	0.0029535800579766	3	0.7357306524749384	0.0018230725767891	3	0.7871985748250893	0.0290524350323076	3	0.7614646136500137	0.0154342597544245	3			0	0.7521926599753707	0.0078231346506034	3			0	20.0	12.0	25.0	17.0	4.0	4.0		11.0	
STOmics0218	nbumi	2000	expression_driven	configs/rebuild_v1/non_spatial_downstream/canonical/stomics_0218.yaml	scvi	0.8299247568750636	0.0112523781276211	3	0.6865395130985993	0.0174238407768013	3	0.7582321349868314	0.0132563829131645	3	0.6738298459506128	0.0087183440841965	3	0.7772917584751621	0.0407493366328176	3	0.7255608022128874	0.0243017313596021	3			0	0.7418964685998595	0.0162153327748982	3			0	12.0	17.0	15.0	11.0	21.0	16.0		14.0	
STOmics0218	nnsvg	2000	spatially_informed	configs/rebuild_v1/downstream/canonical/stomics_0218.yaml	cellcharter	0.6302958170891586	0.0124832812155566	3	0.8651068740311109	0.0075708085965312	3	0.7477013455601348	0.0039432122588584	3	0.7325891011464963	0.0042276310607044	3	0.7771553671453514	0.0461730005593287	3	0.7548722341459239	0.0213765964957953	3			0	0.7512867898530292	0.0097976102014117	3			0	14.0	13.0	16.0	20.0	6.0	8.0		12.0	
STOmics0218	nnsvg	2000	spatially_informed	configs/rebuild_v1/downstream/canonical/stomics_0218.yaml	scvi	0.8238962420432429	0.0133358761577825	3	0.6742421976052991	0.0198463798894411	3	0.7490692198242709	0.01444015135746	3	0.6789210481434763	0.015308507730097	3	0.8258551676501975	0.0106669221743707	3	0.752388107896837	0.0077915453084351	3			0	0.750728663860554	0.0036800664621439	3			0	16.0	25.0	25.0	6.0	3.0	2.0		4.0	
STOmics0218	osca	2000	expression_driven	configs/rebuild_v1/non_spatial_downstream/canonical/stomics_0218.yaml	cellcharter	0.6585413697223589	0.0184568450707088	3	0.860741107173089	0.0044617791190101	3	0.759641238447724	0.0096419097445686	3	0.7392189289795517	0.0065413358504666	3	0.7981619063138986	0.0175283725812835	3	0.7686904176467252	0.0087696527215777	3			0	0.7641658280472244	0.0088506977700206	3			0	5.0	20.0	3.0	10.0	2.0	1.0		1.0	
STOmics0218	osca	2000	expression_driven	configs/rebuild_v1/non_spatial_downstream/canonical/stomics_0218.yaml	scvi	0.8418834922219246	0.011630583536845	3	0.6928688483789168	0.0063514552076716	3	0.7673761703004208	0.0053273157156674	3	0.676258454339418	0.0042563342172096	3	0.7819152986501813	0.0290924279941705	3	0.7290868764947996	0.0147894607789492	3			0	0.7482315233976102	0.0048499716945518	3			0	3.0	9.0	5.0	8.0	18.0	13.0		7.0	
STOmics0218	scPNMF	2000	expression_driven	configs/rebuild_v1/non_spatial_downstream/canonical/stomics_0218.yaml	cellcharter	0.6062063438165475	0.0197935921186404	3	0.8814199707627014	0.0102896403676186	3	0.7438131572896244	0.0093414940654409	3	0.731689091639138	0.0041739995929217	3	0.7577492999680406	0.0277954780470762	3	0.7447191958035893	0.0118687634423786	3			0	0.7442661765466068	0.0044080338206115	3			0	24.0	6.0	21.0	21.0	17.0	18.0		21.0	
STOmics0218	scPNMF	2000	expression_driven	configs/rebuild_v1/non_spatial_downstream/canonical/stomics_0218.yaml	scvi	0.8255678962027594	0.0191962715132682	3	0.6819591044608279	0.025387433449449	3	0.7537635003317935	0.0161621410209833	3	0.6428371306853976	0.0097865991800296	3	0.7897544350576858	0.0090932082799572	3	0.7162957828715418	0.0043720339992434	3			0	0.7350296416016677	0.0080814259105105	3			0	15.0	23.0	18.0	23.0	15.0	23.0		26.0	
STOmics0218	scanpy_cell_ranger	2000	expression_driven	configs/rebuild_v1/non_spatial_downstream/canonical/stomics_0218.yaml	cellcharter	0.6639125336931918	0.0061853249317322	3	0.8479245133208116	0.0065620453442746	3	0.7559185235070017	0.0024711377786312	3	0.7281655116233182	0.0057749077549743	3	0.7564606787102673	0.0583529666675102	3	0.7423130951667928	0.0285737945943112	3			0	0.7491158093368973	0.015285179023076	3			0	4.0	26.0	9.0	24.0	18.0	20.0		15.0	
STOmics0218	scanpy_cell_ranger	2000	expression_driven	configs/rebuild_v1/non_spatial_downstream/canonical/stomics_0218.yaml	scvi	0.8533921827912804	0.0111175488939536	3	0.6878428792157459	0.0100658679643796	3	0.7706175310035132	0.0102986770576766	3	0.6652099525099483	0.0158183350579695	3	0.7609232389294381	0.0775945194334049	3	0.7130665957196932	0.0458852007540321	3			0	0.7418420633616032	0.0279568170231292	3			0	1.0	16.0	4.0	16.0	26.0	24.0		15.0	
STOmics0218	scanpy_cell_ranger_batch	2000	expression_driven	configs/rebuild_v1/non_spatial_downstream/canonical/stomics_0218.yaml	cellcharter	0.6831632724731938	0.0058892169631801	3	0.8361440780210642	0.0173904371856301	3	0.7596536752471289	0.0116373758833321	3	0.7273678265563808	0.0077827262803409	3	0.7377632735064991	0.0063937365481709	3	0.73256555003144	0.0036176350472761	3			0	0.7461096126392844	0.0041594948219223	3			0	2.0	29.0	2.0	25.0	27.0	29.0		17.0	
STOmics0218	scanpy_cell_ranger_batch	2000	expression_driven	configs/rebuild_v1/non_spatial_downstream/canonical/stomics_0218.yaml	scvi	0.8514321866998397	0.0065436069482915	3	0.6913649956146465	0.0136905869041345	3	0.7713985911572431	0.0075308554322929	3	0.6664590046909789	0.0130670529786046	3	0.7744486023666514	0.0222191217864828	3	0.7204538035288152	0.0060011167574316	3			0	0.7459261973430292	0.0055590124932279	3			0	2.0	12.0	3.0	14.0	23.0	20.0		8.0	
STOmics0218	scanpy_pearson	2000	expression_driven	configs/rebuild_v1/non_spatial_downstream/canonical/stomics_0218.yaml	cellcharter	0.6228815548164243	0.0156009510380894	3	0.8642385621987616	0.017829354964953	3	0.7435600585075929	0.0111493786890132	3	0.7357527451754766	0.0100559786421442	3	0.7439350994977764	0.0207747534329666	3	0.7398439223366265	0.0054698566718415	3			0	0.7417019904221097	0.0075893386553021	3			0	19.0	15.0	23.0	16.0	24.0	23.0		25.0	
STOmics0218	scanpy_pearson	2000	expression_driven	configs/rebuild_v1/non_spatial_downstream/canonical/stomics_0218.yaml	scvi	0.8215302139573587	0.0079749102915685	3	0.6911710852150601	0.0112666596337809	3	0.7563506495862095	0.0095979270908297	3	0.6688094646796395	0.0047044045207172	3	0.7976930559404573	0.0272714418175901	3	0.7332512603100483	0.015153038328299	3			0	0.7448009549481288	0.0030665988546955	3			0	19.0	13.0	16.0	12.0	10.0	11.0		11.0	
STOmics0218	scanpy_pearson_batch	2000	expression_driven	configs/rebuild_v1/non_spatial_downstream/canonical/stomics_0218.yaml	cellcharter	0.6272248333000391	0.0144849343397914	3	0.8882095284532351	0.0175194160195547	3	0.7577171808766371	0.0019251988938962	3	0.7371216031996232	0.0061566769174647	3	0.7646235818745916	0.0424170184106072	3	0.7508725925371075	0.0223499781824816	3			0	0.7542948867068722	0.0119350091555491	3			0	16.0	3.0	5.0	14.0	14.0	13.0		9.0	
STOmics0218	scanpy_pearson_batch	2000	expression_driven	configs/rebuild_v1/non_spatial_downstream/canonical/stomics_0218.yaml	scvi	0.8257904626664817	0.0082769656321373	3	0.6994167530075358	0.0127784926875029	3	0.7626036078370086	0.0087963045120354	3	0.6587916468771399	0.0079207828572822	3	0.8170928798243371	0.0244371096145348	3	0.7379422633507385	0.0154204493750145	3			0	0.7502729355938736	0.0035889218414204	3			0	14.0	5.0	10.0	19.0	8.0	8.0		6.0	
STOmics0218	scanpy_seurat	2000	expression_driven	configs/rebuild_v1/non_spatial_downstream/canonical/stomics_0218.yaml	cellcharter	0.603575849585421	0.0230752193271949	3	0.8847425189497198	0.0153670596097773	3	0.7441591842675704	0.005505509023446	3	0.7237005069020409	0.0066010504990298	3	0.7597562891878984	0.0473918501363388	3	0.7417283980449696	0.020445495311226	3			0	0.7429437911562701	0.0125430062807432	3			0	26.0	4.0	20.0	28.0	16.0	21.0		24.0	
STOmics0218	scanpy_seurat	2000	expression_driven	configs/rebuild_v1/non_spatial_downstream/canonical/stomics_0218.yaml	scvi	0.8413470727229276	0.0065453940432777	3	0.7152112665974087	0.0180575218062098	3	0.7782791696601682	0.0122081739861807	3	0.6153093404273781	0.0169161048407241	3	0.7806142548456049	0.0296026758341858	3	0.6979617976364914	0.0178664875390005	3			0	0.7381204836483298	0.0143362635173933	3			0	5.0	2.0	1.0	29.0	19.0	29.0		22.0	
STOmics0218	scanpy_seurat_batch	2000	expression_driven	configs/rebuild_v1/non_spatial_downstream/canonical/stomics_0218.yaml	cellcharter	0.6546324554098397	0.0159743771878857	3	0.8631194028739461	0.0088134573854111	3	0.758875929141893	0.004145007010532	3	0.732929284943789	0.0027240650249386	3	0.7698793391805676	0.0351393545711997	3	0.7514043120621783	0.0162196457121001	3			0	0.7551401206020355	0.0064881173273242	3			0	8.0	17.0	4.0	19.0	9.0	12.0		6.0	
STOmics0218	scanpy_seurat_batch	2000	expression_driven	configs/rebuild_v1/non_spatial_downstream/canonical/stomics_0218.yaml	scvi	0.835533553079227	0.0115448753369472	3	0.6963958304835822	0.0163019917064546	3	0.7659646917814046	0.0115943904103959	3	0.6512062071781176	0.028315530145014	3	0.7747520577344531	0.0108285989689525	3	0.7129791324562854	0.0087763797155362	3			0	0.739471912118845	0.0017338455950368	3			0	9.0	8.0	6.0	21.0	22.0	25.0		19.0	
STOmics0218	scanpy_seurat_v3	2000	expression_driven	configs/rebuild_v1/non_spatial_downstream/canonical/stomics_0218.yaml	cellcharter	0.6575482747169835	0.0127024166403856	3	0.8578344884030334	0.0084287031068676	3	0.7576913815600084	0.0081280501229246	3	0.7400232758127704	0.0029604156753396	3	0.7474545363952028	0.0568454117535266	3	0.7437389061039866	0.0273929274778394	3			0	0.7507151438319974	0.0108841713095423	3			0	6.0	21.0	6.0	7.0	23.0	19.0		14.0	
STOmics0218	scanpy_seurat_v3	2000	expression_driven	configs/rebuild_v1/non_spatial_downstream/canonical/stomics_0218.yaml	scvi	0.8358571168416492	0.0164050145460244	3	0.6844785623031525	0.0208894785715259	3	0.760167839572401	0.0162076324595226	3	0.6755471066430552	0.0196207852028182	3	0.7602815646952122	0.0314441014442588	3	0.7179143356691338	0.0123459143185692	3			0	0.7390410876207673	0.0069471024770948	3			0	8.0	19.0	14.0	9.0	27.0	22.0		21.0	
STOmics0218	scanpy_seurat_v3_batch	2000	expression_driven	configs/rebuild_v1/non_spatial_downstream/canonical/stomics_0218.yaml	cellcharter	0.664174611628725	0.0136396172796957	3	0.846774585650868	0.0092563728851311	3	0.7554745986397965	0.0038225032339074	3	0.7344038000016523	0.0078907536754271	3	0.7436345488888579	0.044126225769591	3	0.7390191744452551	0.0236845631010936	3			0	0.7472468865425258	0.0099904564284301	3			0	3.0	27.0	10.0	18.0	25.0	26.0		16.0	
STOmics0218	scanpy_seurat_v3_batch	2000	expression_driven	configs/rebuild_v1/non_spatial_downstream/canonical/stomics_0218.yaml	scvi	0.8417668619282939	0.0108226078073351	3	0.6820508513785549	0.0145594671424282	3	0.7619088566534243	0.0060348425924196	3	0.6782069880783309	0.0181051658738809	3	0.7598654767614256	0.0387649376255018	3	0.7190362324198784	0.0273509586073636	3			0	0.7404725445366513	0.015196867396137	3			0	4.0	22.0	11.0	7.0	28.0	21.0		18.0	
STOmics0218	scry	2000	expression_driven	configs/rebuild_v1/non_spatial_downstream/canonical/stomics_0218.yaml	cellcharter	0.6145518130470901	0.0104642763911744	3	0.8726204332731662	0.0025946462192706	3	0.7435861231601281	0.0042772019355525	3	0.7419133116309392	0.0055904752115765	3	0.7518803579140151	0.0402457975141411	3	0.746896834772477	0.0200265680876533	3			0	0.7452414789663027	0.0098223699128144	3			0	22.0	10.0	22.0	3.0	22.0	15.0		18.0	
STOmics0218	scry	2000	expression_driven	configs/rebuild_v1/non_spatial_downstream/canonical/stomics_0218.yaml	scvi	0.8185660654861918	0.0065224440313517	3	0.647014592107931	0.0080210312724879	3	0.7327903287970615	0.0062900000907152	3	0.6464119763775814	0.0182370309041358	3	0.8235061208371884	0.007929839754067	3	0.734959048607385	0.0088001475553871	3			0	0.733874688702223	0.0075164082189248	3			0	24.0	28.0	28.0	22.0	6.0	9.0		28.0	
STOmics0218	seurat_disp	2000	expression_driven	configs/rebuild_v1/non_spatial_downstream/canonical/stomics_0218.yaml	cellcharter	0.6046988518414523	0.0056836417617913	3	0.8887770995029726	0.0139903579020218	3	0.7467379756722125	0.0086832918711948	3	0.7282329396923525	0.0018916413872044	3	0.7544635931620297	0.0132825761937892	3	0.7413482664271912	0.0074235407491783	3			0	0.7440431210497018	0.001227961238228	3			0	25.0	2.0	18.0	23.0	20.0	22.0		23.0	
STOmics0218	seurat_disp	2000	expression_driven	configs/rebuild_v1/non_spatial_downstream/canonical/stomics_0218.yaml	scvi	0.8103159417953649	0.0101506975308271	3	0.719514167978435	0.0056888586714325	3	0.7649150548869	0.0033804436690853	3	0.6298969095273459	0.0220664662125646	3	0.8196127990586554	0.0288903843548663	3	0.7247548542930007	0.0045782070964666	3			0	0.7448349545899503	0.0028529116108926	3			0	27.0	1.0	7.0	27.0	7.0	17.0		10.0	
STOmics0218	seurat_mvp	2000	expression_driven	configs/rebuild_v1/non_spatial_downstream/canonical/stomics_0218.yaml	cellcharter	0.6234278516278181	0.0051486828367223	3	0.8710835024326341	0.0093113865217773	3	0.7472556770302261	0.0068553693293642	3	0.722886040175263	0.0128271950211314	3	0.801219145992167	0.0531987469235059	3	0.7620525930837151	0.022216195631241	3			0	0.7546541350569705	0.0144594338931533	3			0	18.0	11.0	17.0	29.0	1.0	3.0		8.0	
STOmics0218	seurat_mvp	2000	expression_driven	configs/rebuild_v1/non_spatial_downstream/canonical/stomics_0218.yaml	scvi	0.841181116995596	0.0096541275201987	3	0.7117067097526645	0.0003937581197603	3	0.7764439133741301	0.0048408335402784	3	0.6326134130054101	0.0028126649593795	3	0.7715542444610598	0.0277140108442453	3	0.7020838287332349	0.0144492539884497	3			0	0.7392638710536824	0.0064334053052931	3			0	6.0	3.0	2.0	26.0	24.0	28.0		20.0	
STOmics0218	seurat_sct	2000	expression_driven	configs/rebuild_v1/non_spatial_downstream/canonical/stomics_0218.yaml	cellcharter	0.6293057255733892	0.0057040240653398	3	0.8608140665264828	0.0084976164258514	3	0.7450598960499359	0.0036838828076625	3	0.7388750438031333	0.003870061666655	3	0.7350153115184459	0.0146234840743166	3	0.7369451776607896	0.0069703000952677	3			0	0.7410025368553628	0.0047490851009355	3			0	15.0	19.0	19.0	12.0	28.0	28.0		26.0	
STOmics0218	seurat_sct	2000	expression_driven	configs/rebuild_v1/non_spatial_downstream/canonical/stomics_0218.yaml	scvi	0.8296176622661541	0.0100587199110033	3	0.6918748381677142	0.0196489862813885	3	0.7607462502169341	0.0145461530300832	3	0.6644013896675225	0.0209531625214196	3	0.7899337793172942	0.0205071396613372	3	0.7271675844924084	0.0145137179043037	3			0	0.7439569173546712	0.0030986119890328	3			0	13.0	10.0	13.0	18.0	14.0	14.0		13.0	
STOmics0218	seurat_vst	2000	expression_driven	configs/rebuild_v1/non_spatial_downstream/canonical/stomics_0218.yaml	cellcharter	0.6573902335222916	0.0128222472152038	3	0.8574494167051321	0.0073189138995984	3	0.7574198251137118	0.0081364286595234	3	0.7358259733887035	0.0073792603206257	3	0.77379201286047	0.0452070665861399	3	0.7548089931245867	0.0262374386039663	3			0	0.7561144091191493	0.0114257546484228	3			0	7.0	22.0	7.0	15.0	8.0	9.0		3.0	
STOmics0218	seurat_vst	2000	expression_driven	configs/rebuild_v1/non_spatial_downstream/canonical/stomics_0218.yaml	scvi	0.8378508090426392	0.0158012312113464	3	0.6908363486015853	0.0083406401906698	3	0.7643435788221122	0.0072515498951051	3	0.6864530542498709	0.009317450250368	3	0.7911421346019357	0.034028928237365	3	0.7387975944259034	0.0189870765888403	3			0	0.7515705866240078	0.0120947375973387	3			0	7.0	14.0	9.0	2.0	13.0	7.0		3.0	
STOmics0218	singleCellHaystack	2000	expression_driven	configs/rebuild_v1/non_spatial_downstream/canonical/stomics_0218.yaml	cellcharter	0.6424307105396584	0.0276301394736512	3	0.8639834578866045	0.0158386827578286	3	0.7532070842131313	0.0059958627860648	3	0.7403393264512017	0.0065458002384295	3	0.7697934768584703	0.022067701323499	3	0.755066401654836	0.0141382020300291	3			0	0.7541367429339836	0.0051732652267722	3			0	12.0	16.0	11.0	5.0	10.0	7.0		10.0	
STOmics0218	singleCellHaystack	2000	expression_driven	configs/rebuild_v1/non_spatial_downstream/canonical/stomics_0218.yaml	scvi	0.8211335882905052	0.0161443810688709	3	0.6832970377688973	0.0019386124162797	3	0.7522153130297012	0.0074162350961135	3	0.683567255554952	0.0083090920061346	3	0.8288358658332345	0.0784921571223003	3	0.7562015606940933	0.0352190300579677	3			0	0.7542084368618972	0.0210710274143	3			0	20.0	20.0	20.0	4.0	2.0	1.0		1.0	
STOmics0218	somde	2000	spatially_informed	configs/rebuild_v1/downstream/canonical/stomics_0218.yaml	cellcharter	0.6515701804582986	0.0076927472869854	3	0.86216220792691	0.0096406011632655	3	0.7568661941926044	0.0081341078633003	3	0.739901440228747	0.0064178875496696	3	0.766140371892906	0.0440318088080893	3	0.7530209060608265	0.0216997307475221	3			0	0.7549435501267153	0.0101399487930629	3			0	9.0	18.0	8.0	8.0	12.0	10.0		7.0	
STOmics0218	somde	2000	spatially_informed	configs/rebuild_v1/downstream/canonical/stomics_0218.yaml	scvi	0.8137223496304896	0.0092749298663701	3	0.6795570408763214	0.011388910372891	3	0.7466396952534055	0.002288168869121	3	0.6864451719113246	0.0090641711868846	3	0.7971774103594625	0.050750284916162	3	0.7418112911353937	0.0296234930543686	3			0	0.7442254931943996	0.0154380233941333	3			0	25.0	24.0	26.0	3.0	11.0	5.0		12.0	
STOmics0218	sparkx	2000	spatially_informed	configs/rebuild_v1/downstream/canonical/stomics_0218.yaml	cellcharter	0.6010672593544877	0.0068812401958335	3	0.864829167427199	0.0062754978983314	3	0.7329482133908433	0.0022117539406516	3	0.7376913997965309	0.0078034399005242	3	0.7402015760025661	0.0346028387209262	3	0.7389464878995483	0.0136992658881109	3			0	0.7359473506451959	0.0058907815616345	3			0	27.0	14.0	28.0	13.0	26.0	27.0		29.0	
STOmics0218	sparkx	2000	spatially_informed	configs/rebuild_v1/downstream/canonical/stomics_0218.yaml	scvi	0.8227698891922156	0.0046871679511984	3	0.642620280164529	0.0222080709215233	3	0.7326950846783724	0.0124843170360174	3	0.6672014763002325	0.0126456963668409	3	0.7434542406748971	0.0295777209898377	3	0.7053278584875647	0.0124927949922636	3			0	0.7190114715829686	0.0111347685653279	3			0	18.0	29.0	29.0	13.0	29.0	27.0		29.0	
STOmics0218	spatialde	2000	spatially_informed	configs/rebuild_v1/downstream/canonical/stomics_0218.yaml	cellcharter	0.6491588293494016	0.0023048610316835	3	0.8540059745254016	0.0108618258208423	3	0.7515824019374016	0.0043886189416043	3	0.7402899310215645	0.0039736293905268	3	0.7773626278551719	0.0186651093859831	3	0.7588262794383681	0.0089472133061781	3			0	0.755204340687885	0.0066363638561929	3			0	10.0	23.0	12.0	6.0	5.0	5.0		4.0	
STOmics0218	spatialde	2000	spatially_informed	configs/rebuild_v1/downstream/canonical/stomics_0218.yaml	scvi	0.8129307199219736	0.0175723202057531	3	0.6967565776631272	0.0107959572587479	3	0.7548436487925504	0.0063272121712874	3	0.673864616219995	0.0145237392722481	3	0.7682491712567653	0.0470329179225097	3	0.7210568937383801	0.03037524728405	3			0	0.7379502712654653	0.0131223871692948	3			0	26.0	7.0	17.0	10.0	25.0	19.0		23.0	
STOmics0218	statistic_mean	2000	expression_driven	configs/rebuild_v1/non_spatial_downstream/canonical/stomics_0218.yaml	cellcharter	0.5856010133058385	0.0112654769701948	3	0.874734587810818	0.0018281684884632	3	0.7301678005583283	0.0052311306789816	3	0.7246753761561399	0.0051546358820161	3	0.7676872769496139	0.0185901018957798	3	0.7461813265528768	0.0089044534176839	3			0	0.7381745635556026	0.0069159236300427	3			0	28.0	8.0	29.0	26.0	11.0	17.0		28.0	
STOmics0218	statistic_mean	2000	expression_driven	configs/rebuild_v1/non_spatial_downstream/canonical/stomics_0218.yaml	scvi	0.8186650948502784	0.0164041535551398	3	0.6830703112599615	0.0051248675852357	3	0.75086770305512	0.0056397731386729	3	0.6220336716839235	0.0079605486846245	3	0.8247220409518997	0.0049651561473793	3	0.7233778563179115	0.0053599468353059	3			0	0.7371227796865157	0.0011471005406896	3			0	23.0	21.0	21.0	28.0	4.0	18.0		25.0	
STOmics0218	statistic_variance	2000	expression_driven	configs/rebuild_v1/non_spatial_downstream/canonical/stomics_0218.yaml	cellcharter	0.5774018740164285	0.0136115163019045	3	0.8894286765556201	0.0102441471980976	3	0.7334152752860242	0.0057550484514748	3	0.7295394927527071	0.0020053715646113	3	0.7655957304779665	0.0280028596540789	3	0.7475676116153368	0.0131534668963908	3			0	0.7404914434506805	0.0037169735322642	3			0	29.0	1.0	27.0	22.0	13.0	14.0		27.0	
STOmics0218	statistic_variance	2000	expression_driven	configs/rebuild_v1/non_spatial_downstream/canonical/stomics_0218.yaml	scvi	0.8318677065812623	0.0113859021786737	3	0.6691115872878566	0.0098769676039704	3	0.7504896469345593	0.0090400970786671	3	0.6381213727958112	0.0200496556841287	3	0.8243511720774107	0.0657608700012495	3	0.7312362724366109	0.0397743914979329	3			0	0.7408629596855851	0.0159603876721696	3			0	10.0	26.0	22.0	25.0	5.0	12.0		17.0	
STOmics0218	triku	2000	expression_driven	configs/rebuild_v1/non_spatial_downstream/canonical/stomics_0218.yaml	cellcharter	0.6905936553721999	0.0094373152887175	3	0.8439182822753998	0.0135481224666304	3	0.7672559688237998	0.0057830746865729	3	0.7398590936506185	0.0037640165297866	3	0.7744994861792097	0.0502190761817932	3	0.7571792899149141	0.0269154275705876	3			0	0.7622176293693569	0.0108902129014191	3			0	1.0	28.0	1.0	9.0	7.0	6.0		2.0	
STOmics0218	triku	2000	expression_driven	configs/rebuild_v1/non_spatial_downstream/canonical/stomics_0218.yaml	scvi	0.8207528584652114	0.005166098777243	3	0.7029975011835109	0.0078059392992571	3	0.761875179824361	0.0054400696577905	3	0.6983960380905964	0.0051979806728703	3	0.7933510615761546	0.0346356475359331	3	0.7458735498333756	0.015180389509564	3			0	0.7538743648288683	0.0086668519211383	3			0	22.0	4.0	12.0	1.0	12.0	4.0		2.0	
STOmics0224	Brennecke	2000	expression_driven	configs/rebuild_v1/non_spatial_downstream/canonical/stomics_0224.yaml	cellcharter	0.2563337626345929	0.0350554041892274	3	0.8416749655947374	0.0730287385164877	3	0.5490043641146652	0.0212068396507163	3	0.7075484031703348	0.0043019331359695	3	0.7951579357763848	0.1118566449831459	3	0.7513531694733597	0.0538755284018076	3			0	0.6501787667940125	0.0174677707448193	3			0	27.0	1.0	25.0	9.0	4.0	3.0		7.0	
STOmics0224	Brennecke	2000	expression_driven	configs/rebuild_v1/non_spatial_downstream/canonical/stomics_0224.yaml	scvi	0.7816103166878094	0.0253929221692676	3	0.5704701630301918	0.0249555464560888	3	0.6760402398590006	0.0170991028246736	3	0.3570381685220725	0.0143220986637659	3	0.7676913972384057	0.0607515985717779	3	0.5623647828802392	0.0350165438012572	3			0	0.6192025113696199	0.0207536701057867	3			0	12.0	4.0	10.0	21.0	8.0	19.0		10.0	
STOmics0224	anticor	2000	expression_driven	configs/rebuild_v1/non_spatial_downstream/canonical/stomics_0224.yaml	cellcharter	0.3223431450870953	0.0288382716894121	3	0.7928946147656352	0.0182612942710309	3	0.5576188799263652	0.0054081665924064	3	0.7087380220140966	0.0064877160443297	3	0.7016605510274326	0.0341738809183692	3	0.7051992865207647	0.0203229600551774	3			0	0.6314090832235649	0.0111075976463414	3			0	20.0	15.0	22.0	8.0	18.0	15.0		22.0	
STOmics0224	anticor	2000	expression_driven	configs/rebuild_v1/non_spatial_downstream/canonical/stomics_0224.yaml	scvi	0.7436431360228554	0.00876897175171	3	0.5343995957210077	0.0086661873848354	3	0.6390213658719315	0.0083686209882747	3	0.482858592555087	0.0019141371778084	3	0.8169474478527358	0.106417140213611	3	0.6499030202039114	0.0538961006558607	3			0	0.6444621930379215	0.0307151929092952	3			0	17.0	14.0	15.0	12.0	5.0	3.0		3.0	
STOmics0224	dubstepr	2000	expression_driven	configs/rebuild_v1/non_spatial_downstream/canonical/stomics_0224.yaml	cellcharter	0.4140398965613103	0.0074956770247739	3	0.7340779555132261	0.0354354985172388	3	0.5740589260372682	0.0210003581330846	3	0.695433060887082	0.006905033040252	3	0.6946038633487234	0.0050830527323075	3	0.6950184621179027	0.0042053675232531	3			0	0.6345386940775855	0.0121275055842074	3			0	7.0	25.0	13.0	20.0	20.0	23.0		18.0	
STOmics0224	dubstepr	2000	expression_driven	configs/rebuild_v1/non_spatial_downstream/canonical/stomics_0224.yaml	scvi	0.6591909816927066	0.0728729185596898	3	0.359864372165485	0.0261870009490221	3	0.5095276769290958	0.0440641105645475	3	0.533841012483264	0.0048384292341509	3	0.7090335971094763	0.0189472544493312	3	0.6214373047963702	0.0107670389968985	3			0	0.565482490862733	0.0273840602121883	3			0	27.0	28.0	27.0	3.0	15.0	8.0		26.0	
STOmics0224	hotspot	2000	expression_driven	configs/rebuild_v1/non_spatial_downstream/canonical/stomics_0224.yaml	cellcharter	0.2437096260113897	0.0164559057468799	3	0.8376577253054216	0.0314249029302039	3	0.5406836756584057	0.0131854145243803	3	0.710666416487913	0.0075259274830809	3	0.6935839638028259	0.0364567874441955	3	0.7021251901453694	0.0217944911013885	3			0	0.6214044329018876	0.0120323372826027	3			0	28.0	3.0	28.0	6.0	21.0	19.0		28.0	
STOmics0224	hotspot	2000	expression_driven	configs/rebuild_v1/non_spatial_downstream/canonical/stomics_0224.yaml	scvi	0.7744704376926487	0.0179251606174903	3	0.5593113761019614	0.0338382687949531	3	0.6668909068973049	0.0094158828512414	3	0.4337750870625597	0.0225576227434947	3	0.8960040463758565	0.0387206675998648	3	0.6648895667192082	0.0287815709628342	3			0	0.6658902368082565	0.0188908990504017	3			0	14.0	10.0	13.0	16.0	1.0	1.0		1.0	
STOmics0224	morans_i	2000	spatially_informed	configs/rebuild_v1/downstream/canonical/stomics_0224.yaml	cellcharter	0.360267411712545	0.0142297547891992	3	0.8021991426629119	0.0293497324718278	3	0.5812332771877284	0.0213826449824361	3	0.7206603449805239	0.00554696184991	3	0.6873462477452152	0.0360328844925688	3	0.7040032963628696	0.016968430532674	3			0	0.6426182867752991	0.0177582261159746	3			0	15.0	12.0	10.0	2.0	24.0	16.0		12.0	
STOmics0224	morans_i	2000	spatially_informed	configs/rebuild_v1/downstream/canonical/stomics_0224.yaml	scvi	0.7315992808828992	0.0287524167471724	3	0.5291121385144301	0.041460143405756	3	0.6303557096986646	0.0333843609514334	3	0.5127016649587985	0.0116414080809574	3	0.8026462111246752	0.0612193742979703	3	0.6576739380417368	0.0248922637450709	3			0	0.6440148238702007	0.0289507387147049	3			0	20.0	15.0	18.0	5.0	7.0	2.0		4.0	
STOmics0224	nbumi	2000	expression_driven	configs/rebuild_v1/non_spatial_downstream/canonical/stomics_0224.yaml	cellcharter	0.4247876321983327	0.0205501656241151	3	0.7912067438691017	0.027189440783607	3	0.6079971880337173	0.0200649897542598	3	0.7073030038083146	0.0023677931960525	3	0.7305759176992676	0.0226181368845115	3	0.718939460753791	0.0119244303706915	3			0	0.6634683243937541	0.0040748066869936	3			0	5.0	16.0	3.0	10.0	10.0	10.0		4.0	
STOmics0224	nbumi	2000	expression_driven	configs/rebuild_v1/non_spatial_downstream/canonical/stomics_0224.yaml	scvi	0.6663866913649984	0.0521842580802689	3	0.4515482539742778	0.0120351413060195	3	0.5589674726696381	0.0315098904657335	3	0.4773427908225484	0.0325122040009117	3	0.7168332251591968	0.0357747792783766	3	0.5970880079908726	0.0300173175482767	3			0	0.5780277403302553	0.0265518074987167	3			0	26.0	23.0	26.0	14.0	13.0	13.0		21.0	
STOmics0224	nnsvg	2000	spatially_informed	configs/rebuild_v1/downstream/canonical/stomics_0224.yaml	cellcharter	0.3784379563765203	0.0255489030792834	3	0.7548058085383648	0.0102609442773941	3	0.5666218824574426	0.017900723661394	3	0.7017173948452345	0.0090484724658583	3	0.6919387159689041	0.0290581765373381	3	0.6968280554070693	0.0102848597351946	3			0	0.6317249689322559	0.0074870463440513	3			0	10.0	21.0	16.0	13.0	22.0	22.0		21.0	
STOmics0224	nnsvg	2000	spatially_informed	configs/rebuild_v1/downstream/canonical/stomics_0224.yaml	scvi	0.7138135199104992	0.0084948069448867	3	0.4530897228751238	0.0689806878882137	3	0.5834516213928116	0.0305842474498528	3	0.5076127607348196	0.0162819341083988	3	0.7151555034765282	0.0342199008902035	3	0.611384132105674	0.0235390419344829	3			0	0.5974178767492427	0.0110225089439354	3			0	23.0	21.0	21.0	6.0	14.0	10.0		15.0	
STOmics0224	osca	2000	expression_driven	configs/rebuild_v1/non_spatial_downstream/canonical/stomics_0224.yaml	cellcharter	0.3004010725387258	0.0164756799301489	3	0.8366676909682397	0.0339979383310333	3	0.5685343817534827	0.0222265313982094	3	0.7057146299370661	0.0053823787906196	3	0.7508847375553417	0.033195773628864	3	0.7282996837462039	0.016590669406239	3			0	0.6484170327498433	0.014610041628572	3			0	23.0	4.0	15.0	11.0	8.0	8.0		8.0	
STOmics0224	osca	2000	expression_driven	configs/rebuild_v1/non_spatial_downstream/canonical/stomics_0224.yaml	scvi	0.7872659998218662	0.0123765304600004	3	0.5722115564595707	0.013579659339725	3	0.6797387781407185	0.0019003469998617	3	0.3941487849817844	0.0073334321635294	3	0.8107428688611633	0.0361346300431037	3	0.6024458269214739	0.0213110053467331	3			0	0.6410923025310962	0.0110095846814295	3			0	8.0	3.0	8.0	18.0	6.0	12.0		6.0	
STOmics0224	scPNMF	2000	expression_driven	configs/rebuild_v1/non_spatial_downstream/canonical/stomics_0224.yaml	cellcharter	0.2724665724024053	0.0143211446220038	3	0.8274028297850716	0.0109350689002393	3	0.5499347010937385	0.011924000708791	3	0.696826281932451	0.0050296738300833	3	0.7088234743124135	0.0835485952868479	3	0.7028248781224322	0.0416131002766078	3			0	0.6263797896080854	0.0229618500129251	3			0	26.0	5.0	23.0	18.0	14.0	18.0		26.0	
STOmics0224	scPNMF	2000	expression_driven	configs/rebuild_v1/non_spatial_downstream/canonical/stomics_0224.yaml	scvi	0.7819901849883113	0.0076541236042489	3	0.5702185498639858	0.0131114440154227	3	0.6761043674261485	0.0039817414332369	3	0.3548280593899645	0.0110021141128015	3	0.8253141920422861	0.0549070082216991	3	0.5900711257161253	0.0222303239371366	3			0	0.633087746571137	0.0104230546579852	3			0	11.0	5.0	9.0	22.0	4.0	15.0		8.0	
STOmics0224	scanpy_cell_ranger	2000	expression_driven	configs/rebuild_v1/non_spatial_downstream/canonical/stomics_0224.yaml	cellcharter	0.4793298306932709	0.0308793345231659	3	0.7308152251064571	0.0082344003021613	3	0.605072527899864	0.0170513356021938	3	0.6734479061394604	0.0104262896067657	3	0.8717199223373964	0.0486507364976456	3	0.7725839142384284	0.0223116756147058	3			0	0.6888282210691461	0.0165354414518229	3			0	3.0	27.0	4.0	28.0	1.0	1.0		1.0	
STOmics0224	scanpy_cell_ranger	2000	expression_driven	configs/rebuild_v1/non_spatial_downstream/canonical/stomics_0224.yaml	scvi	0.9229975214681264	0.0040374203315661	3	0.5540267953380558	0.0260570683824434	3	0.738512158403091	0.0115499123585108	3	0.1852787215099383	0.0236034551164789	3	0.4468890736225199	0.0343419671803019	3	0.3160838975662291	0.0271624635431403	3			0	0.5272980279846601	0.0101634647916112	3			0	1.0	11.0	1.0	29.0	29.0	29.0		28.0	
STOmics0224	scanpy_cell_ranger_batch	2000	expression_driven	configs/rebuild_v1/non_spatial_downstream/canonical/stomics_0224.yaml	cellcharter	0.5193908802294145	0.0171867330999217	3	0.730864447894318	0.012332328590949	3	0.6251276640618663	0.0024535444825361	3	0.664577267538539	0.0019460022985537	3	0.711489355577715	0.0429263822113752	3	0.6880333115581271	0.022409818105065	3			0	0.6565804878099967	0.0103038399407549	3			0	1.0	26.0	1.0	29.0	13.0	25.0		5.0	
STOmics0224	scanpy_cell_ranger_batch	2000	expression_driven	configs/rebuild_v1/non_spatial_downstream/canonical/stomics_0224.yaml	scvi	0.9143415201749504	0.0062906726530161	3	0.5429808655757923	0.0124266208849001	3	0.7286611928753713	0.0063895966911453	3	0.1960510271945135	0.0239707393907003	3	0.4678090755447137	0.0703755506371801	3	0.3319300513696135	0.0448470665607666	3			0	0.5302956221224925	0.0234327957362924	3			0	2.0	13.0	2.0	28.0	28.0	28.0		27.0	
STOmics0224	scanpy_pearson	2000	expression_driven	configs/rebuild_v1/non_spatial_downstream/canonical/stomics_0224.yaml	cellcharter	0.2277200211453929	0.0199003082319944	3	0.816484143012408	0.0444156082701027	3	0.5221020820789004	0.0319081332286179	3	0.7220829782573462	0.0063120215275488	3	0.7761849198287055	0.0565878776436653	3	0.7491339490430259	0.0251397225308663	3			0	0.6356180155609631	0.0091594232573958	3			0	29.0	6.0	29.0	1.0	5.0	4.0		16.0	
STOmics0224	scanpy_pearson	2000	expression_driven	configs/rebuild_v1/non_spatial_downstream/canonical/stomics_0224.yaml	scvi	0.787903270295106	0.021948285642784	3	0.5940367025525713	0.0198070610203285	3	0.6909699864238387	0.0188747504197986	3	0.354621999685235	0.0290169480041286	3	0.7624392681569122	0.030726999163747	3	0.5585306339210736	0.0288388211658794	3			0	0.6247503101724562	0.0165159836912382	3			0	7.0	1.0	5.0	23.0	10.0	21.0		9.0	
STOmics0224	scanpy_pearson_batch	2000	expression_driven	configs/rebuild_v1/non_spatial_downstream/canonical/stomics_0224.yaml	cellcharter	0.3509817659766985	0.0330431941022697	3	0.7486999421349436	0.0342626394925099	3	0.5498408540558212	0.0060107026943074	3	0.6857993221942169	0.0022863303186005	3	0.7271152876703993	0.0684182457345384	3	0.7064573049323082	0.0343345039196471	3			0	0.6281490794940646	0.0163077024079488	3			0	18.0	23.0	24.0	24.0	11.0	13.0		25.0	
STOmics0224	scanpy_pearson_batch	2000	expression_driven	configs/rebuild_v1/non_spatial_downstream/canonical/stomics_0224.yaml	scvi	0.7748348647105742	0.0056643196118559	3	0.5074758961622824	0.0210459370949031	3	0.6411553804364283	0.0107148869243971	3	0.3789853471123842	0.0199693810638871	3	0.657754388692645	0.0196785342942218	3	0.5183698679025146	0.0187038642222131	3			0	0.5797626241694714	0.0074896443833725	3			0	13.0	17.0	14.0	20.0	23.0	24.0		19.0	
STOmics0224	scanpy_seurat	2000	expression_driven	configs/rebuild_v1/non_spatial_downstream/canonical/stomics_0224.yaml	cellcharter	0.3617163826106224	0.0275467604583482	3	0.8109507849324009	0.0505014391225726	3	0.5863335837715117	0.0167277245433136	3	0.6815854973381271	0.0118470562947596	3	0.8025688429843729	0.0575511177302237	3	0.7420771701612501	0.032949342113209	3			0	0.6642053769663808	0.0081255051365685	3			0	14.0	10.0	9.0	27.0	3.0	5.0		3.0	
STOmics0224	scanpy_seurat	2000	expression_driven	configs/rebuild_v1/non_spatial_downstream/canonical/stomics_0224.yaml	scvi	0.823980644612103	0.0070651761143116	3	0.5620217377278544	0.0149291979628218	3	0.6930011911699786	0.0091647824451853	3	0.3113854630971961	0.0210962374356444	3	0.7320434003143329	0.0869186278067328	3	0.5217144317057646	0.0535327639257236	3			0	0.6073578114378716	0.0264420522272233	3			0	5.0	8.0	4.0	27.0	12.0	23.0		13.0	
STOmics0224	scanpy_seurat_batch	2000	expression_driven	configs/rebuild_v1/non_spatial_downstream/canonical/stomics_0224.yaml	cellcharter	0.3130268621098254	0.0179028160234794	3	0.8119284770666391	0.0401785828766335	3	0.5624776695882322	0.0130271677247341	3	0.6963038656822228	0.0042897461225436	3	0.7184381909314314	0.0279145120794886	3	0.707371028306827	0.0119149950630338	3			0	0.6349243489475297	0.0124699892674391	3			0	22.0	9.0	18.0	19.0	12.0	12.0		17.0	
STOmics0224	scanpy_seurat_batch	2000	expression_driven	configs/rebuild_v1/non_spatial_downstream/canonical/stomics_0224.yaml	scvi	0.8140575603221128	0.0177062321807523	3	0.5641765358793519	0.0127617065465282	3	0.6891170481007324	0.0142473980300349	3	0.3351861202248082	0.0182001261386263	3	0.66067725322288	0.0381441638826775	3	0.4979316867238441	0.0225877414330764	3			0	0.5935243674122882	0.0082257073319712	3			0	6.0	7.0	7.0	24.0	22.0	25.0		16.0	
STOmics0224	scanpy_seurat_v3	2000	expression_driven	configs/rebuild_v1/non_spatial_downstream/canonical/stomics_0224.yaml	cellcharter	0.4037936081388392	0.0153289096769429	3	0.7759314060996694	0.0216483592932774	3	0.5898625071192543	0.0041524493017304	3	0.7016393850780523	0.0133411448900114	3	0.6947914292104055	0.069674061861666	3	0.6982154071442289	0.0414978978594194	3			0	0.6440389571317416	0.0220444537666656	3			0	9.0	18.0	7.0	14.0	19.0	21.0		10.0	
STOmics0224	scanpy_seurat_v3	2000	expression_driven	configs/rebuild_v1/non_spatial_downstream/canonical/stomics_0224.yaml	scvi	0.7002300848179773	0.1160540165555724	3	0.4526107524147038	0.0335293845544482	3	0.5764204186163405	0.0674156999163888	3	0.4977039391208444	0.0443026351220896	3	0.6462806725621303	0.0308383855255361	3	0.5719923058414874	0.0296452188249582	3			0	0.5742063622289139	0.0190173181051144	3			0	25.0	22.0	22.0	8.0	24.0	17.0		22.0	
STOmics0224	scanpy_seurat_v3_batch	2000	expression_driven	configs/rebuild_v1/non_spatial_downstream/canonical/stomics_0224.yaml	cellcharter	0.4603176474804809	0.0113507814353393	3	0.7167457327963961	0.0128945998998972	3	0.5885316901384385	0.0102598638479407	3	0.6833571679633685	0.0099606595726194	3	0.8334555108764673	0.0310748253017149	3	0.758406339419918	0.0204941853701616	3			0	0.6734690147791783	0.0136585152655575	3			0	4.0	28.0	8.0	25.0	2.0	2.0		2.0	
STOmics0224	scanpy_seurat_v3_batch	2000	expression_driven	configs/rebuild_v1/non_spatial_downstream/canonical/stomics_0224.yaml	scvi	0.8355480786871033	0.0108939817867256	3	0.5438089059540383	0.0070506191987653	3	0.6896784923205709	0.0086270358316678	3	0.3305942493259404	0.0141586621919514	3	0.6221791496199441	0.0671508835330942	3	0.4763866994729422	0.0361966725629126	3			0	0.5830325958967566	0.0173670019970685	3			0	3.0	12.0	6.0	25.0	26.0	27.0		18.0	
STOmics0224	scry	2000	expression_driven	configs/rebuild_v1/non_spatial_downstream/canonical/stomics_0224.yaml	cellcharter	0.3668573977705451	0.0022096688281284	3	0.7847455517341005	0.0387787791545317	3	0.5758014747523228	0.0201737125888864	3	0.7035261281675734	0.0077441977335318	3	0.6623086987474797	0.0429971205869151	3	0.6829174134575267	0.0176434960288997	3			0	0.6293594441049247	0.0184611577913411	3			0	13.0	17.0	12.0	12.0	26.0	26.0		24.0	
STOmics0224	scry	2000	expression_driven	configs/rebuild_v1/non_spatial_downstream/canonical/stomics_0224.yaml	scvi	0.7189874618718827	0.0235365963145918	3	0.4077913760646539	0.0229134150909864	3	0.5633894189682682	0.0081702098838153	3	0.4897162185387116	0.0125606454164858	3	0.7552688962414223	0.0388794630786075	3	0.6224925573900669	0.0145170920528395	3			0	0.5929409881791676	0.0076660857442581	3			0	22.0	24.0	24.0	9.0	11.0	7.0		17.0	
STOmics0224	seurat_disp	2000	expression_driven	configs/rebuild_v1/non_spatial_downstream/canonical/stomics_0224.yaml	cellcharter	0.2836986621124568	0.0470536801131472	3	0.8031726490505028	0.0111303969723417	3	0.5434356555814799	0.018352746942797	3	0.7002311633894956	0.0106728854872252	3	0.7737059937398	0.0754055492170262	3	0.7369685785646478	0.0376131801480742	3			0	0.6402021170730638	0.0101386693841932	3			0	24.0	11.0	27.0	15.0	6.0	6.0		13.0	
STOmics0224	seurat_disp	2000	expression_driven	configs/rebuild_v1/non_spatial_downstream/canonical/stomics_0224.yaml	scvi	0.7741256609783504	0.0192883015969404	3	0.5607171707824795	0.0235166786310282	3	0.6674214158804149	0.0199303889497879	3	0.3818986285161374	0.0439485021293768	3	0.858987086520831	0.0462757556068451	3	0.6204428575184843	0.0256958156169736	3			0	0.6439321366994496	0.0148105439279383	3			0	15.0	9.0	12.0	19.0	2.0	9.0		5.0	
STOmics0224	seurat_mvp	2000	expression_driven	configs/rebuild_v1/non_spatial_downstream/canonical/stomics_0224.yaml	cellcharter	0.3693906488678003	0.0112121479870622	3	0.815883451237274	0.0288068448123209	3	0.5926370500525372	0.0103354871867177	3	0.6827444573665696	0.0082453082801878	3	0.7569279126316418	0.0491116958088602	3	0.7198361849991058	0.0239488345232198	3			0	0.6562366175258215	0.01131713918462	3			0	12.0	7.0	6.0	26.0	7.0	9.0		6.0	
STOmics0224	seurat_mvp	2000	expression_driven	configs/rebuild_v1/non_spatial_downstream/canonical/stomics_0224.yaml	scvi	0.8293090802214985	0.0230238444106581	3	0.576381022994941	0.028500125664647	3	0.7028450516082198	0.0034917027905106	3	0.3183026298148057	0.001744912947604	3	0.6760545428882335	0.0596534547108783	3	0.4971785863515196	0.0290356590277636	3			0	0.6000118189798697	0.0128695397338929	3			0	4.0	2.0	3.0	26.0	20.0	26.0		14.0	
STOmics0224	seurat_sct	2000	expression_driven	configs/rebuild_v1/non_spatial_downstream/canonical/stomics_0224.yaml	cellcharter	0.2768461736341149	0.0295666664887425	3	0.8410579873628419	0.019486578327866	3	0.5589520804984783	0.0234353938933021	3	0.714710054635523	0.0159455251952741	3	0.7455180780354529	0.0226326725959357	3	0.730114066335488	0.0152761709309687	3			0	0.6445330734169832	0.0143875549771278	3			0	25.0	2.0	21.0	3.0	9.0	7.0		9.0	
STOmics0224	seurat_sct	2000	expression_driven	configs/rebuild_v1/non_spatial_downstream/canonical/stomics_0224.yaml	scvi	0.7841249022784789	0.0148226406112351	3	0.5669037276594955	0.0263854013390022	3	0.6755143149689872	0.0067803402647578	3	0.4238862977572917	0.0138004325232946	3	0.8272282836177114	0.0373623622906702	3	0.6255572906875017	0.0128436123198741	3			0	0.6505358028282444	0.009187393895643	3			0	10.0	6.0	11.0	17.0	3.0	6.0		2.0	
STOmics0224	seurat_vst	2000	expression_driven	configs/rebuild_v1/non_spatial_downstream/canonical/stomics_0224.yaml	cellcharter	0.4046716263966048	0.0182823252747135	3	0.7980309338849203	0.0618649431127406	3	0.6013512801407626	0.0262836540245498	3	0.6879776724685649	0.0040300829773659	3	0.6518497389473027	0.0065825703456571	3	0.6699137057079337	0.0024919044869525	3			0	0.6356324929243482	0.0141666131086796	3			0	8.0	14.0	5.0	23.0	28.0	28.0		15.0	
STOmics0224	seurat_vst	2000	expression_driven	configs/rebuild_v1/non_spatial_downstream/canonical/stomics_0224.yaml	scvi	0.7086061999810042	0.1170818402421541	3	0.4630028854736621	0.0303503457641052	3	0.5858045427273332	0.0686326147908625	3	0.4882227603415596	0.0278518499614126	3	0.6324108853946757	0.0864706525224739	3	0.5603168228681176	0.0513969044053119	3			0	0.5730606827977254	0.0247798484313887	3			0	24.0	20.0	20.0	10.0	25.0	20.0		23.0	
STOmics0224	singleCellHaystack	2000	expression_driven	configs/rebuild_v1/non_spatial_downstream/canonical/stomics_0224.yaml	cellcharter	0.4877786881993136	0.0230850483240228	3	0.7342128301282344	0.033768497317689	3	0.6109957591637739	0.0053427549243272	3	0.6885799085401882	0.005668897497762	3	0.6453119165089376	0.0379827643419412	3	0.666945912524563	0.0218232251169102	3			0	0.6389708358441685	0.0126180304821031	3			0	2.0	24.0	2.0	22.0	29.0	29.0		14.0	
STOmics0224	singleCellHaystack	2000	expression_driven	configs/rebuild_v1/non_spatial_downstream/canonical/stomics_0224.yaml	scvi	0.2192776228188911	0.0155813574010645	3	0.3727793757164499	0.0447962424634987	3	0.2960284992676705	0.0274024252806777	3	0.5499111334594674	0.0273821183881873	3	0.5389129131445873	0.0123139405079753	3	0.5444120233020274	0.0151787103315634	3			0	0.4202202612848489	0.0193621262286324	3			0	29.0	27.0	29.0	2.0	27.0	22.0		29.0	
STOmics0224	somde	2000	spatially_informed	configs/rebuild_v1/downstream/canonical/stomics_0224.yaml	cellcharter	0.3147883488374203	0.0216743959685919	3	0.8129930968576641	0.0269424929128442	3	0.5638907228475422	0.022977972083435	3	0.7140417189851771	0.0119917299681602	3	0.6886510996828119	0.0372305578284002	3	0.7013464093339944	0.0137835716151637	3			0	0.6326185660907683	0.0141530084728153	3			0	21.0	8.0	17.0	4.0	23.0	20.0		19.0	
STOmics0224	somde	2000	spatially_informed	configs/rebuild_v1/downstream/canonical/stomics_0224.yaml	scvi	0.7561289944552136	0.0165137338193524	3	0.5170858000039629	0.0491677199811409	3	0.6366073972295883	0.0303653753014678	3	0.5129311223594991	0.0303993131259981	3	0.7631087706941958	0.0809040525660931	3	0.6380199465268475	0.0301539277133858	3			0	0.6373136718782179	0.0302289125837824	3			0	16.0	16.0	17.0	4.0	9.0	4.0		7.0	
STOmics0224	sparkx	2000	spatially_informed	configs/rebuild_v1/downstream/canonical/stomics_0224.yaml	cellcharter	0.4228941004327167	0.0158448487456769	3	0.7010877038083106	0.0214503169928117	3	0.5619909021205137	0.0042475174055728	3	0.695373811815882	0.0095557481934901	3	0.6602600959329322	0.0505462829550041	3	0.6778169538744071	0.0300464928854592	3			0	0.6199039279974604	0.0148232246254977	3			0	6.0	29.0	19.0	21.0	27.0	27.0		29.0	
STOmics0224	sparkx	2000	spatially_informed	configs/rebuild_v1/downstream/canonical/stomics_0224.yaml	scvi	0.6328753764682117	0.0479374851704549	3	0.3591851975769478	0.022636830274395	3	0.4960302870225797	0.0350892617335494	3	0.5711383812516756	0.0508631930533369	3	0.7034432231640161	0.0344796688446447	3	0.6372908022078458	0.0405648655518343	3			0	0.5666605446152128	0.0077516435376986	3			0	28.0	29.0	28.0	1.0	18.0	5.0		25.0	
STOmics0224	spatialde	2000	spatially_informed	configs/rebuild_v1/downstream/canonical/stomics_0224.yaml	cellcharter	0.3529625801644453	0.0385780401919539	3	0.7992222926679681	0.0492205747125754	3	0.5760924364162067	0.0125709400905278	3	0.7140390055104886	0.004335755826829	3	0.7085402638464408	0.0329576392680463	3	0.7112896346784646	0.014636739294676	3			0	0.6436910355473356	0.0048439069185838	3			0	17.0	13.0	11.0	5.0	15.0	11.0		11.0	
STOmics0224	spatialde	2000	spatially_informed	configs/rebuild_v1/downstream/canonical/stomics_0224.yaml	scvi	0.728147004170491	0.0145416716134701	3	0.5023906689433449	0.0393864479436622	3	0.615268836556918	0.0269585689513875	3	0.5060360270860432	0.0113360014784896	3	0.7045105599925646	0.0281689801426093	3	0.6052732935393039	0.0180915148294513	3			0	0.610271065048111	0.0199664949943534	3			0	21.0	18.0	19.0	7.0	16.0	11.0		12.0	
STOmics0224	statistic_mean	2000	expression_driven	configs/rebuild_v1/non_spatial_downstream/canonical/stomics_0224.yaml	cellcharter	0.3774594144316506	0.01159380706121	3	0.761780588905912	0.0242618422619953	3	0.5696200016687814	0.0117445130328853	3	0.6968596793964825	0.0042380667300227	3	0.6814654377895942	0.0491498464307029	3	0.6891625585930384	0.0266917351725025	3			0	0.62939128013091	0.0143958473389263	3			0	11.0	20.0	14.0	17.0	25.0	24.0		23.0	
STOmics0224	statistic_mean	2000	expression_driven	configs/rebuild_v1/non_spatial_downstream/canonical/stomics_0224.yaml	scvi	0.7382589248104267	0.0199950761095739	3	0.3874089387557317	0.0200245001426466	3	0.5628339317830792	0.0079785212301773	3	0.4870143144917648	0.0091356131718482	3	0.703874318095525	0.0417460803405869	3	0.595444316293645	0.0242932989799769	3			0	0.5791391240383621	0.008516655145895	3			0	18.0	26.0	25.0	11.0	17.0	14.0		20.0	
STOmics0224	statistic_variance	2000	expression_driven	configs/rebuild_v1/non_spatial_downstream/canonical/stomics_0224.yaml	cellcharter	0.3530394350783947	0.0236084612824146	3	0.7693129683526702	0.0100687675656236	3	0.5611762017155324	0.0153824298576838	3	0.6992776089340054	0.0023696896389517	3	0.706599911856503	0.0265796564550413	3	0.7029387603952543	0.0134388027342745	3			0	0.6320574810553933	0.0066934421178175	3			0	16.0	19.0	20.0	16.0	16.0	17.0		20.0	
STOmics0224	statistic_variance	2000	expression_driven	configs/rebuild_v1/non_spatial_downstream/canonical/stomics_0224.yaml	scvi	0.7352377869597887	0.0247020284467458	3	0.407020274633828	0.015711530675352	3	0.5711290307968083	0.0194319467638711	3	0.4649799616109349	0.0093085284398977	3	0.6726564372278737	0.0317841771204975	3	0.5688181994194044	0.018546716331305	3			0	0.5699736151081063	0.0188274247151111	3			0	19.0	25.0	23.0	15.0	21.0	18.0		24.0	
STOmics0224	triku	2000	expression_driven	configs/rebuild_v1/non_spatial_downstream/canonical/stomics_0224.yaml	cellcharter	0.3383261406382398	0.0125576998270621	3	0.7546158855795966	0.0208949978097639	3	0.5464710131089182	0.0106587294586207	3	0.7102904909587169	0.0105581732778601	3	0.7019618675877889	0.0187047741965253	3	0.7061261792732528	0.0143872683025189	3			0	0.6262985961910855	0.0090023909080679	3			0	19.0	22.0	26.0	7.0	17.0	14.0		27.0	
STOmics0224	triku	2000	expression_driven	configs/rebuild_v1/non_spatial_downstream/canonical/stomics_0224.yaml	scvi	0.7862254154839144	0.0068439966318034	3	0.4884319399475584	0.0168605844335118	3	0.6373286777157364	0.0054937320717383	3	0.4790874883151476	0.0153782920372369	3	0.6885606556191192	0.0973539765208757	3	0.5838240719671334	0.0556446302641479	3			0	0.6105763748414349	0.0299694746399461	3			0	9.0	19.0	16.0	13.0	19.0	16.0		11.0	
DLPFC	Brennecke	2000	expression_driven		graphst	0.5603436039551746	0.0022856167775102826	3	0.8238920404839155	0.005198680055868014	3	0.692117822219545	0.0032988119227723776	3	0.6775425410607427	0.010279511168885489	3	0.47546814426303863	0.038695621933999794	3	0.5765053426618907	0.020793996445263835	3	0.7178640285215038	0.002127659554387851	3	0.6343115824407178	0.009128029983583882	3	0.6621623978009799	0.006362342278605517	3	9.0	28.0	28.0	26.0	29.0	29.0	28.0	29.0	29.0
DLPFC	anticor	2000	expression_driven		graphst	0.533094984994478	0.007167113789640262	3	0.9231522503416819	0.003434750420792272	3	0.72812361766808	0.00452080683588736	3	0.714814185661481	0.0096060276910817	3	0.6370676029337522	0.11759443352321067	3	0.6759408942976166	0.06255472054725554	3	0.8283796064320842	0.00671367078175925	3	0.7020322559828482	0.02957235122224279	3	0.7441480394659269	0.020991268904331818	3	24.0	9.0	15.0	11.0	5.0	4.0	10.0	7.0	8.0
DLPFC	dubstepr	2000	expression_driven		graphst	0.544233613817427	0.0026800080960005667	3	0.9172459792965529	0.006103705276425831	3	0.73073979655699	0.004390327238172118	3	0.7272695542371466	0.008871630026510714	3	0.6064176185654626	0.022728105931703126	3	0.6668435864013046	0.011486095037052772	3	0.812552158230622	0.010654709812829097	3	0.6987916914791473	0.003992680530335185	3	0.7367118470629722	0.002420719096609073	3	15.0	12.0	12.0	3.0	9.0	9.0	13.0	9.0	11.0
DLPFC	hotspot	2000	expression_driven		graphst	0.5277123048612011	0.0037677824357697635	3	0.9283325574318594	0.009345560265323722	3	0.7280224311465302	0.0028318550720249636	3	0.7229221631290441	0.01329272374670353	3	0.6230365292753621	0.027743309733082346	3	0.6729793462022031	0.01563674991033976	3	0.8037402436112235	0.0031129545561878126	3	0.7005008886743668	0.009172745516833157	3	0.7349140069866523	0.0071054821076502505	3	26.0	8.0	16.0	6.0	8.0	7.0	14.0	8.0	13.0
DLPFC	morans_i	2000	spatially_informed		graphst	0.5347277778926288	0.0045453024998957465	3	0.9530595167752945	0.002227138886144872	3	0.7438936473339618	0.002273806958783807	3	0.6999067895397735	0.011503538557988684	3	0.6386142784155396	0.1254598813418982	3	0.6692605339776566	0.06820261634834104	3	0.8451090858090616	0.0076948047128839875	3	0.7065770906558092	0.03519688009037631	3	0.75275442237356	0.021318979257836285	3	22.0	6.0	7.0	20.0	4.0	8.0	7.0	6.0	6.0
DLPFC	nbumi	2000	expression_driven		graphst	0.548959655642597	0.006776086483384873	3	0.9557047434233437	0.018493423471062708	3	0.7523321995329703	0.007908227691339788	3	0.7194131091720081	0.017374344121251037	3	0.738530904775225	0.06264280120066795	3	0.7289720069736165	0.023272624839548242	3	0.8672302222493423	0.004900382894882703	3	0.7406521032532933	0.013025654160685225	3	0.7828448095853098	0.010250868948276665	3	13.0	5.0	5.0	9.0	1.0	1.0	4.0	2.0	2.0
DLPFC	nnsvg	2000	spatially_informed		graphst	0.5430417601084065	0.006059323971920283	3	0.9216449362288572	0.00505216642333413	3	0.7323433481686319	0.00433900307984999	3	0.7109667670413927	0.015385165494895355	3	0.5926414561567012	0.0282956043640128	3	0.6518041115990468	0.019731958861748743	3	0.8374273978111422	0.004733061212627742	3	0.6920737298838393	0.007697665388763789	3	0.7405249525262736	0.006565686743880682	3	16.0	10.0	11.0	16.0	12.0	11.0	8.0	12.0	9.0
DLPFC	osca	2000	expression_driven		graphst	0.5254638576036866	0.0031861814797385247	3	0.9043566584418944	0.0038098298623368125	3	0.7149102580227905	0.0003895737256198778	3	0.7196242555024952	0.009323705642878452	3	0.5440536818561932	0.02835254077739933	3	0.6318389686793441	0.01077896695860553	3	0.7768797736730836	0.005523643501107139	3	0.6733746133510673	0.005512121369442703	3	0.7078763334584061	0.0018336893474223896	3	27.0	16.0	19.0	8.0	21.0	19.0	21.0	18.0	19.0
DLPFC	scPNMF	2000	expression_driven		graphst	0.5232651962970886	0.006198890686640575	3	0.8827185852456281	0.018232733040047785	3	0.7029918907713584	0.007980675352904684	3	0.7207276489539322	0.015116173030849625	3	0.5488512306739882	0.031547615472090396	3	0.6347894398139602	0.023324782814838674	3	0.7599793273885526	0.017532600895330888	3	0.6688906652926593	0.015312114194519633	3	0.699253552657957	0.014610773567916329	3	29.0	18.0	24.0	7.0	20.0	16.0	22.0	20.0	22.0
DLPFC	scanpy_cell_ranger	2000	expression_driven		graphst	0.5948468338850793	0.0023805259838856644	3	0.8636610586902568	0.003333664407956243	3	0.729253946287668	0.002654200971441681	3	0.672788233897776	0.010439562651153478	3	0.5090362253878793	0.0459924070193413	3	0.5909122296428276	0.026461944730033875	3	0.781421222032978	0.006211056235639943	3	0.6600830879652478	0.01427964967078758	3	0.7005291326544912	0.009352807058091338	3	3.0	21.0	14.0	28.0	26.0	28.0	20.0	22.0	21.0
DLPFC	scanpy_cell_ranger_batch	2000	expression_driven		graphst	0.6228175110457299	0.0011975090718506767	3	0.8516648282565856	0.0027537874225037565	3	0.7372411696511577	0.0011169513035885308	3	0.6475006069401092	0.005473197578853107	3	0.6050066666597159	0.04785427681490198	3	0.6262536367999126	0.025254236929610537	3	0.7883074992774383	0.010358130038325393	3	0.6817474032255352	0.01212432932381035	3	0.7172674352428361	0.0069144279071839156	3	1.0	22.0	8.0	29.0	10.0	21.0	17.0	17.0	17.0
DLPFC	scanpy_pearson	2000	expression_driven		graphst	0.5374382027920616	0.0037614338070645504	3	0.8497755183980796	0.004380210776914842	3	0.6936068605950706	0.0017288688849145433	3	0.7110228419729561	0.007214291936654253	3	0.551082828621973	0.015554257081890044	3	0.6310528352974645	0.0077885316741448775	3	0.7377462991249922	0.014410086208156574	3	0.6623298479462676	0.0031768079410236143	3	0.6874686650058424	0.004398748014385647	3	19.0	23.0	27.0	15.0	19.0	20.0	27.0	21.0	23.0
DLPFC	scanpy_pearson_batch	2000	expression_driven		graphst	0.5827216074539422	0.0007873015037115049	3	0.8261604250657846	0.0025841544591473464	3	0.7044410162598634	0.001076581404554256	3	0.6910274474704264	0.00882875965833079	3	0.5103926616872201	0.02770812173137534	3	0.6007100545788233	0.009440122180023495	3	0.740022916769356	0.003004752036208381	3	0.6525755354193433	0.004360432804614989	3	0.6817246625360142	0.0035745906714233504	3	4.0	27.0	23.0	22.0	25.0	25.0	26.0	25.0	26.0
DLPFC	scanpy_seurat	2000	expression_driven		graphst	0.5634208396699524	0.0013901934608141122	3	0.8405794559878995	0.010923440337689445	3	0.702000147828926	0.005006674584362116	3	0.678494657937495	0.011225512123455133	3	0.5242022066620824	0.02877083385157828	3	0.6013484322997886	0.012611493776734374	3	0.7475853620456036	0.0057087672236076316	3	0.6516742900643573	0.008657253126148585	3	0.6836446473914393	0.006457058127783146	3	5.0	26.0	25.0	25.0	22.0	24.0	23.0	26.0	25.0
DLPFC	scanpy_seurat_batch	2000	expression_driven		graphst	0.5627600075075749	0.001243624545015537	3	0.8483231394484828	0.0029192723210039163	3	0.7055415734780289	0.001317182230122888	3	0.6898819183308739	0.0038967013380598247	3	0.5182983206525723	0.028423726157530915	3	0.6040901194917231	0.015118330003453905	3	0.7456100780449649	0.013976154939460578	3	0.654815846484876	0.0077203688580773705	3	0.685080590338239	0.0071729824411639635	3	8.0	24.0	21.0	23.0	23.0	23.0	24.0	24.0	24.0
DLPFC	scanpy_seurat_v3	2000	expression_driven		graphst	0.5632510940459665	0.002161468703786067	3	0.9701292020474703	0.006237382081025171	3	0.7666901480467185	0.0024754910853606407	3	0.7120081316398114	0.007623758372603927	3	0.6359143110307953	0.0461791792703103	3	0.6739612213353032	0.02264698548835845	3	0.8832959718099008	0.001225816574582442	3	0.7203256846910109	0.010114544880318183	3	0.7746491137306407	0.006481821027457181	3	6.0	1.0	1.0	12.0	6.0	6.0	1.0	4.0	3.0
DLPFC	scanpy_seurat_v3_batch	2000	expression_driven		graphst	0.6061357492284376	0.001753874160827302	3	0.9087036268577098	0.010312567044135195	3	0.7574196880430737	0.00430255644880557	3	0.6761827752164867	0.0075796062020068505	3	0.6007340595155631	0.07095688690298775	3	0.6384584173660248	0.0385001612100177	3	0.8163779004832801	0.0033316102872634036	3	0.6979390527045494	0.020867886736247142	3	0.7374186686307929	0.014876068028260823	3	2.0	15.0	4.0	27.0	11.0	15.0	12.0	10.0	10.0
DLPFC	scry	2000	expression_driven		graphst	0.5350040954224754	0.00849752725315033	3	0.8762574401548378	0.014209630036576373	3	0.7056307677886565	0.0036920142406155873	3	0.7037905922807873	0.023603127949725067	3	0.5175182970797955	0.04581013205390621	3	0.6106544446802914	0.034385208567131835	3	0.7911274309955726	0.01158940885749779	3	0.658142606234474	0.018233287199095845	3	0.7024708811548402	0.01563291848626565	3	21.0	19.0	20.0	18.0	24.0	22.0	16.0	23.0	20.0
DLPFC	seurat_disp	2000	expression_driven		graphst	0.5508340281146761	0.006420999750929151	3	0.819558306126915	0.0009984125103192187	3	0.6851961671207957	0.0030181502562557022	3	0.6943804702019554	0.002367724872589873	3	0.4919007569775549	0.015273331285771656	3	0.5931406135897551	0.008703036543704225	3	0.7165418815653471	0.004099394334410819	3	0.6391683903552754	0.005781215060420027	3	0.6649595540919659	0.00317354438492696	3	11.0	29.0	29.0	21.0	28.0	27.0	29.0	28.0	28.0
DLPFC	seurat_mvp	2000	expression_driven		graphst	0.5468735330494073	0.001640999135414226	3	0.8467923472920255	0.006975099348892721	3	0.6968329401707164	0.004011785605936042	3	0.6896873119450584	0.003930452116175358	3	0.4984645621689799	0.05132421868437805	3	0.5940759370570191	0.02761324395256046	3	0.7433546470609903	0.0015444510636063986	3	0.6454544386138678	0.01248125003478752	3	0.6780878414295753	0.008312710364200948	3	14.0	25.0	26.0	24.0	27.0	26.0	25.0	27.0	27.0
DLPFC	seurat_sct	2000	expression_driven		graphst	0.5243782851694598	0.002424245921731618	3	0.9149419851894226	0.016408911178048376	3	0.7196601351794412	0.007783445009283326	3	0.7241707304442083	0.01797168812908365	3	0.572620951398754	0.011728471891468988	3	0.6483958409214812	0.010862293798272974	3	0.7866454473174586	0.013736643188880952	3	0.6840279880504613	0.0015428177243345376	3	0.718233807806127	0.004376221488290467	3	28.0	14.0	17.0	4.0	14.0	13.0	18.0	15.0	16.0
DLPFC	seurat_vst	2000	expression_driven		graphst	0.5628561711733145	0.0027834124189338597	3	0.9621598802029055	0.0109704535803769	3	0.7625080256881102	0.004254751123460545	3	0.7111936282614381	0.015733925351706344	3	0.7269451582547456	0.03805980948483615	3	0.7190693932580917	0.013383723752265625	3	0.8809608251126705	0.002845805273913968	3	0.7407887094731009	0.008373594025592915	3	0.7875127480196241	0.0061441224268173845	3	7.0	3.0	2.0	13.0	2.0	2.0	2.0	1.0	1.0
DLPFC	singleCellHaystack	2000	expression_driven		graphst	0.5497291056428958	0.010069153980640424	3	0.9153301377616502	0.00883566470323824	3	0.7325296217022729	0.0006782340094816341	3	0.7393892529641337	0.01758384101972115	3	0.582624926874823	0.10851929693940124	3	0.6610070899194784	0.05166276221662188	3	0.8514553138886157	0.009817478176811053	3	0.6967683558108758	0.025901171571827662	3	0.7483306751701223	0.01500320778260135	3	12.0	13.0	10.0	1.0	13.0	10.0	6.0	11.0	7.0
DLPFC	somde	2000	spatially_informed		graphst	0.5330987892395885	0.005324494318821392	3	0.965440065250026	0.004370988731304942	3	0.7492694272448072	0.0037406709879224914	3	0.7162741024501331	0.012810706907623419	3	0.63282925670674	0.06584877398795223	3	0.6745516795784366	0.029350951021587395	3	0.8523895908269566	0.012471977503594068	3	0.7119105534116219	0.012862049962906363	3	0.7587368992167335	0.012283768857759435	3	23.0	2.0	6.0	10.0	7.0	5.0	5.0	5.0	5.0
DLPFC	sparkx	2000	spatially_informed		graphst	0.5406884828016366	0.0037067947173799673	3	0.9180084814900645	0.00918264903370838	3	0.7293484821458507	0.004841548683405802	3	0.7080400096741407	0.015471339718493508	3	0.5614189589237332	0.04213696675694167	3	0.6347294842989369	0.013822680491953211	3	0.8226998470152435	0.004086556867409238	3	0.6820389832223938	0.008497470068016762	3	0.7289259378200104	0.005091539388498721	3	18.0	11.0	13.0	17.0	18.0	17.0	11.0	16.0	14.0
DLPFC	spatialde	2000	spatially_informed		graphst	0.5299474039014941	0.003930998858923336	3	0.9444781713979006	0.006416319609654055	3	0.7372127876496973	0.00516066888436817	3	0.7005950151406396	0.022121998706740992	3	0.5685544401139478	0.08715199532117182	3	0.6345747276272937	0.053665939729918156	3	0.8356108187784802	0.0156035722964482	3	0.6858937576384956	0.025529473324788717	3	0.7357994446851572	0.01278689933943053	3	25.0	7.0	9.0	19.0	15.0	18.0	9.0	13.0	12.0
DLPFC	statistic_mean	2000	expression_driven		graphst	0.5410117179303479	0.006898756142013264	3	0.8687586710256405	0.012761606461046814	3	0.7048851944779942	0.0030052174126912025	3	0.7111080832880224	0.0039524511223702555	3	0.5679640772008897	0.029469730500461224	3	0.6395360802444561	0.015708763591142802	3	0.7836882330238765	0.01472374051685755	3	0.6722106373612252	0.009257284375269998	3	0.7093698359154422	0.010650519252633318	3	17.0	20.0	22.0	14.0	16.0	14.0	19.0	19.0	18.0
DLPFC	statistic_variance	2000	expression_driven		graphst	0.5366128763523336	0.00907731752502971	3	0.9003871791320792	0.02062421801920744	3	0.7185000277422064	0.0072429874642354385	3	0.7382833284302217	0.011743759355512591	3	0.5628157097911769	0.02175398552665291	3	0.6505495191106992	0.016048338334649994	3	0.800926802528051	0.013784435114743905	3	0.6845247734264529	0.004410229302638575	3	0.7233254497936521	0.004036799042327265	3	20.0	17.0	18.0	2.0	17.0	12.0	15.0	14.0	15.0
DLPFC	triku	2000	expression_driven		graphst	0.5542916593437656	0.005082838802084942	3	0.9612969724336792	0.015898245812192447	3	0.7577943158887224	0.008945610199266948	3	0.7235208443550872	0.020065954874094287	3	0.6438607149238228	0.05269247970982655	3	0.683690779639455	0.027186874621895764	3	0.8768337907406004	0.008983887867653612	3	0.7207425477640887	0.00972726409216542	3	0.7727729620895926	0.005099815615148341	3	10.0	4.0	3.0	5.0	3.0	3.0	3.0	3.0	4.0
E8p5Embryo	Brennecke	2000	expression_driven		graphst	0.5564003835553527	0.006315926450427239	3			0	0.5564003835553527	0.006315926450427239	3	0.640683255616411	0.0027554542434905615	3			0	0.640683255616411	0.0027554542434905615	3			0	0.5985418195858818	0.0043550063567849105	3			0	4.0		4.0	21.0		21.0		13.0	
E8p5Embryo	anticor	2000	expression_driven		graphst	0.508490586190199	0.008207037678560729	3			0	0.508490586190199	0.008207037678560729	3	0.6733619116824908	0.014142563748324536	3			0	0.6733619116824908	0.014142563748324536	3			0	0.590926248936345	0.011142829440431067	3			0	13.0		13.0	16.0		16.0		19.0	
E8p5Embryo	dubstepr	2000	expression_driven		graphst	0.45546858871644674	0.007342312309508403	3			0	0.45546858871644674	0.007342312309508403	3	0.6651384936886289	0.01219300674089251	3			0	0.6651384936886289	0.01219300674089251	3			0	0.5603035412025378	0.00933626328947558	3			0	29.0		29.0	18.0		18.0		26.0	
E8p5Embryo	hotspot	2000	expression_driven		graphst	0.4809513550531311	0.0004961979364698824	3			0	0.4809513550531311	0.0004961979364698824	3	0.7339874774150784	0.014082464436751062	3			0	0.7339874774150784	0.014082464436751062	3			0	0.6074694162341048	0.006913979291884385	3			0	18.0		18.0	6.0		6.0		9.0	
E8p5Embryo	morans_i	2000	spatially_informed		graphst	0.4694383004943086	0.002084012120140882	3			0	0.4694383004943086	0.002084012120140882	3	0.6990426027613993	0.00353596135117476	3			0	0.6990426027613993	0.00353596135117476	3			0	0.584240451627854	0.0007554212189041526	3			0	24.0		24.0	14.0		14.0		22.0	
E8p5Embryo	nbumi	2000	expression_driven		graphst	0.4887056574518501	0.0052115069357697285	3			0	0.4887056574518501	0.0052115069357697285	3	0.7027593175460666	0.009051058236378499	3			0	0.7027593175460666	0.009051058236378499	3			0	0.5957324874989584	0.007008316076049158	3			0	16.0		16.0	13.0		13.0		16.0	
E8p5Embryo	nnsvg	2000	spatially_informed		graphst	0.46361573311558074	0.004015174193727655	3			0	0.46361573311558074	0.004015174193727655	3	0.6603413854347165	0.006268906877884293	3			0	0.6603413854347165	0.006268906877884293	3			0	0.5619785592751486	0.005118467811586858	3			0	27.0		27.0	20.0		20.0		25.0	
E8p5Embryo	osca	2000	expression_driven		graphst	0.4694120803354747	0.010159794025658638	3			0	0.4694120803354747	0.010159794025658638	3	0.7091461656464327	0.013622401829919225	3			0	0.7091461656464327	0.013622401829919225	3			0	0.5892791229909539	0.0033062240481294995	3			0	25.0		25.0	12.0		12.0		20.0	
E8p5Embryo	scPNMF	2000	expression_driven		graphst	0.4741329820642702	0.011748758396910773	3			0	0.4741329820642702	0.011748758396910773	3	0.6633130880264576	0.018853355301423392	3			0	0.6633130880264576	0.018853355301423392	3			0	0.5687230350453639	0.0044314546108982595	3			0	21.0		21.0	19.0		19.0		24.0	
E8p5Embryo	scanpy_cell_ranger	2000	expression_driven		graphst	0.5101173555622737	0.00491897716301718	3			0	0.5101173555622737	0.00491897716301718	3	0.7373365865627052	0.01869677371379239	3			0	0.7373365865627052	0.01869677371379239	3			0	0.6237269710624894	0.007285309276199829	3			0	12.0		12.0	5.0		5.0		4.0	
E8p5Embryo	scanpy_cell_ranger_batch	2000	expression_driven		graphst	0.4952625196212264	0.00343925086075941	3			0	0.4952625196212264	0.00343925086075941	3	0.742007955376383	0.0066654307817969665	3			0	0.742007955376383	0.0066654307817969665	3			0	0.6186352374988048	0.0016736990689866684	3			0	15.0		15.0	4.0		4.0		6.0	
E8p5Embryo	scanpy_pearson	2000	expression_driven		graphst	0.5181073028430245	0.0004963410804761006	3			0	0.5181073028430245	0.0004963410804761006	3	0.7247151834125661	0.02220707158632395	3			0	0.7247151834125661	0.02220707158632395	3			0	0.6214112431277954	0.011064601914217079	3			0	9.0		9.0	10.0		10.0		5.0	
E8p5Embryo	scanpy_pearson_batch	2000	expression_driven		graphst	0.5514595734790838	0.0003101344914482987	3			0	0.5514595734790838	0.0003101344914482987	3	0.673041130069738	0.013905480008142236	3			0	0.673041130069738	0.013905480008142236	3			0	0.6122503517744109	0.006966561199769516	3			0	5.0		5.0	17.0		17.0		8.0	
E8p5Embryo	scanpy_seurat	2000	expression_driven		graphst	0.5848368160258742	0.006628484241423489	3			0	0.5848368160258742	0.006628484241423489	3	0.619760401415316	0.0022070625627547435	3			0	0.619760401415316	0.0022070625627547435	3			0	0.6022986087205952	0.00294700967642087	3			0	2.0		2.0	27.0		27.0		11.0	
E8p5Embryo	scanpy_seurat_batch	2000	expression_driven		graphst	0.5613996152131714	0.007114450296703947	3			0	0.5613996152131714	0.007114450296703947	3	0.6403768472733417	0.011064263952958509	3			0	0.6403768472733417	0.011064263952958509	3			0	0.6008882312432565	0.00500729559785479	3			0	3.0		3.0	22.0		22.0		12.0	
E8p5Embryo	scanpy_seurat_v3	2000	expression_driven		graphst	0.5149166699625445	0.0026952944748654594	3			0	0.5149166699625445	0.0026952944748654594	3	0.7490116860325967	0.012734481641859882	3			0	0.7490116860325967	0.012734481641859882	3			0	0.6319641779975705	0.00767631989687509	3			0	10.0		10.0	2.0		2.0		2.0	
E8p5Embryo	scanpy_seurat_v3_batch	2000	expression_driven		graphst	0.5264612158362441	0.0009116349901097631	3			0	0.5264612158362441	0.0009116349901097631	3	0.7498860772834601	0.00844222292953756	3			0	0.7498860772834601	0.00844222292953756	3			0	0.6381736465598521	0.004107363358644787	3			0	8.0		8.0	1.0		1.0		1.0	
E8p5Embryo	scry	2000	expression_driven		graphst	0.4702954375633741	0.002292643055081207	3			0	0.4702954375633741	0.002292643055081207	3	0.6402141755596701	0.0049253857246974175	3			0	0.6402141755596701	0.0049253857246974175	3			0	0.555254806561522	0.00234074171248245	3			0	23.0		23.0	23.0		23.0		27.0	
E8p5Embryo	seurat_disp	2000	expression_driven		graphst	0.5502135053796982	0.010045693878888626	3			0	0.5502135053796982	0.010045693878888626	3	0.6220879504951237	0.005529729352500003	3			0	0.6220879504951237	0.005529729352500003	3			0	0.5861507279374109	0.006969441606560355	3			0	6.0		6.0	26.0		26.0		21.0	
E8p5Embryo	seurat_mvp	2000	expression_driven		graphst	0.5497633236334377	0.0020813940397757125	3			0	0.5497633236334377	0.0020813940397757125	3	0.6373063339667683	0.01322827630213741	3			0	0.6373063339667683	0.01322827630213741	3			0	0.593534828800103	0.005793055521196944	3			0	7.0		7.0	24.0		24.0		17.0	
E8p5Embryo	seurat_sct	2000	expression_driven		graphst	0.8039642688089584	0.005934936227260551	3			0	0.8039642688089584	0.005934936227260551	3	0.37863386012450834	0.008215798736126196	3			0	0.37863386012450834	0.008215798736126196	3			0	0.5912990644667334	0.00309825113146385	3			0	1.0		1.0	29.0		29.0		18.0	
E8p5Embryo	seurat_vst	2000	expression_driven		graphst	0.5146046595778714	0.0026595916650984496	3			0	0.5146046595778714	0.0026595916650984496	3	0.7444992432667061	0.008015031579759958	3			0	0.7444992432667061	0.008015031579759958	3			0	0.6295519514222887	0.0035420962575387414	3			0	11.0		11.0	3.0		3.0		3.0	
E8p5Embryo	singleCellHaystack	2000	expression_driven		graphst	0.4785322340065175	0.011776317903408178	3			0	0.4785322340065175	0.011776317903408178	3	0.7130874702501049	0.003304358276028961	3			0	0.7130874702501049	0.003304358276028961	3			0	0.5958098521283112	0.00428058952633888	3			0	20.0		20.0	11.0		11.0		15.0	
E8p5Embryo	somde	2000	spatially_informed		graphst	0.47924564869853487	0.002039806740230839	3			0	0.47924564869853487	0.002039806740230839	3	0.7336035264075966	0.006932328959719845	3			0	0.7336035264075966	0.006932328959719845	3			0	0.6064245875530658	0.0034263164801860346	3			0	19.0		19.0	7.0		7.0		10.0	
E8p5Embryo	sparkx	2000	spatially_informed		graphst	0.45937148411158274	0.004130095866845532	3			0	0.45937148411158274	0.004130095866845532	3	0.6908064194597437	0.009585851152052809	3			0	0.6908064194597437	0.009585851152052809	3			0	0.5750889517856632	0.006693592257018457	3			0	28.0		28.0	15.0		15.0		23.0	
E8p5Embryo	spatialde	2000	spatially_informed		graphst	0.46752646329369973	0.004829298578475058	3			0	0.46752646329369973	0.004829298578475058	3	0.7282156960335174	0.0158710521307551	3			0	0.7282156960335174	0.0158710521307551	3			0	0.5978710796636085	0.0071549618457503236	3			0	26.0		26.0	9.0		9.0		14.0	
E8p5Embryo	statistic_mean	2000	expression_driven		graphst	0.48326746040110397	0.0023297074507858304	3			0	0.48326746040110397	0.0023297074507858304	3	0.6062450471385699	0.014591008724374438	3			0	0.6062450471385699	0.014591008724374438	3			0	0.5447562537698368	0.0082006299120889	3			0	17.0		17.0	28.0		28.0		29.0	
E8p5Embryo	statistic_variance	2000	expression_driven		graphst	0.4709638870588013	0.004311899399806836	3			0	0.4709638870588013	0.004311899399806836	3	0.6358749643529165	0.015148757112807672	3			0	0.6358749643529165	0.015148757112807672	3			0	0.5534194257058589	0.005437478682718841	3			0	22.0		22.0	25.0		25.0		28.0	
E8p5Embryo	triku	2000	expression_driven		graphst	0.49562260178397644	0.0051429197073781805	3			0	0.49562260178397644	0.0051429197073781805	3	0.7316979678204808	0.0020564414701900475	3			0	0.7316979678204808	0.0020564414701900475	3			0	0.6136602848022287	0.0027077748466683956	3			0	14.0		14.0	8.0		8.0		7.0	
E9p5Embryo	Brennecke	2000	expression_driven		graphst	0.5060594761257245	0.00499424845540581	3			0	0.5060594761257245	0.00499424845540581	3	0.6306043484713835	0.007315333254228375	3			0	0.6306043484713835	0.007315333254228375	3			0	0.5683319122985541	0.003930293293516671	3			0	9.0		9.0	26.0		26.0		16.0	
E9p5Embryo	anticor	2000	expression_driven		graphst	0.4386440594167877	0.015260821051446716	3			0	0.4386440594167877	0.015260821051446716	3	0.6857490448008731	0.007870299601155914	3			0	0.6857490448008731	0.007870299601155914	3			0	0.5621965521088303	0.006019121232168293	3			0	17.0		17.0	16.0		16.0		18.0	
E9p5Embryo	dubstepr	2000	expression_driven		graphst	0.3403082299408582	0.00356289426205551	3			0	0.3403082299408582	0.00356289426205551	3	0.6808003745825365	0.02990358946313429	3			0	0.6808003745825365	0.02990358946313429	3			0	0.5105543022616974	0.015006850391264478	3			0	23.0		23.0	18.0		18.0		24.0	
E9p5Embryo	hotspot	2000	expression_driven		graphst	0.4499655348110166	0.010163631190362694	3			0	0.4499655348110166	0.010163631190362694	3	0.7429562621312688	0.021251772655299435	3			0	0.7429562621312688	0.021251772655299435	3			0	0.5964608984711427	0.015540243444380417	3			0	15.0		15.0	8.0		8.0		10.0	
E9p5Embryo	morans_i	2000	spatially_informed		graphst	0.38301325981807594	0.012367823506578399	3			0	0.38301325981807594	0.012367823506578399	3	0.7243298090868784	0.016251989175413494	3			0	0.7243298090868784	0.016251989175413494	3			0	0.5536715344524772	0.013462474473611796	3			0	21.0		21.0	12.0		12.0		20.0	
E9p5Embryo	nbumi	2000	expression_driven		graphst	0.45316679096949813	0.014249781342160792	3			0	0.45316679096949813	0.014249781342160792	3	0.7503302810055739	0.004494645516619391	3			0	0.7503302810055739	0.004494645516619391	3			0	0.601748535987536	0.006467992998261358	3			0	14.0		14.0	6.0		6.0		9.0	
E9p5Embryo	nnsvg	2000	spatially_informed		graphst	0.30620414895131987	0.00872361291399403	3			0	0.30620414895131987	0.00872361291399403	3	0.682288702850658	0.008877369974533873	3			0	0.682288702850658	0.008877369974533873	3			0	0.49424642590098894	0.00878201832867272	3			0	28.0		28.0	17.0		17.0		26.0	
E9p5Embryo	osca	2000	expression_driven		graphst	0.4018663108573133	0.006552376685467153	3			0	0.4018663108573133	0.006552376685467153	3	0.7078466944026002	0.0124428634743263	3			0	0.7078466944026002	0.0124428634743263	3			0	0.5548565026299567	0.007316798651668464	3			0	20.0		20.0	15.0		15.0		19.0	
E9p5Embryo	scPNMF	2000	expression_driven		graphst	0.3207987431427366	0.013695029220044907	3			0	0.3207987431427366	0.013695029220044907	3	0.6755628263191845	0.011703197171943241	3			0	0.6755628263191845	0.011703197171943241	3			0	0.49818078473096056	0.012697658038093503	3			0	25.0		25.0	20.0		20.0		25.0	
E9p5Embryo	scanpy_cell_ranger	2000	expression_driven		graphst	0.5123783433215535	0.002683219806371975	3			0	0.5123783433215535	0.002683219806371975	3	0.7537666246978	0.003232127773822969	3			0	0.7537666246978	0.003232127773822969	3			0	0.6330724840096768	0.0008275126511508186	3			0	5.0		5.0	5.0		5.0		1.0	
E9p5Embryo	scanpy_cell_ranger_batch	2000	expression_driven		graphst	0.5086554325607348	0.006553092816973175	3			0	0.5086554325607348	0.006553092816973175	3	0.7570913306569494	0.010109684740666406	3			0	0.7570913306569494	0.010109684740666406	3			0	0.6328733816088422	0.002485714618756514	3			0	8.0		8.0	4.0		4.0		2.0	
E9p5Embryo	scanpy_pearson	2000	expression_driven		graphst	0.5125914423202215	0.008299558084427951	3			0	0.5125914423202215	0.008299558084427951	3	0.7086981627442933	0.015009886882236267	3			0	0.7086981627442933	0.015009886882236267	3			0	0.6106448025322574	0.004026350769604442	3			0	4.0		4.0	14.0		14.0		7.0	
E9p5Embryo	scanpy_pearson_batch	2000	expression_driven		graphst	0.5574638029770408	0.004212652370429301	3			0	0.5574638029770408	0.004212652370429301	3	0.6634295146268481	0.010254415459187727	3			0	0.6634295146268481	0.010254415459187727	3			0	0.6104466588019445	0.003495641826357086	3			0	2.0		2.0	21.0		21.0		8.0	
E9p5Embryo	scanpy_seurat	2000	expression_driven		graphst	0.5028681178641738	0.0070799757475014935	3			0	0.5028681178641738	0.0070799757475014935	3	0.642876192004845	0.018168187113542743	3			0	0.642876192004845	0.018168187113542743	3			0	0.5728721549345094	0.006047867781669433	3			0	10.0		10.0	24.0		24.0		15.0	
E9p5Embryo	scanpy_seurat_batch	2000	expression_driven		graphst	0.5288097340125573	0.0024572650600487556	3			0	0.5288097340125573	0.0024572650600487556	3	0.632428618744342	0.012868562062258882	3			0	0.632428618744342	0.012868562062258882	3			0	0.5806191763784496	0.005214710589176901	3			0	3.0		3.0	25.0		25.0		12.0	
E9p5Embryo	scanpy_seurat_v3	2000	expression_driven		graphst	0.47084816765233417	0.0052197796178265355	3			0	0.47084816765233417	0.0052197796178265355	3	0.7607235028517724	0.0030030971595520154	3			0	0.7607235028517724	0.0030030971595520154	3			0	0.6157858352520532	0.0023039272936798403	3			0	12.0		12.0	3.0		3.0		6.0	
E9p5Embryo	scanpy_seurat_v3_batch	2000	expression_driven		graphst	0.5114304684787911	0.0017381468824496345	3			0	0.5114304684787911	0.0017381468824496345	3	0.7359369083468957	0.01285453510429192	3			0	0.7359369083468957	0.01285453510429192	3			0	0.6236836884128434	0.0057749538287574596	3			0	6.0		6.0	9.0		9.0		3.0	
E9p5Embryo	scry	2000	expression_driven		graphst	0.297161047853121	0.0025593720938906685	3			0	0.297161047853121	0.0025593720938906685	3	0.6801127800129813	0.026816793824976808	3			0	0.6801127800129813	0.026816793824976808	3			0	0.48863691393305114	0.012320075258281937	3			0	29.0		29.0	19.0		19.0		27.0	
E9p5Embryo	seurat_disp	2000	expression_driven		graphst	0.5113299973325682	0.003708218492271151	3			0	0.5113299973325682	0.003708218492271151	3	0.6248153857234757	0.01009789254694209	3			0	0.6248153857234757	0.01009789254694209	3			0	0.568072691528022	0.006526692047201659	3			0	7.0		7.0	27.0		27.0		17.0	
E9p5Embryo	seurat_mvp	2000	expression_driven		graphst	0.44195133278617044	0.012710902742481048	3			0	0.44195133278617044	0.012710902742481048	3	0.6563149317150145	0.011843687667950237	3			0	0.6563149317150145	0.011843687667950237	3			0	0.5491331322505925	0.0060113588421872415	3			0	16.0		16.0	22.0		22.0		21.0	
E9p5Embryo	seurat_sct	2000	expression_driven		graphst	0.7461170582759641	0.009924793368602062	3			0	0.7461170582759641	0.009924793368602062	3	0.41101391338252596	0.0066258572347440295	3			0	0.41101391338252596	0.0066258572347440295	3			0	0.578565485829245	0.007527830306356097	3			0	1.0		1.0	29.0		29.0		14.0	
E9p5Embryo	seurat_vst	2000	expression_driven		graphst	0.4701865274182577	0.0026544911339302117	3			0	0.4701865274182577	0.0026544911339302117	3	0.7614663728672816	0.016584247957408402	3			0	0.7614663728672816	0.016584247957408402	3			0	0.6158264501427697	0.009516759234428431	3			0	13.0		13.0	2.0		2.0		5.0	
E9p5Embryo	singleCellHaystack	2000	expression_driven		graphst	0.3700122807646579	0.015265294126005968	3			0	0.3700122807646579	0.015265294126005968	3	0.7244489339751107	0.004138076246585602	3			0	0.7244489339751107	0.004138076246585602	3			0	0.5472306073698843	0.005563659942180098	3			0	22.0		22.0	11.0		11.0		22.0	
E9p5Embryo	somde	2000	spatially_informed		graphst	0.4353113177035131	0.010682357091607263	3			0	0.4353113177035131	0.010682357091607263	3	0.7432270329240218	0.01766476537127051	3			0	0.7432270329240218	0.01766476537127051	3			0	0.5892691753137674	0.007120465680213646	3			0	18.0		18.0	7.0		7.0		11.0	
E9p5Embryo	sparkx	2000	spatially_informed		graphst	0.3346268794799862	0.008946420388485756	3			0	0.3346268794799862	0.008946420388485756	3	0.7173533889344844	0.013949992955903606	3			0	0.7173533889344844	0.013949992955903606	3			0	0.5259901342072353	0.01100943499486456	3			0	24.0		24.0	13.0		13.0		23.0	
E9p5Embryo	spatialde	2000	spatially_informed		graphst	0.4285168376470129	0.016559999720773575	3			0	0.4285168376470129	0.016559999720773575	3	0.7312183617716609	0.006733162766978978	3			0	0.7312183617716609	0.006733162766978978	3			0	0.5798675997093369	0.011278724806640853	3			0	19.0		19.0	10.0		10.0		13.0	
E9p5Embryo	statistic_mean	2000	expression_driven		graphst	0.31008862834629536	0.006337283760334936	3			0	0.31008862834629536	0.006337283760334936	3	0.6242435005050379	0.006280916997737157	3			0	0.6242435005050379	0.006280916997737157	3			0	0.4671660644256666	0.0011850557215434053	3			0	27.0		27.0	28.0		28.0		29.0	
E9p5Embryo	statistic_variance	2000	expression_driven		graphst	0.31685756048231584	0.002903600120294211	3			0	0.31685756048231584	0.002903600120294211	3	0.6547870401641088	0.015849729119504115	3			0	0.6547870401641088	0.015849729119504115	3			0	0.48582230032321233	0.006475441479922969	3			0	26.0		26.0	23.0		23.0		28.0	
E9p5Embryo	triku	2000	expression_driven		graphst	0.4796585548635787	0.016722730255978473	3			0	0.4796585548635787	0.016722730255978473	3	0.7636802329354441	0.01122453659523076	3			0	0.7636802329354441	0.01122453659523076	3			0	0.6216693938995114	0.009295537380440004	3			0	11.0		11.0	1.0		1.0		4.0	
MouseBrainSerialSections	Brennecke	2000	expression_driven		graphst	0.5905373902867063	0.004077445656561445	3	0.81589229453513	0.0018568410514559646	3	0.703214842410918	0.0013793540288919482	3	0.8007868931721545	0.0020283991502740265	3	0.8955350644380219	0.0010858586066523198	3	0.8481609788050882	0.0015438906469252467	3	0.9184324807497154	0.007686451850446403	3	0.7756879106080031	0.00043001564962777487	3	0.8232694339885739	0.0026741287132341094	3	11.0	6.0	9.0	14.0	21.0	17.0	23.0	10.0	11.0
MouseBrainSerialSections	anticor	2000	expression_driven		graphst	0.531831167684072	0.0044553872853817875	3	0.8161603674146853	0.008330763188660741	3	0.6739957675493787	0.005581810867649856	3	0.8115864955848607	0.0011948469899146397	3	0.899853264261652	0.0036105930658485476	3	0.8557198799232563	0.0022826764265396213	3	0.909676893418196	0.004932720925338879	3	0.7648578237363175	0.0028396407589066884	3	0.8131308469636104	0.00035192983308529455	3	27.0	5.0	25.0	1.0	17.0	13.0	26.0	24.0	25.0
MouseBrainSerialSections	dubstepr	2000	expression_driven		graphst	0.5359107346642366	0.004331400495995322	3	0.8279517930395595	0.020648123538827154	3	0.6819312638518981	0.009770277720323873	3	0.8085239817835216	0.0008848925847761994	3	0.9036707807528531	0.004376032364629098	3	0.8560973812681874	0.0020538529691209928	3	0.9235929165194894	0.004141224906231058	3	0.7690143225600427	0.005527552909430316	3	0.8205405205465249	0.002861247715245519	3	25.0	3.0	20.0	6.0	14.0	12.0	11.0	20.0	19.0
MouseBrainSerialSections	hotspot	2000	expression_driven		graphst	0.55150058781773	0.0065430186937740645	3	0.8115897135450764	0.014794395059316049	3	0.6815451506814032	0.006159826084845616	3	0.8079238637395213	0.0013649286282149432	3	0.9137130559143879	0.00019008390224668008	3	0.8608184598269545	0.0007743877392224863	3	0.9209953732184849	0.008516027887652681	3	0.7711818052541789	0.003464223349494653	3	0.8211196612422809	0.005136162885561625	3	21.0	9.0	21.0	7.0	8.0	4.0	16.0	16.0	16.0
MouseBrainSerialSections	morans_i	2000	spatially_informed		graphst	0.5557390496316422	0.007040969741805985	3	0.8290538385703035	0.008815017601737094	3	0.6923964441009728	0.001151242744096184	3	0.805904906666412	0.001857848113039177	3	0.9141994044945897	0.0013064984085791734	3	0.8600521555805009	0.000293483589813063	3	0.9235576250158858	0.009742193571427894	3	0.7762242998407368	0.0005735850366411616	3	0.8253354082324531	0.003162333943905234	3	19.0	2.0	13.0	8.0	7.0	6.0	12.0	9.0	8.0
MouseBrainSerialSections	nbumi	2000	expression_driven		graphst	0.6507081521666684	0.0050450082630507515	3	0.7665184350896976	0.008930877181523493	3	0.7086132936281829	0.006532811933333818	3	0.8036294917696253	0.0008757202705430931	3	0.8639912934664618	0.001950699243340697	3	0.8338103926180435	0.001185408871229522	3	0.9234590010252782	0.006453936787884732	3	0.7712118431231132	0.0026758929583646364	3	0.8219608957571681	0.0027043523813305077	3	7.0	28.0	8.0	11.0	27.0	25.0	14.0	15.0	15.0
MouseBrainSerialSections	nnsvg	2000	spatially_informed		graphst	0.5830476615331689	0.00880378460289402	3	0.7896989055235375	0.017261769293563656	3	0.6863732835283533	0.011004777339438604	3	0.8057282433488578	0.002613709430828821	3	0.909263441696064	0.001970597564800534	3	0.8574958425224609	0.0022910450110542446	3	0.9234922987326565	0.015048659427350517	3	0.7719345630254071	0.004362007541662707	3	0.822453808261157	0.005494947227694531	3	13.0	20.0	15.0	9.0	11.0	10.0	13.0	14.0	13.0
MouseBrainSerialSections	osca	2000	expression_driven		graphst	0.5901971548454573	0.012320656540437454	3	0.8098034832045036	0.022603031921793446	3	0.7000003190249805	0.005859545357322424	3	0.8014710977274944	0.00016852433457188197	3	0.9200964494091566	0.0015864870877727684	3	0.8607837735683255	0.0007603275889065871	3	0.9291518252426346	0.009217371888546318	3	0.780392046296653	0.0027455021370511755	3	0.8299786392786467	0.0014534161498814713	3	12.0	12.0	12.0	13.0	3.0	5.0	2.0	5.0	5.0
MouseBrainSerialSections	scPNMF	2000	expression_driven		graphst	0.51261316198657	0.007618142147254789	3	0.8459706041586279	0.02421052866907566	3	0.679291883072599	0.014143617357430305	3	0.7547282953834018	0.002063004467152432	3	0.9839583610006951	0.009190487789198277	3	0.8693433281920484	0.0037955669380549846	3	0.906821342902656	0.009681898752981581	3	0.7743176056323238	0.007465901901574782	3	0.8184855180557679	0.00783491033713725	3	28.0	1.0	22.0	29.0	1.0	1.0	27.0	12.0	22.0
MouseBrainSerialSections	scanpy_cell_ranger	2000	expression_driven		graphst	0.6756312002862694	0.004990201136625675	3	0.7849488189710495	0.008041202394972153	3	0.7302900096286594	0.0034361363286760905	3	0.7742012885759054	0.0002794866663345636	3	0.9076308503163936	0.0029330871177932166	3	0.8409160694461494	0.0015868331221776848	3	0.9237328471387464	0.007703737936998066	3	0.7856030395374045	0.0025018150344503416	3	0.8316463087378517	0.0040687372736713185	3	1.0	23.0	1.0	26.0	12.0	21.0	9.0	2.0	4.0
MouseBrainSerialSections	scanpy_cell_ranger_batch	2000	expression_driven		graphst	0.6742095352836808	0.001356025440271165	3	0.7774455600806034	0.014514534860426842	3	0.7258275476821421	0.006718581284806276	3	0.7745109199367222	0.0006379815880254269	3	0.9126919841530613	0.006747209209712087	3	0.8436014520448918	0.0034798420927598783	3	0.9368221862100374	0.007991391477402705	3	0.7847144998635169	0.004863979069609833	3	0.8354170619790238	0.00590601698969518	3	2.0	24.0	5.0	24.0	9.0	18.0	1.0	3.0	1.0
MouseBrainSerialSections	scanpy_pearson	2000	expression_driven		graphst	0.5631776708158186	0.004204628145878026	3	0.7881991665197609	0.016891924054954707	3	0.6756884186677897	0.007804087913027392	3	0.8093385532186291	0.0027668952849546863	3	0.9072091456653935	0.0025879611801444377	3	0.8582738494420115	0.0007265817907137992	3	0.9176070943050973	0.00718776922056844	3	0.7669811340549005	0.0035388410484269795	3	0.8171897874716328	0.0007454292465081626	3	16.0	21.0	23.0	5.0	13.0	9.0	24.0	22.0	23.0
MouseBrainSerialSections	scanpy_pearson_batch	2000	expression_driven		graphst	0.5677959041685705	0.0066079469586195075	3	0.8102071754868595	0.012664357868927317	3	0.6890015398277151	0.006790417692165662	3	0.8107394069102601	0.005174388494287667	3	0.9179738884468628	0.004843223620917803	3	0.8643566476785615	0.004847542342571253	3	0.9175945762949875	0.01246261989512796	3	0.7766790937531383	0.005143293689308337	3	0.823650921267088	0.005402355785917369	3	15.0	11.0	14.0	3.0	5.0	2.0	25.0	8.0	10.0
MouseBrainSerialSections	scanpy_seurat	2000	expression_driven		graphst	0.6078194345922282	0.008416621764578745	3	0.7955967019493618	0.01780072062711511	3	0.7017080682707951	0.007940900688537046	3	0.7780053114266609	0.01648141611401424	3	0.8950226728791102	0.019615112534200327	3	0.8365139921528856	0.006808378471882843	3	0.9194927662176952	0.009320622775954256	3	0.7691110302118404	0.0034819943507831876	3	0.8192382755471254	0.005427304974362309	3	10.0	18.0	11.0	23.0	22.0	24.0	21.0	19.0	20.0
MouseBrainSerialSections	scanpy_seurat_batch	2000	expression_driven		graphst	0.6130195401139135	0.003784444419114878	3	0.8113543122596861	0.007279497043649116	3	0.7121869261867998	0.001867921069317904	3	0.7744114585187846	0.00149265039522971	3	0.8999922390871667	0.005635449849700993	3	0.8372018488029758	0.0035616387336040467	3	0.9278738538713024	0.0075372685044858495	3	0.7746943874948878	0.0024534249948171723	3	0.8257542096203593	0.004021948432768611	3	9.0	10.0	7.0	25.0	16.0	23.0	4.0	11.0	7.0
MouseBrainSerialSections	scanpy_seurat_v3	2000	expression_driven		graphst	0.6632543374211202	0.002626706095394637	3	0.7912439047997774	0.015352292761220718	3	0.7272491211104487	0.0071239107838132094	3	0.7877741241710163	0.0022697748696793286	3	0.8957383625927999	0.006778806708405447	3	0.841756243381908	0.004408590418588872	3	0.9274173604867529	0.007913662304892157	3	0.7845026822461785	0.0013589501491395439	3	0.8321409083263699	0.0031941636420206965	3	4.0	19.0	4.0	20.0	20.0	20.0	6.0	4.0	3.0
MouseBrainSerialSections	scanpy_seurat_v3_batch	2000	expression_driven		graphst	0.6530809229842153	0.0030178406442421517	3	0.7770664990398665	0.021258929453444677	3	0.715073711012041	0.011028629803819034	3	0.7875526615903655	0.00174728952600493	3	0.8909498118977841	0.007727770367435751	3	0.8392512367440749	0.0032920701494578756	3	0.9184924312281041	0.0033666010605917854	3	0.7771624738780579	0.006059548938680431	3	0.8242724596614067	0.0029190285522577623	3	6.0	25.0	6.0	21.0	24.0	22.0	22.0	7.0	9.0
MouseBrainSerialSections	scry	2000	expression_driven		graphst	0.536440080432249	0.003203596990100784	3	0.8097523817312279	0.02180421212878824	3	0.6730962310817384	0.00955165056249507	3	0.8102846248606691	0.0025280541004333674	3	0.902269116606107	0.004601175418972937	3	0.856276870733388	0.0017043939050455678	3	0.9205514550297927	0.002094896606999063	3	0.7646865509075632	0.004992766988549235	3	0.8166415189483063	0.00357007095424819	3	24.0	13.0	26.0	4.0	15.0	11.0	19.0	25.0	24.0
MouseBrainSerialSections	seurat_disp	2000	expression_driven		graphst	0.53328810590106	0.0039410884459176445	3	0.8127677394772079	0.006455383016645332	3	0.6730279226891339	0.0017247549914238345	3	0.800514744973349	0.0016384653583986794	3	0.8988627526529293	0.003196949177046864	3	0.849688748813139	0.0021893760527334953	3	0.9043048935521335	0.015748107534356473	3	0.7613583357511367	0.0010262687964158529	3	0.8090071883514689	0.0049073456772271	3	26.0	8.0	27.0	15.0	18.0	16.0	28.0	26.0	27.0
MouseBrainSerialSections	seurat_mvp	2000	expression_driven		graphst	0.578813200069931	0.005782776342453622	3	0.771678535920641	0.01747106881831153	3	0.6752458679952861	0.009703191046448142	3	0.7725088531691785	0.0038076836976556156	3	0.8523299564258133	0.0249956690803059	3	0.8124194047974959	0.010594469204131237	3	0.9241720516299378	0.007067550098349758	3	0.743832636396391	0.009238031205874943	3	0.8039457748075732	0.008087586153119197	3	14.0	27.0	24.0	27.0	29.0	29.0	8.0	28.0	28.0
MouseBrainSerialSections	seurat_sct	2000	expression_driven		graphst	0.5585829541967279	0.0028969909262885965	3	0.807899319231844	0.013656885544830492	3	0.683241136714286	0.007950479325655166	3	0.7982048446404706	0.0007364215310584155	3	0.9195410210393159	0.0033672546259267268	3	0.8588729328398932	0.0017719549417462997	3	0.927501901233145	0.005100325034399744	3	0.7710570347770895	0.0038805497611135043	3	0.8232053235957748	0.004229252329072016	3	17.0	15.0	17.0	16.0	4.0	7.0	5.0	18.0	12.0
MouseBrainSerialSections	seurat_vst	2000	expression_driven		graphst	0.6633220938477934	0.0019407023543020153	3	0.7972471540862324	0.016794017243689025	3	0.7302846239670129	0.00809469738279056	3	0.7882791121085827	0.0021161020456538556	3	0.8978697050661658	0.007394927692579391	3	0.8430744085873743	0.004755506936854943	3	0.925634839281695	0.011320333700007991	3	0.7866795162771935	0.0026543713320858454	3	0.832997957278694	0.005542531007002359	3	3.0	17.0	2.0	19.0	19.0	19.0	7.0	1.0	2.0
MouseBrainSerialSections	singleCellHaystack	2000	expression_driven		graphst	0.6396687606664543	0.0008411051390093059	3	0.7656055451773421	0.007200391049080196	3	0.7026371529218981	0.0034857934259022645	3	0.8047754079354351	0.004055700571066123	3	0.855230822859829	0.006955541080190452	3	0.830003115397632	0.001976825938150604	3	0.923681852908258	0.014078271728973794	3	0.7663201341597651	0.0013470403466839483	3	0.8187740404092626	0.004891542015974318	3	8.0	29.0	10.0	10.0	28.0	27.0	10.0	23.0	21.0
MouseBrainSerialSections	somde	2000	spatially_informed		graphst	0.5441894857113198	0.0021384743354697553	3	0.8211600921964699	0.01784572140331663	3	0.6826747889538948	0.009783300287411421	3	0.790299886656949	0.00032538540535999305	3	0.9347380112974358	0.0021682025122983285	3	0.8625189489771925	0.0012061455939838474	3	0.9208817614470789	0.0022981027279970513	3	0.7725968689655437	0.005139210599884062	3	0.8220251664593888	0.004187965171354701	3	23.0	4.0	19.0	18.0	2.0	3.0	18.0	13.0	14.0
MouseBrainSerialSections	sparkx	2000	spatially_informed		graphst	0.5573180270666845	0.0012322808753221885	3	0.8081469940941055	0.021823908357684534	3	0.6827325105803951	0.010371919711969609	3	0.7954216338711048	0.013898909662471395	3	0.9093048386568032	0.029194005441275303	3	0.852363236263954	0.007773585475582113	3	0.9280243842090758	0.007162985329279096	3	0.7675478734221746	0.0014601720826018913	3	0.821040043684475	0.0021937916546906798	3	18.0	14.0	18.0	17.0	10.0	15.0	3.0	21.0	18.0
MouseBrainSerialSections	spatialde	2000	spatially_informed		graphst	0.5546532008913453	0.00654619585025114	3	0.8128543405322147	0.011712892499750343	3	0.68375377071178	0.006358726196952921	3	0.8026974984673411	0.0053056183657277335	3	0.9143704802723102	0.0016181416186003836	3	0.8585339893698256	0.00262090366677579	3	0.9209113940681298	0.002678012132531277	3	0.7711438800408028	0.004364787678891775	3	0.8210663847165786	0.0036582921272565448	3	20.0	7.0	16.0	12.0	6.0	8.0	17.0	17.0	17.0
MouseBrainSerialSections	statistic_mean	2000	expression_driven		graphst	0.5017892890889927	0.0054027932367732385	3	0.7874586152763566	0.010801843493964227	3	0.6446239521826747	0.005472396410034183	3	0.7695274992427946	0.025686714705699602	3	0.8687514269326201	0.023362229958792682	3	0.8191394630877072	0.020970076143396445	3	0.8907204182823967	0.009942692675805491	3	0.7318817076351909	0.011178340353212624	3	0.7848279445175929	0.00433162017453967	3	29.0	22.0	29.0	28.0	26.0	28.0	29.0	29.0	29.0
MouseBrainSerialSections	statistic_variance	2000	expression_driven		graphst	0.5507894510137842	0.002938238443556359	3	0.7727809683598851	0.005680417091202503	3	0.6617852096868346	0.0038218333684594393	3	0.811064164088641	0.001119059997115284	3	0.8946795761404193	0.002382126546981108	3	0.8528718701145301	0.001652060507010308	3	0.9195534873499526	0.0040537332937778765	3	0.7573285399006823	0.0019519681374596319	3	0.8114035223837724	0.0020831432860938365	3	22.0	26.0	28.0	2.0	23.0	14.0	20.0	27.0	26.0
MouseBrainSerialSections	triku	2000	expression_driven		graphst	0.6564247830025933	0.006534378179122219	3	0.8021925254591254	0.006229011278265615	3	0.7293086542308593	0.00178079360542897	3	0.7821405412630377	0.002472084870069132	3	0.8800775099151936	0.01193055534790735	3	0.8311090255891157	0.006621145570442107	3	0.9217112523974015	0.0067747615587142995	3	0.7802088399099875	0.002457761131440032	3	0.8273763107391255	0.002634288289206958	3	5.0	16.0	3.0	22.0	25.0	26.0	15.0	6.0	6.0
STOmics0212	Brennecke	2000	expression_driven		graphst	0.11344708291665291	0.00455930541870061	3	0.7980633284375068	0.0024980728552163934	3	0.4557552056770799	0.0017220143157013355	3	0.7114234436965111	0.004329151894731144	3	0.7052957406502923	0.019170639860248577	3	0.7083595921734017	0.011446635584226908	3			0	0.5820573989252408	0.005105828700062158	3			0	24.0	6.0	20.0	6.0	16.0	11.0		14.0	
STOmics0212	anticor	2000	expression_driven		graphst	0.2482260132942006	0.006504713566610137	3	0.7483601155943518	0.01865555482789552	3	0.4982930644442762	0.010234039343168683	3	0.682896440092017	0.0005982650068844916	3	0.5920848088252096	0.0004560535137310354	3	0.6374906244586134	0.0001663751693241915	3			0	0.5678918444514447	0.005094382808086427	3			0	3.0	23.0	2.0	27.0	26.0	26.0		26.0	
STOmics0212	dubstepr	2000	expression_driven		graphst	0.11432770612907368	0.006463298937805668	3	0.7450435955203253	0.013653480967310233	3	0.4296856508246995	0.0035981866831870913	3	0.7101472531670526	0.0056428700035256515	3	0.7413445235906782	0.015778680584599296	3	0.7257458883788654	0.010146606955929829	3			0	0.5777157696017824	0.00569683637365474	3			0	23.0	24.0	28.0	9.0	8.0	7.0		18.0	
STOmics0212	hotspot	2000	expression_driven		graphst	0.14175065021647612	0.006432566777000691	3	0.776468917431461	0.009761936287595127	3	0.45910978382396844	0.007772030434928794	3	0.7053877054213836	0.0032923591443250887	3	0.6829252237672097	0.01798063703784908	3	0.6941564645942967	0.00936105528487539	3			0	0.5766331242091326	0.0022749123518625786	3			0	17.0	14.0	16.0	14.0	18.0	17.0		20.0	
STOmics0212	morans_i	2000	spatially_informed		graphst	0.18521286463831746	0.0010085455548931737	3	0.7756488503114048	0.0015606544312659612	3	0.4804308574748612	0.0006406877369261835	3	0.6867823999506845	0.0026723524355250746	3	0.7281827509291725	0.006439217412515133	3	0.7074825754399284	0.0034229378035683204	3			0	0.5939567164573948	0.002025865352024761	3			0	6.0	16.0	7.0	26.0	11.0	13.0		6.0	
STOmics0212	nbumi	2000	expression_driven		graphst	0.1581834633871244	0.0063497618250514375	3	0.7226016286255983	0.0021196285381059397	3	0.44039254600636135	0.004172987414813991	3	0.70025100555074	0.0024809436215615667	3	0.7391474470305376	0.002013852416372202	3	0.7196992262906389	0.0011701518787622745	3			0	0.5800458861485002	0.0024103130516430144	3			0	11.0	28.0	25.0	17.0	9.0	9.0		16.0	
STOmics0212	nnsvg	2000	spatially_informed		graphst	0.1811321992118934	0.002512903666947895	3	0.7759931011006712	0.0032510641635114645	3	0.4785626501562823	0.0008697959467400217	3	0.6882452358594852	0.006728507422864592	3	0.7485113788266577	0.012958486067883121	3	0.7183783073430715	0.0033282219596732034	3			0	0.598470478749677	0.0012396072477502238	3			0	7.0	15.0	8.0	23.0	7.0	10.0		3.0	
STOmics0212	osca	2000	expression_driven		graphst	0.1374481475898601	0.0034695312594181	3	0.789276115915151	0.008305934397423716	3	0.4633621317525056	0.005063918609078131	3	0.7076117918114058	0.007372162644256417	3	0.6387059809302388	0.02024800798782607	3	0.6731588863708223	0.012701784217874146	3			0	0.5682605090616639	0.0058057905185373865	3			0	18.0	9.0	12.0	13.0	25.0	24.0		25.0	
STOmics0212	scPNMF	2000	expression_driven		graphst	0.14433046666906782	0.02151240465457599	3	0.7547432512547845	0.007356437490769149	3	0.44953685896192613	0.010571609936533598	3	0.713719907535359	0.004836961035165553	3	0.7344330028315222	0.01219949208252333	3	0.7240764551834405	0.004227683648742304	3			0	0.5868066570726834	0.005741939695689617	3			0	16.0	19.0	24.0	4.0	10.0	8.0		10.0	
STOmics0212	scanpy_cell_ranger	2000	expression_driven		graphst	0.10713061811393947	0.00435597435271643	3	0.8052023518951782	0.014505731546552835	3	0.4561664850045588	0.005177117402864061	3	0.716854933297148	0.0031421188153331115	3	0.752698155186184	0.01535611349113864	3	0.7347765442416659	0.008956797724074383	3			0	0.5954715146231123	0.005476553363930426	3			0	27.0	5.0	19.0	2.0	5.0	3.0		4.0	
STOmics0212	scanpy_cell_ranger_batch	2000	expression_driven		graphst	0.16603977847348653	0.0030793281352570435	3	0.8100455212217555	0.018912485414784998	3	0.4880426498476211	0.010510055049994313	3	0.7103186157021996	0.0025493129659040193	3	0.7574665288235455	0.0031409559876828352	3	0.7338925722628726	0.0026666378820036107	3			0	0.6109676110552468	0.006070042473043181	3			0	10.0	4.0	4.0	8.0	3.0	4.0		2.0	
STOmics0212	scanpy_pearson	2000	expression_driven		graphst	0.1174710532273185	0.0020630086213714646	3	0.7872192926888726	0.012887344702869856	3	0.45234517295809545	0.007297089615531872	3	0.7154437165001228	0.0002930905067671131	3	0.6721435474272918	0.005474308557906935	3	0.6937936319637074	0.002876547291844924	3			0	0.5730694024609014	0.0049370043985547864	3			0	21.0	12.0	23.0	3.0	21.0	18.0		21.0	
STOmics0212	scanpy_pearson_batch	2000	expression_driven		graphst	0.13331709980628836	0.00048434876712817577	3	0.7898831942115967	0.015999451490170576	3	0.46160014700894253	0.007758046858991553	3	0.7076845690666133	0.004845492501004907	3	0.6483246500391732	0.023310909261951205	3	0.6780046095528931	0.012112461139170604	3			0	0.5698023782809178	0.004557602724749255	3			0	19.0	8.0	14.0	12.0	23.0	23.0		23.0	
STOmics0212	scanpy_seurat	2000	expression_driven		graphst	0.12216924791146849	0.0021619691631310726	3	0.7878670725704636	0.014521545321995254	3	0.45501816024096603	0.006683701338361573	3	0.6959608129193576	0.013616799087407655	3	0.6755344307293342	0.0023654648016345112	3	0.6857476218243459	0.0074761133404631945	3			0	0.5703828910326559	0.00597328062405855	3			0	20.0	10.0	21.0	20.0	20.0	21.0		22.0	
STOmics0212	scanpy_seurat_batch	2000	expression_driven		graphst	0.17048904079501384	0.0034790922342099622	3	0.8253328403926762	0.016424724354672092	3	0.49791094059384494	0.0064728168836969855	3	0.6811276308100287	0.0013525698101191053	3	0.6425230666180597	0.0071206098928704295	3	0.6618253487140442	0.003006723152470156	3			0	0.5798681446539445	0.003382965237969047	3			0	9.0	1.0	3.0	29.0	24.0	25.0		17.0	
STOmics0212	scanpy_seurat_v3	2000	expression_driven		graphst	0.11195468802197295	0.005137683111074686	3	0.7542086193795724	0.01951781217305847	3	0.4330816537007727	0.007815979602923307	3	0.7112650778834193	0.0027788933611934746	3	0.7546125362355424	0.0207824541889415	3	0.7329388070594808	0.011257015476450704	3			0	0.5830102303801267	0.0032498280591189573	3			0	26.0	20.0	27.0	7.0	4.0	5.0		12.0	
STOmics0212	scanpy_seurat_v3_batch	2000	expression_driven		graphst	0.15527520074440143	0.0075114536891919366	3	0.7787308231406417	0.015616977703976152	3	0.46700301194252153	0.01133566418175881	3	0.7100735829985183	0.004320961216609799	3	0.7061530183499825	0.00908576463303661	3	0.7081133006742505	0.006696260305006323	3			0	0.5875581563083859	0.008515759421037305	3			0	12.0	13.0	11.0	10.0	15.0	12.0		8.0	
STOmics0212	scry	2000	expression_driven		graphst	0.15476241392051684	0.0066564472416731765	3	0.754079512240831	0.021328200734296972	3	0.4544209630806739	0.007581994189425687	3	0.6870986681694937	0.0038371753377827488	3	0.7108954898304614	0.004843011614840976	3	0.6989970789999775	0.003019813017473656	3			0	0.5767090210403257	0.0035444170687855725	3			0	13.0	21.0	22.0	25.0	14.0	16.0		19.0	
STOmics0212	seurat_disp	2000	expression_driven		graphst	0.09874167554699803	0.0035988222031742147	3	0.8147139294225442	0.02461588853503757	3	0.45672780248477113	0.010876075171283294	3	0.7093945964847593	0.0008743788955025969	3	0.6532271775920032	0.04854025308876091	3	0.6813108870383813	0.0239119364816911	3			0	0.5690193447615761	0.017367295124618733	3			0	29.0	2.0	18.0	11.0	22.0	22.0		24.0	
STOmics0212	seurat_mvp	2000	expression_driven		graphst	0.09898165218951938	0.0017592663727094876	3	0.8145165898700827	0.0040276527809524395	3	0.456749121029801	0.0012394739230371632	3	0.7028246695024581	0.002877355995159469	3	0.7117628227879756	0.01262922296410294	3	0.707293746145217	0.0077500981371760235	3			0	0.582021433587509	0.003338063048431314	3			0	28.0	3.0	17.0	15.0	13.0	14.0		15.0	
STOmics0212	seurat_sct	2000	expression_driven		graphst	0.1544111685490196	0.006037162989825218	3	0.794072769465619	0.009053186168681691	3	0.47424196900731924	0.0070893450445116786	3	0.7021227950045573	0.0051018574697638125	3	0.6810286609436472	0.03087443245265856	3	0.6915757279741023	0.01290404579344738	3			0	0.5829088484907108	0.006504008648526944	3			0	14.0	7.0	9.0	16.0	19.0	19.0		13.0	
STOmics0212	seurat_vst	2000	expression_driven		graphst	0.11231583570418384	0.0031115009006134867	3	0.7644302582484165	0.027581253738074456	3	0.43837304697630014	0.014402055604863163	3	0.7128212555616412	0.001479876568011754	3	0.7526679781773552	0.02150705421579453	3	0.7327446168694983	0.010834706483853172	3			0	0.5855588319228991	0.008792024116641168	3			0	25.0	18.0	26.0	5.0	6.0	6.0		11.0	
STOmics0212	singleCellHaystack	2000	expression_driven		graphst	0.2674117575762693	0.007168122312333095	3	0.6803593080212927	0.03625501670298059	3	0.47388553279878104	0.014607874235115262	3	0.6974996382860082	0.003663281803654785	3	0.8182996170374267	0.1392780803097866	3	0.7578996276617175	0.07101290734746307	3			0	0.6158925802302493	0.03268411196330655	3			0	2.0	29.0	10.0	19.0	1.0	1.0		1.0	
STOmics0212	somde	2000	spatially_informed		graphst	0.18767052844021795	0.005901256874718964	3	0.7873766407990997	0.018964397107359657	3	0.4875235846196589	0.010986889771954444	3	0.6875172809953046	0.00238093131049469	3	0.6883704846172355	0.010201865822649734	3	0.6879438828062702	0.005520926351216454	3			0	0.5877337337129646	0.002828819232565034	3			0	5.0	11.0	5.0	24.0	17.0	20.0		7.0	
STOmics0212	sparkx	2000	spatially_informed		graphst	0.3023625868860904	0.0012457923526080028	3	0.7276664124732649	0.010641830340436621	3	0.5150144996796776	0.005942046483794876	3	0.6817840706995374	0.000551902851848799	3	0.5260830127498807	0.004965211180254963	3	0.603933541724709	0.0022287443119183518	3			0	0.5594740207021934	0.0034755966436517513	3			0	1.0	27.0	1.0	28.0	29.0	29.0		27.0	
STOmics0212	spatialde	2000	spatially_informed		graphst	0.21907379109649297	0.002888383547327904	3	0.7528587029200086	0.003309292543100364	3	0.4859662470082507	0.00031167185921405854	3	0.6896240402232993	0.002406903096924648	3	0.7159230973867216	0.016292411064617863	3	0.7027735688050104	0.008294564523472242	3			0	0.5943699079066306	0.004041322952214395	3			0	4.0	22.0	6.0	22.0	12.0	15.0		5.0	
STOmics0212	statistic_mean	2000	expression_driven		graphst	0.18110102820886084	0.00402183790657268	3	0.7438992417835881	0.009612073035894215	3	0.4625001349962245	0.005484983953377198	3	0.6941315306149453	0.006729639635763648	3	0.5592513531187937	0.016882924662104323	3	0.6266914418668695	0.005292547237109717	3			0	0.544595788431547	0.004111668841373317	3			0	8.0	25.0	13.0	21.0	28.0	28.0		29.0	
STOmics0212	statistic_variance	2000	expression_driven		graphst	0.15111124990421623	0.002321907162314812	3	0.7671893167076519	0.009159744961197761	3	0.45915028330593405	0.005328645466541761	3	0.6998815989605135	0.007643821581862542	3	0.5628393966332057	0.025026184059557224	3	0.6313604977968595	0.016331080374734193	3			0	0.5452553905513967	0.01080556573630996	3			0	15.0	17.0	15.0	18.0	27.0	27.0		28.0	
STOmics0212	triku	2000	expression_driven		graphst	0.11470153771379965	0.0070570664181758	3	0.7415158405598566	0.019948378968436882	3	0.42810868913682815	0.006445703867818004	3	0.72341485143447	0.0022688060250890133	3	0.7676833159587119	0.011043151774277475	3	0.7455490836965909	0.005069385346274135	3			0	0.5868288864167095	0.005706156857747292	3			0	22.0	26.0	29.0	1.0	2.0	2.0		9.0	
STOmics0218	Brennecke	2000	expression_driven		graphst	0.5339756679632424	0.014867494262991575	3	0.926335246010559	0.008258223761597665	3	0.7301554569869007	0.0033866039775319106	3	0.6883507125190261	0.002875391367721566	3	0.8964663218514901	0.09625653433699613	3	0.7924085171852582	0.048403774197509276	3			0	0.7612819870860794	0.024213404181528387	3			0	13.0	2.0	4.0	21.0	2.0	3.0		3.0	
STOmics0218	anticor	2000	expression_driven		graphst	0.5291815786693786	0.006067771322772924	3	0.8834539515029443	0.011040429523930168	3	0.7063177650861615	0.0024866921595860744	3	0.6839642822373917	0.016302111253901862	3	0.8273005643333882	0.07396480422435328	3	0.7556324232853898	0.0443223604042533	3			0	0.7309750941857757	0.02340263975654371	3			0	17.0	17.0	22.0	24.0	12.0	20.0		20.0	
STOmics0218	dubstepr	2000	expression_driven		graphst	0.5272192159437528	0.00808601103543279	3	0.8852472111314813	0.007025510505441356	3	0.706233213537617	0.0012105914655015145	3	0.6819971170752375	0.005981842943737249	3	0.8291706058764686	0.06564614176040771	3	0.755583861475853	0.03178751649174788	3			0	0.730908537506735	0.016440828688601573	3			0	19.0	15.0	23.0	25.0	11.0	21.0		21.0	
STOmics0218	hotspot	2000	expression_driven		graphst	0.5211334576383685	0.003946472005541937	3	0.8606557494601078	0.012438310340933458	3	0.6908946035492383	0.005086897229080803	3	0.7135277128688503	0.015808886748107088	3	0.7599176693773328	0.00839401382747204	3	0.7367226911230915	0.01023848183379261	3			0	0.7138086473361649	0.002577650439592702	3			0	22.0	22.0	26.0	15.0	28.0	24.0		26.0	
STOmics0218	morans_i	2000	spatially_informed		graphst	0.5740466115961492	0.012160766626706456	3	0.8585785437272334	0.010286074653832506	3	0.7163125776616913	0.005436939628635344	3	0.719482345785047	0.026176052655044697	3	0.8441047345465361	0.07134854549118348	3	0.7817935401657916	0.045388919393686306	3			0	0.7490530589137414	0.02159003766337263	3			0	6.0	24.0	17.0	12.0	6.0	5.0		9.0	
STOmics0218	nbumi	2000	expression_driven		graphst	0.5203706720144866	0.010956164123060226	3	0.9074773810606711	0.007305463757287217	3	0.7139240265375789	0.005925345552972367	3	0.7294897817482521	0.009205301913272788	3	0.8516791287347671	0.11136943515165335	3	0.7905844552415097	0.05976496693734898	3			0	0.7522542408895442	0.029045342150142726	3			0	24.0	7.0	21.0	7.0	5.0	4.0		6.0	
STOmics0218	nnsvg	2000	spatially_informed		graphst	0.5575477498682188	0.0013838970009079866	3	0.8776741840218172	0.01790005985957703	3	0.7176109669450179	0.00952855498899664	3	0.7217134874948266	0.006893701287932957	3	0.7889042649176684	0.09573311855744647	3	0.7553088762062474	0.048930081728392846	3			0	0.7364599215756327	0.022914843038382184	3			0	10.0	20.0	16.0	10.0	22.0	22.0		18.0	
STOmics0218	osca	2000	expression_driven		graphst	0.553829454586703	0.00958383903150006	3	0.9105072289274472	0.013935907756656258	3	0.7321683417570751	0.009821408279329227	3	0.7102102855566947	0.010155551796979818	3	0.8381266562557504	0.10798160435045706	3	0.7741684709062225	0.05687918287548702	3			0	0.7531684063316488	0.02888845443905672	3			0	11.0	5.0	3.0	16.0	10.0	8.0		5.0	
STOmics0218	scPNMF	2000	expression_driven		graphst	0.5020109106384457	0.014333205624453832	3	0.8641851424695676	0.025442062026259808	3	0.6830980265540066	0.01196784058210287	3	0.6845745207503583	0.013042366491009611	3	0.8387115888673827	0.14135718135694908	3	0.7616430548088706	0.07227682224897236	3			0	0.7223705406814386	0.041874645717012306	3			0	28.0	21.0	27.0	23.0	9.0	15.0		23.0	
STOmics0218	scanpy_cell_ranger	2000	expression_driven		graphst	0.5210967707877859	0.0036565298908026946	3	0.920669110213128	0.003283229279828727	3	0.720882940500457	0.0002854513310455375	3	0.7329148364698191	0.005811904844457356	3	0.7839351125967552	0.03892642681156553	3	0.7584249745332872	0.016563673256024265	3			0	0.739653957516872	0.008424182215740249	3			0	23.0	3.0	11.0	5.0	23.0	16.0		15.0	
STOmics0218	scanpy_cell_ranger_batch	2000	expression_driven		graphst	0.5310711776595101	0.005311992687589383	3	0.9134678364432337	0.012833390220325596	3	0.7222695070513719	0.005077362066084579	3	0.7302534546483287	0.017953983633595866	3	0.7760450502246566	0.0356127654983726	3	0.7531492524364927	0.009722361890386175	3			0	0.7377093797439324	0.0036012840016447457	3			0	16.0	4.0	8.0	6.0	24.0	23.0		16.0	
STOmics0218	scanpy_pearson	2000	expression_driven		graphst	0.532524603097429	0.006006629477997335	3	0.8985482781535897	0.009367735451044993	3	0.7155364406255093	0.004272351383993528	3	0.7053842559150377	0.005400909143580984	3	0.8406094509254866	0.12222764042192688	3	0.7729968534202621	0.06273645617036357	3			0	0.7442666470228857	0.02944238564720874	3			0	15.0	11.0	18.0	18.0	8.0	9.0		12.0	
STOmics0218	scanpy_pearson_batch	2000	expression_driven		graphst	0.5761972165010035	0.016598055627061077	3	0.889216885360245	0.017603708552020144	3	0.7327070509306243	0.00804958392983887	3	0.7284363801501584	0.003675094017470523	3	0.9762333368738861	0.029876053270301687	3	0.8523348585120223	0.01393371066193714	3			0	0.7925209547213233	0.004892398074758009	3			0	5.0	14.0	2.0	8.0	1.0	1.0		1.0	
STOmics0218	scanpy_seurat	2000	expression_driven		graphst	0.5280657253628268	0.004014431427064374	3	0.9084062759827242	0.010975537999392049	3	0.7182360006727756	0.003518092556290326	3	0.6900088271393782	0.02310292381736997	3	0.8215205249822514	0.015189781952158369	3	0.7557646760608149	0.010481695568206838	3			0	0.7370003383667951	0.006392047792057059	3			0	18.0	6.0	15.0	20.0	13.0	19.0		17.0	
STOmics0218	scanpy_seurat_batch	2000	expression_driven		graphst	0.5334922134971588	0.0064317403897553495	3	0.9065893260459532	0.002390867938875957	3	0.720040769771556	0.0027932911380363825	3	0.7075278152125183	0.011510848305954306	3	0.8170249034667677	0.025522326291281847	3	0.762276359339643	0.01090440947632972	3			0	0.7411585645555995	0.00452028596798454	3			0	14.0	9.0	13.0	17.0	15.0	14.0		14.0	
STOmics0218	scanpy_seurat_v3	2000	expression_driven		graphst	0.5613092827598288	0.002329830774710605	3	0.881185598187058	0.016721741920659734	3	0.7212474404734435	0.008385346412481662	3	0.7250056038338771	0.012083261662131218	3	0.8038117912756152	0.0003871311869895606	3	0.7644086975547463	0.005962024769366697	3			0	0.7428280690140948	0.007155578805244519	3			0	8.0	19.0	10.0	9.0	19.0	13.0		13.0	
STOmics0218	scanpy_seurat_v3_batch	2000	expression_driven		graphst	0.5985685340165712	0.003174782265808775	3	0.8530361994354881	0.019137226128240675	3	0.7258023667260297	0.009178582399235547	3	0.7364050859242735	0.007065800255096012	3	0.8163777968300935	0.02177508729466994	3	0.7763914413771834	0.01409475950334002	3			0	0.7510969040516065	0.011172434344479645	3			0	1.0	26.0	6.0	4.0	16.0	6.0		7.0	
STOmics0218	scry	2000	expression_driven		graphst	0.5027982262774545	0.007097439681169247	3	0.8954744172044603	0.008257286357233112	3	0.6991363217409573	0.0016298589659457842	3	0.6802971212251915	0.004718731071806903	3	0.7906868685357696	0.06054011148490401	3	0.7354919948804804	0.02869426856201415	3			0	0.7173141583107189	0.014633458328682417	3			0	27.0	12.0	24.0	26.0	21.0	25.0		24.0	
STOmics0218	seurat_disp	2000	expression_driven		graphst	0.5352741309450593	0.003692063530072809	3	0.9061814539964713	0.010121644112464833	3	0.7207277924707652	0.003215416626008337	3	0.6616742625318456	0.01490867765220942	3	0.7655454290282927	0.05785515447469958	3	0.7136098457800691	0.03254713993649241	3			0	0.7171688191254173	0.017840564477638307	3			0	12.0	10.0	12.0	29.0	27.0	29.0		25.0	
STOmics0218	seurat_mvp	2000	expression_driven		graphst	0.5127278304052473	0.005516908686411206	3	0.927210881455328	0.005133195682681473	3	0.7199693559302878	0.0034992170280019395	3	0.6875449156399592	0.026995908080082124	3	0.8530119338408323	0.060002296649128456	3	0.7702784247403957	0.0434241908955697	3			0	0.7451238903353418	0.022235440499175276	3			0	25.0	1.0	14.0	22.0	4.0	12.0		11.0	
STOmics0218	seurat_sct	2000	expression_driven		graphst	0.5232777707156755	0.01277702399580087	3	0.9068653232825289	0.01297239605694837	3	0.7150715469991021	0.005202303483623098	3	0.7185709497883176	0.011030007331618423	3	0.7963179976732265	0.12144011288195615	3	0.7574444737307721	0.06623140350910524	3			0	0.7362580103649371	0.034042328599560724	3			0	20.0	8.0	20.0	13.0	20.0	18.0		19.0	
STOmics0218	seurat_vst	2000	expression_driven		graphst	0.5612766747278094	0.0016607502326348173	3	0.8821390255569023	0.015591735444523384	3	0.7217078501423558	0.00790814677851783	3	0.7367276843656078	0.013875165667207132	3	0.8902479069108181	0.1484360925470181	3	0.8134877956382129	0.07997043142968714	3			0	0.7675978228902843	0.03735896728594965	3			0	9.0	18.0	9.0	3.0	3.0	2.0		2.0	
STOmics0218	singleCellHaystack	2000	expression_driven		graphst	0.5801978397970581	0.01772917971289129	3	0.8895712667615858	0.009650144347985532	3	0.734884553279322	0.007111157877613867	3	0.7384322903265709	0.006791742820607812	3	0.8052621146811316	0.041304162239135335	3	0.7718472025038512	0.01833001953823973	3			0	0.7533658778915866	0.011812296270552549	3			0	4.0	13.0	1.0	2.0	17.0	10.0		4.0	
STOmics0218	somde	2000	spatially_informed		graphst	0.5965049432848227	0.015599586114273001	3	0.860350620638512	0.012578059203273026	3	0.7284277819616674	0.0048666376115608315	3	0.7211135052566645	0.016178553383602225	3	0.8201472068329471	0.10969143441014201	3	0.7706303560448058	0.0619502008605293	3			0	0.7495290690032367	0.03143302100361994	3			0	2.0	23.0	5.0	11.0	14.0	11.0		8.0	
STOmics0218	sparkx	2000	spatially_informed		graphst	0.5213734615757417	0.005038325164822896	3	0.8171719189504049	0.013957097335270676	3	0.6692726902630733	0.005067371829130748	3	0.6927267812022267	0.003095237083715888	3	0.7731132266826447	0.02284203857716565	3	0.7329200039424357	0.009913990513776018	3			0	0.7010963471027546	0.0074901797405149415	3			0	21.0	29.0	28.0	19.0	25.0	27.0		29.0	
STOmics0218	spatialde	2000	spatially_informed		graphst	0.5731502339794888	0.012598058887966999	3	0.8577292360282184	0.008590128644948932	3	0.7154397350038536	0.006631024233922722	3	0.7159460697253096	0.008921016728828748	3	0.7531596833654168	0.04852422430738359	3	0.7345528765453633	0.021023265550830148	3			0	0.7249963057746084	0.009648151573093714	3			0	7.0	25.0	19.0	14.0	29.0	26.0		22.0	
STOmics0218	statistic_mean	2000	expression_driven		graphst	0.5097182830955092	0.013005600407987719	3	0.8250596168354228	0.023155367720239333	3	0.667388949965466	0.0051822404212403615	3	0.6730838483144556	0.00436149595084903	3	0.8434511922498346	0.02695504138068913	3	0.758267520282145	0.01565775879910798	3			0	0.7128282351238054	0.008819781024116501	3			0	26.0	28.0	29.0	27.0	7.0	17.0		27.0	
STOmics0218	statistic_variance	2000	expression_driven		graphst	0.4985814819199939	0.012118847657526112	3	0.8852372905363937	0.023096938698814885	3	0.6919093862281938	0.00549032237553895	3	0.6648115383060537	0.011000795017878004	3	0.7711166364988754	0.0510666029509282	3	0.7179640874024645	0.029607320423413366	3			0	0.7049367368153292	0.012076229606600214	3			0	29.0	16.0	25.0	28.0	26.0	28.0		28.0	
STOmics0218	triku	2000	expression_driven		graphst	0.5945933099002577	0.012565913272011116	3	0.8500685835295364	0.019904862963255613	3	0.7223309467148971	0.004468612298856834	3	0.7463652356771112	0.00998862670897635	3	0.8038344462598134	0.03434766314160233	3	0.7750998409684623	0.012729039182641951	3			0	0.7487153938416796	0.004747149848041646	3			0	3.0	27.0	7.0	1.0	18.0	7.0		10.0	
STOmics0224	Brennecke	2000	expression_driven		graphst	0.09955494052272136	0.007700130232107917	3	0.6125451708904287	0.0030551950510349715	3	0.35605005570657494	0.005220301919269499	3	0.74491714194352	0.012314665315264295	3	0.6255946182110886	0.05467941438128303	3	0.6852558800773044	0.024355258306147855	3			0	0.5206529678919397	0.011131865236752015	3			0	12.0	11.0	11.0	21.0	21.0	22.0		16.0	
STOmics0224	anticor	2000	expression_driven		graphst	0.025402746930568446	0.015154398431324653	3	0.6066260373307338	0.019654395434249943	3	0.31601439213065113	0.0162989042685702	3	0.780374629312405	0.009604399906611123	3	0.6518741203414268	0.0352549888241746	3	0.7161243748269159	0.016744335248894182	3			0	0.5160693834787836	0.009611676942356125	3			0	22.0	15.0	20.0	2.0	16.0	10.0		17.0	
STOmics0224	dubstepr	2000	expression_driven		graphst	0.060122474472203265	0.00916525963193365	3	0.546563500549483	0.01421465667886451	3	0.30334298751084315	0.010958680682952035	3	0.775962835926515	0.008906506960038184	3	0.6324682996858384	0.049535643274660396	3	0.7042155678061768	0.024058439838013312	3			0	0.50377927765851	0.01745522561119947	3			0	17.0	26.0	22.0	3.0	18.0	15.0		23.0	
STOmics0224	hotspot	2000	expression_driven		graphst	-0.024140019039265808	0.003681660339798663	3	0.591918521805393	0.011533576835806051	3	0.2838892513830636	0.004474609412384541	3	0.7746629162653065	0.008498082978651135	3	0.675268905602831	0.0609708583928099	3	0.7249659109340687	0.03436293188821437	3			0	0.5044275811585662	0.018874912408537902	3			0	27.0	18.0	27.0	4.0	12.0	2.0		22.0	
STOmics0224	morans_i	2000	spatially_informed		graphst	0.13975136096465218	0.008366427514754176	3	0.5696108458716832	0.03287420717874418	3	0.3546811034181676	0.015533492813891861	3	0.743581621206774	0.018423110264584198	3	0.5866112099974706	0.04832627827955536	3	0.6650964156021223	0.03337135833462369	3			0	0.509888759510145	0.02380028840689167	3			0	7.0	23.0	13.0	22.0	25.0	27.0		19.0	
STOmics0224	nbumi	2000	expression_driven		graphst	0.1342618628095714	0.012158401529737026	3	0.5868878634153233	0.018136915461256755	3	0.3605748631124473	0.014725851498516343	3	0.7520156784510661	0.011114124394089315	3	0.6599437449818857	0.03389215634956443	3	0.705979711716476	0.01139178770735175	3			0	0.5332772874144617	0.0072093022943218845	3			0	8.0	20.0	10.0	16.0	15.0	13.0		10.0	
STOmics0224	nnsvg	2000	spatially_informed		graphst	0.06560790326328732	0.013109582459218467	3	0.5837067511735605	0.018400346173431052	3	0.32465732721842394	0.008101755457057906	3	0.7610053681533312	0.013489021615485078	3	0.6266654761291632	0.03288317286152813	3	0.6938354221412473	0.01754351849620925	3			0	0.5092463746798356	0.0047786954728769055	3			0	16.0	21.0	19.0	11.0	20.0	19.0		20.0	
STOmics0224	osca	2000	expression_driven		graphst	-0.06627358037451958	0.014325620656030538	3	0.6369926863415745	0.031531869848859445	3	0.28535955298352744	0.013106940223937852	3	0.7655030460867108	0.005492004545860013	3	0.6815010549797921	0.04441484983019815	3	0.7235020505332516	0.01946892467503841	3			0	0.5044308017583895	0.010759649874235395	3			0	28.0	8.0	26.0	7.0	10.0	3.0		21.0	
STOmics0224	scPNMF	2000	expression_driven		graphst	0.012273401896913618	0.007960120358240154	3	0.6460757894725125	0.060746096482438755	3	0.3291745956847131	0.027790364555160374	3	0.7654124169123445	0.02306993302522828	3	0.6876784565829842	0.03439347345957393	3	0.7265454367476645	0.027627947535856914	3			0	0.5278600162161887	0.02535028283839412	3			0	25.0	6.0	18.0	8.0	7.0	1.0		13.0	
STOmics0224	scanpy_cell_ranger	2000	expression_driven		graphst	0.14755647570628086	0.006388565125951019	3	0.6602563906657958	0.0465363388464474	3	0.4039064331860383	0.020979231364531895	3	0.7512578022784496	0.008383626052625206	3	0.693421455340829	0.05931405004199117	3	0.7223396288096393	0.03379365473758954	3			0	0.5631230309978389	0.02700914790502833	3			0	6.0	3.0	5.0	17.0	3.0	4.0		4.0	
STOmics0224	scanpy_cell_ranger_batch	2000	expression_driven		graphst	0.26685869285796376	0.005144986302089575	3	0.6137947102677414	0.009020780279571018	3	0.44032670156285253	0.006798802163211328	3	0.7187325889744706	0.016010438923929646	3	0.6890105618957989	0.06292397280236672	3	0.7038715754351346	0.03271206556814294	3			0	0.5720991384989936	0.018431399022949345	3			0	3.0	10.0	3.0	27.0	5.0	16.0		2.0	
STOmics0224	scanpy_pearson	2000	expression_driven		graphst	0.04930093533748581	0.037822934156141436	3	0.5612430296828353	0.02351108793411333	3	0.3052719825101605	0.0134985171930358	3	0.790885257253079	0.011241482118621783	3	0.5560305103555304	0.03252248031583092	3	0.6734578838043047	0.021454294604273363	3			0	0.4893649331572327	0.0047554996135414	3			0	20.0	24.0	21.0	1.0	28.0	26.0		26.0	
STOmics0224	scanpy_pearson_batch	2000	expression_driven		graphst	0.38695346564918776	0.05343814636640741	3	0.588757386454871	0.07770612935001518	3	0.48785542605202936	0.0448350421824826	3	0.6787849508646929	0.015305475486012745	3	0.49632866043310414	0.015677744122293204	3	0.5875568056488986	0.0132081778455225	3			0	0.537706115850464	0.01894885216732623	3			0	2.0	19.0	2.0	28.0	29.0	29.0		7.0	
STOmics0224	scanpy_seurat	2000	expression_driven		graphst	0.03387026047054627	0.01693417678781566	3	0.6604398375239332	0.030541721171513537	3	0.3471550489972397	0.02367880653275312	3	0.7382031329656719	0.00868700688062531	3	0.694633175339438	0.09085854363376726	3	0.7164181541525548	0.04109530308489794	3			0	0.5317866015748973	0.028061328921764526	3			0	21.0	2.0	14.0	25.0	2.0	9.0		11.0	
STOmics0224	scanpy_seurat_batch	2000	expression_driven		graphst	0.05551225603704297	0.013925493727273683	3	0.686566024145947	0.030353671675614508	3	0.37103914009149497	0.00869332958688553	3	0.7365805074530067	0.021951151119446895	3	0.6880927988287636	0.10246566698328802	3	0.7123366531408851	0.05371846003386002	3			0	0.5416878966161901	0.030498893889506117	3			0	19.0	1.0	7.0	26.0	6.0	12.0		6.0	
STOmics0224	scanpy_seurat_v3	2000	expression_driven		graphst	0.17877932790051798	0.007875242171656154	3	0.6209462529269562	0.02216213718723836	3	0.39986279041373707	0.014966779471463647	3	0.7635722848384431	0.025922919112418088	3	0.6467541475950704	0.05877676792016156	3	0.7051632162167568	0.03007682922103036	3			0	0.552513003315247	0.022486902054819156	3			0	4.0	9.0	6.0	10.0	17.0	14.0		5.0	
STOmics0224	scanpy_seurat_v3_batch	2000	expression_driven		graphst	0.42999561693394533	0.02190222267599124	3	0.5522783036266276	0.02077677134231422	3	0.4911369602802864	0.013729578409607797	3	0.6782823402986974	0.02198859279846423	3	0.6892793788087874	0.0875120285488183	3	0.6837808595537425	0.054750309685617456	3			0	0.5874589099170144	0.03364399788209644	3			0	1.0	25.0	1.0	29.0	4.0	24.0		1.0	
STOmics0224	scry	2000	expression_driven		graphst	0.017935345145944633	0.011864501970138814	3	0.5834318704708892	0.01765860720213586	3	0.3006836078084169	0.002925511067794343	3	0.7586431544279706	0.009736997131815922	3	0.6190948451809636	0.016290240272333355	3	0.688868999804467	0.003546324403604087	3			0	0.49477630380644205	0.00321587629037609	3			0	23.0	22.0	23.0	12.0	23.0	21.0		25.0	
STOmics0224	seurat_disp	2000	expression_driven		graphst	0.07066080748570658	0.0034588724087574944	3	0.6114417922800407	0.012228848836167715	3	0.34105129988287364	0.007545186294002354	3	0.7466095658085319	0.00824837496156585	3	0.6865235620066716	0.04797378061888068	3	0.7165665639076018	0.019979258275592795	3			0	0.5288089318952377	0.0074440779067625005	3			0	15.0	12.0	15.0	19.0	8.0	8.0		12.0	
STOmics0224	seurat_mvp	2000	expression_driven		graphst	0.016224518461604685	0.007445344169295037	3	0.6462520135935905	0.058867557343977604	3	0.3312382660275976	0.03224552860395808	3	0.7430572763989222	0.0033166423746929423	3	0.6950900399855637	0.07278577763961354	3	0.7190736581922429	0.036177607077998455	3			0	0.5251559621099203	0.007568641630717799	3			0	24.0	5.0	17.0	23.0	1.0	5.0		14.0	
STOmics0224	seurat_sct	2000	expression_driven		graphst	-0.06662551262641958	0.006992138161545223	3	0.6540519588849154	0.006440289597159407	3	0.2937132231292479	0.00033004505557532446	3	0.7569395352375322	0.00969994584150276	3	0.6701269775794912	0.07153598999631704	3	0.7135332564085117	0.039978570770335786	3			0	0.5036232397688799	0.020121991391985453	3			0	29.0	4.0	24.0	13.0	13.0	11.0		24.0	
STOmics0224	seurat_vst	2000	expression_driven		graphst	0.17706502837495328	0.008467368217570881	3	0.6438802188141031	0.012029147496592127	3	0.41047262359452813	0.0017914852154751913	3	0.7493076577515508	0.0045408520143535355	3	0.6840831972796394	0.08398575489099731	3	0.716695427515595	0.04347761567186997	3			0	0.5635840255550616	0.02084561813623082	3			0	5.0	7.0	4.0	18.0	9.0	7.0		3.0	
STOmics0224	singleCellHaystack	2000	expression_driven		graphst	0.07274587213759794	0.015682444618124743	3	0.6045119826995078	0.02055383920203348	3	0.3386289274185528	0.01783962750865187	3	0.7731046842960737	0.01606329087773823	3	0.6129273276873286	0.030602445573907257	3	0.6930160059917011	0.01016203640514033	3			0	0.515822466705127	0.013867394335147882	3			0	14.0	16.0	16.0	5.0	24.0	20.0		18.0	
STOmics0224	somde	2000	spatially_informed		graphst	0.12047796389381166	0.006699183229034082	3	0.6086214207189259	0.012800098236458708	3	0.36454969230636874	0.0032509896619948293	3	0.7415261061187297	0.004296816428365527	3	0.6287988509194474	0.01806987570245305	3	0.6851624785190885	0.010525797765660556	3			0	0.5248560854127287	0.00592885848415633	3			0	9.0	14.0	9.0	24.0	19.0	23.0		15.0	
STOmics0224	sparkx	2000	spatially_informed		graphst	0.09868797864085081	0.001962935475258908	3	0.4877482555980448	0.012418979854226775	3	0.29321811711944784	0.0057695975752023645	3	0.7530117438652179	0.007371452048729453	3	0.5652537773433983	0.01784159490202647	3	0.659132760604308	0.009206285359301323	3			0	0.47617543886187796	0.006514167962934514	3			0	13.0	29.0	25.0	15.0	27.0	28.0		28.0	
STOmics0224	spatialde	2000	spatially_informed		graphst	0.12016959520962234	0.017314325395509846	3	0.6092313566796773	0.013998750240545827	3	0.36470047594464977	0.015527704422865657	3	0.746057888389689	0.023993951725874756	3	0.6612741493973326	0.026314525206629642	3	0.7036660188935109	0.025055159424808772	3			0	0.5341832474190803	0.01174689945102175	3			0	10.0	13.0	8.0	20.0	14.0	17.0		9.0	
STOmics0224	statistic_mean	2000	expression_driven		graphst	0.0586847549742363	0.013726182446175097	3	0.5064740298093512	0.011901484573714649	3	0.2825793923917937	0.004889910448464944	3	0.7642238398527225	0.003171831387912142	3	0.5830133799349292	0.026275850800587437	3	0.6736186098938259	0.01421329463331265	3			0	0.47809900114280984	0.009095935877982481	3			0	18.0	28.0	28.0	9.0	26.0	25.0		27.0	
STOmics0224	statistic_variance	2000	expression_driven		graphst	-0.02207025853878754	0.02402262313671426	3	0.5286821788051483	0.005211221292301075	3	0.2533059601331804	0.010863917892827361	3	0.7706513047007538	0.003408729720574782	3	0.6225972309409333	0.026534241481524057	3	0.6966242678208436	0.013354377474339308	3			0	0.4749651139770121	0.006401955959672721	3			0	26.0	27.0	29.0	6.0	22.0	18.0		29.0	
STOmics0224	triku	2000	expression_driven		graphst	0.10998950013032534	0.016881109836622322	3	0.6012320154572076	0.024208884177340052	3	0.35561075779376655	0.011164971522595971	3	0.7555595794975384	0.013862240816817667	3	0.6784054169858198	0.04339008638776529	3	0.7169824982416791	0.024063437981608732	3			0	0.5362966280177227	0.006506301626401399	3			0	11.0	17.0	12.0	14.0	11.0	6.0		8.0	
