dataset	fs_method	n_features	integration_method	BatchMixingMean	BatchMixingSD	BatchMixingNSeeds	BiologicalConservationMean	BiologicalConservationSD	BiologicalConservationNSeeds	IntegrationMean	IntegrationSD	IntegrationNSeeds	LabelIndependentClusteringMean	LabelIndependentClusteringSD	LabelIndependentClusteringNSeeds	LabelAgreementMean	LabelAgreementSD	LabelAgreementNSeeds	ClusteringMean	ClusteringSD	ClusteringNSeeds	AlignmentMean	AlignmentSD	AlignmentNSeeds	CoreOverallMean	CoreOverallSD	CoreOverallNSeeds	AlignmentEligibleOverallMean	AlignmentEligibleOverallSD	AlignmentEligibleOverallNSeeds	MethodGroup
DLPFC	Brennecke	100	cellcharter	0.6858220328131459		1	0.7381215624820828		1	0.7119717976476143		1	0.6456586771036245		1	0.49602704061659497		1	0.5708428588601098		1	0.8068105877074865		1	0.641407328253862		1	0.6965417480717369		1	expression_driven
DLPFC	Brennecke	100	scvi	0.9450910251743657		1	0.5225841481510018		1	0.7338375866626838		1	0.29088618214979584		1	0.22224888895170375		1	0.2565675355507498		1	0.661302634944192		1	0.4952025611067168		1	0.5505692523858752		1	expression_driven
DLPFC	Brennecke	1000	cellcharter	0.6245082361534342		1	0.8227021963396777		1	0.7236052162465559		1	0.6622729088764655		1	0.520955805355681		1	0.5916143571160732		1	0.8339454211134885		1	0.6576097866813146		1	0.7163883314920393		1	expression_driven
DLPFC	Brennecke	1000	scvi	0.936278967210276		1	0.5941069204920529		1	0.7651929438511644		1	0.389189057272809		1	0.36385052389270667		1	0.37651979058275786		1	0.71571490324001		1	0.5708563672169611		1	0.6191425458913108		1	expression_driven
DLPFC	Brennecke	10000	cellcharter	0.5303616751849818		1	0.8685344294979205		1	0.6994480523414511		1	0.731044712949292		1	0.6120184930758827		1	0.6715316030125873		1	0.856719415086207		1	0.6854898276770192		1	0.742566356813415		1	expression_driven
DLPFC	Brennecke	10000	scvi	0.5842219917090772		1	0.5374468798014863		1	0.5608344357552817		1	0.4703128444954266		1	0.4273033921770735		1	0.44880811833625006		1	0.6873549313727524		1	0.5048212770457658		1	0.5656658284880947		1	expression_driven
DLPFC	Brennecke	200	cellcharter	0.6727010661005005		1	0.7753825871812542		1	0.7240418266408774		1	0.6326795039054441		1	0.44210077605390014		1	0.5373901399796721		1	0.83178018252577		1	0.6307159833102747		1	0.6977373830487732		1	expression_driven
DLPFC	Brennecke	200	scvi	0.9513497485734002		1	0.5586543614956285		1	0.7550020550345143		1	0.3201785699882518		1	0.29019258212225485		1	0.3051855760552533		1	0.6936695177152791		1	0.5300938155448838		1	0.5846190496016822		1	expression_driven
DLPFC	Brennecke	2000	cellcharter	0.6027768003037455	0.0014756408265539785	3	0.8511928773946383	0.009134366038314171	3	0.7269848388491919	0.004478377450421118	3	0.6770619605031593	0.0077637964529055775	3	0.6045300817662366	0.03787579263149182	3	0.6407960211346979	0.017651522541277033	3	0.8515784664846677	0.006283565296151242	3	0.6838904299919449	0.009504450388486798	3	0.7397864421561859	0.008339714880350988	3	expression_driven
DLPFC	Brennecke	2000	scvi	0.8575313007763056	0.01914874520371093	3	0.6286432292469821	0.017806184706546893	3	0.7430872650116438	0.011257929095653709	3	0.4279932018445287	0.008354279105969292	3	0.45230455729909974	0.024047738358732074	3	0.4401488795718142	0.011917415256536397	3	0.7251048785642406	0.008928360279580511	3	0.591618072291729	0.01006267397583725	3	0.6361136743825662	0.009610879562481979	3	expression_driven
DLPFC	Brennecke	500	cellcharter	0.6638983869353356		1	0.8007827468396076		1	0.7323405668874716		1	0.6511846946031519		1	0.5004590816261922		1	0.575821888114672		1	0.8343922415007805		1	0.6540812275010719		1	0.7141848988343081		1	expression_driven
DLPFC	Brennecke	500	scvi	0.9514139478838002		1	0.5935636014558129		1	0.7724887746698066		1	0.3567340887875465		1	0.373254709814837		1	0.3649943993011917		1	0.7195124315175738		1	0.5687415869854991		1	0.6189985351628574		1	expression_driven
DLPFC	Brennecke	5000	cellcharter	0.5610763938588825		1	0.7804397190308754		1	0.670758056444879		1	0.7169643941171583		1	0.5959480150406145		1	0.6564562045788864		1	0.8749527333861775		1	0.6636071305118827		1	0.7340556648033143		1	expression_driven
DLPFC	Brennecke	5000	scvi	0.7989942897994505		1	0.6453087203670403		1	0.7221515050832454		1	0.5255106041318083		1	0.576929095728806		1	0.5512198499303071		1	0.7491673744216649		1	0.6366856775067763		1	0.6741795764784059		1	expression_driven
DLPFC	TFs	2000	cellcharter	0.7907898573175789	0.0091371331683236	3	0.6671428228978264	0.0075004907227785396	3	0.7289663401077027	0.006862790354250246	3	0.5073010135893152	0.06231273840664903	3	0.614412429296423	0.06659895877741141	3	0.5608567214428691	0.06445573489971497	3	0.7250505825000174	0.004226287973856782	3	0.644911530775286	0.028841010998329874	3	0.6716245480168631	0.020513581005647145	3	control
DLPFC	TFs	2000	scvi	0.9936967856879354	0.0023272172650596282	3	0.4618695771508457	0.009608546799336624	3	0.7277831814193906	0.005723722687023461	3	0.04954792282083092	0.006821549850767492	3	0.18916473214154036	0.011368821371577019	3	0.11935632748118563	0.00689203097129725	3	0.603834138028969	0.0026922210044020914	3	0.4235697544502881	0.006300900875708777	3	0.48365788230984835	0.0036487378660044825	3	control
DLPFC	all_features	all	cellcharter	0.5202493369087148	0.0014288014871857242	3	0.8885081814978255	0.019498179827829892	3	0.7043787592032701	0.010432042674823781	3	0.6994881887594536	0.015579571679031384	3	0.4909137549727068	0.046413842154027274	3	0.5952009718660803	0.030955286722744734	3	0.8667445201899272	0.0103905970172602	3	0.6497898655346752	0.02057408395229724	3	0.7221080837530924	0.012137132097537567	3	control
DLPFC	all_features	all	scvi	0.47523459993911626	0.007599201605042111	3	0.3784432264733457	0.04690165304167819	3	0.42683891320623096	0.020466578668600178	3	0.48394948860983705	0.0608553496823134	3	0.39247979752167456	0.019116147779489022	3	0.4382146430657558	0.03866248107000887	3	0.5977543886380262	0.048855153583723665	3	0.43252677813599344	0.00953041491020848	3	0.4876026483033377	0.010098603771596593	3	control
DLPFC	anticor	100	cellcharter	0.6344775926457714		1	0.8737648689618149		1	0.7541212308037932		1	0.6994940461412466		1	0.8120531950977988		1	0.7557736206195227		1	0.9139828682135842		1	0.754947425711658		1	0.8079592398789668		1	expression_driven
DLPFC	anticor	100	scvi	0.7958368624135539		1	0.6922988535758003		1	0.7440678579946771		1	0.41081377153383186		1	0.6786657408421223		1	0.5447397561879771		1	0.7785851962241208		1	0.6444038070913272		1	0.6891309368022585		1	expression_driven
DLPFC	anticor	1000	cellcharter	0.5427285995750608		1	0.8933329854279026		1	0.7180307925014817		1	0.7187034655486849		1	0.7009184855177977		1	0.7098109755332414		1	0.9122719185756215		1	0.7139208840173615		1	0.7800378955367816		1	expression_driven
DLPFC	anticor	1000	scvi	0.7738429379993843		1	0.7449837324303468		1	0.7594133352148655		1	0.4957375914949007		1	0.7088397322670281		1	0.6022886618809644		1	0.8100546773279825		1	0.680850998547915		1	0.7239188914746042		1	expression_driven
DLPFC	anticor	10000	cellcharter	0.5176904993495925		1	0.9369429306521372		1	0.7273167150008648		1	0.6742287498286575		1	0.518002482939484		1	0.5961156163840708		1	0.8791883621710292		1	0.6617161656924678		1	0.7342068978519883		1	expression_driven
DLPFC	anticor	10000	scvi	0.4608678617553389		1	0.39237233744990063		1	0.42662009960261976		1	0.49166300644563127		1	0.38965959773687736		1	0.4406613020912543		1	0.6167673850384023		1	0.43364070084693707		1	0.4946829289107588		1	expression_driven
DLPFC	anticor	200	cellcharter	0.6066898448728619		1	0.8376014313246092		1	0.7221456380987356		1	0.7073194525929392		1	0.8452977823322729		1	0.776308617462606		1	0.9324435674523248		1	0.7492271277806708		1	0.8102992743378888		1	expression_driven
DLPFC	anticor	200	scvi	0.8132224341429337		1	0.740382543558509		1	0.7768024888507213		1	0.4598450401816406		1	0.7248023719322434		1	0.592323706056942		1	0.7826544936790101		1	0.6845630974538317		1	0.7172602295288911		1	expression_driven
DLPFC	anticor	2000	cellcharter	0.5361794303507982	0.001831856888663078	3	0.9182927755907047	0.031151596424150354	3	0.7272361029707515	0.016491610635703265	3	0.7232766891251775	0.001598772943031239	3	0.6962529099944604	0.019289290254602205	3	0.709764799559819	0.01016956929124894	3	0.917312075942172	0.007489692044965925	3	0.7185004512652852	0.013089911677875453	3	0.7847709928242476	0.0069880141251843905	3	expression_driven
DLPFC	anticor	2000	scvi	0.7278972203226646	0.05340987949761991	3	0.7303041041834142	0.023903908540649596	3	0.7291006622530394	0.03834261502500337	3	0.4972734964850218	0.011445102644364434	3	0.6943105858480122	0.03215721524219624	3	0.5957920411665171	0.010952324682744118	3	0.7989031743850794	0.032405523009498303	3	0.6624463517097782	0.01612733589137658	3	0.7079319592682118	0.021476806497830455	3	expression_driven
DLPFC	anticor	500	cellcharter	0.5691579760028721		1	0.8921521603894205		1	0.7306550681961463		1	0.716923960133191		1	0.6699055373107912		1	0.693414748721991		1	0.9261207056790901		1	0.7120349084590687		1	0.7833968408657425		1	expression_driven
DLPFC	anticor	500	scvi	0.8218280912228026		1	0.743341178852955		1	0.7825846350378789		1	0.4738161190531122		1	0.6949550410596503		1	0.5843855800563813		1	0.8049932144099496		1	0.6834851075471301		1	0.7239878098347367		1	expression_driven
DLPFC	anticor	5000	cellcharter	0.5202156440485838		1	0.9019734618591484		1	0.7110945529538661		1	0.7395763174891271		1	0.5522434970853736		1	0.6459099072872503		1	0.9009749864574388		1	0.6785022301205582		1	0.7526598155661851		1	expression_driven
DLPFC	anticor	5000	scvi	0.6570189562860843		1	0.7004295518143242		1	0.6787242540502043		1	0.47914591734154294		1	0.6942869000229173		1	0.5867164086822301		1	0.7654425657446102		1	0.6327203313662172		1	0.6769610761590149		1	expression_driven
DLPFC	dubstepr	100	cellcharter	0.652229058084169		1	0.8363434759538302		1	0.7442862670189996		1	0.6894420399077568		1	0.6506600631865394		1	0.6700510515471481		1	0.8539681193909683		1	0.7071686592830738		1	0.7561018126523719		1	expression_driven
DLPFC	dubstepr	100	scvi	0.8485295755160386		1	0.6579958477964423		1	0.7532627116562405		1	0.4132122890892152		1	0.5852597535983879		1	0.4992360213438015		1	0.7633139741140241		1	0.626249366500021		1	0.6719375690380222		1	expression_driven
DLPFC	dubstepr	1000	cellcharter	0.5788171004364548		1	0.943995599588836		1	0.7614063500126454		1	0.7062465926827063		1	0.721022778707546		1	0.7136346856951261		1	0.9295483313840471		1	0.7375205178538857		1	0.8015297890306062		1	expression_driven
DLPFC	dubstepr	1000	scvi	0.8448817280777785		1	0.7051210276574336		1	0.775001377867606		1	0.4855978702138393		1	0.6484161439586437		1	0.5670070070862415		1	0.811211308430736		1	0.6710041924769238		1	0.7177398977948611		1	expression_driven
DLPFC	dubstepr	10000	cellcharter	0.569567852575858		1	0.9496315259837085		1	0.7595996892797832		1	0.7079471166818698		1	0.7291846639584767		1	0.7185658903201733		1	0.9268131997831421		1	0.7390827897999782		1	0.8016595931276994		1	expression_driven
DLPFC	dubstepr	10000	scvi	0.8083164994559824		1	0.7344513077761624		1	0.7713839036160723		1	0.5064769226477521		1	0.6991200524603893		1	0.6027984875540707		1	0.8184298396814251		1	0.6870911955850716		1	0.7308707436171895		1	expression_driven
DLPFC	dubstepr	200	cellcharter	0.6392078180770862		1	0.8769300518714895		1	0.7580689349742878		1	0.6710857882059743		1	0.6806241203745782		1	0.6758549542902763		1	0.9043384053725945		1	0.7169619446322821		1	0.7794207648790529		1	expression_driven
DLPFC	dubstepr	200	scvi	0.8730858572395872		1	0.6495752787582443		1	0.7613305679989157		1	0.47803062325214657		1	0.5667135073714433		1	0.5223720653117949		1	0.7689534542051154		1	0.6418513166553553		1	0.6842186958386086		1	expression_driven
DLPFC	dubstepr	2000	cellcharter	0.5676949608535634	0.003545405630604263	3	0.9542541798578501	0.004823165932157583	3	0.7609745703557067	0.0012129408840161919	3	0.706922386740961	0.0009834632237789797	3	0.6881526847236229	0.06312300425674074	3	0.6975375357322919	0.0319874030802809	3	0.9296509408060478	0.0034904389986611653	3	0.7292560530439993	0.015565446716898636	3	0.7960543489646822	0.010681626843384093	3	expression_driven
DLPFC	dubstepr	2000	scvi	0.8113686337161141	0.03376355122178883	3	0.7281999369782866	0.006275037232447168	3	0.7697842853472004	0.015306405048966139	3	0.5152503300898409	0.008203712462636754	3	0.7086935325682492	0.016842715473680155	3	0.611971931329045	0.009826647221933263	3	0.8141767943246973	0.0036840877149621402	3	0.6908781083381227	0.011013182755999464	3	0.7319776703336475	0.007100301609768553	3	expression_driven
DLPFC	dubstepr	500	cellcharter	0.6076155193643279		1	0.9233644734595626		1	0.7654899964119453		1	0.6873684734986153		1	0.7629703318648586		1	0.725169402681737		1	0.9190224956916913		1	0.7453296995468411		1	0.8032272982617913		1	expression_driven
DLPFC	dubstepr	500	scvi	0.7857758548148206		1	0.6915148731991883		1	0.7386453640070044		1	0.5017337448559371		1	0.6373594573177901		1	0.5695466010868636		1	0.7872015975534583		1	0.654095982546934		1	0.6984645208824422		1	expression_driven
DLPFC	dubstepr	5000	cellcharter	0.569567852575858		1	0.9496315259837085		1	0.7595996892797832		1	0.7079471166818698		1	0.7291846639584767		1	0.7185658903201733		1	0.9268131997831421		1	0.7390827897999782		1	0.8016595931276994		1	expression_driven
DLPFC	dubstepr	5000	scvi	0.8083164994559824		1	0.7344513077761624		1	0.7713839036160723		1	0.5064769226477521		1	0.6991200524603893		1	0.6027984875540707		1	0.8184298396814251		1	0.6870911955850716		1	0.7308707436171895		1	expression_driven
DLPFC	hotspot	100	cellcharter	0.6279621388530826		1	0.8469948616318193		1	0.7374785002424509		1	0.6808308520368045		1	0.6200346309349607		1	0.6504327414858826		1	0.8471186942707205		1	0.6939556208641667		1	0.7450099786663514		1	expression_driven
DLPFC	hotspot	100	scvi	0.8919777804826359		1	0.6505992844473927		1	0.7712885324650143		1	0.4204182606423597		1	0.5915584084857981		1	0.5059883345640789		1	0.7598303979254957		1	0.6386384335145465		1	0.6790357549848629		1	expression_driven
DLPFC	hotspot	1000	cellcharter	0.5542244612203909		1	0.9160994703640302		1	0.7351619657922106		1	0.7216025964802354		1	0.6788463364046453		1	0.7002244664424404		1	0.9250903260048652		1	0.7176932161173255		1	0.7868255860798388		1	expression_driven
DLPFC	hotspot	1000	scvi	0.7766308918016307		1	0.7149248194850899		1	0.7457778556433603		1	0.5122169560667365		1	0.6763465180035669		1	0.5942817370351516		1	0.8049634279340393		1	0.670029796339256		1	0.7150076735375172		1	expression_driven
DLPFC	hotspot	10000	cellcharter	0.5308817368492194		1	0.9461980127267173		1	0.7385398747879683		1	0.694034113745885		1	0.5252751965044915		1	0.6096546551251882		1	0.8954401589898895		1	0.6740972649565783		1	0.7478782296343486		1	expression_driven
DLPFC	hotspot	10000	scvi	0.45623572551645664		1	0.36453265155865444		1	0.41038418853755554		1	0.4529840427186021		1	0.4045638244194505		1	0.42877393356902627		1	0.5792035887043858		1	0.4195790610532909		1	0.4727872369369892		1	expression_driven
DLPFC	hotspot	200	cellcharter	0.60024949830683		1	0.8855900511253496		1	0.7429197747160898		1	0.7068817303017078		1	0.7262993893323664		1	0.716590559817037		1	0.8969576662296992		1	0.7297551672665634		1	0.7854893335876086		1	expression_driven
DLPFC	hotspot	200	scvi	0.8185136944897982		1	0.6939646104809414		1	0.7562391524853698		1	0.5014217651516472		1	0.6558419123917045		1	0.5786318387716758		1	0.7662289737664558		1	0.6674354956285228		1	0.7003666550078339		1	expression_driven
DLPFC	hotspot	2000	cellcharter	0.5412582743306723	0.004301403765031617	3	0.9255143520029544	0.04417705817898314	3	0.7333863131668134	0.020849120874227012	3	0.7263796062481965	0.004086163873560426	3	0.6857936671180017	0.09677445587553235	3	0.7060866366830991	0.04686337577261118	3	0.9274054422436843	0.003737616900789955	3	0.7197364749249563	0.027380104299377026	3	0.788959464031199	0.019212886050789982	3	expression_driven
DLPFC	hotspot	2000	scvi	0.7897886676170446	0.025298689632795482	3	0.7497895507475962	0.021936541465131756	3	0.7697891091823204	0.005296695039903866	3	0.5134706464352076	0.013986465448167054	3	0.7423528445564743	0.03306564264066205	3	0.6279117454958408	0.021116941549901944	3	0.8157064165572464	0.012826093095045146	3	0.6988504273390808	0.012946524010949905	3	0.7378024237451358	0.011015757739529196	3	expression_driven
DLPFC	hotspot	500	cellcharter	0.5704512864826713		1	0.9094754867469248		1	0.7399633866147981		1	0.6947974928148152		1	0.5843248734887035		1	0.6395611831517594		1	0.9136750615291434		1	0.6897622848832787		1	0.7643998770985668		1	expression_driven
DLPFC	hotspot	500	scvi	0.8109146667302957		1	0.7031182179830497		1	0.7570164423566728		1	0.4783704303425478		1	0.6483716296764895		1	0.5633710300095187		1	0.7780113959276477		1	0.6601937361830957		1	0.6994662894312796		1	expression_driven
DLPFC	hotspot	5000	cellcharter	0.525026371733057		1	0.8995407937128537		1	0.7122835827229553		1	0.7106360786540323		1	0.6418561131425713		1	0.6762460958983019		1	0.9141977484734523		1	0.6942648393106285		1	0.7675758090315697		1	expression_driven
DLPFC	hotspot	5000	scvi	0.6603379409884962		1	0.7337190834563947		1	0.6970285122224454		1	0.480965862858093		1	0.7536288523283272		1	0.6172973575932101		1	0.7752603271397923		1	0.6571629349078278		1	0.6965287323184827		1	expression_driven
DLPFC	morans_i	100	cellcharter	0.6417616395447494		1	0.9049210018541671		1	0.7733413206994583		1	0.6764932142042467		1	0.7312351917558308		1	0.7038642029800388		1	0.9383202915782103		1	0.7386027618397486		1	0.8051752717525691		1	spatially_informed
DLPFC	morans_i	100	scvi	0.9124913318694992		1	0.6977842765618327		1	0.8051378042156659		1	0.4327267447481716		1	0.5035446241823589		1	0.4681356844652652		1	0.785898750249498		1	0.6366367443404656		1	0.686390746310143		1	spatially_informed
DLPFC	morans_i	1000	cellcharter	0.5529282995063969		1	0.9582750948914751		1	0.755601697198936		1	0.7007893857143076		1	0.759344519901057		1	0.7300669528076823		1	0.9306915766474834		1	0.7428343250033091		1	0.8054534088847006		1	spatially_informed
DLPFC	morans_i	1000	scvi	0.8047570964251355		1	0.7506197925387135		1	0.7776884444819245		1	0.5004319977309611		1	0.6655983636758547		1	0.5830151807034079		1	0.8282087149946207		1	0.6803518125926662		1	0.729637446726651		1	spatially_informed
DLPFC	morans_i	10000	cellcharter	0.5132712794701964		1	0.9222232539261488		1	0.7177472666981726		1	0.7310227757460256		1	0.6080152558380969		1	0.6695190157920612		1	0.8847582554815531		1	0.6936331412451169		1	0.7573415126572622		1	spatially_informed
DLPFC	morans_i	10000	scvi	0.4554063372324174		1	0.3662273710339197		1	0.4108168541331686		1	0.44812121318283465		1	0.404534690100099		1	0.42632795164146686		1	0.5685003398672974		1	0.41857240288731773		1	0.46854838188064435		1	spatially_informed
DLPFC	morans_i	200	cellcharter	0.6036658706790226		1	0.9287621755943096		1	0.7662140231366661		1	0.6655055080504266		1	0.6683361764305651		1	0.6669208422404959		1	0.9307264059005085		1	0.7165674326885809		1	0.7879537570925569		1	spatially_informed
DLPFC	morans_i	200	scvi	0.8993651292154574		1	0.7089484901569778		1	0.8041568096862176		1	0.4824003023900956		1	0.5461981727109733		1	0.5142992375505344		1	0.7944816960344605		1	0.6592280236183761		1	0.7043125810904042		1	spatially_informed
DLPFC	morans_i	2000	cellcharter	0.5459196402667331	0.004153315685326059	3	0.9744285784086871	0.004843384601814945	3	0.7601741093377101	0.004405543999576596	3	0.698563637265868	0.01844589835051208	3	0.7285136362404397	0.08652604807738752	3	0.7135386367531537	0.05211184665368525	3	0.9193199181987697	0.0038586638767707736	3	0.736856373045432	0.027811493130369454	3	0.7976775547632111	0.019647323192930315	3	spatially_informed
DLPFC	morans_i	2000	scvi	0.698759013827436	0.16038260611812422	3	0.6502586101598645	0.1653863105950298	3	0.6745088119936503	0.1628823486133435	3	0.48581028785245167	0.02397480112790521	3	0.6448747745035474	0.20484201838700664	3	0.5653425311779995	0.11438241139414146	3	0.7576587837341928	0.10382952731459476	3	0.6199256715858249	0.13863093468570728	3	0.6658367089686142	0.1270287443994633	3	spatially_informed
DLPFC	morans_i	500	cellcharter	0.5698121175317763		1	0.9595099914645266		1	0.7646610544981515		1	0.6833094153537878		1	0.7445443980303363		1	0.713926906692062		1	0.9341478016354907		1	0.7392939805951068		1	0.8042452542752349		1	spatially_informed
DLPFC	morans_i	500	scvi	0.8752721112490587		1	0.7329765930569863		1	0.8041243521530225		1	0.5107479846756376		1	0.7085567397886492		1	0.6096523622321435		1	0.8217879821388929		1	0.706888357192583		1	0.7451882321746863		1	spatially_informed
DLPFC	morans_i	5000	cellcharter	0.5254650701295608		1	0.9674750737298684		1	0.7464700719297146		1	0.7040457530303228		1	0.5864254108891762		1	0.6452355819597495		1	0.898365230910289		1	0.695852826944732		1	0.7633569615999177		1	spatially_informed
DLPFC	morans_i	5000	scvi	0.6085217291243654		1	0.6686922361452116		1	0.6386069826347884		1	0.457554249972528		1	0.6251749146323831		1	0.5413645823024555		1	0.7719395038607739		1	0.589985782468622		1	0.6506370229326727		1	spatially_informed
DLPFC	nbumi	100	cellcharter	0.6441150695918484		1	0.8631216145167085		1	0.7536183420542785		1	0.6576854708892529		1	0.55678787778576		1	0.6072366743375064		1	0.8992592870634211		1	0.6804275081958924		1	0.7533714344850685		1	expression_driven
DLPFC	nbumi	100	scvi	0.9449769049112999		1	0.6267650387082241		1	0.7858709718097621		1	0.3342409829160033		1	0.312228826081689		1	0.3232349044988462		1	0.7528824375282102		1	0.5545529381543042		1	0.6206627712789395		1	expression_driven
DLPFC	nbumi	1000	cellcharter	0.59061617817351		1	0.9614948651340659		1	0.7760555216537879		1	0.6986552568118273		1	0.8483051647590454		1	0.7734802107854364		1	0.9524727088885592		1	0.7747678662196121		1	0.8340028137759278		1	expression_driven
DLPFC	nbumi	1000	scvi	0.8184320849814264		1	0.7466258386806016		1	0.7825289618310141		1	0.48349431134026205		1	0.6741283927828519		1	0.578811352061557		1	0.8153443481791947		1	0.6806701569462855		1	0.7255615540239219		1	expression_driven
DLPFC	nbumi	10000	cellcharter	0.5493205780213652		1	0.9573922345871727		1	0.753356406304269		1	0.7202178318433586		1	0.6576643602519467		1	0.6889410960476527		1	0.9071383330818006		1	0.7211487511759609		1	0.7831452784779075		1	expression_driven
DLPFC	nbumi	10000	scvi	0.577341003668302		1	0.630082208003802		1	0.603711605836052		1	0.5053818104360729		1	0.5254524612611676		1	0.5154171358486203		1	0.7374215605181726		1	0.5595643708423361		1	0.6188501007342816		1	expression_driven
DLPFC	nbumi	200	cellcharter	0.6308961983836723		1	0.9058782094636593		1	0.7683872039236658		1	0.6719646513812664		1	0.7812943759449021		1	0.7266295136630843		1	0.9229322789184833		1	0.7475083587933751		1	0.8059829988350778		1	expression_driven
DLPFC	nbumi	200	scvi	0.9395991489860309		1	0.666257120327442		1	0.8029281346567365		1	0.41237674713820766		1	0.4519388982592034		1	0.4321578226987055		1	0.7872135774164964		1	0.617542978677721		1	0.6740998449239796		1	expression_driven
DLPFC	nbumi	2000	cellcharter	0.5764380952018068	0.004616473023369068	3	0.9654127168890069	0.010950558389860764	3	0.7709254060454068	0.007059352427023509	3	0.7063641968272801	0.00392930941656978	3	0.7932598511724201	0.17632263150251318	3	0.7498120239998501	0.09010851520377666	3	0.9380541998952318	0.011172140074078643	3	0.7603687150226285	0.04799458340856147	3	0.8195972099801629	0.03385881965688889	3	expression_driven
DLPFC	nbumi	2000	scvi	0.8518838857950825	0.02076708814844022	3	0.7423024175793085	0.0022159039464821296	3	0.7970931516871955	0.00930782623517932	3	0.5041929104968407	0.02883659722832818	3	0.7081819500403999	0.04186858727319957	3	0.6061874302686202	0.03513610742571836	3	0.8233633062808771	0.0010380044360986376	3	0.7016402909779078	0.02199291209100546	3	0.7422146294122309	0.01491452833737384	3	expression_driven
DLPFC	nbumi	500	cellcharter	0.606348461299448		1	0.9361785370147904		1	0.7712634991571192		1	0.6869895623916777		1	0.8276162750158758		1	0.7573029187037768		1	0.9412512554533359		1	0.764283208930448		1	0.8232725577714106		1	expression_driven
DLPFC	nbumi	500	scvi	0.8518171973105859		1	0.6872850812600911		1	0.7695511392853385		1	0.46172910690952446		1	0.5965700289451613		1	0.5291495679273429		1	0.7994287827999037		1	0.6493503536063407		1	0.6993764966708618		1	expression_driven
DLPFC	nbumi	5000	cellcharter	0.5635255733642426		1	0.9664037727509864		1	0.7649646730576145		1	0.7140038454126408		1	0.6924640599305273		1	0.7032339526715841		1	0.9306575427419906		1	0.7340993128645993		1	0.7996187228237298		1	expression_driven
DLPFC	nbumi	5000	scvi	0.8396967019885779		1	0.7466512106747335		1	0.7931739563316558		1	0.5526070850899552		1	0.7563969738233972		1	0.6545020294566761		1	0.8207489360299128		1	0.723837992894166		1	0.7561416406060816		1	expression_driven
DLPFC	nnsvg	100	cellcharter	0.6371483984450738		1	0.8974457242295937		1	0.7672970613373338		1	0.66890547593345		1	0.7948734746923373		1	0.7318894753128936		1	0.9196132847545293		1	0.7495932683251136		1	0.8062666071349188		1	spatially_informed
DLPFC	nnsvg	100	scvi	0.920049515973878		1	0.7120955607693876		1	0.8160725383716327		1	0.42615612626674354		1	0.6282217727756558		1	0.5271889495211997		1	0.7941877853871708		1	0.6716307439464162		1	0.7124830910933344		1	spatially_informed
DLPFC	nnsvg	1000	cellcharter	0.5521628820035486		1	0.9632635832126915		1	0.75771323260812		1	0.6977553858242916		1	0.7031187235119463		1	0.7004370546681189		1	0.9195558580792704		1	0.7290751436381194		1	0.7925687151185031		1	spatially_informed
DLPFC	nnsvg	1000	scvi	0.8056647766809264		1	0.7130964736740969		1	0.7593806251775117		1	0.49076377959345185		1	0.6879910900305787		1	0.5893774348120153		1	0.7986279367038912		1	0.6743790299947635		1	0.7157953322311394		1	spatially_informed
DLPFC	nnsvg	10000	cellcharter	0.5358741844031102		1	0.9339832889547739		1	0.7349287366789421		1	0.7223486746639343		1	0.6388271273267878		1	0.680587900995361		1	0.8810236196174432		1	0.7077583188371516		1	0.7655134190972488		1	spatially_informed
DLPFC	nnsvg	10000	scvi	0.47414424917521897		1	0.33787681105566925		1	0.4060105301154441		1	0.5006239790882403		1	0.393122880922696		1	0.44687343000546814		1	0.5598524784796055		1	0.4264419800604561		1	0.4709121462001726		1	spatially_informed
DLPFC	nnsvg	200	cellcharter	0.6081021089313079		1	0.9323924225282804		1	0.7702472657297941		1	0.6809577181149482		1	0.8607810393984046		1	0.7708693787566764		1	0.919676968908415		1	0.7705583222432353		1	0.8202645377982952		1	spatially_informed
DLPFC	nnsvg	200	scvi	0.8893984794868259		1	0.6877637577834915		1	0.7885811186351588		1	0.47139287540722896		1	0.6240382477134636		1	0.5477155615603463		1	0.793867870421028		1	0.6681483400977526		1	0.7100548502055112		1	spatially_informed
DLPFC	nnsvg	2000	cellcharter	0.547219783474144	0.0034569008780364675	3	0.9607505270724342	0.006327011731936737	3	0.7539851552732891	0.004557239554525741	3	0.7053232358859338	0.012836798485632524	3	0.6569153092802317	0.05237583744549274	3	0.6811192725830827	0.030437593713778296	3	0.917565164806463	0.006858152206402233	3	0.7175522139281859	0.01612157883550796	3	0.7842231975542783	0.01063819554951753	3	spatially_informed
DLPFC	nnsvg	2000	scvi	0.6864561436411921	0.07907887888914568	3	0.6887374557941951	0.06819756550952957	3	0.6875967997176936	0.07332746674498865	3	0.5007532338777834	0.03304943381529615	3	0.6764145090189068	0.14149706401315026	3	0.588583871448345	0.08556481843922516	3	0.7741724318388187	0.05265259017654091	3	0.6380903355830193	0.07944539142914002	3	0.6834510343349525	0.07043226456954098	3	spatially_informed
DLPFC	nnsvg	500	cellcharter	0.5705529981138036		1	0.9546010607311842		1	0.7625770294224938		1	0.6945465252009203		1	0.7290069865814129		1	0.7117767558911666		1	0.9256508860281968		1	0.7371768926568303		1	0.8000015571139524		1	spatially_informed
DLPFC	nnsvg	500	scvi	0.8181068397096499		1	0.7130311139702854		1	0.7655689768399676		1	0.4756836823892261		1	0.6875273604515079		1	0.581605521420367		1	0.8091984427096754		1	0.6735872491301673		1	0.7187909803233367		1	spatially_informed
DLPFC	nnsvg	5000	cellcharter	0.5358741844031102		1	0.9339832889547739		1	0.7349287366789421		1	0.7223486746639343		1	0.6388271273267878		1	0.680587900995361		1	0.8810236196174432		1	0.7077583188371516		1	0.7655134190972488		1	spatially_informed
DLPFC	nnsvg	5000	scvi	0.47414424917521897		1	0.33787681105566925		1	0.4060105301154441		1	0.5006239790882403		1	0.393122880922696		1	0.44687343000546814		1	0.5598524784796055		1	0.4264419800604561		1	0.4709121462001726		1	spatially_informed
DLPFC	osca	100	cellcharter	0.689447490596208		1	0.8599034331585973		1	0.7746754618774027		1	0.6639906922076072		1	0.6477446636874581		1	0.6558676779475326		1	0.8817726963260992		1	0.7152715699124677		1	0.7707719453836782		1	expression_driven
DLPFC	osca	100	scvi	0.9371680720572466		1	0.6721284572493893		1	0.804648264653318		1	0.3878554871892516		1	0.307666903330748		1	0.3477611952599998		1	0.7724938118238288		1	0.5762047299566588		1	0.6416344239123822		1	expression_driven
DLPFC	osca	1000	cellcharter	0.5693919854257048		1	0.9188275741964862		1	0.7441097798110955		1	0.6973955805191695		1	0.6888347470335471		1	0.6931151637763583		1	0.9048251365551989		1	0.7186124717937269		1	0.780683360047551		1	expression_driven
DLPFC	osca	1000	scvi	0.7987029742200462		1	0.7030995482724609		1	0.7509012612462536		1	0.48112462125042105		1	0.6077247534872217		1	0.5444246873688213		1	0.7871761301908966		1	0.6476629743075375		1	0.6941673596019905		1	expression_driven
DLPFC	osca	10000	cellcharter	0.5380433979308585		1	0.9132678714328618		1	0.7256556346818601		1	0.7238217358642385		1	0.5703196635376595		1	0.647070699700949		1	0.8612873793128388		1	0.6863631671914046		1	0.7446712378985493		1	expression_driven
DLPFC	osca	10000	scvi	0.47864813711560583		1	0.4414524563876705		1	0.46005029675163817		1	0.47056365996734745		1	0.3869805435806279		1	0.42877210177398767		1	0.581091602087507		1	0.4444111992628129		1	0.48997133353771094		1	expression_driven
DLPFC	osca	200	cellcharter	0.6292967949754956		1	0.8900826646679842		1	0.75968972982174		1	0.6759226385444533		1	0.7507443458412039		1	0.7133334921928286		1	0.8985621223296434		1	0.7365116110072842		1	0.7905284481147373		1	expression_driven
DLPFC	osca	200	scvi	0.8821932807307453		1	0.6853432905475889		1	0.7837682856391671		1	0.46449869979843705		1	0.59884144043477		1	0.5316700701166035		1	0.7904862325556119		1	0.6577191778778853		1	0.7019748627704608		1	expression_driven
DLPFC	osca	2000	cellcharter	0.5622053590716142	0.004125229790461782	3	0.9311562084950619	0.00862294050847173	3	0.7466807837833381	0.005507679888875717	3	0.6981781371165617	0.003768092312470923	3	0.7022189713986094	0.05598337004186277	3	0.7001985542575856	0.02967186394516324	3	0.906084961666548	0.005474564237516188	3	0.7234396690204618	0.013637073726368415	3	0.7843214332358238	0.007269227627760747	3	expression_driven
DLPFC	osca	2000	scvi	0.8176657187954599	0.03263647152708836	3	0.7177709373609353	0.012384157332425306	3	0.7677183280781975	0.02222785571839232	3	0.5020304506587058	0.011056559420155525	3	0.6683947872481344	0.04282847509405544	3	0.58521261895342	0.022005320300826924	3	0.7872302684091482	0.006784010761284115	3	0.6764654735158088	0.021963511590341708	3	0.7133870718135887	0.015577649123008101	3	expression_driven
DLPFC	osca	500	cellcharter	0.5863160847011302		1	0.9195091773233235		1	0.7529126310122268		1	0.7002304816613146		1	0.6593953552475648		1	0.6798129184544397		1	0.9052740082781559		1	0.7163627747333332		1	0.7793331859149407		1	expression_driven
DLPFC	osca	500	scvi	0.8374103510499551		1	0.7091900856187463		1	0.7733002183343507		1	0.47222929601760627		1	0.6463846705874396		1	0.5593069833025229		1	0.7852829913952187		1	0.6663036008184369		1	0.7059633976773642		1	expression_driven
DLPFC	osca	5000	cellcharter	0.5527137677024012		1	0.931836741467952		1	0.7422752545851766		1	0.7176477085028661		1	0.6832244472901265		1	0.7004360778964963		1	0.9009700096265167		1	0.7213556662408365		1	0.7812271140360633		1	expression_driven
DLPFC	osca	5000	scvi	0.7182644685728731		1	0.6835094873346093		1	0.7008869779537412		1	0.4462655807210895		1	0.5895929872862486		1	0.5179292840036691		1	0.7749514865686415		1	0.6094081309787052		1	0.6645892495086839		1	expression_driven
DLPFC	random	500	cellcharter	0.7676368855298611	0.025488587607655523	3	0.6428139713410568	0.06860751860638943	3	0.705225428435459	0.03765348292694994	3	0.48083443371476586	0.12237169977557999	3	0.5321409401068571	0.13366652679140067	3	0.5064876869108115	0.1213741395624562	3	0.6999539835289977	0.0643910831627718	3	0.6058565576731353	0.07878011756993068	3	0.6372223662917561	0.07350624700932773	3	control
DLPFC	random	500	scvi	0.8932021972155005	0.13901639024498433	3	0.4313476382005574	0.08655577905346933	3	0.662274917708029	0.0969380265424163	3	0.15990777486231791	0.09772562248595616	3	0.2320094135460086	0.07238891726609331	3	0.19595859420416326	0.0733154599185352	3	0.5949790185119442	0.05415328218468724	3	0.42911675595609616	0.05426590035418671	3	0.48440417680804543	0.054182319324200666	3	control
DLPFC	scPNMF	100	cellcharter	0.6305327911526082		1	0.8380297463663254		1	0.7342812687594669		1	0.6649886703035558		1	0.5220309431415902		1	0.593509806722573		1	0.8356956928351255		1	0.66389553774102		1	0.7211622561057217		1	expression_driven
DLPFC	scPNMF	100	scvi	0.8951092236650046		1	0.6739843515596688		1	0.7845467876123366		1	0.44704483702789233		1	0.5513880164810698		1	0.4992164267544811		1	0.750710968933445		1	0.6418816071834088		1	0.6781580611000875		1	expression_driven
DLPFC	scPNMF	1000	cellcharter	0.5472281444029817		1	0.8778514403993009		1	0.7125397924011413		1	0.7130183082013559		1	0.6387229258435911		1	0.6758706170224735		1	0.8846933949028928		1	0.6942052047118075		1	0.7577012681088359		1	expression_driven
DLPFC	scPNMF	1000	scvi	0.7499315828855915		1	0.6888331560815146		1	0.719382369483553		1	0.4672405843350805		1	0.6397492233589352		1	0.5534949038470078		1	0.7679255971566826		1	0.6364386366652804		1	0.6802676234957478		1	expression_driven
DLPFC	scPNMF	10000	cellcharter	0.509021501197967		1	0.8463848588401314		1	0.6777031800190492		1	0.7194019692318223		1	0.5479688654806281		1	0.6336854173562252		1	0.827520179975653		1	0.6556942986876372		1	0.7129695924503091		1	expression_driven
DLPFC	scPNMF	10000	scvi	0.5203583674581477		1	0.4942132924863076		1	0.5072858299722276		1	0.46721677093471414		1	0.4167002313313636		1	0.44195850113303886		1	0.675194546315154		1	0.47462216555263326		1	0.5414796258068068		1	expression_driven
DLPFC	scPNMF	200	cellcharter	0.6112351481684601		1	0.8763210048493915		1	0.7437780765089258		1	0.6759701860430062		1	0.6438180683847938		1	0.6598941272139001		1	0.8591617513486496		1	0.701836101861413		1	0.7542779850238253		1	expression_driven
DLPFC	scPNMF	200	scvi	0.8764311051949703		1	0.6805649321174942		1	0.7784980186562322		1	0.45763697069136283		1	0.48642454950575176		1	0.47203076009855727		1	0.7554776893037967		1	0.6252643893773948		1	0.6686688226861954		1	expression_driven
DLPFC	scPNMF	2000	cellcharter	0.5338140807986014	0.0020877115384695167	3	0.8578558782181313	0.024818717013826697	3	0.6958349795083664	0.013434857252392409	3	0.7215796441352968	0.009351937710485985	3	0.63428050007992	0.040289987881073415	3	0.6779300721076084	0.022795880439613864	3	0.8851432076825811	0.017146724707518393	3	0.6868825258079875	0.00480988000565418	3	0.7529694197661853	0.006701272745763343	3	expression_driven
DLPFC	scPNMF	2000	scvi	0.7395810832067745	0.03076441927496931	3	0.6783471967663429	0.0371194434298909	3	0.7089641399865587	0.030513665752899377	3	0.4560271074658014	0.009647123205497335	3	0.6298211475002679	0.08988337475044893	3	0.5429241274830346	0.049578810609953415	3	0.7534124212984222	0.020769865926994285	3	0.6259441337347967	0.03995642785407869	3	0.6684335629226719	0.033500503298800895	3	expression_driven
DLPFC	scPNMF	500	cellcharter	0.5680710087749473		1	0.8260443633813401		1	0.6970576860781437		1	0.7030320005595065		1	0.6259332993879694		1	0.664482649973738		1	0.8660133152408755		1	0.6807701680259408		1	0.7425178837642523		1	expression_driven
DLPFC	scPNMF	500	scvi	0.7992135122645374		1	0.6907431466675247		1	0.744978329466031		1	0.46299831710086137		1	0.6213729131501166		1	0.5421856151254889		1	0.7531595278857897		1	0.64358197229576		1	0.6801078241591032		1	expression_driven
DLPFC	scPNMF	5000	cellcharter	0.5145640888811618		1	0.8436336269404807		1	0.6790988579108213		1	0.7327258814856782		1	0.5136250254838388		1	0.6231754534847584		1	0.8471230238542112		1	0.6511371556977898		1	0.716465778416597		1	expression_driven
DLPFC	scPNMF	5000	scvi	0.5550843078942155		1	0.490189597421501		1	0.5226369526578583		1	0.48438581030615885		1	0.3832245811277173		1	0.4338051957169381		1	0.6569379308044546		1	0.4782210741873982		1	0.537793359726417		1	expression_driven
DLPFC	scanpy_cell_ranger	100	cellcharter	0.7866961980957123		1	0.6713555623058648		1	0.7290258802007885		1	0.5645678306900614		1	0.33009785534737535		1	0.4473328430187184		1	0.7050456771571372		1	0.5881793616097535		1	0.627134800125548		1	expression_driven
DLPFC	scanpy_cell_ranger	100	scvi	0.9782336268611371		1	0.467201315878242		1	0.7227174713696896		1	0.1608311923964725		1	0.1611778551077884		1	0.16100452375213045		1	0.606911132454267		1	0.44186099756091		1	0.49687770919202895		1	expression_driven
DLPFC	scanpy_cell_ranger	1000	cellcharter	0.695734209488617		1	0.8017050026415701		1	0.7487196060650936		1	0.6403572053207202		1	0.5249610303850059		1	0.5826591178528631		1	0.8143063194771889		1	0.6656893619589783		1	0.7152283477983818		1	expression_driven
DLPFC	scanpy_cell_ranger	1000	scvi	0.9632788915096555		1	0.5888389698718479		1	0.7760589306907517		1	0.2756686128888895		1	0.2998197843218096		1	0.28774419860534955		1	0.7062460866715623		1	0.5319015646480506		1	0.5900164053225545		1	expression_driven
DLPFC	scanpy_cell_ranger	10000	cellcharter	0.5824213771347643		1	0.9320256099353734		1	0.7572234935350688		1	0.7094395137077308		1	0.7233361876196495		1	0.7163878506636902		1	0.9012416651166171		1	0.7368056720993794		1	0.7916176697717919		1	expression_driven
DLPFC	scanpy_cell_ranger	10000	scvi	0.8077881675038174		1	0.6998415596490677		1	0.7538148635764426		1	0.49546663537141766		1	0.6907393083986744		1	0.593102971885046		1	0.7694146310004377		1	0.6734589177307443		1	0.7054441554873088		1	expression_driven
DLPFC	scanpy_cell_ranger	200	cellcharter	0.7818743022504859		1	0.7173059502139156		1	0.7495901262322008		1	0.6107064567789388		1	0.4898130448787036		1	0.5502597508288212		1	0.7633100721249564		1	0.649924938530511		1	0.6877199830619928		1	expression_driven
DLPFC	scanpy_cell_ranger	200	scvi	0.9816583626788324		1	0.5038124634177893		1	0.7427354130483108		1	0.20391318810921014		1	0.2006177854628383		1	0.2022654867860242		1	0.6364081139914145		1	0.4725004499171675		1	0.5271363379419165		1	expression_driven
DLPFC	scanpy_cell_ranger	2000	cellcharter	0.6506506383508414	0.008028774818456296	3	0.8313601643158227	0.008941387720069706	3	0.7410054013333319	0.0019980777419241523	3	0.6565935342692327	0.0039812616966270935	3	0.5379264183662706	0.05522739757238493	3	0.5972599763177516	0.02865190492812607	3	0.8434622317417121	0.0065922510119577815	3	0.6691326888255418	0.01420117123715674	3	0.7272425364642653	0.007406221320472298	3	expression_driven
DLPFC	scanpy_cell_ranger	2000	scvi	0.9439210763666178	0.010039283857412477	3	0.6325063347915036	0.005153292479851983	3	0.7882137055790607	0.006979583954383346	3	0.33174666273416026	0.01890400490054972	3	0.36961474347740597	0.0263253410864864	3	0.3506807031057832	0.022431194400183617	3	0.7353666434207701	0.0061508791681950175	3	0.5694472043424219	0.010156472411650455	3	0.6247536840352047	0.0050339378680766995	3	expression_driven
DLPFC	scanpy_cell_ranger	500	cellcharter	0.7446627042151958		1	0.7722264050278371		1	0.7584445546215164		1	0.6357873321739322		1	0.49008686376924165		1	0.562937097971587		1	0.7848653766616116		1	0.6606908262965516		1	0.7020823430849049		1	expression_driven
DLPFC	scanpy_cell_ranger	500	scvi	0.9782711118373069		1	0.5353717210622564		1	0.7568214164497816		1	0.23778229889589345		1	0.25809093359151414		1	0.24793661624370378		1	0.6583746953464303		1	0.5023790163467428		1	0.5543775760133053		1	expression_driven
DLPFC	scanpy_cell_ranger	5000	cellcharter	0.6058922780041434		1	0.8919304533421302		1	0.7489113656731368		1	0.6737313540491052		1	0.7609968831895777		1	0.7173641186193415		1	0.8930244045426028		1	0.7331377421462391		1	0.7864332962783603		1	expression_driven
DLPFC	scanpy_cell_ranger	5000	scvi	0.7755075364234195		1	0.694636449772653		1	0.7350719930980363		1	0.4312148857951323		1	0.49874558363498434		1	0.46498023471505834		1	0.7738000602001283		1	0.6000261139065473		1	0.6579507626710742		1	expression_driven
DLPFC	scanpy_cell_ranger_batch	100	cellcharter	0.780207058475048		1	0.6503313463070232		1	0.7152692023910356		1	0.5538093729075663		1	0.38644963114804454		1	0.4701295020278054		1	0.6825235344433861		1	0.5926993522094205		1	0.622640746287409		1	expression_driven
DLPFC	scanpy_cell_ranger_batch	100	scvi	0.9636862252674464		1	0.44818619859132836		1	0.7059362119293874		1	0.17147001909949777		1	0.12081155299397987		1	0.14614078604673883		1	0.5979179266395105		1	0.4260384989880631		1	0.4833316415385456		1	expression_driven
DLPFC	scanpy_cell_ranger_batch	1000	cellcharter	0.7447079967227737		1	0.7812254637917728		1	0.7629667302572732		1	0.6460230904314038		1	0.5750143355348987		1	0.6105187129831513		1	0.8185822212249818		1	0.6867427216202122		1	0.7306892214884687		1	expression_driven
DLPFC	scanpy_cell_ranger_batch	1000	scvi	0.9611322357337098		1	0.5821641450240757		1	0.7716481903788928		1	0.283288143597179		1	0.28038866398959766		1	0.2818384037933883		1	0.6967104638276103		1	0.5267432970861405		1	0.5833990193332971		1	expression_driven
DLPFC	scanpy_cell_ranger_batch	10000	cellcharter	0.5747383102604513		1	0.9186262325642962		1	0.7466822714123738		1	0.7097009918510248		1	0.5787035377121548		1	0.6442022647815897		1	0.8760521511670616		1	0.6954422680969817		1	0.7556455624536751		1	expression_driven
DLPFC	scanpy_cell_ranger_batch	10000	scvi	0.8324940789188673		1	0.6898941886063831		1	0.7611941337626251		1	0.48477172466311086		1	0.6874070441325042		1	0.5860893843978076		1	0.7697283066115851		1	0.6736417590802164		1	0.7056706082573393		1	expression_driven
DLPFC	scanpy_cell_ranger_batch	200	cellcharter	0.7931243266168424		1	0.6884182410286743		1	0.7407712838227584		1	0.5867456542214152		1	0.3580270964925302		1	0.4723863753569727		1	0.7471187718164587		1	0.6065788295898655		1	0.6534254769987299		1	expression_driven
DLPFC	scanpy_cell_ranger_batch	200	scvi	0.9784143065303863		1	0.4794013579332925		1	0.7289078322318394		1	0.17455632012734126		1	0.16694522211473353		1	0.1707507711210374		1	0.6312254388036742		1	0.4498293016764384		1	0.5102946807188503		1	expression_driven
DLPFC	scanpy_cell_ranger_batch	2000	cellcharter	0.6871906372374587	0.010317646151994722	3	0.8215578936081789	0.002083385023949813	3	0.7543742654228188	0.004985237787722709	3	0.6607627037759004	0.0059138949477313746	3	0.613625973226889	0.04419882489102909	3	0.6371943385013947	0.02337338207855848	3	0.8424189991481601	0.004862206277484325	3	0.6957843019621067	0.012518472947788002	3	0.7446625343574578	0.0067305135022225375	3	expression_driven
DLPFC	scanpy_cell_ranger_batch	2000	scvi	0.9304714156776811	0.010735803770231414	3	0.6132140357919287	0.007270512205624972	3	0.7718427257348047	0.002546742552234113	3	0.37826853291094437	0.009071500645049121	3	0.3405732043732392	0.06855329446862941	3	0.35942086864209183	0.03850903311733184	3	0.7253960092487546	0.012996537442936586	3	0.5656317971884484	0.017981364383752144	3	0.6188865345418838	0.01608159259689604	3	expression_driven
DLPFC	scanpy_cell_ranger_batch	500	cellcharter	0.778132268150715		1	0.7447435061845804		1	0.7614378871676477		1	0.6367619860067989		1	0.4872643793842542		1	0.5620131826955266		1	0.7889158342420068		1	0.6617255349315871		1	0.7041223013683937		1	expression_driven
DLPFC	scanpy_cell_ranger_batch	500	scvi	0.9765614771087103		1	0.5218249284932847		1	0.7491932028009975		1	0.2413794833028501		1	0.21545013718214084		1	0.2284148102424955		1	0.6559847994797787		1	0.4888040065217465		1	0.5445309375077573		1	expression_driven
DLPFC	scanpy_cell_ranger_batch	5000	cellcharter	0.607837124625806		1	0.8836057946536697		1	0.7457214596397379		1	0.683403121103095		1	0.6930367933357229		1	0.688219957219409		1	0.8773599575196998		1	0.7169707084295734		1	0.7704337914596154		1	expression_driven
DLPFC	scanpy_cell_ranger_batch	5000	scvi	0.8695011668879533		1	0.6643241122397533		1	0.7669126395638532		1	0.46823179186736513		1	0.6071845314067312		1	0.5377081616370482		1	0.7652513095558591		1	0.6523104006004508		1	0.6899573702522535		1	expression_driven
DLPFC	scanpy_pearson	100	cellcharter	0.6288175767513215		1	0.8299546607700232		1	0.7293861187606724		1	0.6602943191408357		1	0.5786921205601743		1	0.619493219850505		1	0.8671649476205934		1	0.6744396693055887		1	0.7386814287439236		1	expression_driven
DLPFC	scanpy_pearson	100	scvi	0.9106985610261205		1	0.6303451490793601		1	0.7705218550527403		1	0.4380549200895067		1	0.4505553269987361		1	0.44430512354412144		1	0.7364171758474557		1	0.6074134892984309		1	0.6504147181481058		1	expression_driven
DLPFC	scanpy_pearson	1000	cellcharter	0.5808499988136732		1	0.8139820801910923		1	0.6974160395023827		1	0.7063472590607164		1	0.5413098406048908		1	0.6238285498328036		1	0.9086983032262946		1	0.6606222946675931		1	0.7433142975204937		1	expression_driven
DLPFC	scanpy_pearson	1000	scvi	0.769187196969201		1	0.6927195677073777		1	0.7309533823382894		1	0.49444093853210114		1	0.687211151867534		1	0.5908260451998175		1	0.775480123170816		1	0.6608897137690535		1	0.6990865169029744		1	expression_driven
DLPFC	scanpy_pearson	10000	cellcharter	0.5180391837164238		1	0.8951402650112146		1	0.7065897243638192		1	0.7160973903423349		1	0.5574208568732323		1	0.6367591236077836		1	0.872314561044049		1	0.6716744239858015		1	0.7385544696718839		1	expression_driven
DLPFC	scanpy_pearson	10000	scvi	0.5326582406203788		1	0.5447203290232414		1	0.5386892848218101		1	0.40666664755543086		1	0.42009068844107733		1	0.41337866799825407		1	0.6906697197101377		1	0.4760339764100321		1	0.547579224176734		1	expression_driven
DLPFC	scanpy_pearson	200	cellcharter	0.6177669702117231		1	0.8540092534311463		1	0.7358881118214347		1	0.6653514205227173		1	0.7025341734885444		1	0.6839427970056309		1	0.8856460128970424		1	0.7099154544135328		1	0.7684923072413693		1	expression_driven
DLPFC	scanpy_pearson	200	scvi	0.9136400513708542		1	0.640752644485847		1	0.7771963479283506		1	0.454087329600136		1	0.45276870119098633		1	0.45342801539556116		1	0.7467387641585937		1	0.6153121816619559		1	0.6591210424941685		1	expression_driven
DLPFC	scanpy_pearson	2000	cellcharter	0.5600066687257245	0.00246389006547372	3	0.8500377019586668	0.02053327019368124	3	0.7050221853421957	0.009420674605727264	3	0.7106463675637729	0.0024468371795932867	3	0.6568901267336595	0.026608307686144826	3	0.6837682471487162	0.0145274947702204	3	0.91392672731018	0.01405003700914435	3	0.694395216245456	0.0030464859019611033	3	0.767572386600364	0.0027784724839334113	3	expression_driven
DLPFC	scanpy_pearson	2000	scvi	0.7801377871643731	0.05039804867248524	3	0.7028281709222838	0.013712825129952868	3	0.7414829790433285	0.01852903811614644	3	0.49912744030904826	0.00475921369807598	3	0.6557120170681964	0.02692435928885034	3	0.5774197286886222	0.011145086961782501	3	0.7743164311135903	0.002142253240875405	3	0.6594513538659753	0.0037448773710888235	3	0.6977397129485138	0.0027094621400877788	3	expression_driven
DLPFC	scanpy_pearson	500	cellcharter	0.5946507565149604		1	0.82152449748196		1	0.7080876269984602		1	0.6943165095827731		1	0.6113443263471365		1	0.6528304179649549		1	0.8871868241539079		1	0.6804590224817075		1	0.7493682897057744		1	expression_driven
DLPFC	scanpy_pearson	500	scvi	0.8569143704997726		1	0.6728917306202106		1	0.7649030505599916		1	0.4750628453418156		1	0.6531996682175756		1	0.5641312567796956		1	0.7612781475818136		1	0.6645171536698435		1	0.6967708183071668		1	expression_driven
DLPFC	scanpy_pearson	5000	cellcharter	0.5371474497100355		1	0.7816372560651647		1	0.6593923528876		1	0.7217050668359354		1	0.7101127796144189		1	0.7159089232251772		1	0.9031483384807821		1	0.6876506380563886		1	0.7594832048645198		1	expression_driven
DLPFC	scanpy_pearson	5000	scvi	0.6897795824233799		1	0.640911053685868		1	0.6653453180546239		1	0.4806742745907107		1	0.4897790269590135		1	0.4852266507748621		1	0.7528896147878712		1	0.575285984414743		1	0.6344871945391191		1	expression_driven
DLPFC	scanpy_pearson_batch	100	cellcharter	0.7019316848945655		1	0.8274023540378982		1	0.7646670194662318		1	0.648643936177686		1	0.5967539512211029		1	0.6226989436993944		1	0.859172565835558		1	0.6936829815828132		1	0.7488461763337281		1	expression_driven
DLPFC	scanpy_pearson_batch	100	scvi	0.962533906943462		1	0.6108217513592004		1	0.7866778291513312		1	0.39235236908886645		1	0.34226516455744826		1	0.3673087668231574		1	0.7293492854114996		1	0.5769932979872443		1	0.6277786271286627		1	expression_driven
DLPFC	scanpy_pearson_batch	1000	cellcharter	0.5957359950156721		1	0.8935290532181621		1	0.7446325241169172		1	0.6819305675079083		1	0.7373422745535657		1	0.709636421030737		1	0.8793542458685271		1	0.7271344725738271		1	0.7778743970053937		1	expression_driven
DLPFC	scanpy_pearson_batch	1000	scvi	0.8536792763604946		1	0.6452418251364767		1	0.7494605507484856		1	0.4806418954804805		1	0.6449709427331513		1	0.5628064191068158		1	0.7532658625269999		1	0.6561334849276508		1	0.6885109441274339		1	expression_driven
DLPFC	scanpy_pearson_batch	10000	cellcharter	0.5212265798717655		1	0.8655683042069494		1	0.6933974420393574		1	0.7060966829062801		1	0.5915357105459542		1	0.6488161967261172		1	0.8724271405369062		1	0.6711068193827373		1	0.7382135931007937		1	expression_driven
DLPFC	scanpy_pearson_batch	10000	scvi	0.6103958450248963		1	0.5788022112645594		1	0.5945990281447279		1	0.49903546248755465		1	0.47151485000926874		1	0.48527515624841167		1	0.7349860993351005		1	0.5399370921965698		1	0.6049534279094134		1	expression_driven
DLPFC	scanpy_pearson_batch	200	cellcharter	0.6783200247681296		1	0.8494281762426216		1	0.7638741005053755		1	0.6507838824707007		1	0.5150915083830652		1	0.582937695426883		1	0.8780239475770657		1	0.6734058979661293		1	0.741611914503108		1	expression_driven
DLPFC	scanpy_pearson_batch	200	scvi	0.9167705360200968		1	0.6541471503796796		1	0.7854588431998882		1	0.4635711528336248		1	0.41369074764267844		1	0.43863095023815163		1	0.7514528915422031		1	0.61204489671902		1	0.6585142283267477		1	expression_driven
DLPFC	scanpy_pearson_batch	2000	cellcharter	0.5749978860560825	0.003858911564006195	3	0.9093643503637988	0.013627378294310849	3	0.7421811182099406	0.006047883959672023	3	0.6902786903800707	0.0024100709017942173	3	0.644904734340968	0.06956057696120506	3	0.6675917123605194	0.03378804150809484	3	0.8965870513188002	0.0043121228929987486	3	0.70488641528523	0.019688272515828234	3	0.7687866272964201	0.012623835467880895	3	expression_driven
DLPFC	scanpy_pearson_batch	2000	scvi	0.8526960496759868	0.027153087651318766	3	0.6807919170989885	0.006773247874458723	3	0.7667439833874877	0.013520086640144811	3	0.48148671639753654	0.013475981935401163	3	0.6481529357473046	0.01477938704387201	3	0.5648198260724205	0.014126835166062834	3	0.7631596247388345	0.0022207173891657184	3	0.6657819047299541	0.010480340066146274	3	0.6982411447329141	0.006464439406481977	3	expression_driven
DLPFC	scanpy_pearson_batch	500	cellcharter	0.613501603493633		1	0.875075442583114		1	0.7442885230383736		1	0.6640252923085813		1	0.789415179103826		1	0.7267202357062037		1	0.8835570620608528		1	0.7355043793722886		1	0.78485527360181		1	expression_driven
DLPFC	scanpy_pearson_batch	500	scvi	0.8847056701365887		1	0.6775016539237451		1	0.7811036620301669		1	0.45031208590156996		1	0.6460667245622352		1	0.5481894052319026		1	0.7714491853707324		1	0.6646465336310348		1	0.7002474175442673		1	expression_driven
DLPFC	scanpy_pearson_batch	5000	cellcharter	0.5454383716940898		1	0.8193673427527594		1	0.6824028572234246		1	0.7115999334437567		1	0.6395921782549294		1	0.675596055849343		1	0.8966717125498642		1	0.6789994565363838		1	0.751556875207544		1	expression_driven
DLPFC	scanpy_pearson_batch	5000	scvi	0.8101929234742977		1	0.6726967343095229		1	0.7414448288919103		1	0.4917443512669298		1	0.6314386432445322		1	0.561591497255731		1	0.7713199012539469		1	0.6515181630738207		1	0.6914520758005294		1	expression_driven
DLPFC	scanpy_seurat	100	cellcharter	0.7031908901957804		1	0.7314061154069915		1	0.717298502801386		1	0.6167169191210978		1	0.48012239844874366		1	0.5484196587849207		1	0.7815987298254686		1	0.6328590807931533		1	0.6824389638039251		1	expression_driven
DLPFC	scanpy_seurat	100	scvi	0.955882007213588		1	0.5101498212531959		1	0.7330159142333919		1	0.22748259272515822		1	0.1896104091408114		1	0.20854650093298482		1	0.6443810527412075		1	0.4707812075831883		1	0.5286478226358614		1	expression_driven
DLPFC	scanpy_seurat	1000	cellcharter	0.6355872123092361		1	0.8352823927365326		1	0.7354348025228843		1	0.6650450982047		1	0.5439972435226375		1	0.6045211708636687		1	0.848209576175938		1	0.6699779866932765		1	0.7293885165208303		1	expression_driven
DLPFC	scanpy_seurat	1000	scvi	0.9527067845703369		1	0.6096823080534655		1	0.7811945463119012		1	0.3437932012880866		1	0.29801172397646375		1	0.3209024626322752		1	0.7178922776702816		1	0.5510485044720882		1	0.6066630955381527		1	expression_driven
DLPFC	scanpy_seurat	10000	cellcharter	0.5396232160947224		1	0.8862710137101786		1	0.7129471149024504		1	0.7224400027580385		1	0.5775954077189256		1	0.6500177052384821		1	0.8395827485180679		1	0.6814824100704663		1	0.7341825228863335		1	expression_driven
DLPFC	scanpy_seurat	10000	scvi	0.47922613889572113		1	0.40790932463280233		1	0.44356773176426173		1	0.4837873650134498		1	0.40336798138119845		1	0.4435776731973241		1	0.5884998761279379		1	0.44357270248079295		1	0.4918817603631746		1	expression_driven
DLPFC	scanpy_seurat	200	cellcharter	0.6735360823240079		1	0.7672239538684256		1	0.7203800180962168		1	0.6441324408993955		1	0.5507682572022453		1	0.5974503490508204		1	0.798623909441148		1	0.6589151835735185		1	0.7054847588627284		1	expression_driven
DLPFC	scanpy_seurat	200	scvi	0.9535335952149222		1	0.5503731176092714		1	0.7519533564120968		1	0.25652970264264224		1	0.1833011007358568		1	0.2199154016892495		1	0.6732306284342685		1	0.48593437905067316		1	0.5483664621785382		1	expression_driven
DLPFC	scanpy_seurat	2000	cellcharter	0.6020213065476914	0.011490845638490975	3	0.8655979854084426	0.011563334941196157	3	0.733809645978067	0.0036682771178635602	3	0.6768816010970342	0.00780549698957004	3	0.6063872496854968	0.08011437382519916	3	0.6416344253912655	0.03980891851644115	3	0.8635108364383889	0.008667350094393504	3	0.6877220356846663	0.02120569307203333	3	0.7463183026025737	0.01620810367913665	3	expression_driven
DLPFC	scanpy_seurat	2000	scvi	0.8419671161800389	0.021381256307723	3	0.6341816752407855	0.0052979016740211105	3	0.7380743957104122	0.011422720797759658	3	0.44186506344047305	0.017285187238852934	3	0.495159738162598	0.06994195138959297	3	0.46851240080153556	0.04349365957357972	3	0.7254310396377935	0.009268459904816813	3	0.603293398255974	0.02249259219711157	3	0.6440059453832471	0.018048389944087813	3	expression_driven
DLPFC	scanpy_seurat	500	cellcharter	0.6462286462714932		1	0.8089814008682084		1	0.7276050235698508		1	0.6565530680791559		1	0.5551340541002592		1	0.6058435610897075		1	0.823227001152341		1	0.6667242923297791		1	0.7188918619372998		1	expression_driven
DLPFC	scanpy_seurat	500	scvi	0.96279714497553		1	0.6068829656441881		1	0.7848400553098591		1	0.29020685361726256		1	0.29493886830324484		1	0.2925728609602537		1	0.7011178584335227		1	0.5387064581350565		1	0.5928435915678786		1	expression_driven
DLPFC	scanpy_seurat	5000	cellcharter	0.5613753835932439		1	0.8788420369717105		1	0.7201087102824772		1	0.7003871533993314		1	0.6510943353779608		1	0.6757407443886461		1	0.8778559279234008		1	0.6979247273355617		1	0.7579017941981747		1	expression_driven
DLPFC	scanpy_seurat	5000	scvi	0.7456695379117501		1	0.5991345051139761		1	0.6724020215128631		1	0.4679425127587997		1	0.4095367085303577		1	0.43873961064457867		1	0.7336028194580404		1	0.5555708160787209		1	0.6149148172051607		1	expression_driven
DLPFC	scanpy_seurat_batch	100	cellcharter	0.7484217245263394		1	0.7743746186807148		1	0.7613981716035271		1	0.6346837619008645		1	0.5980591232711823		1	0.6163714425860234		1	0.8200642734248149		1	0.6888848070947753		1	0.7326112958714551		1	expression_driven
DLPFC	scanpy_seurat_batch	100	scvi	0.9658808157965416		1	0.5564247532289424		1	0.7611527845127419		1	0.2951172040870122		1	0.2167565049640682		1	0.2559368545255402		1	0.6797747205880946		1	0.5085448195191411		1	0.5656214532087923		1	expression_driven
DLPFC	scanpy_seurat_batch	1000	cellcharter	0.6234400860052848		1	0.8806282819153007		1	0.7520341839602928		1	0.6679823799450589		1	0.6138052409258135		1	0.6408938104354363		1	0.8887213115351215		1	0.6964639971978646		1	0.7605497686436169		1	expression_driven
DLPFC	scanpy_seurat_batch	1000	scvi	0.8831740600513192		1	0.6677753747254591		1	0.7754747173883891		1	0.4612646527793021		1	0.5009263626105638		1	0.4810955076949329		1	0.7633950288625055		1	0.6282851125416611		1	0.6733217513152759		1	expression_driven
DLPFC	scanpy_seurat_batch	10000	cellcharter	0.5427430503450905		1	0.9320398724943646		1	0.7373914614197276		1	0.6996183411111462		1	0.5820529698383032		1	0.6408356554747248		1	0.847616533095692		1	0.6891135584472261		1	0.741947883330048		1	expression_driven
DLPFC	scanpy_seurat_batch	10000	scvi	0.4919634176740973		1	0.5196683835195093		1	0.5058159005968033		1	0.47505365580036996		1	0.4041243832049318		1	0.4395890195026509		1	0.654839257473332		1	0.47270246004972705		1	0.5334147258575954		1	expression_driven
DLPFC	scanpy_seurat_batch	200	cellcharter	0.7305555149379431		1	0.7903012693180509		1	0.7604283921279971		1	0.6559294179492005		1	0.5263939321595774		1	0.5911616750543889		1	0.8279413683171168		1	0.675795033591193		1	0.7265104784998343		1	expression_driven
DLPFC	scanpy_seurat_batch	200	scvi	0.9621191841214676		1	0.5834298797360461		1	0.7727745319287569		1	0.38254138835756235		1	0.3510358353224091		1	0.36678861183998573		1	0.7127757566791292		1	0.5697815718843713		1	0.6174463001492906		1	expression_driven
DLPFC	scanpy_seurat_batch	2000	cellcharter	0.5969073080532247	0.0033929929047653057	3	0.8725819728473737	0.0067404096265814275	3	0.7347446404502992	0.0026673274461384484	3	0.6821812007348518	0.00828325063153453	3	0.6181742734684929	0.022869088632950677	3	0.6501777371016723	0.0129050495168568	3	0.8783270707635858	0.010377366121220723	3	0.6924611887759857	0.007480673983492313	3	0.7544164827718524	0.006539211732800178	3	expression_driven
DLPFC	scanpy_seurat_batch	2000	scvi	0.8699244221102359	0.02004533298422965	3	0.6683365543634713	0.019367158028474125	3	0.7691304882368537	0.013693926478986658	3	0.4689563142176046	0.025202178398786218	3	0.5591916753418434	0.05652775386252762	3	0.514073994779724	0.0156788542263962	3	0.7554266708950795	0.013550879717706929	3	0.6416022415082888	0.003226910144369035	3	0.6795437179705525	0.003436426523614038	3	expression_driven
DLPFC	scanpy_seurat_batch	500	cellcharter	0.7128558237719937		1	0.824942464272897		1	0.7688991440224453		1	0.6689142694531891		1	0.6406755657094482		1	0.6547949175813186		1	0.8364156184757664		1	0.7118470308018819		1	0.7533698933598435		1	expression_driven
DLPFC	scanpy_seurat_batch	500	scvi	0.9439102969243065		1	0.6204362572082852		1	0.7821732770662959		1	0.37173013033116725		1	0.3110409328325898		1	0.34138553158187857		1	0.7381470770099651		1	0.5617794043240872		1	0.6205686285527131		1	expression_driven
DLPFC	scanpy_seurat_batch	5000	cellcharter	0.5714770838318095		1	0.8992565126810039		1	0.7353667982564067		1	0.7084383569414702		1	0.6212261500591671		1	0.6648322535003186		1	0.884524445140809		1	0.7000995258783627		1	0.7615744989658447		1	expression_driven
DLPFC	scanpy_seurat_batch	5000	scvi	0.7955187323350013		1	0.6543069734192636		1	0.7249128528771325		1	0.49972985100105455		1	0.6217003033414732		1	0.5607150771712639		1	0.7568909582968381		1	0.6428139650241982		1	0.6808396294484115		1	expression_driven
DLPFC	scanpy_seurat_v3	100	cellcharter	0.7681984490583529		1	0.8414499031488126		1	0.8048241761035828		1	0.6486838921512521		1	0.7728300148821232		1	0.7107569535166877		1	0.8994250166232652		1	0.7577905648101353		1	0.8050020487478453		1	expression_driven
DLPFC	scanpy_seurat_v3	100	scvi	0.9666572136843865		1	0.610512800800883		1	0.7885850072426348		1	0.32092747111586956		1	0.3460485468337271		1	0.33348800897479836		1	0.7463661904049705		1	0.5610365081087165		1	0.6228130688741346		1	expression_driven
DLPFC	scanpy_seurat_v3	1000	cellcharter	0.5906554245508923		1	0.9577690685680376		1	0.774212246559465		1	0.6990021068552932		1	0.754084950653633		1	0.726543528754463		1	0.9444902723078472		1	0.750377887656964		1	0.815082015873925		1	expression_driven
DLPFC	scanpy_seurat_v3	1000	scvi	0.7982945128346928		1	0.7240269353765549		1	0.7611607241056239		1	0.5008223934819069		1	0.6535331630479215		1	0.5771777782649142		1	0.8034283155270381		1	0.669169251185269		1	0.7139222726325253		1	expression_driven
DLPFC	scanpy_seurat_v3	10000	cellcharter	0.5584057789640473		1	0.9748215087275667		1	0.766613643845807		1	0.7339892261919617		1	0.6898984873080736		1	0.7119438567500176		1	0.9133062878576668		1	0.7392787502979123		1	0.7972879294844972		1	expression_driven
DLPFC	scanpy_seurat_v3	10000	scvi	0.495254926173867		1	0.5322823166631125		1	0.5137686214184898		1	0.48145816893037713		1	0.4521484553616258		1	0.46680331214600146		1	0.6688969633981016		1	0.4902859667822456		1	0.5498229656541976		1	expression_driven
DLPFC	scanpy_seurat_v3	200	cellcharter	0.683262823368491		1	0.8686274789468396		1	0.7759451511576653		1	0.6614864799872765		1	0.7987498390262555		1	0.7301181595067661		1	0.8962335543098848		1	0.7530316553322156		1	0.8007656216581053		1	expression_driven
DLPFC	scanpy_seurat_v3	200	scvi	0.9500700361943455		1	0.6526558666662975		1	0.8013629514303215		1	0.3427268359911644		1	0.3827434839342282		1	0.3627351599626963		1	0.7486216064248576		1	0.5820490556965089		1	0.6375732392726251		1	expression_driven
DLPFC	scanpy_seurat_v3	2000	cellcharter	0.5820499744950093	0.002754423507872236	3	0.9444041072028987	0.04267015965186052	3	0.7632270408489541	0.020361806993389922	3	0.7040129981170452	0.006547341079819396	3	0.8614342411768349	0.03830326534220637	3	0.7827236196469401	0.02080478885525762	3	0.9475429071983914	0.005618558117530616	3	0.772975330247947	0.020402952245581304	3	0.8311645225647618	0.011810423905189481	3	expression_driven
DLPFC	scanpy_seurat_v3	2000	scvi	0.7729590414690658	0.009653024435589214	3	0.7522828556578077	0.009070879888717069	3	0.7626209485634368	0.007217350762060086	3	0.4980303230047285	0.017290248260426397	3	0.6802745608528532	0.08262614390654323	3	0.5891524419287908	0.049838993002507354	3	0.8207670668972575	0.008203266272808813	3	0.6758866952461138	0.027925143983402442	3	0.7241801524631617	0.02077743002721108	3	expression_driven
DLPFC	scanpy_seurat_v3	500	cellcharter	0.6274061785643948		1	0.9160117330123028		1	0.7717089557883487		1	0.6714971357169963		1	0.8754274587000047		1	0.7734622972085006		1	0.9338277759336124		1	0.7725856264984247		1	0.8263330096434872		1	expression_driven
DLPFC	scanpy_seurat_v3	500	scvi	0.9223429627702624		1	0.7162071926742581		1	0.8192750777222603		1	0.4112358439233204		1	0.6191142514199166		1	0.5151750476716185		1	0.8058818265881791		1	0.6672250626969394		1	0.7134439839940193		1	expression_driven
DLPFC	scanpy_seurat_v3	5000	cellcharter	0.5742981413085142		1	0.9762964616946372		1	0.7752973015015757		1	0.6946742680167978		1	0.671714485870698		1	0.6831943769437478		1	0.9346171933400911		1	0.7292458392226617		1	0.7977029572618047		1	expression_driven
DLPFC	scanpy_seurat_v3	5000	scvi	0.6139525724215638		1	0.642043420875843		1	0.6279979966487034		1	0.49854086715456747		1	0.5122027004086086		1	0.5053717837815881		1	0.7489309353952052		1	0.5666848902151458		1	0.6274335719418322		1	expression_driven
DLPFC	scanpy_seurat_v3_batch	100	cellcharter	0.770846447933303		1	0.8219066411023935		1	0.7963765445178483		1	0.6564603186229692		1	0.7584009993438706		1	0.7074306589834198		1	0.891197103842053		1	0.7519036017506341		1	0.7983347691144403		1	expression_driven
DLPFC	scanpy_seurat_v3_batch	100	scvi	0.9633983502971387		1	0.6009258182343729		1	0.7821620842657557		1	0.3336356817118151		1	0.2910543172004305		1	0.3123449994561228		1	0.7312188348720088		1	0.5472535418609392		1	0.6085753061979624		1	expression_driven
DLPFC	scanpy_seurat_v3_batch	1000	cellcharter	0.690568143532293		1	0.9007585338736893		1	0.7956633387029912		1	0.6782355801496648		1	0.8667678119335896		1	0.7725016960416272		1	0.9323978583405865		1	0.7840825173723092		1	0.833520964361735		1	expression_driven
DLPFC	scanpy_seurat_v3_batch	1000	scvi	0.907455532133226		1	0.679990304544843		1	0.7937229183390345		1	0.4834316251201538		1	0.6800126250133375		1	0.5817221250667457		1	0.7735895204400794		1	0.6877225217028902		1	0.7163448546152865		1	expression_driven
DLPFC	scanpy_seurat_v3_batch	10000	cellcharter	0.5640574305556615		1	0.9726441693937352		1	0.7683507999746984		1	0.6937392694802433		1	0.6601657532952339		1	0.6769525113877386		1	0.9034407066144301		1	0.7226516556812185		1	0.7829146726589556		1	expression_driven
DLPFC	scanpy_seurat_v3_batch	10000	scvi	0.5457500796489595		1	0.5517657476124591		1	0.5487579136307092		1	0.5175615508735032		1	0.4549495328653346		1	0.4862555418694189		1	0.7285657595795199		1	0.517506727750064		1	0.5878597383598826		1	expression_driven
DLPFC	scanpy_seurat_v3_batch	200	cellcharter	0.7457922827953247		1	0.8682221258715228		1	0.8070072043334238		1	0.6674245059513497		1	0.8609586755534211		1	0.7641915907523854		1	0.9141510707740799		1	0.7855993975429045		1	0.8284499552866297		1	expression_driven
DLPFC	scanpy_seurat_v3_batch	200	scvi	0.9603555475611596		1	0.6404252236924655		1	0.8003903856268125		1	0.32776444331912274		1	0.2915784972509612		1	0.30967147028504194		1	0.7546886655380566		1	0.5550309279559272		1	0.6215835071499703		1	expression_driven
DLPFC	scanpy_seurat_v3_batch	2000	cellcharter	0.606414394836013	0.008785527570231247	3	0.9521007646028914	0.0064607901751550885	3	0.7792575797194522	0.002870869564782373	3	0.6879204435177982	0.00311197320222068	3	0.7983224042778471	0.047195569129406846	3	0.7431214238978227	0.024372336337893964	3	0.9347875415718799	0.004674837343498683	3	0.7611895018086375	0.01361316839177086	3	0.8190555150630517	0.009989915487743363	3	expression_driven
DLPFC	scanpy_seurat_v3_batch	2000	scvi	0.8634130477080775	0.015791966503764108	3	0.7047140051264827	0.010112266728999677	3	0.78406352641728	0.004030746762086923	3	0.4821780621165251	0.013685347305877544	3	0.7161782246930195	0.018529889750225213	3	0.5991781434047724	0.006956861842713571	3	0.7751378352839663	0.008457694231950093	3	0.6916208349110261	0.002446545245237275	3	0.7194598350353395	0.003626095034062247	3	expression_driven
DLPFC	scanpy_seurat_v3_batch	500	cellcharter	0.7186685844085061		1	0.8782887907975955		1	0.7984786876030507		1	0.6651449294569717		1	0.9144626325818301		1	0.789803781019401		1	0.911356383113169		1	0.7941412343112259		1	0.8332129505785403		1	expression_driven
DLPFC	scanpy_seurat_v3_batch	500	scvi	0.9287149479810258		1	0.6444981093227061		1	0.786606528651866		1	0.40467122393726546		1	0.48695716168636416		1	0.4458141928118148		1	0.7543206590900633		1	0.6162103607318403		1	0.662247126851248		1	expression_driven
DLPFC	scanpy_seurat_v3_batch	5000	cellcharter	0.5785089820729726		1	0.9733139385448402		1	0.7759114603089063		1	0.7087738390651529		1	0.9023645073940142		1	0.8055691732295835		1	0.9265688242313869		1	0.7907403167692449		1	0.8360164859232923		1	expression_driven
DLPFC	scanpy_seurat_v3_batch	5000	scvi	0.6228163511408706		1	0.62689554920263		1	0.6248559501717503		1	0.49664196381727743		1	0.5803490523520014		1	0.5384955080846394		1	0.7379604838449637		1	0.5816757291281949		1	0.6337706473671179		1	expression_driven
DLPFC	scry	100	cellcharter	0.6150378221674456		1	0.899802895984435		1	0.7574203590759403		1	0.6796382023713909		1	0.7725007114947904		1	0.7260694569330907		1	0.9217004329983226		1	0.7417449080045155		1	0.8017300830024512		1	expression_driven
DLPFC	scry	100	scvi	0.9042422255754943		1	0.7087155095441864		1	0.8064788675598403		1	0.47019932193686786		1	0.6508084238840706		1	0.5605038729104692		1	0.7940501133750668		1	0.6834913702351548		1	0.7203442846151255		1	expression_driven
DLPFC	scry	1000	cellcharter	0.5626368421843388		1	0.9484323787432707		1	0.7555346104638048		1	0.6993939919224842		1	0.6686548397075991		1	0.6840244158150417		1	0.9136775173949787		1	0.7197795131394232		1	0.7844121812246083		1	expression_driven
DLPFC	scry	1000	scvi	0.7755686654887586		1	0.6888911939271598		1	0.7322299297079592		1	0.5121738728135076		1	0.6843499586110535		1	0.5982619157122806		1	0.780040260017654		1	0.66524592271012		1	0.7035107018126313		1	expression_driven
DLPFC	scry	10000	cellcharter	0.5143455628599111		1	0.9193251803710725		1	0.7168353716154918		1	0.6876060189782547		1	0.48713001412497103		1	0.5873680165516129		1	0.8807000787159189		1	0.6521016940835523		1	0.7283011556276745		1	expression_driven
DLPFC	scry	10000	scvi	0.47944253010511795		1	0.3498265163677287		1	0.41463452323642336		1	0.5751693559493031		1	0.41866370864347835		1	0.4969165322963907		1	0.5399875705951188		1	0.45577552776640706		1	0.48384620870931094		1	expression_driven
DLPFC	scry	200	cellcharter	0.5987965724684816		1	0.9040910619857846		1	0.7514438172271332		1	0.7019892926567756		1	0.7827360701887193		1	0.7423626814227474		1	0.941981952844576		1	0.7469032493249403		1	0.8119294838314856		1	expression_driven
DLPFC	scry	200	scvi	0.8794465193292802		1	0.7115615696939244		1	0.7955040445116023		1	0.47825456617808754		1	0.6518164304134284		1	0.5650354982957579		1	0.7967135880083007		1	0.6802697714036801		1	0.7190843769385536		1	expression_driven
DLPFC	scry	2000	cellcharter	0.5452140062474627	0.0035817558275012904	3	0.9332360102184681	0.008531256825695943	3	0.7392250082329656	0.0024758235001879248	3	0.702595542776239	0.012299945566536047	3	0.5914239085595017	0.020896374247157772	3	0.6470097256678703	0.016310964547958644	3	0.9005674793760144	0.0038039108675984403	3	0.6931173669504179	0.009216709910762696	3	0.7622674044256167	0.006387459765756709	3	expression_driven
DLPFC	scry	2000	scvi	0.6757710764904324	0.06756509665642767	3	0.6481758036255147	0.07205331803805143	3	0.6619734400579736	0.06977760092490914	3	0.46345552783627914	0.008473921918512397	3	0.641836330543534	0.09753871522921954	3	0.5526459291899065	0.04806316004325854	3	0.735758162874291	0.031343347582007595	3	0.6073096846239401	0.05882610762719541	3	0.6501258440407237	0.049654400654110246	3	expression_driven
DLPFC	scry	500	cellcharter	0.5669946431990904		1	0.8973478399057716		1	0.7321712415524311		1	0.7028550627272482		1	0.734556088556275		1	0.7187055756417615		1	0.9242843709384734		1	0.7254384085970963		1	0.7917203960442221		1	expression_driven
DLPFC	scry	500	scvi	0.81535698849224		1	0.7043096859672993		1	0.7598333372297696		1	0.4810262735812258		1	0.6842290050264221		1	0.582627639303824		1	0.793409099192209		1	0.6712304882667968		1	0.7119566919086009		1	expression_driven
DLPFC	scry	5000	cellcharter	0.5363733306377526		1	0.9442131476421869		1	0.7402932391399697		1	0.7034665411976101		1	0.581145651007386		1	0.642306096102498		1	0.8962009823905477		1	0.6912996676212338		1	0.7596001058776718		1	expression_driven
DLPFC	scry	5000	scvi	0.5820934694852401		1	0.59925360460622		1	0.5906735370457301		1	0.43609312199341477		1	0.580694171316338		1	0.5083936466548764		1	0.7363925781291287		1	0.5495335918503033		1	0.6118199206099117		1	expression_driven
DLPFC	scsegindex	100	cellcharter	0.789574674007093		1	0.5200645437817332		1	0.6548196088944132		1	0.39657790729894665		1	0.2815450085407411		1	0.3390614579198439		1	0.5954500013528885		1	0.4969405334071285		1	0.5297770227223818		1	control
DLPFC	scsegindex	100	scvi	0.8522311261761355		1	0.38105157161175207		1	0.6166413488939437		1	0.1420215726395557		1	0.15283722254441268		1	0.1474293975919842		1	0.5491150897376145		1	0.382035373242964		1	0.43772861207451413		1	control
DLPFC	scsegindex	1000	cellcharter	0.6332018897979681		1	0.7496530308449526		1	0.6914274603214603		1	0.6490092871853156		1	0.40257654977181495		1	0.5257929184785652		1	0.7829264185147706		1	0.6086101894000128		1	0.6667155991049322		1	control
DLPFC	scsegindex	1000	scvi	0.7451380802050653		1	0.5291779090792377		1	0.6371579946421515		1	0.3627548228880113		1	0.47204410947974224		1	0.4173994661838768		1	0.6599066565890672		1	0.5272787304130142		1	0.5714880391383652		1	control
DLPFC	scsegindex	10000	cellcharter	0.5355231585243563		1	0.9222281205659736		1	0.728875639545165		1	0.7094526955421067		1	0.5962081521125091		1	0.6528304238273079		1	0.8944642138876691		1	0.6908530316862365		1	0.7587234257533807		1	control
DLPFC	scsegindex	10000	scvi	0.6096431067550105		1	0.6157582111550723		1	0.6127006589550414		1	0.4408088513026614		1	0.5568646001340523		1	0.4988367257183568		1	0.7220305031369767		1	0.5557686923366991		1	0.6111892959367916		1	control
DLPFC	scsegindex	200	cellcharter	0.7507052988543242		1	0.6204874102421638		1	0.685596354548244		1	0.5351284657107106		1	0.35305092617063416		1	0.4440896959406724		1	0.6967524024596963		1	0.5648430252444582		1	0.6088128176495375		1	control
DLPFC	scsegindex	200	scvi	0.8042689919484465		1	0.4187546347215244		1	0.6115118133349855		1	0.26004136758983926		1	0.25510886440656166		1	0.2575751159982005		1	0.600324545651954		1	0.434543464666593		1	0.4898038249950467		1	control
DLPFC	scsegindex	500	cellcharter	0.6725168237896909	0.00569123449218712	3	0.7029276413272393	0.017200987713485334	3	0.6877222325584652	0.007758944794783997	3	0.6181062662337996	0.007630349388248207	3	0.3836381071443047	0.03994624521177298	3	0.5008721866890522	0.023778529176210608	3	0.7475790679331024	0.012094938928625136	3	0.5942972096237585	0.014208999412387723	3	0.6453911623935399	0.013253394596906786	3	control
DLPFC	scsegindex	500	scvi	0.7581251506226659	0.0910919188571017	3	0.46602663222121343	0.051714297108890514	3	0.6120758914219396	0.07138494606784676	3	0.3115109387112039	0.022504096937418176	3	0.36234649239901606	0.08174809401703304	3	0.33692871555511	0.05198485991753057	3	0.6356541426256516	0.027678110525412882	3	0.4745023034885249	0.061675113484492866	3	0.5282195832009003	0.05034167853073728	3	control
DLPFC	scsegindex	5000	cellcharter	0.5355231585243563		1	0.9222281205659736		1	0.728875639545165		1	0.7094526955421067		1	0.5962081521125091		1	0.6528304238273079		1	0.8944642138876691		1	0.6908530316862365		1	0.7587234257533807		1	control
DLPFC	scsegindex	5000	scvi	0.6096431067550105		1	0.6157582111550723		1	0.6127006589550414		1	0.4408088513026614		1	0.5568646001340523		1	0.4988367257183568		1	0.7220305031369767		1	0.5557686923366991		1	0.6111892959367916		1	control
DLPFC	seurat_disp	100	cellcharter	0.6443254377193833		1	0.8262235216850785		1	0.7352744797022309		1	0.6685972464977553		1	0.4657005288425593		1	0.5671488876701574		1	0.8599064925058939		1	0.6512116836861941		1	0.7207766199594273		1	expression_driven
DLPFC	seurat_disp	100	scvi	0.9145835366184502		1	0.5385452110232952		1	0.7265643738208727		1	0.3949564302214444		1	0.303859636923226		1	0.3494080335723352		1	0.6864998563183263		1	0.5379862036966039		1	0.5874907545705114		1	expression_driven
DLPFC	seurat_disp	1000	cellcharter	0.5764877236281396		1	0.8824279581464843		1	0.729457840887312		1	0.6832994366292656		1	0.6593052498703853		1	0.6713023432498255		1	0.8966262287459399		1	0.7003800920685688		1	0.7657954709610258		1	expression_driven
DLPFC	seurat_disp	1000	scvi	0.8012493384524921		1	0.6522999288441638		1	0.726774633648328		1	0.4731487695369679		1	0.5603793129591679		1	0.5167640412480679		1	0.7458853421019618		1	0.6217693374481978		1	0.6631413389994525		1	expression_driven
DLPFC	seurat_disp	10000	cellcharter	0.520121615525426		1	0.9205588400546536		1	0.7203402277900398		1	0.7057726798548378		1	0.5583691913594235		1	0.6320709356071307		1	0.8564800082780395		1	0.6762055816985852		1	0.73629705722507		1	expression_driven
DLPFC	seurat_disp	10000	scvi	0.45526442304687287		1	0.3683915799746109		1	0.4118280015107419		1	0.495389956856577		1	0.4122614303400781		1	0.4538256935983276		1	0.5772568539905563		1	0.4328268475545347		1	0.48097018303320854		1	expression_driven
DLPFC	seurat_disp	200	cellcharter	0.6652060232331278		1	0.8359629720534687		1	0.7505844976432983		1	0.6576162797771637		1	0.5663946392474892		1	0.6120054595123265		1	0.872789877866563		1	0.6812949785778124		1	0.7451266116740626		1	expression_driven
DLPFC	seurat_disp	200	scvi	0.9274586929110981		1	0.5700350898891824		1	0.7487468914001403		1	0.4209687645147393		1	0.3539687761382404		1	0.38746877032648985		1	0.714428119009066		1	0.5681078308633151		1	0.616881260245232		1	expression_driven
DLPFC	seurat_disp	2000	cellcharter	0.5660235355339216	0.006813384415199842	3	0.8050961836880687	0.018169878744255536	3	0.6855598596109952	0.01191054499574797	3	0.7143693504830823	0.010807093545796256	3	0.6074428912261881	0.07590257093211668	3	0.6609061208546353	0.03956254292487111	3	0.8884851253167355	0.0008674898520543874	3	0.6732329902328152	0.025677065199884094	3	0.7449837019274553	0.016829768267433147	3	expression_driven
DLPFC	seurat_disp	2000	scvi	0.8159380887372837	0.018845490414235787	3	0.668200914661275	0.007062224065812275	3	0.7420695016992793	0.010552038173319076	3	0.508577197030685	0.021501707648638173	3	0.6138236984248576	0.00305187474934553	3	0.5612004477277713	0.012174967579196063	3	0.7526168717075192	0.0035017305711579046	3	0.6516349747135253	0.005981993163646716	3	0.6852956070448565	0.0028207625850585117	3	expression_driven
DLPFC	seurat_disp	500	cellcharter	0.6104249280421572		1	0.8732159123811611		1	0.7418204202116592		1	0.6769838045077261		1	0.6990966708165758		1	0.6880402376621509		1	0.9073187431420285		1	0.7149303289369051		1	0.7790598003386129		1	expression_driven
DLPFC	seurat_disp	500	scvi	0.8841654383059733		1	0.6460945053975279		1	0.7651299718517506		1	0.4664854047197808		1	0.5673297079371185		1	0.5169075563284496		1	0.745594797803317		1	0.6410187640901002		1	0.6758774419945057		1	expression_driven
DLPFC	seurat_disp	5000	cellcharter	0.5302378251015237		1	0.8452732413071005		1	0.6877555332043122		1	0.7419060784590489		1	0.6513825914299529		1	0.6966443349445008		1	0.8877839859121366		1	0.6921999340744065		1	0.7573946180203165		1	expression_driven
DLPFC	seurat_disp	5000	scvi	0.8371661874219555		1	0.6762361948270634		1	0.7567011911245094		1	0.5356755556359406		1	0.6450046722881727		1	0.5903401139620567		1	0.7701852775626434		1	0.6735206525432831		1	0.7057421942164032		1	expression_driven
DLPFC	seurat_mvp	100	cellcharter	0.6929276102853814		1	0.8135589661378719		1	0.7532432882116267		1	0.6546791712632097		1	0.6055923364100073		1	0.6301357538366086		1	0.8471263474668107		1	0.6916895210241176		1	0.7435017965050154		1	expression_driven
DLPFC	seurat_mvp	100	scvi	0.9455740810634672		1	0.6146497749634416		1	0.7801119280134544		1	0.3665160899247617		1	0.28133514452198466		1	0.3239256172233732		1	0.726970278519435		1	0.5520187726184138		1	0.6103359412520876		1	expression_driven
DLPFC	seurat_mvp	1000	cellcharter	0.6130506119177803		1	0.8600584891389539		1	0.736554550528367		1	0.6750550821536612		1	0.589854326558475		1	0.6324547043560681		1	0.872959965200968		1	0.6845046274422175		1	0.7473230733618009		1	expression_driven
DLPFC	seurat_mvp	1000	scvi	0.8738517020528704		1	0.6409107465313115		1	0.757381224292091		1	0.4615745164941802		1	0.556650708779094		1	0.5091126126366371		1	0.7346176832993498		1	0.6332469184643641		1	0.6670371734093594		1	expression_driven
DLPFC	seurat_mvp	10000	cellcharter	0.6130506119177803		1	0.8600584891389539		1	0.736554550528367		1	0.6750550821536612		1	0.589854326558475		1	0.6324547043560681		1	0.872959965200968		1	0.6845046274422175		1	0.7473230733618009		1	expression_driven
DLPFC	seurat_mvp	10000	scvi	0.8738517020528704		1	0.6409107465313115		1	0.757381224292091		1	0.4615745164941802		1	0.556650708779094		1	0.5091126126366371		1	0.7346176832993498		1	0.6332469184643641		1	0.6670371734093594		1	expression_driven
DLPFC	seurat_mvp	200	cellcharter	0.6522374519997649		1	0.847676147720617		1	0.7499567998601909		1	0.6716906644652111		1	0.7495972079861809		1	0.710643936225696		1	0.8572748989806909		1	0.7303003680429434		1	0.7726252116888593		1	expression_driven
DLPFC	seurat_mvp	200	scvi	0.9272962633477124		1	0.6438767085338206		1	0.7855864859407665		1	0.421717806221126		1	0.34276789558488363		1	0.3822428509030048		1	0.736982394291807		1	0.5839146684218857		1	0.6349372437118594		1	expression_driven
DLPFC	seurat_mvp	2000	cellcharter	0.6142814023528627	0.0022157181995371214	3	0.8595975476759098	0.0036999724281496114	3	0.7369394750143862	0.0009297571545157755	3	0.6759781100011523	0.008342387393544882	3	0.6503719679881725	0.06898118074544637	3	0.6631750389946625	0.032275772387979657	3	0.8661184053867802	0.005925366977283734	3	0.7000572570045241	0.016523075843495924	3	0.7554109731319428	0.009490281128921862	3	expression_driven
DLPFC	seurat_mvp	2000	scvi	0.8776818994010996	0.004042069437136784	3	0.6408861427929076	0.010949908037951275	3	0.7592840210970037	0.006831602468884035	3	0.4535616195202874	0.007355811553443843	3	0.45035265879604597	0.1156282955517636	3	0.4519571391581667	0.059917062471706736	3	0.7376019400040662	0.005074526611137753	3	0.6056205801275851	0.03131011029205969	3	0.6496143667530788	0.02121979208586223	3	expression_driven
DLPFC	seurat_mvp	500	cellcharter	0.6308560845157819		1	0.8610526186876007		1	0.7459543516016913		1	0.6675905804507046		1	0.6760399919956938		1	0.6718152862231992		1	0.8680360684150759		1	0.7088848189124453		1	0.7619352354133221		1	expression_driven
DLPFC	seurat_mvp	500	scvi	0.8849816669557089		1	0.6346886775295355		1	0.7598351722426222		1	0.46122408130616394		1	0.4923775540900584		1	0.47680081769811117		1	0.737452544917205		1	0.6183179949703667		1	0.6580295116193128		1	expression_driven
DLPFC	seurat_mvp	5000	cellcharter	0.6130506119177803		1	0.8600584891389539		1	0.736554550528367		1	0.6750550821536612		1	0.589854326558475		1	0.6324547043560681		1	0.872959965200968		1	0.6845046274422175		1	0.7473230733618009		1	expression_driven
DLPFC	seurat_mvp	5000	scvi	0.8738517020528704		1	0.6409107465313115		1	0.757381224292091		1	0.4615745164941802		1	0.556650708779094		1	0.5091126126366371		1	0.7346176832993498		1	0.6332469184643641		1	0.6670371734093594		1	expression_driven
DLPFC	seurat_sct	100	cellcharter	0.6277362090650783		1	0.8560513293266665		1	0.7418937691958725		1	0.667181169307182		1	0.5649870978986792		1	0.6160841336029306		1	0.8772603515922097		1	0.6789889513994015		1	0.7450794181303376		1	expression_driven
DLPFC	seurat_sct	100	scvi	0.9350831872369401		1	0.6574130753481746		1	0.7962481312925573		1	0.4209103930988345		1	0.4461450854111381		1	0.43352773925498633		1	0.77608236471131		1	0.6148879352737718		1	0.6686194117529513		1	expression_driven
DLPFC	seurat_sct	1000	cellcharter	0.5601257599781422		1	0.8995682504855309		1	0.7298470052318365		1	0.6973560986697911		1	0.6751611909648451		1	0.686258644817318		1	0.9170783665527005		1	0.7080528250245772		1	0.7777280055339517		1	expression_driven
DLPFC	seurat_sct	1000	scvi	0.8040893571510939		1	0.7195050393798649		1	0.7617971982654794		1	0.49762485079791247		1	0.6893887050268721		1	0.5935067779123923		1	0.7911615417583797		1	0.6776519880889358		1	0.7154885059787505		1	expression_driven
DLPFC	seurat_sct	10000	cellcharter	0.5243129104862984		1	0.9252678493379513		1	0.7247903799121248		1	0.6914206982369117		1	0.516726367826165		1	0.6040735330315383		1	0.8813224359565941		1	0.6644319564718315		1	0.7367287829667525		1	expression_driven
DLPFC	seurat_sct	10000	scvi	0.46065495526126654		1	0.40277633895642395		1	0.43171564710884525		1	0.44284277819874435		1	0.3770921950942765		1	0.4099674866465104		1	0.6093414362277179		1	0.4208415668776778		1	0.4836748566610245		1	expression_driven
DLPFC	seurat_sct	200	cellcharter	0.609928693479696		1	0.8857818381245312		1	0.7478552658021136		1	0.6869584157817727		1	0.6487031686048197		1	0.6678307921932962		1	0.8897235291080836		1	0.7078430289977049		1	0.7684698623678311		1	expression_driven
DLPFC	seurat_sct	200	scvi	0.8841880442382982		1	0.675823975413937		1	0.7800060098261177		1	0.47809042761003856		1	0.5276721250957446		1	0.5028812763528916		1	0.7822987617844926		1	0.6414436430895046		1	0.6883953493211673		1	expression_driven
DLPFC	seurat_sct	2000	cellcharter	0.547845697578801	0.0029453343648939236	3	0.9409194770522795	0.020791077588346238	3	0.7443825873155402	0.011752901902638597	3	0.7105143642877528	0.002627702882664334	3	0.6699100858911988	0.060676355602129965	3	0.6902122250894758	0.031147649338982834	3	0.9137939057605134	0.008900723941664797	3	0.717297406202508	0.019611199986955583	3	0.7827962393885098	0.010235228033238954	3	expression_driven
DLPFC	seurat_sct	2000	scvi	0.8061941844985542	0.04060746938829273	3	0.7139004179010824	0.018123445009252125	3	0.7600473011998182	0.011458753551351475	3	0.5143511825739083	0.021962244890842017	3	0.7417725401575632	0.0661168888354368	3	0.6280618613657357	0.04403884490433718	3	0.7840808787697039	0.007063205173168709	3	0.694054581282777	0.01695541924227159	3	0.7240633471117525	0.00993167198133333	3	expression_driven
DLPFC	seurat_sct	500	cellcharter	0.5792651786613978		1	0.9128654207270979		1	0.7460652996942478		1	0.6907126398129108		1	0.7240512155845904		1	0.7073819276987505		1	0.9190423854189798		1	0.7267236136964992		1	0.7908298709373259		1	expression_driven
DLPFC	seurat_sct	500	scvi	0.8385749056446519		1	0.7073601834643213		1	0.7729675445544866		1	0.4988006463030108		1	0.6768439548519138		1	0.5878223005774623		1	0.7842677876574706		1	0.6803949225659744		1	0.7150192109298065		1	expression_driven
DLPFC	seurat_sct	5000	cellcharter	0.5193117880505893		1	0.9053466843432367		1	0.712329236196913		1	0.7303526012920817		1	0.5827085944653783		1	0.6565305978787299		1	0.8914659974768918		1	0.6844299170378214		1	0.753441943850845		1	expression_driven
DLPFC	seurat_sct	5000	scvi	0.5441599686021147		1	0.539146402362887		1	0.5416531854825009		1	0.4714976235839569		1	0.4191320732274445		1	0.4453148484057007		1	0.6977823937718277		1	0.49348401694410077		1	0.5615834758866765		1	expression_driven
DLPFC	seurat_vst	100	cellcharter	0.7680227663990533		1	0.8403191219722889		1	0.804170944185671		1	0.6524975690735207		1	0.8512539052352818		1	0.7518757371544013		1	0.8998308537896436		1	0.7780233406700361		1	0.8186258450432385		1	expression_driven
DLPFC	seurat_vst	100	scvi	0.9654652923188092		1	0.6183579528084325		1	0.7919116225636209		1	0.31339622822173935		1	0.4442284999226428		1	0.3788123640721911		1	0.7478999048255255		1	0.585361993317906		1	0.6395412971537792		1	expression_driven
DLPFC	seurat_vst	1000	cellcharter	0.591705556834696		1	0.9581290948745345		1	0.7749173258546151		1	0.6941328130912571		1	0.7866016352972097		1	0.7403672241942334		1	0.9446692134085954		1	0.7576422750244243		1	0.819984587819148		1	expression_driven
DLPFC	seurat_vst	1000	scvi	0.8109605054408878		1	0.7274148539665252		1	0.7691876797037065		1	0.5051816057196743		1	0.6634679056870563		1	0.5843247557033653		1	0.8021694132330922		1	0.6767562177035359		1	0.718560616213388		1	expression_driven
DLPFC	seurat_vst	10000	cellcharter	0.5580495079608669		1	0.9719657809089507		1	0.7650076444349088		1	0.6952948305638401		1	0.7195518258566068		1	0.7074233282102235		1	0.9160056695706249		1	0.7362154863225661		1	0.7961455474052523		1	expression_driven
DLPFC	seurat_vst	10000	scvi	0.5307456777453702		1	0.5040059449741158		1	0.517375811359743		1	0.4889738079109043		1	0.45477679618715633		1	0.4718753020490303		1	0.6662844876209978		1	0.4946255567043866		1	0.551845200343257		1	expression_driven
DLPFC	seurat_vst	200	cellcharter	0.6835019409341864		1	0.8685854105619831		1	0.7760436757480847		1	0.6586399476263568		1	0.8073600919113662		1	0.7330000197688615		1	0.8971453142895984		1	0.7545218477584732		1	0.8020630032688483		1	expression_driven
DLPFC	seurat_vst	200	scvi	0.9510940255184201		1	0.6427993923381576		1	0.7969467089282889		1	0.3718855818049846		1	0.4122047025491845		1	0.3920451421770845		1	0.7490900594962331		1	0.5944959255526867		1	0.6460273035338688		1	expression_driven
DLPFC	seurat_vst	2000	cellcharter	0.5828731515435467	0.0029327576537285975	3	0.9467807760819557	0.0397842154571845	3	0.7648269638127512	0.018731087386210585	3	0.7042154097447302	0.0037014188143069575	3	0.8467174707592529	0.07459784016515823	3	0.7754664402519914	0.0387692304640151	3	0.9458187240680725	0.005892417283735392	3	0.7701467020323713	0.022564678311655043	3	0.8287040427109383	0.014018049556474796	3	expression_driven
DLPFC	seurat_vst	2000	scvi	0.7661204375183779	0.015037215583851899	3	0.7518347394273638	0.004882784818448941	3	0.7589775884728708	0.009554091682566896	3	0.5139897448940868	0.013605088145644427	3	0.7056250454111043	0.03077012837837058	3	0.6098073951525956	0.021804212560056466	3	0.8191492166409177	0.008646218194077454	3	0.6843924918127332	0.015620627777546385	3	0.7293114000887947	0.013046171705924495	3	expression_driven
DLPFC	seurat_vst	500	cellcharter	0.6275413687543915		1	0.9155093714735743		1	0.7715253701139828		1	0.6881587156852045		1	0.8252919650895592		1	0.7567253403873818		1	0.9359850100135096		1	0.7641253552506824		1	0.8214119068382915		1	expression_driven
DLPFC	seurat_vst	500	scvi	0.9097238039791935		1	0.7155343488235238		1	0.8126290764013586		1	0.4156454371535829		1	0.6276895164652558		1	0.5216674768094194		1	0.8026640403762944		1	0.667148276605389		1	0.7123201978623573		1	expression_driven
DLPFC	seurat_vst	5000	cellcharter	0.5773788508870454		1	0.9803969317170981		1	0.7788878913020718		1	0.7150487028121003		1	0.8334119885823854		1	0.7742303456972428		1	0.9372254352997774		1	0.7765591184996573		1	0.8301145574330308		1	expression_driven
DLPFC	seurat_vst	5000	scvi	0.5922588997509258		1	0.6271530554952038		1	0.6097059776230649		1	0.5059649574216782		1	0.5399021351191906		1	0.5229335462704344		1	0.742068330828799		1	0.5663197619467497		1	0.6249026182407661		1	expression_driven
DLPFC	singleCellHaystack	100	cellcharter	0.7499159723471494		1	0.7399575076631021		1	0.7449367400051257		1	0.5907155071456024		1	0.6628652493526963		1	0.6267903782491493		1	0.8233310590830951		1	0.6858635591271375		1	0.7316860591124567		1	expression_driven
DLPFC	singleCellHaystack	100	scvi	0.9280226342706397		1	0.5418055268604549		1	0.7349140805655473		1	0.2469353122209439		1	0.33569173404443875		1	0.2913135231326913		1	0.6575103050333422		1	0.5131138018491193		1	0.5612459695771935		1	expression_driven
DLPFC	singleCellHaystack	1000	cellcharter	0.5963728702347011		1	0.9359353283176935		1	0.7661540992761973		1	0.6872541886361301		1	0.7691627272704975		1	0.7282084579533138		1	0.9345059869792822		1	0.7471812786147556		1	0.8096228480695977		1	expression_driven
DLPFC	singleCellHaystack	1000	scvi	0.8712510594185939		1	0.6739325990604592		1	0.7725918292395266		1	0.4637426545553147		1	0.5991231156211919		1	0.5314328850882533		1	0.8018861387695827		1	0.6520123571638899		1	0.7019702843657876		1	expression_driven
DLPFC	singleCellHaystack	10000	cellcharter	0.52510383009654		1	0.92865111025335		1	0.726877470174945		1	0.7344104673167196		1	0.6494734363964391		1	0.6919419518565793		1	0.8986542390836547		1	0.7094097110157621		1	0.7724912203717264		1	expression_driven
DLPFC	singleCellHaystack	10000	scvi	0.5457361033584829		1	0.5624207808835323		1	0.5540784421210077		1	0.41416051086616834		1	0.4263427513349529		1	0.42025163110056063		1	0.7173741345297919		1	0.48716503661078414		1	0.5639014025837867		1	expression_driven
DLPFC	singleCellHaystack	200	cellcharter	0.6819595569091047		1	0.840825521637441		1	0.7613925392732728		1	0.6517319512867887		1	0.6940930492682755		1	0.6729125002775321		1	0.8902473747880444		1	0.7171525197754025		1	0.7748508047796164		1	expression_driven
DLPFC	singleCellHaystack	200	scvi	0.8502993604408443		1	0.6111050267420687		1	0.7307021935914565		1	0.3469279195915715		1	0.4690116830477255		1	0.4079698013196485		1	0.7258380577704636		1	0.5693359974555525		1	0.6215033508938562		1	expression_driven
DLPFC	singleCellHaystack	2000	cellcharter	0.5773432992650088	0.003476955679590566	3	0.9510058439659702	0.008337664589162404	3	0.7641745716154894	0.002600139462063675	3	0.705791264878937	0.007323149745681395	3	0.7282357544567297	0.10076826394324137	3	0.7170135096678333	0.05295230617502575	3	0.9361541616661647	0.00916312869479707	3	0.7405940406416613	0.02635722485648564	3	0.8057807476498292	0.02057400287917116	3	expression_driven
DLPFC	singleCellHaystack	2000	scvi	0.8406532270466638	0.023187213247601687	3	0.7384981802662517	0.021019724693081332	3	0.7895757036564578	0.008691690853958028	3	0.5242272863036235	0.021811989201559294	3	0.7142363023367584	0.03552834903240648	3	0.6192317943201909	0.014708941545103561	3	0.8260602325358769	0.005246156393520394	3	0.7044037489883244	0.0030145641912360335	3	0.7449559101708418	0.0012390609984518684	3	expression_driven
DLPFC	singleCellHaystack	500	cellcharter	0.6325858723760578		1	0.8974984101082109		1	0.7650421412421343		1	0.6593530621213723		1	0.783640238482588		1	0.7214966503019802		1	0.909751254046272		1	0.7432693957720573		1	0.7987633485301289		1	expression_driven
DLPFC	singleCellHaystack	500	scvi	0.8049824264203517		1	0.6512550315601981		1	0.7281187289902749		1	0.43767728136568973		1	0.5990499088253923		1	0.518363595095541		1	0.753977255682131		1	0.6232411620429079		1	0.6668198599226489		1	expression_driven
DLPFC	singleCellHaystack	5000	cellcharter	0.5386265570538797		1	0.9441535777620924		1	0.7413900674079861		1	0.7227236560412676		1	0.6350179828438354		1	0.6788708194425515		1	0.9197763432735933		1	0.7101304434252688		1	0.780012410041377		1	expression_driven
DLPFC	singleCellHaystack	5000	scvi	0.6777346303902116		1	0.6661471543277729		1	0.6719408923589922		1	0.4905311898169211		1	0.6150931879411412		1	0.5528121888790312		1	0.769742576186226		1	0.6123765406190117		1	0.6648318858080832		1	expression_driven
DLPFC	somde	100	cellcharter	0.651203364350846		1	0.9100388624290425		1	0.7806211133899443		1	0.6745010544413831		1	0.794824063192002		1	0.7346625588166926		1	0.9154250007583271		1	0.7576418361033185		1	0.8102362243216547		1	spatially_informed
DLPFC	somde	100	scvi	0.9172383097787322		1	0.7279493333200877		1	0.82259382154941		1	0.42551951107031366		1	0.5933495632765999		1	0.5094345371734568		1	0.8159134856720046		1	0.6660141793614334		1	0.7159806147982904		1	spatially_informed
DLPFC	somde	1000	cellcharter	0.5429164400818605		1	0.9655750439845882		1	0.7542457420332243		1	0.7134833606580835		1	0.8140986325956057		1	0.7637909966268446		1	0.9325046317445281		1	0.7590183693300344		1	0.816847123468199		1	spatially_informed
DLPFC	somde	1000	scvi	0.793651512849561		1	0.764837325689294		1	0.7792444192694274		1	0.5174906976498646		1	0.7073456152815913		1	0.612418156465728		1	0.8370215867768938		1	0.6958312878675776		1	0.7428947208373496		1	spatially_informed
DLPFC	somde	10000	cellcharter	0.5222033868270842		1	0.9557448175758145		1	0.7389741022014493		1	0.7253647969040654		1	0.6520080688479472		1	0.6886864328760063		1	0.8922709540283595		1	0.7138302675387278		1	0.7733104963686049		1	spatially_informed
DLPFC	somde	10000	scvi	0.45630852739261224		1	0.3690785711154932		1	0.4126935492540527		1	0.4620306810225068		1	0.37466465185246944		1	0.4183476664374881		1	0.6117273322375547		1	0.4155206078457704		1	0.4809228493096985		1	spatially_informed
DLPFC	somde	200	cellcharter	0.6046924572540547		1	0.9385129805509211		1	0.7716027189024879		1	0.6836201772607619		1	0.7397223077794848		1	0.7116712425201233		1	0.9152508689554929		1	0.7416369807113056		1	0.7995082767927014		1	spatially_informed
DLPFC	somde	200	scvi	0.8786050205534776		1	0.7326878111195407		1	0.8056464158365091		1	0.49724712989262754		1	0.6471723741060232		1	0.5722097519993254		1	0.8047877635485723		1	0.6889280839179173		1	0.7275479771281356		1	spatially_informed
DLPFC	somde	2000	cellcharter	0.5457549786732147	0.0016060556420148203	3	0.9710982854720792	0.016412620570809795	3	0.758426632072647	0.00830124428099618	3	0.7172390011580022	0.0036724270320534365	3	0.7499295137202232	0.04232243588239433	3	0.7335842574391128	0.022807617124371883	3	0.9278052549897104	0.0075458981662229006	3	0.7460054447558798	0.015279512300366544	3	0.8066053815004901	0.012188903765600854	3	spatially_informed
DLPFC	somde	2000	scvi	0.8138903976470558	0.01652141091627044	3	0.771018909174748	0.007000678387296027	3	0.7924546534109019	0.004776207558497485	3	0.5100577928504071	0.01996576717274208	3	0.6669677523654066	0.11003149118157146	3	0.5885127726079069	0.06470405753276254	3	0.8362858943610574	0.004082139760683438	3	0.6904837130094045	0.03432634367290371	3	0.739084440126622	0.022127202955472127	3	spatially_informed
DLPFC	somde	500	cellcharter	0.5706092240699336		1	0.9498022336047095		1	0.7602057288373216		1	0.7001574956926134		1	0.8643471053426097		1	0.7822523005176116		1	0.9306965317836389		1	0.7712290146774666		1	0.8243848537128574		1	spatially_informed
DLPFC	somde	500	scvi	0.8668882297257383		1	0.7595272548825539		1	0.8132077423041462		1	0.4999855080089107		1	0.695076778930555		1	0.5975311434697328		1	0.8296915213668903		1	0.7053694428869395		1	0.7468101357135897		1	spatially_informed
DLPFC	somde	5000	cellcharter	0.5318768704766528		1	0.9631851274918343		1	0.7475309989842436		1	0.7176262848127385		1	0.7234092973288999		1	0.7205177910708191		1	0.9210859894368754		1	0.7340243950275314		1	0.796378259830646		1	spatially_informed
DLPFC	somde	5000	scvi	0.5923646644088936		1	0.6890209026009574		1	0.6406927835049254		1	0.42455441364641544		1	0.5775502803542465		1	0.501052347000331		1	0.7606861925958404		1	0.5708725652526282		1	0.6341437743670323		1	spatially_informed
DLPFC	sparkx	100	cellcharter	0.6765624816594299		1	0.8494551198252673		1	0.7630088007423486		1	0.6592010838271656		1	0.7409396996143172		1	0.7000703917207414		1	0.8862368559579761		1	0.731539596231545		1	0.7831053494736887		1	spatially_informed
DLPFC	sparkx	100	scvi	0.8993481359807795		1	0.6147413249110634		1	0.7570447304459214		1	0.446120318597025		1	0.5474672724084328		1	0.49679379550272895		1	0.7512326771645952		1	0.6269192629743252		1	0.6683570677044152		1	spatially_informed
DLPFC	sparkx	1000	cellcharter	0.5614434275050304		1	0.9540183697571271		1	0.7577308986310787		1	0.7023441579304578		1	0.7024576311138865		1	0.7024008945221721		1	0.9131711514516645		1	0.7300658965766254		1	0.7911009815349717		1	spatially_informed
DLPFC	sparkx	1000	scvi	0.808882347391672		1	0.7007565796144442		1	0.7548194635030581		1	0.5012211231749734		1	0.6960603176832998		1	0.5986407204291366		1	0.8003303881788422		1	0.6767300919660973		1	0.7179301907036789		1	spatially_informed
DLPFC	sparkx	10000	cellcharter	0.51896470227279		1	0.9194561569613868		1	0.7192104296170885		1	0.7264084284331508		1	0.5886432336985001		1	0.6575258310658254		1	0.8694363442098865		1	0.6883681303414569		1	0.7487242016309335		1	spatially_informed
DLPFC	sparkx	10000	scvi	0.4615402074845582		1	0.26874600650449526		1	0.36514310699452673		1	0.5398807570153025		1	0.32730555103298786		1	0.43359315402414517		1	0.4284269264040602		1	0.39936813050933595		1	0.40905439580757735		1	spatially_informed
DLPFC	sparkx	200	cellcharter	0.6067920448235142		1	0.9065894750629669		1	0.7566907599432406		1	0.6912972757350625		1	0.7423471404615503		1	0.7168222080983064		1	0.9021343434840547		1	0.7367564840207735		1	0.7918824371752006		1	spatially_informed
DLPFC	sparkx	200	scvi	0.8823041296324187		1	0.6523187844015143		1	0.7673114570169665		1	0.4656642393394053		1	0.5746515737888898		1	0.5201579065641475		1	0.7687372510315313		1	0.6437346817905569		1	0.6854022048708818		1	spatially_informed
DLPFC	sparkx	2000	cellcharter	0.5506143299202956	0.004959781898746729	3	0.9634680841500666	0.007537350609222753	3	0.7570412070351811	0.00438819596947349	3	0.6959293315535952	0.012002875214292521	3	0.6532923445574176	0.03576166194125575	3	0.6746108380555064	0.013040967454489787	3	0.9133146258267004	0.002758494279465833	3	0.7158260225453437	0.008683775408433339	3	0.7816555569724626	0.006685920504861762	3	spatially_informed
DLPFC	sparkx	2000	scvi	0.6552164610259843	0.04851508583274464	3	0.6908216981545693	0.040229024470761474	3	0.6730190795902767	0.04407654346958188	3	0.4775063355494917	0.03493189288374115	3	0.6664062835450196	0.06616219453459468	3	0.5719563095472556	0.05054611510491156	3	0.7635648299350467	0.03556919474639719	3	0.6224876945687662	0.044231500463311695	3	0.6695134063575264	0.0406056624106361	3	spatially_informed
DLPFC	sparkx	500	cellcharter	0.5819560047104089		1	0.9326049177254792		1	0.757280461217944		1	0.6935188598845142		1	0.7391644897288182		1	0.7163416748066662		1	0.9112022354842013		1	0.7368110680123051		1	0.7949414571696037		1	spatially_informed
DLPFC	sparkx	500	scvi	0.8163598997695085		1	0.6839587684559235		1	0.750159334112716		1	0.47391062717593546		1	0.6505494407644414		1	0.5622300339701884		1	0.7786036294096164		1	0.6561946840414522		1	0.6969976658308402		1	spatially_informed
DLPFC	sparkx	5000	cellcharter	0.5302213566029692		1	0.9489890904395597		1	0.7396052235212645		1	0.7051405538092208		1	0.5808180322796337		1	0.6429792930444272		1	0.8931970254754434		1	0.6912922582828458		1	0.7585938473470449		1	spatially_informed
DLPFC	sparkx	5000	scvi	0.4578050767368493		1	0.34436512673194947		1	0.4010851017343994		1	0.47973889705425915		1	0.38346505385008545		1	0.43160197545217227		1	0.560355373568751		1	0.4163435385932858		1	0.4643474835851076		1	spatially_informed
DLPFC	spatialde	100	cellcharter	0.6219773201340884		1	0.9073952163407049		1	0.7646862682373966		1	0.6812687809929122		1	0.8012344125997619		1	0.7412515967963371		1	0.9172260934038158		1	0.7529689325168669		1	0.8077213194791831		1	spatially_informed
DLPFC	spatialde	100	scvi	0.8926483562386938		1	0.7146794951916349		1	0.8036639257151643		1	0.4564702902561928		1	0.5696112838873615		1	0.5130407870717771		1	0.7874680347677128		1	0.6583523563934708		1	0.7013909158515514		1	spatially_informed
DLPFC	spatialde	1000	cellcharter	0.5508034229144035		1	0.976574518744235		1	0.7636889708293193		1	0.7125206572332687		1	0.8069981420870285		1	0.7597593996601486		1	0.9317607933731615		1	0.761724185244734		1	0.8184030546208764		1	spatially_informed
DLPFC	spatialde	1000	scvi	0.8461829787815731		1	0.7592039382503755		1	0.8026934585159743		1	0.5171748046581296		1	0.7355365320768859		1	0.6263556683675078		1	0.8229109672659065		1	0.714524563441741		1	0.7506533647164627		1	spatially_informed
DLPFC	spatialde	10000	cellcharter	0.5259316092891557		1	0.9399411414886715		1	0.7329363753889135		1	0.7354272611954803		1	0.6012291246986394		1	0.6683281929470599		1	0.893368371616446		1	0.7006322841679867		1	0.7648776466508065		1	spatially_informed
DLPFC	spatialde	10000	scvi	0.4583348308806876		1	0.3813895966233303		1	0.41986221375200894		1	0.5006040106096339		1	0.39323818041861025		1	0.44692109551412207		1	0.5676768844299291		1	0.4333916546330655		1	0.4781533978986867		1	spatially_informed
DLPFC	spatialde	200	cellcharter	0.604136222816229		1	0.9313158127652351		1	0.7677260177907321		1	0.6881654405647231		1	0.7734805338011964		1	0.7308229871829597		1	0.9373866945810777		1	0.7492745024868459		1	0.8119785665182565		1	spatially_informed
DLPFC	spatialde	200	scvi	0.881361728109217		1	0.7383048931525991		1	0.809833310630908		1	0.5425023073614098		1	0.6248188490335498		1	0.5836605781974797		1	0.8138759319634601		1	0.6967469444141938		1	0.7357899402639493		1	spatially_informed
DLPFC	spatialde	2000	cellcharter	0.5404689726309437	0.0024120754654506408	3	0.9667594600000061	0.012576613536501665	3	0.753614216315475	0.00534042397109809	3	0.7119352510351363	0.004683709625204963	3	0.7763792060493536	0.09415950853803383	3	0.7441572285422451	0.048462062645237426	3	0.9269549876126031	0.004412733829672285	3	0.74888572242886	0.026530724311268603	3	0.8082421441567743	0.016296795357078196	3	spatially_informed
DLPFC	spatialde	2000	scvi	0.7813074260980505	0.020584427654299197	3	0.7477438446205836	0.01969464857465623	3	0.7645256353593171	0.01988486478390544	3	0.500913042843247	0.007582249772756009	3	0.7328033484552532	0.027896657130309636	3	0.6168581956492502	0.01596396540668623	3	0.8168858126145043	0.006119654738890395	3	0.6906919155042835	0.013998406337007677	3	0.7327565478743572	0.010941022546769315	3	spatially_informed
DLPFC	spatialde	500	cellcharter	0.5594745127804017		1	0.9434303017933494		1	0.7514524072868756		1	0.692235102013932		1	0.6746684123006814		1	0.6834517571573067		1	0.9317272128612843		1	0.7174520822220911		1	0.7888771257684889		1	spatially_informed
DLPFC	spatialde	500	scvi	0.8120931880893789		1	0.7491899350508269		1	0.7806415615701029		1	0.5030459863349478		1	0.6573896525777476		1	0.5802178194563476		1	0.8133748109291226		1	0.6804296905132252		1	0.7247447306518576		1	spatially_informed
DLPFC	spatialde	5000	cellcharter	0.5175763532404779		1	0.9421853302933951		1	0.7298808417669365		1	0.7332077874572266		1	0.5697069246992922		1	0.6514573560782594		1	0.9083125267805763		1	0.6906690989225979		1	0.7632169082085906		1	spatially_informed
DLPFC	spatialde	5000	scvi	0.5262400981657052		1	0.5469435258187598		1	0.5365918119922325		1	0.4502545425288458		1	0.42420581800858337		1	0.4372301802687146		1	0.6900165522074178		1	0.4869109961304735		1	0.5546128481561216		1	spatially_informed
DLPFC	statistic_mean	100	cellcharter	0.6603477554960187		1	0.8713086341551225		1	0.7658281948255705		1	0.6530396643338762		1	0.7721654796424224		1	0.7126025719881492		1	0.909413250916741		1	0.7392153834068599		1	0.7959480059101537		1	expression_driven
DLPFC	statistic_mean	100	scvi	0.8782771538954393		1	0.6237324970909541		1	0.7510048254931967		1	0.44368097306099513		1	0.6076401886596844		1	0.5256605808603397		1	0.7460162051433317		1	0.6383327031767683		1	0.6742272038322894		1	expression_driven
DLPFC	statistic_mean	1000	cellcharter	0.571010366439822		1	0.9464039023228967		1	0.7587071343813594		1	0.6794305463500233		1	0.7031741754633338		1	0.6913023609066786		1	0.9118014352172024		1	0.725004747644019		1	0.7872703101684134		1	expression_driven
DLPFC	statistic_mean	1000	scvi	0.7066710799281842		1	0.6813777201489382		1	0.6940244000385611		1	0.4505646770448893		1	0.6751469365027308		1	0.5628558067738101		1	0.7539407339616022		1	0.6284401034061856		1	0.6702736469246577		1	expression_driven
DLPFC	statistic_mean	10000	cellcharter	0.5203552041155942		1	0.904763617000714		1	0.7125594105581541		1	0.6981712608077165		1	0.5153962498290371		1	0.6067837553183768		1	0.8767418941591641		1	0.6596715829382654		1	0.7320283533452318		1	expression_driven
DLPFC	statistic_mean	10000	scvi	0.4509237728548445		1	0.37527048827487824		1	0.41309713056486136		1	0.49183117650542246		1	0.3951275123677555		1	0.443479344436589		1	0.5433791699023005		1	0.4282882375007252		1	0.46665188163458365		1	expression_driven
DLPFC	statistic_mean	200	cellcharter	0.6270845334373562		1	0.8991632975495795		1	0.7631239154934678		1	0.6895794347499346		1	0.6460900278089021		1	0.6678347312794184		1	0.9152870426261129		1	0.7154793233864432		1	0.7820818964663331		1	expression_driven
DLPFC	statistic_mean	200	scvi	0.8673497206775979		1	0.6434666668247179		1	0.7554081937511579		1	0.4837890185228117		1	0.6830054910191914		1	0.5833972547710016		1	0.7478099300724466		1	0.6694027242610797		1	0.6955384595315354		1	expression_driven
DLPFC	statistic_mean	2000	cellcharter	0.5484123960894248	0.012985410692137682	3	0.9393431361808572	0.013955616689716737	3	0.743877766135141	0.010829851833987022	3	0.6996223920791804	0.020678473012084697	3	0.6387114040886168	0.031220784083569427	3	0.6691668980838986	0.025770683213624777	3	0.9095426974626749	0.004847492853393317	3	0.7065223321095199	0.010087068556023423	3	0.7741957872272383	0.0057672256775052645	3	expression_driven
DLPFC	statistic_mean	2000	scvi	0.6520156818110717	0.059057519690934854	3	0.6246357880500201	0.07775519669713919	3	0.6383257349305459	0.06766829614075255	3	0.46485070185851723	0.022171547318499005	3	0.6074543265936688	0.1034661872226963	3	0.5361525142260931	0.05238721106042805	3	0.736751425940565	0.05734252979727654	3	0.5872391245783195	0.060010321235490646	3	0.6370765583657346	0.05881998733753325	3	expression_driven
DLPFC	statistic_mean	500	cellcharter	0.5987851563345574		1	0.9236265408299944		1	0.7612058485822759		1	0.7142686691665112		1	0.7331734960434608		1	0.723721082604986		1	0.9343374993824264		1	0.742463465593631		1	0.8064214768565628		1	expression_driven
DLPFC	statistic_mean	500	scvi	0.8257817079760599		1	0.6456151594505521		1	0.735698433713306		1	0.45925198783376614		1	0.638362732637513		1	0.5488073602356396		1	0.755279680037664		1	0.6422528969744727		1	0.6799284913288698		1	expression_driven
DLPFC	statistic_mean	5000	cellcharter	0.5222216770949324		1	0.9366552934968682		1	0.7294384852959003		1	0.6896278837824638		1	0.4877806262686843		1	0.588704255025574		1	0.884920843792558		1	0.6590713701607371		1	0.7343545280380107		1	expression_driven
DLPFC	statistic_mean	5000	scvi	0.6112896588356658		1	0.6158495018385577		1	0.6135695803371117		1	0.466235547950173		1	0.581853684773366		1	0.5240446163617695		1	0.7448634483142713		1	0.5688070983494407		1	0.6274925483377175		1	expression_driven
DLPFC	statistic_variance	100	cellcharter	0.7383404591964189		1	0.8537735553733887		1	0.7960570072849038		1	0.6583232280049196		1	0.8984366958551477		1	0.7783799619300337		1	0.884780371300918		1	0.7872184846074688		1	0.8197391135052853		1	expression_driven
DLPFC	statistic_variance	100	scvi	0.9474932276932981		1	0.6592590457006964		1	0.8033761366969973		1	0.36844203924661506		1	0.5298153771693852		1	0.4491287082080001		1	0.7607528217380968		1	0.6262524224524987		1	0.6710858888810313		1	expression_driven
DLPFC	statistic_variance	1000	cellcharter	0.5782925350621627		1	0.9429622676590671		1	0.7606274013606149		1	0.7056011640411691		1	0.6553834493809452		1	0.6804923067110571		1	0.9274228086715938		1	0.720559854035836		1	0.7895141722477552		1	expression_driven
DLPFC	statistic_variance	1000	scvi	0.8382081677154889		1	0.7114352346452286		1	0.7748217011803588		1	0.5102303115998336		1	0.6822571580659662		1	0.5962437348328999		1	0.8035822556352135		1	0.6855327180066293		1	0.724882563882824		1	expression_driven
DLPFC	statistic_variance	10000	cellcharter	0.5250448920971178		1	0.9310317766630276		1	0.7280383343800727		1	0.7109515394833642		1	0.5428913620042268		1	0.6269214507437955		1	0.8748210141480408		1	0.6774798925619341		1	0.7432602664239697		1	expression_driven
DLPFC	statistic_variance	10000	scvi	0.465064752664475		1	0.41713451440881744		1	0.4410996335366462		1	0.5170090586840953		1	0.37743319055302244		1	0.4472211246185589		1	0.6478379170798935		1	0.44416037907760253		1	0.5120528917450328		1	expression_driven
DLPFC	statistic_variance	200	cellcharter	0.6809042238173999		1	0.8837029145576483		1	0.7823035691875241		1	0.661223412556276		1	0.8299157745435719		1	0.745569593549924		1	0.9012169308482301		1	0.763936581368724		1	0.8096966978618928		1	expression_driven
DLPFC	statistic_variance	200	scvi	0.9266158045752614		1	0.6831754012449476		1	0.8048956029101044		1	0.4396083659588577		1	0.6179890040658187		1	0.5287986850123382		1	0.7894151128628959		1	0.6668471439612214		1	0.7077031335951128		1	expression_driven
DLPFC	statistic_variance	2000	cellcharter	0.5626257888966254	0.00459069108034085	3	0.9468309800264771	0.001912400058346494	3	0.7547283844615512	0.0015343109156359133	3	0.6984993697421542	0.006370629289289409	3	0.6883701733850872	0.10570655842966092	3	0.6934347715636208	0.0530637743176209	3	0.9199630475543074	0.005281906449883419	3	0.7240815780125859	0.027276278697536068	3	0.7893754011931599	0.019934132118046333	3	expression_driven
DLPFC	statistic_variance	2000	scvi	0.7478268450058735	0.05423205794338683	3	0.7157002721623762	0.004775328235004547	3	0.7317635585841248	0.028569095459380602	3	0.4689974974835358	0.03972829112580328	3	0.7207325394086181	0.0332568384270893	3	0.594865018446077	0.03506980787715807	3	0.7862109375494651	0.015856309955589884	3	0.6633142885151009	0.029017130257496356	3	0.7042798381932224	0.02462325821282111	3	expression_driven
DLPFC	statistic_variance	500	cellcharter	0.608599806053115		1	0.9192589444915281		1	0.7639293752723215		1	0.6805904163693909		1	0.6966206446929024		1	0.6886055305311467		1	0.919830265907827		1	0.7262674529017341		1	0.7907883905704317		1	expression_driven
DLPFC	statistic_variance	500	scvi	0.8577223287022107		1	0.7139026441021369		1	0.7858124864021738		1	0.45366192166181		1	0.6507392705580095		1	0.5522005961099098		1	0.8071372393964703		1	0.6690065412560418		1	0.7150501073028512		1	expression_driven
DLPFC	statistic_variance	5000	cellcharter	0.5388545513090345		1	0.9448338053816677		1	0.7418441783453511		1	0.7163643478167615		1	0.6652377918582801		1	0.6908010698375209		1	0.897609391053801		1	0.716322624091436		1	0.7767515464122243		1	expression_driven
DLPFC	statistic_variance	5000	scvi	0.6468559890978801		1	0.690518535157065		1	0.6686872621274725		1	0.5064451246053143		1	0.7161616116410945		1	0.6113033681232044		1	0.7755129931012947		1	0.6399953151253385		1	0.6851678744506572		1	expression_driven
DLPFC	triku	100	cellcharter	0.7391027241768084		1	0.5953962101633236		1	0.667249467170066		1	0.43860025094900773		1	0.4143930939112923		1	0.42649667243015		1	0.671571070276757		1	0.546873069800108		1	0.588439069958991		1	expression_driven
DLPFC	triku	100	scvi	0.9332863503447204		1	0.47318018020657243		1	0.7032332652756464		1	0.02135790953171558		1	0.20342171871008569		1	0.11238981412090063		1	0.5972806400883824		1	0.40781153969827355		1	0.4709679064949765		1	expression_driven
DLPFC	triku	1000	cellcharter	0.601177694998104		1	0.9288580949077166		1	0.7650178949529103		1	0.6946595880005817		1	0.6804850867362278		1	0.6875723373684047		1	0.9387073758216005		1	0.7262951161606575		1	0.7970992027143051		1	expression_driven
DLPFC	triku	1000	scvi	0.8777401535815954		1	0.7127183876616044		1	0.7952292706216		1	0.48082982448688966		1	0.6376845662333219		1	0.5592571953601058		1	0.8089165064213848		1	0.6772432329908529		1	0.7211343241343635		1	expression_driven
DLPFC	triku	10000	cellcharter	0.5413689188618016		1	0.956303777745128		1	0.7488363483034648		1	0.6977571567278965		1	0.7036008891090764		1	0.7006790229184865		1	0.9070054274893842		1	0.7247576856109756		1	0.7855069329037785		1	expression_driven
DLPFC	triku	10000	scvi	0.532241973245277		1	0.5475420059970408		1	0.5398919896211589		1	0.47624501921011886		1	0.44942763228929067		1	0.4628363257497048		1	0.6739295820770995		1	0.5013641576854319		1	0.5588859658159877		1	expression_driven
DLPFC	triku	200	cellcharter	0.722040328112869		1	0.7946596408166656		1	0.7583499844647673		1	0.660958536717494		1	1.0		1	0.830479268358747		1	0.8357477255861058		1	0.7944146264117571		1	0.80819232613654		1	expression_driven
DLPFC	triku	200	scvi	0.9375100189203985		1	0.6156902860637812		1	0.7766001524920898		1	0.2191946409928126		1	0.5126357608637846		1	0.3659152009282986		1	0.726369331191033		1	0.5712576767101942		1	0.6229615615371404		1	expression_driven
DLPFC	triku	2000	cellcharter	0.5897852044979622	0.0033741627237277613	3	0.9520175068619285	0.013833559945240896	3	0.7709013556799454	0.008410123325381401	3	0.7056880495229301	0.0013553485692647345	3	0.7849281925173986	0.0848735229223545	3	0.7453081210201643	0.04219508739333017	3	0.941790012942891	0.001291107137198295	3	0.7581047383500549	0.023478836806368763	3	0.8193331632143335	0.015310366650904303	3	expression_driven
DLPFC	triku	2000	scvi	0.7908414386529913	0.033186614609680254	3	0.7540314167462996	0.020753266471181746	3	0.7724364276996454	0.011471620171111162	3	0.5150718930333297	0.011095725725628525	3	0.6938776834512473	0.05901939446344824	3	0.6044747882422885	0.034781112730329015	3	0.8231238727920963	0.006902988269955132	3	0.688455607970967	0.013148323785641763	3	0.7333450295780101	0.009245231317971649	3	expression_driven
DLPFC	triku	500	cellcharter	0.6345527571727568		1	0.9015586218580676		1	0.7680556895154123		1	0.6849778276142717		1	0.8751762902089814		1	0.7800770589116266		1	0.9021726349748247		1	0.7740663742135194		1	0.8167684611339544		1	expression_driven
DLPFC	triku	500	scvi	0.8260425497622472		1	0.6666821857628158		1	0.7463623677625315		1	0.43968632422830306		1	0.6047809942452502		1	0.5222336592367767		1	0.7644760652066049		1	0.6342980134996541		1	0.677690697401971		1	expression_driven
DLPFC	triku	5000	cellcharter	0.5773805767155265		1	0.9768293584051381		1	0.7771049675603323		1	0.7108521331032644		1	0.824042189194615		1	0.7674471611489397		1	0.9299814187143239		1	0.772276064354636		1	0.8248445158078653		1	expression_driven
DLPFC	triku	5000	scvi	0.7286194528340062		1	0.7262753589119113		1	0.7274474058729588		1	0.5159948989964652		1	0.6893083231949158		1	0.6026516110956905		1	0.814987654950309		1	0.6650495084843246		1	0.7150288906396528		1	expression_driven
DLPFC	wilcoxon	100	cellcharter	0.6676428742633517		1	0.49052936216391424		1	0.579086118213633		1	0.5420851460155846		1	0.1022415177239307		1	0.32216333186975765		1	0.5202192236663957		1	0.4506247250416953		1	0.47382289124992877		1	label_informed
DLPFC	wilcoxon	100	scvi	0.007711471321545037		1	0.22886633502244322		1	0.11828890317199413		1	0.883108690957814		1	0.0		1	0.441554345478907		1	0.0		1	0.27992162432545054		1	0.18661441621696703		1	label_informed
DLPFC	wilcoxon	1000	cellcharter	0.6355342828012249		1	0.9175941026272594		1	0.7765641927142422		1	0.6882678671637809		1	0.9837950994011749		1	0.8360314832824779		1	0.9414106562362357		1	0.8062978379983601		1	0.851335444077652		1	label_informed
DLPFC	wilcoxon	1000	scvi	0.8296077411106799		1	0.7401882992942752		1	0.7848980202024776		1	0.4558928964235512		1	0.7864526556990252		1	0.6211727760612882		1	0.7963030823253712		1	0.7030353981318829		1	0.7341246261963791		1	label_informed
DLPFC	wilcoxon	10000	cellcharter	0.5312663047106551		1	0.9716871446659442		1	0.7514767246882996		1	0.7134033893340068		1	0.7900592528717699		1	0.7517313211028884		1	0.9030801111523248		1	0.751604022895594		1	0.8020960523145043		1	label_informed
DLPFC	wilcoxon	10000	scvi	0.6306761039023412		1	0.6772011968739347		1	0.6539386503881379		1	0.474883071197678		1	0.6194409482490941		1	0.547162009723386		1	0.7631755374554059		1	0.600550330055762		1	0.65475873252231		1	label_informed
DLPFC	wilcoxon	200	cellcharter	0.7905468706059907		1	0.5076170575922362		1	0.6490819640991135		1	0.38688739822069523		1	0.05837755992813895		1	0.22263247907441708		1	0.6600063214631475		1	0.43585722158676526		1	0.510573588212226		1	label_informed
DLPFC	wilcoxon	200	scvi	0.48050949231198137		1	0.038336165226595866		1	0.2594228287692886		1	0.5240306423817892		1	0.057539989061245383		1	0.2907853157215173		1	0.24931445332847027		1	0.27510407224540295		1	0.2665075326064254		1	label_informed
DLPFC	wilcoxon	2000	cellcharter	0.5668550853204949	0.0021230370449826725	3	0.888300215547654	0.018561086875927772	3	0.7275776504340744	0.008771758344788463	3	0.7226770065792866	0.0018111200973437746	3	0.8649997470588602	0.06560667371014016	3	0.7938383768190733	0.03367978734407257	3	0.9505747956533673	0.006784255904112141	3	0.7607080136265739	0.018917007958476235	3	0.8239969409688382	0.014853438517960508	3	label_informed
DLPFC	wilcoxon	2000	scvi	0.7981486996123005	0.05662319689927822	3	0.7607376588486013	0.00659195003901319	3	0.7794431792304509	0.02666569217519436	3	0.5037967847077737	0.035287483072468095	3	0.7713765237124774	0.11120605345986437	3	0.6375866542101255	0.07314075669049563	3	0.818926547652662	0.008022404412853212	3	0.7085149167202882	0.048078490392882284	3	0.7453187936977462	0.029655854899427153	3	label_informed
DLPFC	wilcoxon	500	cellcharter	0.8054123088813303		1	0.7368384937203107		1	0.7711254013008205		1	0.5918389646776735		1	0.7554364479573729		1	0.6736377063175232		1	0.8388177565293483		1	0.7223815538091718		1	0.761193621382564		1	label_informed
DLPFC	wilcoxon	500	scvi	0.9472925007874622		1	0.4942024210683903		1	0.7207474609279263		1	0.1922527139928715		1	0.23784413055958353		1	0.2150484222762275		1	0.6672078477821364		1	0.46789794160207687		1	0.5343345769954301		1	label_informed
DLPFC	wilcoxon	5000	cellcharter	0.5466589120643672		1	0.989294421974635		1	0.7679766670195012		1	0.7262109955747579		1	0.7461004396150637		1	0.7361557175949107		1	0.9224811125757753		1	0.752066192307206		1	0.8088711657300625		1	label_informed
DLPFC	wilcoxon	5000	scvi	0.6696092855482342		1	0.7413556515021119		1	0.705482468525173		1	0.5275626775474672		1	0.795539495236316		1	0.6615510863918916		1	0.7916820520130559		1	0.6835167774585323		1	0.7195718689767068		1	label_informed
E8p5Embryo	Brennecke	100	cellcharter	0.47834506755191364		1			0	0.47834506755191364		1	0.32476945624904197		1			0	0.32476945624904197		1			0	0.4015572619004778		1			0	expression_driven
E8p5Embryo	Brennecke	100	scvi	0.025211629257906078		1			0	0.025211629257906078		1	0.6633496890424979		1			0	0.6633496890424979		1			0	0.344280659150202		1			0	expression_driven
E8p5Embryo	Brennecke	1000	cellcharter	0.6255431929573719		1			0	0.6255431929573719		1	0.5279191223228619		1			0	0.5279191223228619		1			0	0.5767311576401168		1			0	expression_driven
E8p5Embryo	Brennecke	1000	scvi	0.8670714931198318		1			0	0.8670714931198318		1	0.18054878964303175		1			0	0.18054878964303175		1			0	0.5238101413814318		1			0	expression_driven
E8p5Embryo	Brennecke	10000	cellcharter	0.48951113599419616		1			0	0.48951113599419616		1	0.5008759679940619		1			0	0.5008759679940619		1			0	0.495193551994129		1			0	expression_driven
E8p5Embryo	Brennecke	10000	scvi	0.6208497741171963		1			0	0.6208497741171963		1	0.36173634605088384		1			0	0.36173634605088384		1			0	0.49129306008404006		1			0	expression_driven
E8p5Embryo	Brennecke	200	cellcharter	0.6564178793291929		1			0	0.6564178793291929		1	0.3624390621671048		1			0	0.3624390621671048		1			0	0.5094284707481489		1			0	expression_driven
E8p5Embryo	Brennecke	200	scvi	0.4702825683804432		1			0	0.4702825683804432		1	0.299558974969587		1			0	0.299558974969587		1			0	0.3849207716750151		1			0	expression_driven
E8p5Embryo	Brennecke	2000	cellcharter	0.6101780135173879	0.0036172820678594623	3			0	0.6101780135173879	0.0036172820678594623	3	0.614841759824207	0.018490532038108593	3			0	0.614841759824207	0.018490532038108593	3			0	0.6125098866707974	0.01105077922688036	3			0	expression_driven
E8p5Embryo	Brennecke	2000	scvi	0.8347220647584169	0.010674818541764292	3			0	0.8347220647584169	0.010674818541764292	3	0.24239092887499172	0.00461860867327411	3			0	0.24239092887499172	0.00461860867327411	3			0	0.5385564968167044	0.006413693678858977	3			0	expression_driven
E8p5Embryo	Brennecke	500	cellcharter	0.7897838216219835		1			0	0.7897838216219835		1	0.2657272893643037		1			0	0.2657272893643037		1			0	0.5277555554931436		1			0	expression_driven
E8p5Embryo	Brennecke	500	scvi	0.8456358860211988		1			0	0.8456358860211988		1	0.09816046438966834		1			0	0.09816046438966834		1			0	0.47189817520543353		1			0	expression_driven
E8p5Embryo	Brennecke	5000	cellcharter	0.4997208485360005		1			0	0.4997208485360005		1	0.5850560237418294		1			0	0.5850560237418294		1			0	0.542388436138915		1			0	expression_driven
E8p5Embryo	Brennecke	5000	scvi	0.7486020228288384		1			0	0.7486020228288384		1	0.3472906052879859		1			0	0.3472906052879859		1			0	0.5479463140584121		1			0	expression_driven
E8p5Embryo	TFs	2000	cellcharter	0.6091808386089955	0.009131107656624178	3			0	0.6091808386089955	0.009131107656624178	3	0.6833021418905757	0.0042139259752471975	3			0	0.6833021418905757	0.0042139259752471975	3			0	0.6462414902497856	0.0065661838858895845	3			0	control
E8p5Embryo	TFs	2000	scvi	0.823413233719671	0.005687218067644348	3			0	0.823413233719671	0.005687218067644348	3	0.27464373013202975	0.007857404078810226	3			0	0.27464373013202975	0.007857404078810226	3			0	0.5490284819258503	0.0034646371968229724	3			0	control
E8p5Embryo	all_features	all	cellcharter	0.5182332525251471	0.0034199097522190055	3			0	0.5182332525251471	0.0034199097522190055	3	0.4692469668107632	0.003381903681308026	3			0	0.4692469668107632	0.003381903681308026	3			0	0.4937401096679552	0.00314803995868186	3			0	control
E8p5Embryo	all_features	all	scvi	0.6133726615346502	0.058328365204429175	3			0	0.6133726615346502	0.058328365204429175	3	0.3717128432858782	0.00487498632401129	3			0	0.3717128432858782	0.00487498632401129	3			0	0.4925427524102642	0.028752328756652568	3			0	control
E8p5Embryo	anticor	100	cellcharter	0.5563127176356175		1			0	0.5563127176356175		1	0.7178313850860921		1			0	0.7178313850860921		1			0	0.6370720513608548		1			0	expression_driven
E8p5Embryo	anticor	100	scvi	0.7606575347481994		1			0	0.7606575347481994		1	0.3716287552976077		1			0	0.3716287552976077		1			0	0.5661431450229035		1			0	expression_driven
E8p5Embryo	anticor	1000	cellcharter	0.5065233594400721		1			0	0.5065233594400721		1	0.7083560689588874		1			0	0.7083560689588874		1			0	0.6074397141994797		1			0	expression_driven
E8p5Embryo	anticor	1000	scvi	0.7268755679863147		1			0	0.7268755679863147		1	0.4028283280417255		1			0	0.4028283280417255		1			0	0.5648519480140202		1			0	expression_driven
E8p5Embryo	anticor	10000	cellcharter	0.5007953292954107		1			0	0.5007953292954107		1	0.5534168431394928		1			0	0.5534168431394928		1			0	0.5271060862174517		1			0	expression_driven
E8p5Embryo	anticor	10000	scvi	0.6610972932167264		1			0	0.6610972932167264		1	0.38066292900522725		1			0	0.38066292900522725		1			0	0.5208801111109769		1			0	expression_driven
E8p5Embryo	anticor	200	cellcharter	0.5320721088760261		1			0	0.5320721088760261		1	0.728795677836863		1			0	0.728795677836863		1			0	0.6304338933564446		1			0	expression_driven
E8p5Embryo	anticor	200	scvi	0.7472041612385971		1			0	0.7472041612385971		1	0.40586880482158927		1			0	0.40586880482158927		1			0	0.5765364830300932		1			0	expression_driven
E8p5Embryo	anticor	2000	cellcharter	0.5121500164824019	0.006112087800007499	3			0	0.5121500164824019	0.006112087800007499	3	0.6989319769211337	0.020758831476327292	3			0	0.6989319769211337	0.020758831476327292	3			0	0.6055409967017679	0.010230832026800711	3			0	expression_driven
E8p5Embryo	anticor	2000	scvi	0.7389376663768986	0.014365842981425079	3			0	0.7389376663768986	0.014365842981425079	3	0.397830330177297	0.01614376035260412	3			0	0.397830330177297	0.01614376035260412	3			0	0.5683839982770978	0.0015533720793893691	3			0	expression_driven
E8p5Embryo	anticor	500	cellcharter	0.5104334405622898		1			0	0.5104334405622898		1	0.72443676490707		1			0	0.72443676490707		1			0	0.6174351027346798		1			0	expression_driven
E8p5Embryo	anticor	500	scvi	0.7390198124478488		1			0	0.7390198124478488		1	0.39545874274006493		1			0	0.39545874274006493		1			0	0.5672392775939569		1			0	expression_driven
E8p5Embryo	anticor	5000	cellcharter	0.5025328194327066		1			0	0.5025328194327066		1	0.5941789487628603		1			0	0.5941789487628603		1			0	0.5483558840977834		1			0	expression_driven
E8p5Embryo	anticor	5000	scvi	0.6964049713725661		1			0	0.6964049713725661		1	0.43489663198122447		1			0	0.43489663198122447		1			0	0.5656508016768953		1			0	expression_driven
E8p5Embryo	dubstepr	100	cellcharter	0.601853437002684		1			0	0.601853437002684		1	0.6690151305487447		1			0	0.6690151305487447		1			0	0.6354342837757143		1			0	expression_driven
E8p5Embryo	dubstepr	100	scvi	0.7964667405231501		1			0	0.7964667405231501		1	0.319310812132958		1			0	0.319310812132958		1			0	0.557888776328054		1			0	expression_driven
E8p5Embryo	dubstepr	1000	cellcharter	0.5147558851996569		1			0	0.5147558851996569		1	0.5993253054131298		1			0	0.5993253054131298		1			0	0.5570405953063933		1			0	expression_driven
E8p5Embryo	dubstepr	1000	scvi	0.7859991872688351		1			0	0.7859991872688351		1	0.33389110018874096		1			0	0.33389110018874096		1			0	0.559945143728788		1			0	expression_driven
E8p5Embryo	dubstepr	10000	cellcharter	0.5053318396231583		1			0	0.5053318396231583		1	0.6112450650307691		1			0	0.6112450650307691		1			0	0.5582884523269638		1			0	expression_driven
E8p5Embryo	dubstepr	10000	scvi	0.8038811886026745		1			0	0.8038811886026745		1	0.32750687645839144		1			0	0.32750687645839144		1			0	0.565694032530533		1			0	expression_driven
E8p5Embryo	dubstepr	200	cellcharter	0.5689715035927669		1			0	0.5689715035927669		1	0.704749302068271		1			0	0.704749302068271		1			0	0.6368604028305189		1			0	expression_driven
E8p5Embryo	dubstepr	200	scvi	0.7808249236801976		1			0	0.7808249236801976		1	0.33025354458526873		1			0	0.33025354458526873		1			0	0.5555392341327332		1			0	expression_driven
E8p5Embryo	dubstepr	2000	cellcharter	0.5162630547094286	0.009518509612950359	3			0	0.5162630547094286	0.009518509612950359	3	0.5862027622335796	0.02221998290370685	3			0	0.5862027622335796	0.02221998290370685	3			0	0.5512329084715041	0.006405531230946403	3			0	expression_driven
E8p5Embryo	dubstepr	2000	scvi	0.7991038828241281	0.007599907564226583	3			0	0.7991038828241281	0.007599907564226583	3	0.3383383196480059	0.010116347069174244	3			0	0.3383383196480059	0.010116347069174244	3			0	0.5687211012360671	0.0029232446665788682	3			0	expression_driven
E8p5Embryo	dubstepr	500	cellcharter	0.5321319072805053		1			0	0.5321319072805053		1	0.6355700691943932		1			0	0.6355700691943932		1			0	0.5838509882374492		1			0	expression_driven
E8p5Embryo	dubstepr	500	scvi	0.785477718601061		1			0	0.785477718601061		1	0.3120257285354875		1			0	0.3120257285354875		1			0	0.5487517235682742		1			0	expression_driven
E8p5Embryo	dubstepr	5000	cellcharter	0.5053318396231583		1			0	0.5053318396231583		1	0.6112450650307691		1			0	0.6112450650307691		1			0	0.5582884523269638		1			0	expression_driven
E8p5Embryo	dubstepr	5000	scvi	0.8038811886026745		1			0	0.8038811886026745		1	0.32750687645839144		1			0	0.32750687645839144		1			0	0.565694032530533		1			0	expression_driven
E8p5Embryo	hotspot	100	cellcharter	0.5870846792991732		1			0	0.5870846792991732		1	0.7020773405359257		1			0	0.7020773405359257		1			0	0.6445810099175495		1			0	expression_driven
E8p5Embryo	hotspot	100	scvi	0.8125487571294078		1			0	0.8125487571294078		1	0.27700829687387735		1			0	0.27700829687387735		1			0	0.5447785270016425		1			0	expression_driven
E8p5Embryo	hotspot	1000	cellcharter	0.4701970313225417		1			0	0.4701970313225417		1	0.724142190751753		1			0	0.724142190751753		1			0	0.5971696110371474		1			0	expression_driven
E8p5Embryo	hotspot	1000	scvi	0.7247384125767442		1			0	0.7247384125767442		1	0.37571941708626305		1			0	0.37571941708626305		1			0	0.5502289148315036		1			0	expression_driven
E8p5Embryo	hotspot	10000	cellcharter	0.48573273893322133		1			0	0.48573273893322133		1	0.5498665802954132		1			0	0.5498665802954132		1			0	0.5177996596143173		1			0	expression_driven
E8p5Embryo	hotspot	10000	scvi	0.6891302970553799		1			0	0.6891302970553799		1	0.36517276768205803		1			0	0.36517276768205803		1			0	0.5271515323687189		1			0	expression_driven
E8p5Embryo	hotspot	200	cellcharter	0.5611366915146817		1			0	0.5611366915146817		1	0.7266289420734635		1			0	0.7266289420734635		1			0	0.6438828167940727		1			0	expression_driven
E8p5Embryo	hotspot	200	scvi	0.7876918099236467		1			0	0.7876918099236467		1	0.33828615517397775		1			0	0.33828615517397775		1			0	0.5629889825488122		1			0	expression_driven
E8p5Embryo	hotspot	2000	cellcharter	0.46637396046493995	0.0031849973849627858	3			0	0.46637396046493995	0.0031849973849627858	3	0.7124919366336141	0.004174231852049073	3			0	0.7124919366336141	0.004174231852049073	3			0	0.589432948549277	0.0028053826916884872	3			0	expression_driven
E8p5Embryo	hotspot	2000	scvi	0.7245598277152544	0.011830861694311126	3			0	0.7245598277152544	0.011830861694311126	3	0.3908914498922284	0.03189679249004553	3			0	0.3908914498922284	0.03189679249004553	3			0	0.5577256388037414	0.010450546040520486	3			0	expression_driven
E8p5Embryo	hotspot	500	cellcharter	0.5060568934641031		1			0	0.5060568934641031		1	0.7438470990015196		1			0	0.7438470990015196		1			0	0.6249519962328114		1			0	expression_driven
E8p5Embryo	hotspot	500	scvi	0.7515818524911582		1			0	0.7515818524911582		1	0.36672173467779884		1			0	0.36672173467779884		1			0	0.5591517935844785		1			0	expression_driven
E8p5Embryo	hotspot	5000	cellcharter	0.4600692427441023		1			0	0.4600692427441023		1	0.5714111338580324		1			0	0.5714111338580324		1			0	0.5157401883010674		1			0	expression_driven
E8p5Embryo	hotspot	5000	scvi	0.7351145350017966		1			0	0.7351145350017966		1	0.37483981829972124		1			0	0.37483981829972124		1			0	0.554977176650759		1			0	expression_driven
E8p5Embryo	morans_i	100	cellcharter	0.5344395017573571		1			0	0.5344395017573571		1	0.7370836110147782		1			0	0.7370836110147782		1			0	0.6357615563860677		1			0	spatially_informed
E8p5Embryo	morans_i	100	scvi	0.7673512196182404		1			0	0.7673512196182404		1	0.3896216248497512		1			0	0.3896216248497512		1			0	0.5784864222339958		1			0	spatially_informed
E8p5Embryo	morans_i	1000	cellcharter	0.48259559770007465		1			0	0.48259559770007465		1	0.6616508628503901		1			0	0.6616508628503901		1			0	0.5721232302752324		1			0	spatially_informed
E8p5Embryo	morans_i	1000	scvi	0.7400427423026283		1			0	0.7400427423026283		1	0.39901923280355395		1			0	0.39901923280355395		1			0	0.5695309875530912		1			0	spatially_informed
E8p5Embryo	morans_i	10000	cellcharter	0.4828331910977843		1			0	0.4828331910977843		1	0.552905312012041		1			0	0.552905312012041		1			0	0.5178692515549126		1			0	spatially_informed
E8p5Embryo	morans_i	10000	scvi	0.6859719667856558		1			0	0.6859719667856558		1	0.35894079433384296		1			0	0.35894079433384296		1			0	0.5224563805597493		1			0	spatially_informed
E8p5Embryo	morans_i	200	cellcharter	0.5005675696924772		1			0	0.5005675696924772		1	0.7281488641360315		1			0	0.7281488641360315		1			0	0.6143582169142543		1			0	spatially_informed
E8p5Embryo	morans_i	200	scvi	0.7510528121775641		1			0	0.7510528121775641		1	0.387021365687295		1			0	0.387021365687295		1			0	0.5690370889324295		1			0	spatially_informed
E8p5Embryo	morans_i	2000	cellcharter	0.46757365283936153	0.0027942983241948573	3			0	0.46757365283936153	0.0027942983241948573	3	0.62189608857019	0.004962861397844009	3			0	0.62189608857019	0.004962861397844009	3			0	0.5447348707047758	0.0038783095711887885	3			0	spatially_informed
E8p5Embryo	morans_i	2000	scvi	0.7353346271331871	0.011636247570471525	3			0	0.7353346271331871	0.011636247570471525	3	0.4070927214540472	0.017078958456247708	3			0	0.4070927214540472	0.017078958456247708	3			0	0.5712136742936171	0.004731691777520285	3			0	spatially_informed
E8p5Embryo	morans_i	500	cellcharter	0.4899130485473686		1			0	0.4899130485473686		1	0.7143651210312383		1			0	0.7143651210312383		1			0	0.6021390847893034		1			0	spatially_informed
E8p5Embryo	morans_i	500	scvi	0.7394569201278387		1			0	0.7394569201278387		1	0.3766976544730662		1			0	0.3766976544730662		1			0	0.5580772873004525		1			0	spatially_informed
E8p5Embryo	morans_i	5000	cellcharter	0.44918107153067427		1			0	0.44918107153067427		1	0.610118927351844		1			0	0.610118927351844		1			0	0.5296499994412591		1			0	spatially_informed
E8p5Embryo	morans_i	5000	scvi	0.6816299865360853		1			0	0.6816299865360853		1	0.4009259858257204		1			0	0.4009259858257204		1			0	0.5412779861809028		1			0	spatially_informed
E8p5Embryo	nbumi	100	cellcharter	0.5219852375302261		1			0	0.5219852375302261		1	0.7223742280939747		1			0	0.7223742280939747		1			0	0.6221797328121004		1			0	expression_driven
E8p5Embryo	nbumi	100	scvi	0.7863165366784115		1			0	0.7863165366784115		1	0.3309813244229208		1			0	0.3309813244229208		1			0	0.5586489305506661		1			0	expression_driven
E8p5Embryo	nbumi	1000	cellcharter	0.48534268886447635		1			0	0.48534268886447635		1	0.7026844054920062		1			0	0.7026844054920062		1			0	0.5940135471782413		1			0	expression_driven
E8p5Embryo	nbumi	1000	scvi	0.753869797784589		1			0	0.753869797784589		1	0.3518919727581699		1			0	0.3518919727581699		1			0	0.5528808852713795		1			0	expression_driven
E8p5Embryo	nbumi	10000	cellcharter	0.49269468452324705		1			0	0.49269468452324705		1	0.5740184028614053		1			0	0.5740184028614053		1			0	0.5333565436923262		1			0	expression_driven
E8p5Embryo	nbumi	10000	scvi	0.7001526722056908		1			0	0.7001526722056908		1	0.3896372392280332		1			0	0.3896372392280332		1			0	0.544894955716862		1			0	expression_driven
E8p5Embryo	nbumi	200	cellcharter	0.5115057755196424		1			0	0.5115057755196424		1	0.7126809288353346		1			0	0.7126809288353346		1			0	0.6120933521774885		1			0	expression_driven
E8p5Embryo	nbumi	200	scvi	0.7691290373225501		1			0	0.7691290373225501		1	0.3462088408947778		1			0	0.3462088408947778		1			0	0.557668939108664		1			0	expression_driven
E8p5Embryo	nbumi	2000	cellcharter	0.47209416175529134	0.004017621251988268	3			0	0.47209416175529134	0.004017621251988268	3	0.7010322923051261	0.022405684376831138	3			0	0.7010322923051261	0.022405684376831138	3			0	0.5865632270302087	0.009625913522483733	3			0	expression_driven
E8p5Embryo	nbumi	2000	scvi	0.7306057591273012	0.012999217835413383	3			0	0.7306057591273012	0.012999217835413383	3	0.367286128493477	0.022419973230751834	3			0	0.367286128493477	0.022419973230751834	3			0	0.5489459438103892	0.01019442921522224	3			0	expression_driven
E8p5Embryo	nbumi	500	cellcharter	0.49071209727814635		1			0	0.49071209727814635		1	0.7354613715071544		1			0	0.7354613715071544		1			0	0.6130867343926504		1			0	expression_driven
E8p5Embryo	nbumi	500	scvi	0.7388772326426676		1			0	0.7388772326426676		1	0.3618244935135951		1			0	0.3618244935135951		1			0	0.5503508630781313		1			0	expression_driven
E8p5Embryo	nbumi	5000	cellcharter	0.484548744482447		1			0	0.484548744482447		1	0.6180812793564433		1			0	0.6180812793564433		1			0	0.5513150119194452		1			0	expression_driven
E8p5Embryo	nbumi	5000	scvi	0.7053112065350877		1			0	0.7053112065350877		1	0.44674054330494756		1			0	0.44674054330494756		1			0	0.5760258749200177		1			0	expression_driven
E8p5Embryo	nnsvg	100	cellcharter	0.5441751811307506		1			0	0.5441751811307506		1	0.6955334764749684		1			0	0.6955334764749684		1			0	0.6198543288028595		1			0	spatially_informed
E8p5Embryo	nnsvg	100	scvi	0.7871503749744091		1			0	0.7871503749744091		1	0.3372995042864874		1			0	0.3372995042864874		1			0	0.5622249396304483		1			0	spatially_informed
E8p5Embryo	nnsvg	1000	cellcharter	0.5103312608605924		1			0	0.5103312608605924		1	0.6169233120073988		1			0	0.6169233120073988		1			0	0.5636272864339956		1			0	spatially_informed
E8p5Embryo	nnsvg	1000	scvi	0.7534976204148092		1			0	0.7534976204148092		1	0.3602579939979982		1			0	0.3602579939979982		1			0	0.5568778072064037		1			0	spatially_informed
E8p5Embryo	nnsvg	10000	cellcharter	0.47963592076877853		1			0	0.47963592076877853		1	0.5421723528180358		1			0	0.5421723528180358		1			0	0.5109041367934072		1			0	spatially_informed
E8p5Embryo	nnsvg	10000	scvi	0.7264023714703596		1			0	0.7264023714703596		1	0.36480169548873614		1			0	0.36480169548873614		1			0	0.5456020334795478		1			0	spatially_informed
E8p5Embryo	nnsvg	200	cellcharter	0.533106824725467		1			0	0.533106824725467		1	0.7186877096594463		1			0	0.7186877096594463		1			0	0.6258972671924566		1			0	spatially_informed
E8p5Embryo	nnsvg	200	scvi	0.7752522395324947		1			0	0.7752522395324947		1	0.3606601052381137		1			0	0.3606601052381137		1			0	0.5679561723853042		1			0	spatially_informed
E8p5Embryo	nnsvg	2000	cellcharter	0.49393589358861933	0.004722946772895289	3			0	0.49393589358861933	0.004722946772895289	3	0.5790073993168482	0.026532061526320597	3			0	0.5790073993168482	0.026532061526320597	3			0	0.5364716464527338	0.011823737057749528	3			0	spatially_informed
E8p5Embryo	nnsvg	2000	scvi	0.7529832253388561	0.009646564228783749	3			0	0.7529832253388561	0.009646564228783749	3	0.3894945896196453	0.0010739544149774391	3			0	0.3894945896196453	0.0010739544149774391	3			0	0.5712389074792507	0.005090737882650671	3			0	spatially_informed
E8p5Embryo	nnsvg	500	cellcharter	0.5246019166010978		1			0	0.5246019166010978		1	0.6303258617465753		1			0	0.6303258617465753		1			0	0.5774638891738366		1			0	spatially_informed
E8p5Embryo	nnsvg	500	scvi	0.7359906681336639		1			0	0.7359906681336639		1	0.4004492048204893		1			0	0.4004492048204893		1			0	0.5682199364770766		1			0	spatially_informed
E8p5Embryo	nnsvg	5000	cellcharter	0.47963592076877853		1			0	0.47963592076877853		1	0.5421723528180358		1			0	0.5421723528180358		1			0	0.5109041367934072		1			0	spatially_informed
E8p5Embryo	nnsvg	5000	scvi	0.7264023714703596		1			0	0.7264023714703596		1	0.36480169548873614		1			0	0.36480169548873614		1			0	0.5456020334795478		1			0	spatially_informed
E8p5Embryo	osca	100	cellcharter	0.5491336291299342		1			0	0.5491336291299342		1	0.7114177654650584		1			0	0.7114177654650584		1			0	0.6302756972974963		1			0	expression_driven
E8p5Embryo	osca	100	scvi	0.818196970741865		1			0	0.818196970741865		1	0.2865293069685207		1			0	0.2865293069685207		1			0	0.5523631388551928		1			0	expression_driven
E8p5Embryo	osca	1000	cellcharter	0.5083167801024437		1			0	0.5083167801024437		1	0.6827640308964829		1			0	0.6827640308964829		1			0	0.5955404054994633		1			0	expression_driven
E8p5Embryo	osca	1000	scvi	0.7762427537207357		1			0	0.7762427537207357		1	0.3525515425673064		1			0	0.3525515425673064		1			0	0.5643971481440211		1			0	expression_driven
E8p5Embryo	osca	10000	cellcharter	0.46966356782394725		1			0	0.46966356782394725		1	0.6287867765564418		1			0	0.6287867765564418		1			0	0.5492251721901945		1			0	expression_driven
E8p5Embryo	osca	10000	scvi	0.7392591041786818		1			0	0.7392591041786818		1	0.42230042403352525		1			0	0.42230042403352525		1			0	0.5807797641061035		1			0	expression_driven
E8p5Embryo	osca	200	cellcharter	0.5386066841311512		1			0	0.5386066841311512		1	0.7100243955530908		1			0	0.7100243955530908		1			0	0.624315539842121		1			0	expression_driven
E8p5Embryo	osca	200	scvi	0.7989118837212723		1			0	0.7989118837212723		1	0.3367603496079117		1			0	0.3367603496079117		1			0	0.567836116664592		1			0	expression_driven
E8p5Embryo	osca	2000	cellcharter	0.5024227969638935	0.0019360627450665158	3			0	0.5024227969638935	0.0019360627450665158	3	0.6379550943751215	0.013104366979407473	3			0	0.6379550943751215	0.013104366979407473	3			0	0.5701889456695075	0.006376406413361625	3			0	expression_driven
E8p5Embryo	osca	2000	scvi	0.7597301056424216	0.02365319664043405	3			0	0.7597301056424216	0.02365319664043405	3	0.37335790783761835	0.012592908433598612	3			0	0.37335790783761835	0.012592908433598612	3			0	0.56654400674002	0.005808229084314087	3			0	expression_driven
E8p5Embryo	osca	500	cellcharter	0.5249600226544956		1			0	0.5249600226544956		1	0.7239129403271697		1			0	0.7239129403271697		1			0	0.6244364814908326		1			0	expression_driven
E8p5Embryo	osca	500	scvi	0.7878530988136083		1			0	0.7878530988136083		1	0.37385954221146306		1			0	0.37385954221146306		1			0	0.5808563205125357		1			0	expression_driven
E8p5Embryo	osca	5000	cellcharter	0.47977927630818523		1			0	0.47977927630818523		1	0.6413186311003765		1			0	0.6413186311003765		1			0	0.5605489537042808		1			0	expression_driven
E8p5Embryo	osca	5000	scvi	0.7445973734438747		1			0	0.7445973734438747		1	0.4060031286752431		1			0	0.4060031286752431		1			0	0.5753002510595588		1			0	expression_driven
E8p5Embryo	random	500	cellcharter	0.7752609380422063	0.04020807593281987	3			0	0.7752609380422063	0.04020807593281987	3	0.35361789058522924	0.060023418902182435	3			0	0.35361789058522924	0.060023418902182435	3			0	0.5644394143137178	0.016780562028893616	3			0	control
E8p5Embryo	random	500	scvi	0.8747796647921476	0.016911130216526238	3			0	0.8747796647921476	0.016911130216526238	3	0.11825836078610902	0.013081132923783748	3			0	0.11825836078610902	0.013081132923783748	3			0	0.4965190127891283	0.006950403303581189	3			0	control
E8p5Embryo	scPNMF	100	cellcharter	0.5964862485553131		1			0	0.5964862485553131		1	0.6693316786160158		1			0	0.6693316786160158		1			0	0.6329089635856644		1			0	expression_driven
E8p5Embryo	scPNMF	100	scvi	0.834566017444186		1			0	0.834566017444186		1	0.24896109839821978		1			0	0.24896109839821978		1			0	0.5417635579212029		1			0	expression_driven
E8p5Embryo	scPNMF	1000	cellcharter	0.5380405421349799		1			0	0.5380405421349799		1	0.5372480434633448		1			0	0.5372480434633448		1			0	0.5376442927991623		1			0	expression_driven
E8p5Embryo	scPNMF	1000	scvi	0.8094802962345807		1			0	0.8094802962345807		1	0.2878563679027765		1			0	0.2878563679027765		1			0	0.5486683320686786		1			0	expression_driven
E8p5Embryo	scPNMF	10000	cellcharter	0.4876723555000203		1			0	0.4876723555000203		1	0.5278795360866514		1			0	0.5278795360866514		1			0	0.5077759457933358		1			0	expression_driven
E8p5Embryo	scPNMF	10000	scvi	0.6828672340401103		1			0	0.6828672340401103		1	0.3374037006457194		1			0	0.3374037006457194		1			0	0.5101354673429148		1			0	expression_driven
E8p5Embryo	scPNMF	200	cellcharter	0.5936609048981998		1			0	0.5936609048981998		1	0.5918962079060245		1			0	0.5918962079060245		1			0	0.5927785564021122		1			0	expression_driven
E8p5Embryo	scPNMF	200	scvi	0.8311326209930179		1			0	0.8311326209930179		1	0.26898361309645097		1			0	0.26898361309645097		1			0	0.5500581170447344		1			0	expression_driven
E8p5Embryo	scPNMF	2000	cellcharter	0.5125552540546511	0.0030654672871026057	3			0	0.5125552540546511	0.0030654672871026057	3	0.5819200399766903	0.016716924531318515	3			0	0.5819200399766903	0.016716924531318515	3			0	0.5472376470156708	0.006934869555322358	3			0	expression_driven
E8p5Embryo	scPNMF	2000	scvi	0.7793380769639094	0.017380522261889245	3			0	0.7793380769639094	0.017380522261889245	3	0.33313768677110367	0.06365811263334191	3			0	0.33313768677110367	0.06365811263334191	3			0	0.5562378818675066	0.026114414548118522	3			0	expression_driven
E8p5Embryo	scPNMF	500	cellcharter	0.5649313250268883		1			0	0.5649313250268883		1	0.5855189040724698		1			0	0.5855189040724698		1			0	0.575225114549679		1			0	expression_driven
E8p5Embryo	scPNMF	500	scvi	0.833785962741012		1			0	0.833785962741012		1	0.26679801730747815		1			0	0.26679801730747815		1			0	0.5502919900242451		1			0	expression_driven
E8p5Embryo	scPNMF	5000	cellcharter	0.48937025311349425		1			0	0.48937025311349425		1	0.5173122119169239		1			0	0.5173122119169239		1			0	0.5033412325152091		1			0	expression_driven
E8p5Embryo	scPNMF	5000	scvi	0.6934100407438113		1			0	0.6934100407438113		1	0.3769337960627013		1			0	0.3769337960627013		1			0	0.5351719184032563		1			0	expression_driven
E8p5Embryo	scanpy_cell_ranger	100	cellcharter	0.6013012348136392		1			0	0.6013012348136392		1	0.6097797279081432		1			0	0.6097797279081432		1			0	0.6055404813608911		1			0	expression_driven
E8p5Embryo	scanpy_cell_ranger	100	scvi	0.7913921308609717		1			0	0.7913921308609717		1	0.24623425489691284		1			0	0.24623425489691284		1			0	0.5188131928789422		1			0	expression_driven
E8p5Embryo	scanpy_cell_ranger	1000	cellcharter	0.520138244569598		1			0	0.520138244569598		1	0.7282495340851746		1			0	0.7282495340851746		1			0	0.6241938893273863		1			0	expression_driven
E8p5Embryo	scanpy_cell_ranger	1000	scvi	0.7853313328481115		1			0	0.7853313328481115		1	0.3589248747441807		1			0	0.3589248747441807		1			0	0.5721281037961461		1			0	expression_driven
E8p5Embryo	scanpy_cell_ranger	10000	cellcharter	0.48461379187378073		1			0	0.48461379187378073		1	0.6095639124586872		1			0	0.6095639124586872		1			0	0.547088852166234		1			0	expression_driven
E8p5Embryo	scanpy_cell_ranger	10000	scvi	0.7423836762984487		1			0	0.7423836762984487		1	0.38909605871153813		1			0	0.38909605871153813		1			0	0.5657398675049934		1			0	expression_driven
E8p5Embryo	scanpy_cell_ranger	200	cellcharter	0.5539359473497287		1			0	0.5539359473497287		1	0.7004132618949926		1			0	0.7004132618949926		1			0	0.6271746046223607		1			0	expression_driven
E8p5Embryo	scanpy_cell_ranger	200	scvi	0.800950385988161		1			0	0.800950385988161		1	0.2762044296546384		1			0	0.2762044296546384		1			0	0.5385774078213997		1			0	expression_driven
E8p5Embryo	scanpy_cell_ranger	2000	cellcharter	0.5034911169200552	0.006793988728936307	3			0	0.5034911169200552	0.006793988728936307	3	0.7048700093353205	0.027499486944310068	3			0	0.7048700093353205	0.027499486944310068	3			0	0.6041805631276879	0.013983687987683917	3			0	expression_driven
E8p5Embryo	scanpy_cell_ranger	2000	scvi	0.7706524045750616	0.007348310194568383	3			0	0.7706524045750616	0.007348310194568383	3	0.3684073931235618	0.010764018664928198	3			0	0.3684073931235618	0.010764018664928198	3			0	0.5695298988493116	0.0020334125812602293	3			0	expression_driven
E8p5Embryo	scanpy_cell_ranger	500	cellcharter	0.544197639747142		1			0	0.544197639747142		1	0.7194114774328874		1			0	0.7194114774328874		1			0	0.6318045585900147		1			0	expression_driven
E8p5Embryo	scanpy_cell_ranger	500	scvi	0.7781719434063255		1			0	0.7781719434063255		1	0.32731997382035366		1			0	0.32731997382035366		1			0	0.5527459586133395		1			0	expression_driven
E8p5Embryo	scanpy_cell_ranger	5000	cellcharter	0.4809913696278104		1			0	0.4809913696278104		1	0.7298633989502359		1			0	0.7298633989502359		1			0	0.6054273842890232		1			0	expression_driven
E8p5Embryo	scanpy_cell_ranger	5000	scvi	0.7194009159899428		1			0	0.7194009159899428		1	0.3696276467254395		1			0	0.3696276467254395		1			0	0.5445142813576912		1			0	expression_driven
E8p5Embryo	scanpy_cell_ranger_batch	100	cellcharter	0.5611182722748655		1			0	0.5611182722748655		1	0.667810980272514		1			0	0.667810980272514		1			0	0.6144646262736897		1			0	expression_driven
E8p5Embryo	scanpy_cell_ranger_batch	100	scvi	0.7862291270836085		1			0	0.7862291270836085		1	0.2729813956016666		1			0	0.2729813956016666		1			0	0.5296052613426375		1			0	expression_driven
E8p5Embryo	scanpy_cell_ranger_batch	1000	cellcharter	0.5102509344588502		1			0	0.5102509344588502		1	0.7169633042725604		1			0	0.7169633042725604		1			0	0.6136071193657053		1			0	expression_driven
E8p5Embryo	scanpy_cell_ranger_batch	1000	scvi	0.7760458190997268		1			0	0.7760458190997268		1	0.34983543248989896		1			0	0.34983543248989896		1			0	0.5629406257948129		1			0	expression_driven
E8p5Embryo	scanpy_cell_ranger_batch	10000	cellcharter	0.4870306546964844		1			0	0.4870306546964844		1	0.5931370536323392		1			0	0.5931370536323392		1			0	0.5400838541644117		1			0	expression_driven
E8p5Embryo	scanpy_cell_ranger_batch	10000	scvi	0.7477078695499246		1			0	0.7477078695499246		1	0.39479035621141695		1			0	0.39479035621141695		1			0	0.5712491128806708		1			0	expression_driven
E8p5Embryo	scanpy_cell_ranger_batch	200	cellcharter	0.5458159438072718		1			0	0.5458159438072718		1	0.661114209859471		1			0	0.661114209859471		1			0	0.6034650768333714		1			0	expression_driven
E8p5Embryo	scanpy_cell_ranger_batch	200	scvi	0.7909604492999237		1			0	0.7909604492999237		1	0.3107144938421475		1			0	0.3107144938421475		1			0	0.5508374715710356		1			0	expression_driven
E8p5Embryo	scanpy_cell_ranger_batch	2000	cellcharter	0.5057794900912349	0.002448542708942645	3			0	0.5057794900912349	0.002448542708942645	3	0.7131637836142349	0.01872702990317181	3			0	0.7131637836142349	0.01872702990317181	3			0	0.609471636852735	0.00870070911583531	3			0	expression_driven
E8p5Embryo	scanpy_cell_ranger_batch	2000	scvi	0.7737930636083741	0.012795925146088644	3			0	0.7737930636083741	0.012795925146088644	3	0.36401929478665523	0.012256427354639903	3			0	0.36401929478665523	0.012256427354639903	3			0	0.5689061791975146	0.004750669697086293	3			0	expression_driven
E8p5Embryo	scanpy_cell_ranger_batch	500	cellcharter	0.5279483948721295		1			0	0.5279483948721295		1	0.6799484951301219		1			0	0.6799484951301219		1			0	0.6039484450011257		1			0	expression_driven
E8p5Embryo	scanpy_cell_ranger_batch	500	scvi	0.7955327029076473		1			0	0.7955327029076473		1	0.32909355151169245		1			0	0.32909355151169245		1			0	0.5623131272096699		1			0	expression_driven
E8p5Embryo	scanpy_cell_ranger_batch	5000	cellcharter	0.490065986674166		1			0	0.490065986674166		1	0.6825057871609225		1			0	0.6825057871609225		1			0	0.5862858869175442		1			0	expression_driven
E8p5Embryo	scanpy_cell_ranger_batch	5000	scvi	0.7515816560521766		1			0	0.7515816560521766		1	0.39429162585509575		1			0	0.39429162585509575		1			0	0.5729366409536362		1			0	expression_driven
E8p5Embryo	scanpy_pearson	100	cellcharter	0.6033324806068889		1			0	0.6033324806068889		1	0.65740800799087		1			0	0.65740800799087		1			0	0.6303702442988794		1			0	expression_driven
E8p5Embryo	scanpy_pearson	100	scvi	0.8136278868949598		1			0	0.8136278868949598		1	0.26369097031014144		1			0	0.26369097031014144		1			0	0.5386594286025506		1			0	expression_driven
E8p5Embryo	scanpy_pearson	1000	cellcharter	0.5113143374709073		1			0	0.5113143374709073		1	0.7349113416346599		1			0	0.7349113416346599		1			0	0.6231128395527836		1			0	expression_driven
E8p5Embryo	scanpy_pearson	1000	scvi	0.7771833068848673		1			0	0.7771833068848673		1	0.3259934805948146		1			0	0.3259934805948146		1			0	0.5515883937398409		1			0	expression_driven
E8p5Embryo	scanpy_pearson	10000	cellcharter	0.49906273802254436		1			0	0.49906273802254436		1	0.5185922494839555		1			0	0.5185922494839555		1			0	0.50882749375325		1			0	expression_driven
E8p5Embryo	scanpy_pearson	10000	scvi	0.7317619595877196		1			0	0.7317619595877196		1	0.38771724656505774		1			0	0.38771724656505774		1			0	0.5597396030763887		1			0	expression_driven
E8p5Embryo	scanpy_pearson	200	cellcharter	0.578818846260471		1			0	0.578818846260471		1	0.6627269729662354		1			0	0.6627269729662354		1			0	0.6207729096133532		1			0	expression_driven
E8p5Embryo	scanpy_pearson	200	scvi	0.8087828454981119		1			0	0.8087828454981119		1	0.26535905600424436		1			0	0.26535905600424436		1			0	0.5370709507511782		1			0	expression_driven
E8p5Embryo	scanpy_pearson	2000	cellcharter	0.48117444659992237	0.00657052465668956	3			0	0.48117444659992237	0.00657052465668956	3	0.7348978553416413	0.004437600706053569	3			0	0.7348978553416413	0.004437600706053569	3			0	0.6080361509707819	0.004333489078945606	3			0	expression_driven
E8p5Embryo	scanpy_pearson	2000	scvi	0.7424479768466222	0.010964929817961164	3			0	0.7424479768466222	0.010964929817961164	3	0.390995620045262	0.0056478738319227844	3			0	0.390995620045262	0.0056478738319227844	3			0	0.5667217984459421	0.008102427735886309	3			0	expression_driven
E8p5Embryo	scanpy_pearson	500	cellcharter	0.5510013934265636		1			0	0.5510013934265636		1	0.7040535544323657		1			0	0.7040535544323657		1			0	0.6275274739294647		1			0	expression_driven
E8p5Embryo	scanpy_pearson	500	scvi	0.8082293322281042		1			0	0.8082293322281042		1	0.30442023733403895		1			0	0.30442023733403895		1			0	0.5563247847810716		1			0	expression_driven
E8p5Embryo	scanpy_pearson	5000	cellcharter	0.46784816574200705		1			0	0.46784816574200705		1	0.6460967365362463		1			0	0.6460967365362463		1			0	0.5569724511391267		1			0	expression_driven
E8p5Embryo	scanpy_pearson	5000	scvi	0.7400711528763091		1			0	0.7400711528763091		1	0.39107625082781583		1			0	0.39107625082781583		1			0	0.5655737018520625		1			0	expression_driven
E8p5Embryo	scanpy_pearson_batch	100	cellcharter	0.5963587457254714		1			0	0.5963587457254714		1	0.6561141924364264		1			0	0.6561141924364264		1			0	0.626236469080949		1			0	expression_driven
E8p5Embryo	scanpy_pearson_batch	100	scvi	0.8281670780463554		1			0	0.8281670780463554		1	0.23577360462410427		1			0	0.23577360462410427		1			0	0.5319703413352298		1			0	expression_driven
E8p5Embryo	scanpy_pearson_batch	1000	cellcharter	0.5459248954736984		1			0	0.5459248954736984		1	0.6872658046631787		1			0	0.6872658046631787		1			0	0.6165953500684385		1			0	expression_driven
E8p5Embryo	scanpy_pearson_batch	1000	scvi	0.7840891983114957		1			0	0.7840891983114957		1	0.31377289416242676		1			0	0.31377289416242676		1			0	0.5489310462369612		1			0	expression_driven
E8p5Embryo	scanpy_pearson_batch	10000	cellcharter	0.4794222661413372		1			0	0.4794222661413372		1	0.57082935908811		1			0	0.57082935908811		1			0	0.5251258126147236		1			0	expression_driven
E8p5Embryo	scanpy_pearson_batch	10000	scvi	0.6995768929500198		1			0	0.6995768929500198		1	0.39932900091351026		1			0	0.39932900091351026		1			0	0.549452946931765		1			0	expression_driven
E8p5Embryo	scanpy_pearson_batch	200	cellcharter	0.5912453776879986		1			0	0.5912453776879986		1	0.65862395521955		1			0	0.65862395521955		1			0	0.6249346664537743		1			0	expression_driven
E8p5Embryo	scanpy_pearson_batch	200	scvi	0.8179559047462294		1			0	0.8179559047462294		1	0.2624202032553347		1			0	0.2624202032553347		1			0	0.5401880540007821		1			0	expression_driven
E8p5Embryo	scanpy_pearson_batch	2000	cellcharter	0.5518073510015397	0.013991036122471384	3			0	0.5518073510015397	0.013991036122471384	3	0.6975958564952823	0.01281693061964431	3			0	0.6975958564952823	0.01281693061964431	3			0	0.624701603748411	0.0015034755238028487	3			0	expression_driven
E8p5Embryo	scanpy_pearson_batch	2000	scvi	0.7786878464984669	0.00032920287792146026	3			0	0.7786878464984669	0.00032920287792146026	3	0.31829183256907195	0.004794901077119757	3			0	0.31829183256907195	0.004794901077119757	3			0	0.5484898395337693	0.002561073290515766	3			0	expression_driven
E8p5Embryo	scanpy_pearson_batch	500	cellcharter	0.5459413457302595		1			0	0.5459413457302595		1	0.6771209671362582		1			0	0.6771209671362582		1			0	0.6115311564332588		1			0	expression_driven
E8p5Embryo	scanpy_pearson_batch	500	scvi	0.8011945813456112		1			0	0.8011945813456112		1	0.30058731157745866		1			0	0.30058731157745866		1			0	0.5508909464615349		1			0	expression_driven
E8p5Embryo	scanpy_pearson_batch	5000	cellcharter	0.5006740988121805		1			0	0.5006740988121805		1	0.7263084857969334		1			0	0.7263084857969334		1			0	0.613491292304557		1			0	expression_driven
E8p5Embryo	scanpy_pearson_batch	5000	scvi	0.7470320308330874		1			0	0.7470320308330874		1	0.3873161859868008		1			0	0.3873161859868008		1			0	0.5671741084099441		1			0	expression_driven
E8p5Embryo	scanpy_seurat	100	cellcharter	0.6988453136237479		1			0	0.6988453136237479		1	0.18673825230648378		1			0	0.18673825230648378		1			0	0.44279178296511584		1			0	expression_driven
E8p5Embryo	scanpy_seurat	100	scvi	0.5326902202553322		1			0	0.5326902202553322		1	0.25156318082858004		1			0	0.25156318082858004		1			0	0.3921267005419561		1			0	expression_driven
E8p5Embryo	scanpy_seurat	1000	cellcharter	0.7160094924208704		1			0	0.7160094924208704		1	0.5065450872236439		1			0	0.5065450872236439		1			0	0.6112772898222572		1			0	expression_driven
E8p5Embryo	scanpy_seurat	1000	scvi	0.9111129119627357		1			0	0.9111129119627357		1	0.1599636854525113		1			0	0.1599636854525113		1			0	0.5355382987076235		1			0	expression_driven
E8p5Embryo	scanpy_seurat	10000	cellcharter	0.5002488150859308		1			0	0.5002488150859308		1	0.5333633781792079		1			0	0.5333633781792079		1			0	0.5168060966325694		1			0	expression_driven
E8p5Embryo	scanpy_seurat	10000	scvi	0.6745713380189196		1			0	0.6745713380189196		1	0.3601288014158237		1			0	0.3601288014158237		1			0	0.5173500697173716		1			0	expression_driven
E8p5Embryo	scanpy_seurat	200	cellcharter	0.7217527492781421		1			0	0.7217527492781421		1	0.2956589305178173		1			0	0.2956589305178173		1			0	0.5087058398979797		1			0	expression_driven
E8p5Embryo	scanpy_seurat	200	scvi	0.7794632831383316		1			0	0.7794632831383316		1	0.15850622054793498		1			0	0.15850622054793498		1			0	0.46898475184313326		1			0	expression_driven
E8p5Embryo	scanpy_seurat	2000	cellcharter	0.6108629600957157	0.004054138281010285	3			0	0.6108629600957157	0.004054138281010285	3	0.611895553219926	0.02538367271194123	3			0	0.611895553219926	0.02538367271194123	3			0	0.6113792566578208	0.01188727829675573	3			0	expression_driven
E8p5Embryo	scanpy_seurat	2000	scvi	0.8406140835815957	0.006392880326555362	3			0	0.8406140835815957	0.006392880326555362	3	0.2537912154163536	0.009272436476132413	3			0	0.2537912154163536	0.009272436476132413	3			0	0.5472026494989747	0.004502887758319988	3			0	expression_driven
E8p5Embryo	scanpy_seurat	500	cellcharter	0.7322938292057357		1			0	0.7322938292057357		1	0.4382200169695018		1			0	0.4382200169695018		1			0	0.5852569230876188		1			0	expression_driven
E8p5Embryo	scanpy_seurat	500	scvi	0.8709436437710636		1			0	0.8709436437710636		1	0.14081519546031243		1			0	0.14081519546031243		1			0	0.505879419615688		1			0	expression_driven
E8p5Embryo	scanpy_seurat	5000	cellcharter	0.5234044285667704		1			0	0.5234044285667704		1	0.5709467861567427		1			0	0.5709467861567427		1			0	0.5471756073617565		1			0	expression_driven
E8p5Embryo	scanpy_seurat	5000	scvi	0.7652682480447413		1			0	0.7652682480447413		1	0.3018134793677552		1			0	0.3018134793677552		1			0	0.5335408637062482		1			0	expression_driven
E8p5Embryo	scanpy_seurat_batch	100	cellcharter	0.7181440340372252		1			0	0.7181440340372252		1	0.2683994907520985		1			0	0.2683994907520985		1			0	0.49327176239466186		1			0	expression_driven
E8p5Embryo	scanpy_seurat_batch	100	scvi	0.7672367569533802		1			0	0.7672367569533802		1	0.15888611021126897		1			0	0.15888611021126897		1			0	0.4630614335823246		1			0	expression_driven
E8p5Embryo	scanpy_seurat_batch	1000	cellcharter	0.6300352984782704		1			0	0.6300352984782704		1	0.5243615050505731		1			0	0.5243615050505731		1			0	0.5771984017644218		1			0	expression_driven
E8p5Embryo	scanpy_seurat_batch	1000	scvi	0.8208519751627482		1			0	0.8208519751627482		1	0.2618636911765843		1			0	0.2618636911765843		1			0	0.5413578331696662		1			0	expression_driven
E8p5Embryo	scanpy_seurat_batch	10000	cellcharter	0.4879065206585451		1			0	0.4879065206585451		1	0.5541848716691425		1			0	0.5541848716691425		1			0	0.5210456961638439		1			0	expression_driven
E8p5Embryo	scanpy_seurat_batch	10000	scvi	0.7274757542234952		1			0	0.7274757542234952		1	0.381953087042412		1			0	0.381953087042412		1			0	0.5547144206329536		1			0	expression_driven
E8p5Embryo	scanpy_seurat_batch	200	cellcharter	0.707584501751924		1			0	0.707584501751924		1	0.41635979755068836		1			0	0.41635979755068836		1			0	0.5619721496513062		1			0	expression_driven
E8p5Embryo	scanpy_seurat_batch	200	scvi	0.817190522037702		1			0	0.817190522037702		1	0.13119497955753776		1			0	0.13119497955753776		1			0	0.4741927507976199		1			0	expression_driven
E8p5Embryo	scanpy_seurat_batch	2000	cellcharter	0.5963526175986759	0.0038542742980924457	3			0	0.5963526175986759	0.0038542742980924457	3	0.6312507307077162	0.013577927273473189	3			0	0.6312507307077162	0.013577927273473189	3			0	0.6138016741531961	0.0048927062550190034	3			0	expression_driven
E8p5Embryo	scanpy_seurat_batch	2000	scvi	0.8234843555346547	0.007218399856361544	3			0	0.8234843555346547	0.007218399856361544	3	0.25380649471828615	0.0029719068251877687	3			0	0.25380649471828615	0.0029719068251877687	3			0	0.5386454251264704	0.004878086713850204	3			0	expression_driven
E8p5Embryo	scanpy_seurat_batch	500	cellcharter	0.6491664252175846		1			0	0.6491664252175846		1	0.4780365358073058		1			0	0.4780365358073058		1			0	0.5636014805124452		1			0	expression_driven
E8p5Embryo	scanpy_seurat_batch	500	scvi	0.8524504503414289		1			0	0.8524504503414289		1	0.1815142168835752		1			0	0.1815142168835752		1			0	0.516982333612502		1			0	expression_driven
E8p5Embryo	scanpy_seurat_batch	5000	cellcharter	0.528993037933931		1			0	0.528993037933931		1	0.6849854029890071		1			0	0.6849854029890071		1			0	0.6069892204614691		1			0	expression_driven
E8p5Embryo	scanpy_seurat_batch	5000	scvi	0.754275563198818		1			0	0.754275563198818		1	0.35186689936731536		1			0	0.35186689936731536		1			0	0.5530712312830667		1			0	expression_driven
E8p5Embryo	scanpy_seurat_v3	100	cellcharter	0.5264860695444364		1			0	0.5264860695444364		1	0.7131407825437961		1			0	0.7131407825437961		1			0	0.6198134260441163		1			0	expression_driven
E8p5Embryo	scanpy_seurat_v3	100	scvi	0.7438754758937074		1			0	0.7438754758937074		1	0.31568474693663834		1			0	0.31568474693663834		1			0	0.5297801114151729		1			0	expression_driven
E8p5Embryo	scanpy_seurat_v3	1000	cellcharter	0.46609615852530484		1			0	0.46609615852530484		1	0.7244621826414935		1			0	0.7244621826414935		1			0	0.5952791705833992		1			0	expression_driven
E8p5Embryo	scanpy_seurat_v3	1000	scvi	0.7247098847380684		1			0	0.7247098847380684		1	0.38722092340485964		1			0	0.38722092340485964		1			0	0.555965404071464		1			0	expression_driven
E8p5Embryo	scanpy_seurat_v3	10000	cellcharter	0.46722544736887983		1			0	0.46722544736887983		1	0.6474494803563654		1			0	0.6474494803563654		1			0	0.5573374638626226		1			0	expression_driven
E8p5Embryo	scanpy_seurat_v3	10000	scvi	0.7248429764936846		1			0	0.7248429764936846		1	0.4213030300993899		1			0	0.4213030300993899		1			0	0.5730730032965372		1			0	expression_driven
E8p5Embryo	scanpy_seurat_v3	200	cellcharter	0.5063035299535845		1			0	0.5063035299535845		1	0.728219309875452		1			0	0.728219309875452		1			0	0.6172614199145183		1			0	expression_driven
E8p5Embryo	scanpy_seurat_v3	200	scvi	0.7455528780154703		1			0	0.7455528780154703		1	0.34513262589201615		1			0	0.34513262589201615		1			0	0.5453427519537433		1			0	expression_driven
E8p5Embryo	scanpy_seurat_v3	2000	cellcharter	0.4498409546486179	0.0027921561710922693	3			0	0.4498409546486179	0.0027921561710922693	3	0.7376263334626115	0.010403639841960787	3			0	0.7376263334626115	0.010403639841960787	3			0	0.5937336440556146	0.006288346191046623	3			0	expression_driven
E8p5Embryo	scanpy_seurat_v3	2000	scvi	0.7323655118751896	0.01114494917411169	3			0	0.7323655118751896	0.01114494917411169	3	0.4085821575594541	0.013590704560508534	3			0	0.4085821575594541	0.013590704560508534	3			0	0.5704738347173218	0.007733682583027736	3			0	expression_driven
E8p5Embryo	scanpy_seurat_v3	500	cellcharter	0.48098662559965744		1			0	0.48098662559965744		1	0.7369804579757001		1			0	0.7369804579757001		1			0	0.6089835417876788		1			0	expression_driven
E8p5Embryo	scanpy_seurat_v3	500	scvi	0.7310016814757454		1			0	0.7310016814757454		1	0.39427701984185165		1			0	0.39427701984185165		1			0	0.5626393506587986		1			0	expression_driven
E8p5Embryo	scanpy_seurat_v3	5000	cellcharter	0.4453046913228634		1			0	0.4453046913228634		1	0.7316829317944092		1			0	0.7316829317944092		1			0	0.5884938115586363		1			0	expression_driven
E8p5Embryo	scanpy_seurat_v3	5000	scvi	0.7256365118179402		1			0	0.7256365118179402		1	0.41977264544240916		1			0	0.41977264544240916		1			0	0.5727045786301747		1			0	expression_driven
E8p5Embryo	scanpy_seurat_v3_batch	100	cellcharter	0.5592800254359286		1			0	0.5592800254359286		1	0.7086591755760833		1			0	0.7086591755760833		1			0	0.6339696005060059		1			0	expression_driven
E8p5Embryo	scanpy_seurat_v3_batch	100	scvi	0.7689406425762817		1			0	0.7689406425762817		1	0.29145244452282143		1			0	0.29145244452282143		1			0	0.5301965435495516		1			0	expression_driven
E8p5Embryo	scanpy_seurat_v3_batch	1000	cellcharter	0.46658993749697597		1			0	0.46658993749697597		1	0.7456119135124618		1			0	0.7456119135124618		1			0	0.606100925504719		1			0	expression_driven
E8p5Embryo	scanpy_seurat_v3_batch	1000	scvi	0.7287844457207544		1			0	0.7287844457207544		1	0.4033988503410339		1			0	0.4033988503410339		1			0	0.5660916480308942		1			0	expression_driven
E8p5Embryo	scanpy_seurat_v3_batch	10000	cellcharter	0.4669958925152143		1			0	0.4669958925152143		1	0.6114254802713726		1			0	0.6114254802713726		1			0	0.5392106863932934		1			0	expression_driven
E8p5Embryo	scanpy_seurat_v3_batch	10000	scvi	0.7212840665305142		1			0	0.7212840665305142		1	0.3946475298407472		1			0	0.3946475298407472		1			0	0.5579657981856307		1			0	expression_driven
E8p5Embryo	scanpy_seurat_v3_batch	200	cellcharter	0.5411129165870242		1			0	0.5411129165870242		1	0.7132750137740426		1			0	0.7132750137740426		1			0	0.6271939651805334		1			0	expression_driven
E8p5Embryo	scanpy_seurat_v3_batch	200	scvi	0.7710890152933895		1			0	0.7710890152933895		1	0.335669358413402		1			0	0.335669358413402		1			0	0.5533791868533957		1			0	expression_driven
E8p5Embryo	scanpy_seurat_v3_batch	2000	cellcharter	0.46062358877169624	0.009285577548890263	3			0	0.46062358877169624	0.009285577548890263	3	0.7431380990746314	0.0027159988885572402	3			0	0.7431380990746314	0.0027159988885572402	3			0	0.6018808439231639	0.0039970596282813825	3			0	expression_driven
E8p5Embryo	scanpy_seurat_v3_batch	2000	scvi	0.7344786498556758	0.02060058565583856	3			0	0.7344786498556758	0.02060058565583856	3	0.3755198300494344	0.027761510781706602	3			0	0.3755198300494344	0.027761510781706602	3			0	0.5549992399525552	0.014015240036329398	3			0	expression_driven
E8p5Embryo	scanpy_seurat_v3_batch	500	cellcharter	0.5009526861651514		1			0	0.5009526861651514		1	0.7280623142704593		1			0	0.7280623142704593		1			0	0.6145075002178053		1			0	expression_driven
E8p5Embryo	scanpy_seurat_v3_batch	500	scvi	0.7469464885598838		1			0	0.7469464885598838		1	0.3421945414623355		1			0	0.3421945414623355		1			0	0.5445705150111096		1			0	expression_driven
E8p5Embryo	scanpy_seurat_v3_batch	5000	cellcharter	0.45716850440948165		1			0	0.45716850440948165		1	0.7397318922179923		1			0	0.7397318922179923		1			0	0.5984501983137369		1			0	expression_driven
E8p5Embryo	scanpy_seurat_v3_batch	5000	scvi	0.7233101490642695		1			0	0.7233101490642695		1	0.4286544695769933		1			0	0.4286544695769933		1			0	0.5759823093206314		1			0	expression_driven
E8p5Embryo	scry	100	cellcharter	0.5833480544665938		1			0	0.5833480544665938		1	0.6710664107976546		1			0	0.6710664107976546		1			0	0.6272072326321242		1			0	expression_driven
E8p5Embryo	scry	100	scvi	0.8361100423441628		1			0	0.8361100423441628		1	0.2787495122263836		1			0	0.2787495122263836		1			0	0.5574297772852732		1			0	expression_driven
E8p5Embryo	scry	1000	cellcharter	0.5331228877526665		1			0	0.5331228877526665		1	0.5875980271876182		1			0	0.5875980271876182		1			0	0.5603604574701424		1			0	expression_driven
E8p5Embryo	scry	1000	scvi	0.7937286690453591		1			0	0.7937286690453591		1	0.2860362010848054		1			0	0.2860362010848054		1			0	0.5398824350650823		1			0	expression_driven
E8p5Embryo	scry	10000	cellcharter	0.4954360548673875		1			0	0.4954360548673875		1	0.5293618184336852		1			0	0.5293618184336852		1			0	0.5123989366505364		1			0	expression_driven
E8p5Embryo	scry	10000	scvi	0.620619039819736		1			0	0.620619039819736		1	0.3610265855308527		1			0	0.3610265855308527		1			0	0.4908228126752944		1			0	expression_driven
E8p5Embryo	scry	200	cellcharter	0.5724373905394345		1			0	0.5724373905394345		1	0.6310142125289563		1			0	0.6310142125289563		1			0	0.6017258015341954		1			0	expression_driven
E8p5Embryo	scry	200	scvi	0.8172169973184039		1			0	0.8172169973184039		1	0.2767821953892647		1			0	0.2767821953892647		1			0	0.5469995963538343		1			0	expression_driven
E8p5Embryo	scry	2000	cellcharter	0.5138153570228057	0.004327434484484204	3			0	0.5138153570228057	0.004327434484484204	3	0.546821574663489	0.008170491567554101	3			0	0.546821574663489	0.008170491567554101	3			0	0.5303184658431473	0.0019399786445016016	3			0	expression_driven
E8p5Embryo	scry	2000	scvi	0.7745136276610965	0.02747836679474959	3			0	0.7745136276610965	0.02747836679474959	3	0.3079673176281434	0.01891748549368948	3			0	0.3079673176281434	0.01891748549368948	3			0	0.5412404726446199	0.010768686385339102	3			0	expression_driven
E8p5Embryo	scry	500	cellcharter	0.5502570305362612		1			0	0.5502570305362612		1	0.5880020318650615		1			0	0.5880020318650615		1			0	0.5691295312006613		1			0	expression_driven
E8p5Embryo	scry	500	scvi	0.8113655007813219		1			0	0.8113655007813219		1	0.28267240017460665		1			0	0.28267240017460665		1			0	0.5470189504779642		1			0	expression_driven
E8p5Embryo	scry	5000	cellcharter	0.47199305187220864		1			0	0.47199305187220864		1	0.5666784610563441		1			0	0.5666784610563441		1			0	0.5193357564642764		1			0	expression_driven
E8p5Embryo	scry	5000	scvi	0.7122577683110403		1			0	0.7122577683110403		1	0.3445437302800567		1			0	0.3445437302800567		1			0	0.5284007492955485		1			0	expression_driven
E8p5Embryo	scsegindex	100	cellcharter	0.8968145709685479		1			0	0.8968145709685479		1	0.1650909061847666		1			0	0.1650909061847666		1			0	0.5309527385766573		1			0	control
E8p5Embryo	scsegindex	100	scvi	0.8992017272531055		1			0	0.8992017272531055		1	0.06709302558786522		1			0	0.06709302558786522		1			0	0.4831473764204854		1			0	control
E8p5Embryo	scsegindex	1000	cellcharter	0.722575188205297		1			0	0.722575188205297		1	0.44278756372157696		1			0	0.44278756372157696		1			0	0.5826813759634369		1			0	control
E8p5Embryo	scsegindex	1000	scvi	0.8423196789310166		1			0	0.8423196789310166		1	0.21316206908823074		1			0	0.21316206908823074		1			0	0.5277408740096237		1			0	control
E8p5Embryo	scsegindex	10000	cellcharter	0.5572366176399486		1			0	0.5572366176399486		1	0.5136049783680663		1			0	0.5136049783680663		1			0	0.5354207980040074		1			0	control
E8p5Embryo	scsegindex	10000	scvi	0.7471644947610134		1			0	0.7471644947610134		1	0.29576903194406473		1			0	0.29576903194406473		1			0	0.521466763352539		1			0	control
E8p5Embryo	scsegindex	200	cellcharter	0.8920820120788281		1			0	0.8920820120788281		1	0.12705517430050492		1			0	0.12705517430050492		1			0	0.5095685931896665		1			0	control
E8p5Embryo	scsegindex	200	scvi	0.9466562141601702		1			0	0.9466562141601702		1	0.06179810383072005		1			0	0.06179810383072005		1			0	0.5042271589954451		1			0	control
E8p5Embryo	scsegindex	500	cellcharter	0.8059791372413047	0.002430405153251441	3			0	0.8059791372413047	0.002430405153251441	3	0.3664689054851591	0.015225299110325989	3			0	0.3664689054851591	0.015225299110325989	3			0	0.5862240213632318	0.006435332732997119	3			0	control
E8p5Embryo	scsegindex	500	scvi	0.9396160424442174	0.009702124746988783	3			0	0.9396160424442174	0.009702124746988783	3	0.09901717044095289	0.009090111334316264	3			0	0.09901717044095289	0.009090111334316264	3			0	0.519316606442585	0.007259825750103623	3			0	control
E8p5Embryo	scsegindex	5000	cellcharter	0.5572366176399486		1			0	0.5572366176399486		1	0.5136049783680663		1			0	0.5136049783680663		1			0	0.5354207980040074		1			0	control
E8p5Embryo	scsegindex	5000	scvi	0.7471644947610134		1			0	0.7471644947610134		1	0.29576903194406473		1			0	0.29576903194406473		1			0	0.521466763352539		1			0	control
E8p5Embryo	seurat_disp	100	cellcharter	0.46531604541862714		1			0	0.46531604541862714		1	0.38987853730562333		1			0	0.38987853730562333		1			0	0.4275972913621252		1			0	expression_driven
E8p5Embryo	seurat_disp	100	scvi	0.047040347681443016		1			0	0.047040347681443016		1	0.6462981392510002		1			0	0.6462981392510002		1			0	0.34666924346622163		1			0	expression_driven
E8p5Embryo	seurat_disp	1000	cellcharter	0.6693592372161588		1			0	0.6693592372161588		1	0.5159890711746763		1			0	0.5159890711746763		1			0	0.5926741541954175		1			0	expression_driven
E8p5Embryo	seurat_disp	1000	scvi	0.8300747837746145		1			0	0.8300747837746145		1	0.20540080983136555		1			0	0.20540080983136555		1			0	0.51773779680299		1			0	expression_driven
E8p5Embryo	seurat_disp	10000	cellcharter	0.4924813272612213		1			0	0.4924813272612213		1	0.5228371424750109		1			0	0.5228371424750109		1			0	0.5076592348681161		1			0	expression_driven
E8p5Embryo	seurat_disp	10000	scvi	0.6364052384832809		1			0	0.6364052384832809		1	0.3338485271175702		1			0	0.3338485271175702		1			0	0.48512688280042554		1			0	expression_driven
E8p5Embryo	seurat_disp	200	cellcharter	0.6875466560897935		1			0	0.6875466560897935		1	0.16383544488735058		1			0	0.16383544488735058		1			0	0.42569105048857203		1			0	expression_driven
E8p5Embryo	seurat_disp	200	scvi	0.5880157830044935		1			0	0.5880157830044935		1	0.22267823830623779		1			0	0.22267823830623779		1			0	0.40534701065536566		1			0	expression_driven
E8p5Embryo	seurat_disp	2000	cellcharter	0.6042425597269304	0.0028272487376653833	3			0	0.6042425597269304	0.0028272487376653833	3	0.5858143876342341	0.018289586302285984	3			0	0.5858143876342341	0.018289586302285984	3			0	0.5950284736805823	0.010157336872559172	3			0	expression_driven
E8p5Embryo	seurat_disp	2000	scvi	0.8231496106710102	0.005272483755289251	3			0	0.8231496106710102	0.005272483755289251	3	0.2546514975439243	0.012352835382641713	3			0	0.2546514975439243	0.012352835382641713	3			0	0.5389005541074673	0.005373994352219525	3			0	expression_driven
E8p5Embryo	seurat_disp	500	cellcharter	0.6966719153558528		1			0	0.6966719153558528		1	0.4071396583660268		1			0	0.4071396583660268		1			0	0.5519057868609398		1			0	expression_driven
E8p5Embryo	seurat_disp	500	scvi	0.8376799278863416		1			0	0.8376799278863416		1	0.17104716846748916		1			0	0.17104716846748916		1			0	0.5043635481769154		1			0	expression_driven
E8p5Embryo	seurat_disp	5000	cellcharter	0.4991888771630909		1			0	0.4991888771630909		1	0.5476544049631802		1			0	0.5476544049631802		1			0	0.5234216410631356		1			0	expression_driven
E8p5Embryo	seurat_disp	5000	scvi	0.6620844147577511		1			0	0.6620844147577511		1	0.35485135459678613		1			0	0.35485135459678613		1			0	0.5084678846772687		1			0	expression_driven
E8p5Embryo	seurat_mvp	100	cellcharter	0.6714181738006222		1			0	0.6714181738006222		1	0.31072504430716014		1			0	0.31072504430716014		1			0	0.49107160905389113		1			0	expression_driven
E8p5Embryo	seurat_mvp	100	scvi	0.7080134176264063		1			0	0.7080134176264063		1	0.1926659573858669		1			0	0.1926659573858669		1			0	0.4503396875061366		1			0	expression_driven
E8p5Embryo	seurat_mvp	1000	cellcharter	0.6435965743476093		1			0	0.6435965743476093		1	0.5535238049741175		1			0	0.5535238049741175		1			0	0.5985601896608634		1			0	expression_driven
E8p5Embryo	seurat_mvp	1000	scvi	0.8321581714851949		1			0	0.8321581714851949		1	0.20790551423199208		1			0	0.20790551423199208		1			0	0.5200318428585935		1			0	expression_driven
E8p5Embryo	seurat_mvp	10000	cellcharter	0.5797464676605344		1			0	0.5797464676605344		1	0.6237352792033554		1			0	0.6237352792033554		1			0	0.6017408734319449		1			0	expression_driven
E8p5Embryo	seurat_mvp	10000	scvi	0.8191096198005411		1			0	0.8191096198005411		1	0.24475473223199273		1			0	0.24475473223199273		1			0	0.531932176016267		1			0	expression_driven
E8p5Embryo	seurat_mvp	200	cellcharter	0.6788727071545131		1			0	0.6788727071545131		1	0.3058719208103591		1			0	0.3058719208103591		1			0	0.4923723139824361		1			0	expression_driven
E8p5Embryo	seurat_mvp	200	scvi	0.798778964141138		1			0	0.798778964141138		1	0.14662458457150948		1			0	0.14662458457150948		1			0	0.47270177435632377		1			0	expression_driven
E8p5Embryo	seurat_mvp	2000	cellcharter	0.580177539668879	0.005465953610641018	3			0	0.580177539668879	0.005465953610641018	3	0.6240028365252176	0.004305525867259765	3			0	0.6240028365252176	0.004305525867259765	3			0	0.6020901880970483	0.003016479509816003	3			0	expression_driven
E8p5Embryo	seurat_mvp	2000	scvi	0.8177055108081336	0.009451481786690993	3			0	0.8177055108081336	0.009451481786690993	3	0.269333044412783	0.012777633448141833	3			0	0.269333044412783	0.012777633448141833	3			0	0.5435192776104583	0.010740774675447887	3			0	expression_driven
E8p5Embryo	seurat_mvp	500	cellcharter	0.6635685770307518		1			0	0.6635685770307518		1	0.459458577214747		1			0	0.459458577214747		1			0	0.5615135771227494		1			0	expression_driven
E8p5Embryo	seurat_mvp	500	scvi	0.8139798877060922		1			0	0.8139798877060922		1	0.18636122139799463		1			0	0.18636122139799463		1			0	0.5001705545520434		1			0	expression_driven
E8p5Embryo	seurat_mvp	5000	cellcharter	0.5797464676605344		1			0	0.5797464676605344		1	0.6237352792033554		1			0	0.6237352792033554		1			0	0.6017408734319449		1			0	expression_driven
E8p5Embryo	seurat_mvp	5000	scvi	0.8191096198005411		1			0	0.8191096198005411		1	0.24475473223199273		1			0	0.24475473223199273		1			0	0.531932176016267		1			0	expression_driven
E8p5Embryo	seurat_sct	100	cellcharter	0.6341837612183345		1			0	0.6341837612183345		1	0.33852997896819037		1			0	0.33852997896819037		1			0	0.48635687009326245		1			0	expression_driven
E8p5Embryo	seurat_sct	100	scvi	0.36016979227001283		1			0	0.36016979227001283		1	0.38329901685484513		1			0	0.38329901685484513		1			0	0.371734404562429		1			0	expression_driven
E8p5Embryo	seurat_sct	1000	cellcharter	0.6944327475648282		1			0	0.6944327475648282		1	0.18353390458318222		1			0	0.18353390458318222		1			0	0.4389833260740052		1			0	expression_driven
E8p5Embryo	seurat_sct	1000	scvi	0.702492396287302		1			0	0.702492396287302		1	0.14558226652841172		1			0	0.14558226652841172		1			0	0.4240373314078568		1			0	expression_driven
E8p5Embryo	seurat_sct	10000	cellcharter	0.4999627973638834		1			0	0.4999627973638834		1	0.5218737521241165		1			0	0.5218737521241165		1			0	0.510918274744		1			0	expression_driven
E8p5Embryo	seurat_sct	10000	scvi	0.7245358964334689		1			0	0.7245358964334689		1	0.35259476357299735		1			0	0.35259476357299735		1			0	0.5385653300032331		1			0	expression_driven
E8p5Embryo	seurat_sct	200	cellcharter	0.6828547589702763		1			0	0.6828547589702763		1	0.23804260449804696		1			0	0.23804260449804696		1			0	0.4604486817341616		1			0	expression_driven
E8p5Embryo	seurat_sct	200	scvi	0.5284177578353524		1			0	0.5284177578353524		1	0.2864066642760946		1			0	0.2864066642760946		1			0	0.4074122110557235		1			0	expression_driven
E8p5Embryo	seurat_sct	2000	cellcharter	0.7021527823002199	0.009845811845211407	3			0	0.7021527823002199	0.009845811845211407	3	0.22025919854582568	0.02235445802727333	3			0	0.22025919854582568	0.02235445802727333	3			0	0.4612059904230228	0.006489680216661412	3			0	expression_driven
E8p5Embryo	seurat_sct	2000	scvi	0.7410291091402917	0.001975004145894899	3			0	0.7410291091402917	0.001975004145894899	3	0.12220942474046358	0.0009697940495439051	3			0	0.12220942474046358	0.0009697940495439051	3			0	0.4316192669403777	0.0010804150222915316	3			0	expression_driven
E8p5Embryo	seurat_sct	500	cellcharter	0.7122709135826		1			0	0.7122709135826		1	0.2259860217904306		1			0	0.2259860217904306		1			0	0.4691284676865153		1			0	expression_driven
E8p5Embryo	seurat_sct	500	scvi	0.6546309098773949		1			0	0.6546309098773949		1	0.19363044158431422		1			0	0.19363044158431422		1			0	0.42413067573085456		1			0	expression_driven
E8p5Embryo	seurat_sct	5000	cellcharter	0.5122987481436578		1			0	0.5122987481436578		1	0.5236730101553937		1			0	0.5236730101553937		1			0	0.5179858791495258		1			0	expression_driven
E8p5Embryo	seurat_sct	5000	scvi	0.6900592873424778		1			0	0.6900592873424778		1	0.3410897313325778		1			0	0.3410897313325778		1			0	0.5155745093375278		1			0	expression_driven
E8p5Embryo	seurat_vst	100	cellcharter	0.5268522082984016		1			0	0.5268522082984016		1	0.7320571718691792		1			0	0.7320571718691792		1			0	0.6294546900837904		1			0	expression_driven
E8p5Embryo	seurat_vst	100	scvi	0.7440814039326704		1			0	0.7440814039326704		1	0.34113388664485916		1			0	0.34113388664485916		1			0	0.5426076452887648		1			0	expression_driven
E8p5Embryo	seurat_vst	1000	cellcharter	0.46613908348744676		1			0	0.46613908348744676		1	0.7334857872312018		1			0	0.7334857872312018		1			0	0.5998124353593243		1			0	expression_driven
E8p5Embryo	seurat_vst	1000	scvi	0.7236214482878092		1			0	0.7236214482878092		1	0.39730845319118085		1			0	0.39730845319118085		1			0	0.560464950739495		1			0	expression_driven
E8p5Embryo	seurat_vst	10000	cellcharter	0.4677071396716696		1			0	0.4677071396716696		1	0.6266974768684469		1			0	0.6266974768684469		1			0	0.5472023082700582		1			0	expression_driven
E8p5Embryo	seurat_vst	10000	scvi	0.7292342781064931		1			0	0.7292342781064931		1	0.41896334115873235		1			0	0.41896334115873235		1			0	0.5740988096326127		1			0	expression_driven
E8p5Embryo	seurat_vst	200	cellcharter	0.5061846139158607		1			0	0.5061846139158607		1	0.7316657561279621		1			0	0.7316657561279621		1			0	0.6189251850219114		1			0	expression_driven
E8p5Embryo	seurat_vst	200	scvi	0.7437539313366506		1			0	0.7437539313366506		1	0.3352544785250302		1			0	0.3352544785250302		1			0	0.5395042049308404		1			0	expression_driven
E8p5Embryo	seurat_vst	2000	cellcharter	0.45038380057242305	0.004691185229073271	3			0	0.45038380057242305	0.004691185229073271	3	0.7353149688221706	0.022156474523952818	3			0	0.7353149688221706	0.022156474523952818	3			0	0.5928493846972969	0.01267645412818515	3			0	expression_driven
E8p5Embryo	seurat_vst	2000	scvi	0.7327752009508665	0.008043758265944431	3			0	0.7327752009508665	0.008043758265944431	3	0.39306968007103466	0.01979356770916245	3			0	0.39306968007103466	0.01979356770916245	3			0	0.5629224405109506	0.012330994157800527	3			0	expression_driven
E8p5Embryo	seurat_vst	500	cellcharter	0.48095589484818274		1			0	0.48095589484818274		1	0.7224996939984515		1			0	0.7224996939984515		1			0	0.6017277944233171		1			0	expression_driven
E8p5Embryo	seurat_vst	500	scvi	0.7330624330540252		1			0	0.7330624330540252		1	0.370760745354596		1			0	0.370760745354596		1			0	0.5519115892043106		1			0	expression_driven
E8p5Embryo	seurat_vst	5000	cellcharter	0.44848509225918576		1			0	0.44848509225918576		1	0.702043535017002		1			0	0.702043535017002		1			0	0.5752643136380939		1			0	expression_driven
E8p5Embryo	seurat_vst	5000	scvi	0.7178598544562709		1			0	0.7178598544562709		1	0.4205494402412253		1			0	0.4205494402412253		1			0	0.5692046473487481		1			0	expression_driven
E8p5Embryo	singleCellHaystack	100	cellcharter	0.575786618199271		1			0	0.575786618199271		1	0.6701789840234517		1			0	0.6701789840234517		1			0	0.6229828011113614		1			0	expression_driven
E8p5Embryo	singleCellHaystack	100	scvi	0.6818185705978428		1			0	0.6818185705978428		1	0.3219257991869353		1			0	0.3219257991869353		1			0	0.501872184892389		1			0	expression_driven
E8p5Embryo	singleCellHaystack	1000	cellcharter	0.509134108607424		1			0	0.509134108607424		1	0.6471128644107257		1			0	0.6471128644107257		1			0	0.5781234865090749		1			0	expression_driven
E8p5Embryo	singleCellHaystack	1000	scvi	0.7394444693781427		1			0	0.7394444693781427		1	0.3950322947042233		1			0	0.3950322947042233		1			0	0.567238382041183		1			0	expression_driven
E8p5Embryo	singleCellHaystack	10000	cellcharter	0.48114467853559695		1			0	0.48114467853559695		1	0.5355986057581729		1			0	0.5355986057581729		1			0	0.5083716421468849		1			0	expression_driven
E8p5Embryo	singleCellHaystack	10000	scvi	0.6711644229475366		1			0	0.6711644229475366		1	0.39000942695779744		1			0	0.39000942695779744		1			0	0.530586924952667		1			0	expression_driven
E8p5Embryo	singleCellHaystack	200	cellcharter	0.5321667578096985		1			0	0.5321667578096985		1	0.7209274191377407		1			0	0.7209274191377407		1			0	0.6265470884737196		1			0	expression_driven
E8p5Embryo	singleCellHaystack	200	scvi	0.7721694089864981		1			0	0.7721694089864981		1	0.3362219691166261		1			0	0.3362219691166261		1			0	0.5541956890515621		1			0	expression_driven
E8p5Embryo	singleCellHaystack	2000	cellcharter	0.4749221454375869	0.004681158395352309	3			0	0.4749221454375869	0.004681158395352309	3	0.6466786010725051	0.0026815277731426167	3			0	0.6466786010725051	0.0026815277731426167	3			0	0.560800373255046	0.001023625792354117	3			0	expression_driven
E8p5Embryo	singleCellHaystack	2000	scvi	0.7662794770281591	0.035285393723540046	3			0	0.7662794770281591	0.035285393723540046	3	0.36151604676223364	0.033559401899260384	3			0	0.36151604676223364	0.033559401899260384	3			0	0.5638977618951965	0.015004759302350483	3			0	expression_driven
E8p5Embryo	singleCellHaystack	500	cellcharter	0.5548759050817827		1			0	0.5548759050817827		1	0.7001806635929224		1			0	0.7001806635929224		1			0	0.6275282843373526		1			0	expression_driven
E8p5Embryo	singleCellHaystack	500	scvi	0.7811042724387569		1			0	0.7811042724387569		1	0.31699610399660916		1			0	0.31699610399660916		1			0	0.549050188217683		1			0	expression_driven
E8p5Embryo	singleCellHaystack	5000	cellcharter	0.4738447621474884		1			0	0.4738447621474884		1	0.589417456984342		1			0	0.589417456984342		1			0	0.5316311095659152		1			0	expression_driven
E8p5Embryo	singleCellHaystack	5000	scvi	0.7058396205045576		1			0	0.7058396205045576		1	0.379146508802088		1			0	0.379146508802088		1			0	0.5424930646533228		1			0	expression_driven
E8p5Embryo	somde	100	cellcharter	0.5221234464117774		1			0	0.5221234464117774		1	0.7264979397457235		1			0	0.7264979397457235		1			0	0.6243106930787505		1			0	spatially_informed
E8p5Embryo	somde	100	scvi	0.7317833831406166		1			0	0.7317833831406166		1	0.36488513684257096		1			0	0.36488513684257096		1			0	0.5483342599915938		1			0	spatially_informed
E8p5Embryo	somde	1000	cellcharter	0.44934867675822776		1			0	0.44934867675822776		1	0.7388274592292009		1			0	0.7388274592292009		1			0	0.5940880679937144		1			0	spatially_informed
E8p5Embryo	somde	1000	scvi	0.6788096774738844		1			0	0.6788096774738844		1	0.4626009581422325		1			0	0.4626009581422325		1			0	0.5707053178080584		1			0	spatially_informed
E8p5Embryo	somde	10000	cellcharter	0.47765657630723035		1			0	0.47765657630723035		1	0.5577334232679766		1			0	0.5577334232679766		1			0	0.5176949997876035		1			0	spatially_informed
E8p5Embryo	somde	10000	scvi	0.6972183313123527		1			0	0.6972183313123527		1	0.39161306444220406		1			0	0.39161306444220406		1			0	0.5444156978772784		1			0	spatially_informed
E8p5Embryo	somde	200	cellcharter	0.48729157785758737		1			0	0.48729157785758737		1	0.7399404506780396		1			0	0.7399404506780396		1			0	0.6136160142678135		1			0	spatially_informed
E8p5Embryo	somde	200	scvi	0.7151003285564219		1			0	0.7151003285564219		1	0.41089168660345904		1			0	0.41089168660345904		1			0	0.5629960075799405		1			0	spatially_informed
E8p5Embryo	somde	2000	cellcharter	0.4457682091885782	0.0016059971193321712	3			0	0.4457682091885782	0.0016059971193321712	3	0.7010748450907913	0.010884677609282982	3			0	0.7010748450907913	0.010884677609282982	3			0	0.5734215271396848	0.005563766215580415	3			0	spatially_informed
E8p5Embryo	somde	2000	scvi	0.6853390658919704	0.008671920536421962	3			0	0.6853390658919704	0.008671920536421962	3	0.4545639504773826	0.01870456552112047	3			0	0.4545639504773826	0.01870456552112047	3			0	0.5699515081846765	0.008173061323205045	3			0	spatially_informed
E8p5Embryo	somde	500	cellcharter	0.46907121366672516		1			0	0.46907121366672516		1	0.7547582939345885		1			0	0.7547582939345885		1			0	0.6119147538006569		1			0	spatially_informed
E8p5Embryo	somde	500	scvi	0.7042341269089936		1			0	0.7042341269089936		1	0.44214935519562143		1			0	0.44214935519562143		1			0	0.5731917410523075		1			0	spatially_informed
E8p5Embryo	somde	5000	cellcharter	0.4413978766560451		1			0	0.4413978766560451		1	0.6149886657454661		1			0	0.6149886657454661		1			0	0.5281932712007555		1			0	spatially_informed
E8p5Embryo	somde	5000	scvi	0.6921124685057691		1			0	0.6921124685057691		1	0.4581577821969649		1			0	0.4581577821969649		1			0	0.575135125351367		1			0	spatially_informed
E8p5Embryo	sparkx	100	cellcharter	0.6620224838256916		1			0	0.6620224838256916		1	0.6656481752845359		1			0	0.6656481752845359		1			0	0.6638353295551138		1			0	spatially_informed
E8p5Embryo	sparkx	100	scvi	0.8172687833817527		1			0	0.8172687833817527		1	0.2916936233552668		1			0	0.2916936233552668		1			0	0.5544812033685097		1			0	spatially_informed
E8p5Embryo	sparkx	1000	cellcharter	0.5057485279786171		1			0	0.5057485279786171		1	0.6367818661173813		1			0	0.6367818661173813		1			0	0.5712651970479992		1			0	spatially_informed
E8p5Embryo	sparkx	1000	scvi	0.7377414471423918		1			0	0.7377414471423918		1	0.3902129780135923		1			0	0.3902129780135923		1			0	0.563977212577992		1			0	spatially_informed
E8p5Embryo	sparkx	10000	cellcharter	0.4895909305177865		1			0	0.4895909305177865		1	0.5285477140449578		1			0	0.5285477140449578		1			0	0.5090693222813721		1			0	spatially_informed
E8p5Embryo	sparkx	10000	scvi	0.6838517353649334		1			0	0.6838517353649334		1	0.3796130917079856		1			0	0.3796130917079856		1			0	0.5317324135364595		1			0	spatially_informed
E8p5Embryo	sparkx	200	cellcharter	0.5666966432582414		1			0	0.5666966432582414		1	0.7012778505760621		1			0	0.7012778505760621		1			0	0.6339872469171517		1			0	spatially_informed
E8p5Embryo	sparkx	200	scvi	0.7507518713610803		1			0	0.7507518713610803		1	0.36352837575991664		1			0	0.36352837575991664		1			0	0.5571401235604985		1			0	spatially_informed
E8p5Embryo	sparkx	2000	cellcharter	0.4931817663201999	0.0012229860636980266	3			0	0.4931817663201999	0.0012229860636980266	3	0.5991656209348951	0.008981620145349312	3			0	0.5991656209348951	0.008981620145349312	3			0	0.5461736936275474	0.003966710427873859	3			0	spatially_informed
E8p5Embryo	sparkx	2000	scvi	0.7344059997481635	0.0029227092157337745	3			0	0.7344059997481635	0.0029227092157337745	3	0.39270709600850945	0.020606298297670328	3			0	0.39270709600850945	0.020606298297670328	3			0	0.5635565478783365	0.010202444375068969	3			0	spatially_informed
E8p5Embryo	sparkx	500	cellcharter	0.5286573249337405		1			0	0.5286573249337405		1	0.6505811088863802		1			0	0.6505811088863802		1			0	0.5896192169100604		1			0	spatially_informed
E8p5Embryo	sparkx	500	scvi	0.727482565746358		1			0	0.727482565746358		1	0.37629104914504224		1			0	0.37629104914504224		1			0	0.5518868074457001		1			0	spatially_informed
E8p5Embryo	sparkx	5000	cellcharter	0.47212022230917994		1			0	0.47212022230917994		1	0.5758897861382231		1			0	0.5758897861382231		1			0	0.5240050042237014		1			0	spatially_informed
E8p5Embryo	sparkx	5000	scvi	0.6898325461213244		1			0	0.6898325461213244		1	0.3889266634680388		1			0	0.3889266634680388		1			0	0.5393796047946816		1			0	spatially_informed
E8p5Embryo	spatialde	100	cellcharter	0.5117168904414712		1			0	0.5117168904414712		1	0.74077212995283		1			0	0.74077212995283		1			0	0.6262445101971506		1			0	spatially_informed
E8p5Embryo	spatialde	100	scvi	0.7406029891629129		1			0	0.7406029891629129		1	0.38413241828023753		1			0	0.38413241828023753		1			0	0.5623677037215752		1			0	spatially_informed
E8p5Embryo	spatialde	1000	cellcharter	0.4598049642524028		1			0	0.4598049642524028		1	0.7156195443830914		1			0	0.7156195443830914		1			0	0.5877122543177471		1			0	spatially_informed
E8p5Embryo	spatialde	1000	scvi	0.6992529231321101		1			0	0.6992529231321101		1	0.47006484627882966		1			0	0.47006484627882966		1			0	0.5846588847054699		1			0	spatially_informed
E8p5Embryo	spatialde	10000	cellcharter	0.47410188582912044		1			0	0.47410188582912044		1	0.5130025192192731		1			0	0.5130025192192731		1			0	0.49355220252419674		1			0	spatially_informed
E8p5Embryo	spatialde	10000	scvi	0.646301138966934		1			0	0.646301138966934		1	0.365482436605282		1			0	0.365482436605282		1			0	0.505891787786108		1			0	spatially_informed
E8p5Embryo	spatialde	200	cellcharter	0.49719484000554126		1			0	0.49719484000554126		1	0.7397804742184263		1			0	0.7397804742184263		1			0	0.6184876571119837		1			0	spatially_informed
E8p5Embryo	spatialde	200	scvi	0.728143816498408		1			0	0.728143816498408		1	0.4047412148185802		1			0	0.4047412148185802		1			0	0.5664425156584941		1			0	spatially_informed
E8p5Embryo	spatialde	2000	cellcharter	0.45653504815558454	0.0033858021768366354	3			0	0.45653504815558454	0.0033858021768366354	3	0.6553082614290243	0.014256654912737785	3			0	0.6553082614290243	0.014256654912737785	3			0	0.5559216547923045	0.007357637414225482	3			0	spatially_informed
E8p5Embryo	spatialde	2000	scvi	0.6891313855513882	0.013810661170976086	3			0	0.6891313855513882	0.013810661170976086	3	0.44069352701151354	0.008336072415307807	3			0	0.44069352701151354	0.008336072415307807	3			0	0.5649124562814509	0.011072518395553446	3			0	spatially_informed
E8p5Embryo	spatialde	500	cellcharter	0.4652884702085927		1			0	0.4652884702085927		1	0.7460936649204767		1			0	0.7460936649204767		1			0	0.6056910675645347		1			0	spatially_informed
E8p5Embryo	spatialde	500	scvi	0.6922512303735531		1			0	0.6922512303735531		1	0.4576511135022788		1			0	0.4576511135022788		1			0	0.5749511719379159		1			0	spatially_informed
E8p5Embryo	spatialde	5000	cellcharter	0.44908450212109213		1			0	0.44908450212109213		1	0.6029101850994697		1			0	0.6029101850994697		1			0	0.5259973436102809		1			0	spatially_informed
E8p5Embryo	spatialde	5000	scvi	0.6803656116831183		1			0	0.6803656116831183		1	0.42563287954560763		1			0	0.42563287954560763		1			0	0.552999245614363		1			0	spatially_informed
E8p5Embryo	statistic_mean	100	cellcharter	0.6658593938929707		1			0	0.6658593938929707		1	0.6484431293715563		1			0	0.6484431293715563		1			0	0.6571512616322635		1			0	expression_driven
E8p5Embryo	statistic_mean	100	scvi	0.8536269163248554		1			0	0.8536269163248554		1	0.2547339519440026		1			0	0.2547339519440026		1			0	0.554180434134429		1			0	expression_driven
E8p5Embryo	statistic_mean	1000	cellcharter	0.5688196855986117		1			0	0.5688196855986117		1	0.5446533248702917		1			0	0.5446533248702917		1			0	0.5567365052344517		1			0	expression_driven
E8p5Embryo	statistic_mean	1000	scvi	0.8197363131571157		1			0	0.8197363131571157		1	0.25987002924514596		1			0	0.25987002924514596		1			0	0.5398031712011309		1			0	expression_driven
E8p5Embryo	statistic_mean	10000	cellcharter	0.48395371297842155		1			0	0.48395371297842155		1	0.5106394580354873		1			0	0.5106394580354873		1			0	0.49729658550695444		1			0	expression_driven
E8p5Embryo	statistic_mean	10000	scvi	0.6973055905904058		1			0	0.6973055905904058		1	0.3676907103209021		1			0	0.3676907103209021		1			0	0.532498150455654		1			0	expression_driven
E8p5Embryo	statistic_mean	200	cellcharter	0.6084313684617166		1			0	0.6084313684617166		1	0.6229957395896467		1			0	0.6229957395896467		1			0	0.6157135540256817		1			0	expression_driven
E8p5Embryo	statistic_mean	200	scvi	0.8470677220345272		1			0	0.8470677220345272		1	0.26164971242234825		1			0	0.26164971242234825		1			0	0.5543587172284377		1			0	expression_driven
E8p5Embryo	statistic_mean	2000	cellcharter	0.532519080832413	0.008380923977976663	3			0	0.532519080832413	0.008380923977976663	3	0.5346544943673679	0.02392310523222289	3			0	0.5346544943673679	0.02392310523222289	3			0	0.5335867875998904	0.009942620111188445	3			0	expression_driven
E8p5Embryo	statistic_mean	2000	scvi	0.7874126672534287	0.009813215440865164	3			0	0.7874126672534287	0.009813215440865164	3	0.2729559925547336	0.00733503206052051	3			0	0.2729559925547336	0.00733503206052051	3			0	0.5301843299040812	0.0077835194269822655	3			0	expression_driven
E8p5Embryo	statistic_mean	500	cellcharter	0.5976475427396232		1			0	0.5976475427396232		1	0.57670564685992		1			0	0.57670564685992		1			0	0.5871765947997716		1			0	expression_driven
E8p5Embryo	statistic_mean	500	scvi	0.8340667162813177		1			0	0.8340667162813177		1	0.25785092412633337		1			0	0.25785092412633337		1			0	0.5459588202038255		1			0	expression_driven
E8p5Embryo	statistic_mean	5000	cellcharter	0.4794541395411911		1			0	0.4794541395411911		1	0.5488171570956134		1			0	0.5488171570956134		1			0	0.5141356483184023		1			0	expression_driven
E8p5Embryo	statistic_mean	5000	scvi	0.7149899607764476		1			0	0.7149899607764476		1	0.3409188872465431		1			0	0.3409188872465431		1			0	0.5279544240114954		1			0	expression_driven
E8p5Embryo	statistic_variance	100	cellcharter	0.6359907778788091		1			0	0.6359907778788091		1	0.6111047696705026		1			0	0.6111047696705026		1			0	0.6235477737746559		1			0	expression_driven
E8p5Embryo	statistic_variance	100	scvi	0.8509354811454716		1			0	0.8509354811454716		1	0.2536675046387865		1			0	0.2536675046387865		1			0	0.552301492892129		1			0	expression_driven
E8p5Embryo	statistic_variance	1000	cellcharter	0.5735595588163931		1			0	0.5735595588163931		1	0.5513507478651687		1			0	0.5513507478651687		1			0	0.5624551533407809		1			0	expression_driven
E8p5Embryo	statistic_variance	1000	scvi	0.8246018857718161		1			0	0.8246018857718161		1	0.2648672549269923		1			0	0.2648672549269923		1			0	0.5447345703494042		1			0	expression_driven
E8p5Embryo	statistic_variance	10000	cellcharter	0.4942091055496272		1			0	0.4942091055496272		1	0.5175855654743009		1			0	0.5175855654743009		1			0	0.505897335511964		1			0	expression_driven
E8p5Embryo	statistic_variance	10000	scvi	0.7374805218935355		1			0	0.7374805218935355		1	0.35360907145733284		1			0	0.35360907145733284		1			0	0.5455447966754342		1			0	expression_driven
E8p5Embryo	statistic_variance	200	cellcharter	0.6060548924572534		1			0	0.6060548924572534		1	0.6047687528256386		1			0	0.6047687528256386		1			0	0.605411822641446		1			0	expression_driven
E8p5Embryo	statistic_variance	200	scvi	0.8378152668294478		1			0	0.8378152668294478		1	0.26059774994393176		1			0	0.26059774994393176		1			0	0.5492065083866898		1			0	expression_driven
E8p5Embryo	statistic_variance	2000	cellcharter	0.5233472668161401	0.005965625928901017	3			0	0.5233472668161401	0.005965625928901017	3	0.5255278976646126	0.011336112334180979	3			0	0.5255278976646126	0.011336112334180979	3			0	0.5244375822403763	0.007256977040707619	3			0	expression_driven
E8p5Embryo	statistic_variance	2000	scvi	0.7847703684278549	0.01429153033187299	3			0	0.7847703684278549	0.01429153033187299	3	0.2968169095122631	0.02300230188174203	3			0	0.2968169095122631	0.02300230188174203	3			0	0.5407936389700589	0.01318867472028543	3			0	expression_driven
E8p5Embryo	statistic_variance	500	cellcharter	0.5995817557452792		1			0	0.5995817557452792		1	0.5736581472837375		1			0	0.5736581472837375		1			0	0.5866199515145083		1			0	expression_driven
E8p5Embryo	statistic_variance	500	scvi	0.8248627771955752		1			0	0.8248627771955752		1	0.25962822473523334		1			0	0.25962822473523334		1			0	0.5422455009654042		1			0	expression_driven
E8p5Embryo	statistic_variance	5000	cellcharter	0.48149467642307514		1			0	0.48149467642307514		1	0.5255507858502766		1			0	0.5255507858502766		1			0	0.5035227311366759		1			0	expression_driven
E8p5Embryo	statistic_variance	5000	scvi	0.7053903785144178		1			0	0.7053903785144178		1	0.3400138289290322		1			0	0.3400138289290322		1			0	0.522702103721725		1			0	expression_driven
E8p5Embryo	triku	100	cellcharter	0.59082824974827		1			0	0.59082824974827		1	0.6190335058355658		1			0	0.6190335058355658		1			0	0.6049308777919179		1			0	expression_driven
E8p5Embryo	triku	100	scvi	0.6693169640946632		1			0	0.6693169640946632		1	0.3020333635818366		1			0	0.3020333635818366		1			0	0.48567516383824993		1			0	expression_driven
E8p5Embryo	triku	1000	cellcharter	0.47389097266113467		1			0	0.47389097266113467		1	0.7408182474905152		1			0	0.7408182474905152		1			0	0.6073546100758249		1			0	expression_driven
E8p5Embryo	triku	1000	scvi	0.7198940470119977		1			0	0.7198940470119977		1	0.3973504858974198		1			0	0.3973504858974198		1			0	0.5586222664547087		1			0	expression_driven
E8p5Embryo	triku	10000	cellcharter	0.49222925918476046		1			0	0.49222925918476046		1	0.5643145419452663		1			0	0.5643145419452663		1			0	0.5282719005650134		1			0	expression_driven
E8p5Embryo	triku	10000	scvi	0.6344418081234464		1			0	0.6344418081234464		1	0.40072130662181465		1			0	0.40072130662181465		1			0	0.5175815573726306		1			0	expression_driven
E8p5Embryo	triku	200	cellcharter	0.5548421937933229		1			0	0.5548421937933229		1	0.6982461073227645		1			0	0.6982461073227645		1			0	0.6265441505580437		1			0	expression_driven
E8p5Embryo	triku	200	scvi	0.7226122423235194		1			0	0.7226122423235194		1	0.3525953604810334		1			0	0.3525953604810334		1			0	0.5376038014022764		1			0	expression_driven
E8p5Embryo	triku	2000	cellcharter	0.4697355144695586	0.004864365591657311	3			0	0.4697355144695586	0.004864365591657311	3	0.7088492749789944	0.005557538802731394	3			0	0.7088492749789944	0.005557538802731394	3			0	0.5892923947242764	0.0049985859455753245	3			0	expression_driven
E8p5Embryo	triku	2000	scvi	0.7228610240864874	0.005849104118282616	3			0	0.7228610240864874	0.005849104118282616	3	0.4069687410024163	0.014281142092733713	3			0	0.4069687410024163	0.014281142092733713	3			0	0.5649148825444518	0.010047071049267092	3			0	expression_driven
E8p5Embryo	triku	500	cellcharter	0.49965178000304156		1			0	0.49965178000304156		1	0.7391352099082168		1			0	0.7391352099082168		1			0	0.6193934949556292		1			0	expression_driven
E8p5Embryo	triku	500	scvi	0.7329573531193674		1			0	0.7329573531193674		1	0.3868668808791848		1			0	0.3868668808791848		1			0	0.5599121169992761		1			0	expression_driven
E8p5Embryo	triku	5000	cellcharter	0.4571267979433915		1			0	0.4571267979433915		1	0.6332063011539142		1			0	0.6332063011539142		1			0	0.5451665495486528		1			0	expression_driven
E8p5Embryo	triku	5000	scvi	0.7273892160890164		1			0	0.7273892160890164		1	0.39750761804117746		1			0	0.39750761804117746		1			0	0.562448417065097		1			0	expression_driven
E9p5Embryo	Brennecke	100	cellcharter	0.49374790890523934		1			0	0.49374790890523934		1	0.25636368804264903		1			0	0.25636368804264903		1			0	0.3750557984739442		1			0	expression_driven
E9p5Embryo	Brennecke	100	scvi	0.07146191037798272		1			0	0.07146191037798272		1	0.6433200894795416		1			0	0.6433200894795416		1			0	0.3573909999287621		1			0	expression_driven
E9p5Embryo	Brennecke	1000	cellcharter	0.5976902677203251		1			0	0.5976902677203251		1	0.3519022368693004		1			0	0.3519022368693004		1			0	0.4747962522948127		1			0	expression_driven
E9p5Embryo	Brennecke	1000	scvi	0.8762766461317681		1			0	0.8762766461317681		1	0.08866451400841485		1			0	0.08866451400841485		1			0	0.48247058007009147		1			0	expression_driven
E9p5Embryo	Brennecke	10000	cellcharter	0.5194648872741041		1			0	0.5194648872741041		1	0.5390686389127579		1			0	0.5390686389127579		1			0	0.529266763093431		1			0	expression_driven
E9p5Embryo	Brennecke	10000	scvi	0.6840174988358161		1			0	0.6840174988358161		1	0.3943811259955868		1			0	0.3943811259955868		1			0	0.5391993124157014		1			0	expression_driven
E9p5Embryo	Brennecke	200	cellcharter	0.5357069975397589		1			0	0.5357069975397589		1	0.3956783948501321		1			0	0.3956783948501321		1			0	0.4656926961949455		1			0	expression_driven
E9p5Embryo	Brennecke	200	scvi	0.37289281704021837		1			0	0.37289281704021837		1	0.39007974477417773		1			0	0.39007974477417773		1			0	0.38148628090719805		1			0	expression_driven
E9p5Embryo	Brennecke	2000	cellcharter	0.6080924240100348	0.016531564632350244	3			0	0.6080924240100348	0.016531564632350244	3	0.5135876476881701	0.026983605697659774	3			0	0.5135876476881701	0.026983605697659774	3			0	0.5608400358491025	0.007163275442063527	3			0	expression_driven
E9p5Embryo	Brennecke	2000	scvi	0.8677235649040428	0.0062775826674723095	3			0	0.8677235649040428	0.0062775826674723095	3	0.17235791381443932	0.005249734116839764	3			0	0.17235791381443932	0.005249734116839764	3			0	0.5200407393592411	0.0057618543902870955	3			0	expression_driven
E9p5Embryo	Brennecke	500	cellcharter	0.6291091140859665		1			0	0.6291091140859665		1	0.34379725741234496		1			0	0.34379725741234496		1			0	0.48645318574915575		1			0	expression_driven
E9p5Embryo	Brennecke	500	scvi	0.7407200140929082		1			0	0.7407200140929082		1	0.10179218126590746		1			0	0.10179218126590746		1			0	0.42125609767940786		1			0	expression_driven
E9p5Embryo	Brennecke	5000	cellcharter	0.5442816456385325		1			0	0.5442816456385325		1	0.5566735702355482		1			0	0.5566735702355482		1			0	0.5504776079370404		1			0	expression_driven
E9p5Embryo	Brennecke	5000	scvi	0.7426705624359213		1			0	0.7426705624359213		1	0.3255561496154574		1			0	0.3255561496154574		1			0	0.5341133560256894		1			0	expression_driven
E9p5Embryo	TFs	2000	cellcharter	0.5450643282854787	0.0013748257789063267	3			0	0.5450643282854787	0.0013748257789063267	3	0.6624055193428144	0.02262553382189629	3			0	0.6624055193428144	0.02262553382189629	3			0	0.6037349238141465	0.011507313251946894	3			0	control
E9p5Embryo	TFs	2000	scvi	0.8064135027790392	0.011570063327704274	3			0	0.8064135027790392	0.011570063327704274	3	0.22719800823264555	0.012787196507225878	3			0	0.22719800823264555	0.012787196507225878	3			0	0.5168057555058424	0.007035497158105446	3			0	control
E9p5Embryo	all_features	all	cellcharter	0.5075387232692826	0.016786982112269224	3			0	0.5075387232692826	0.016786982112269224	3	0.5243158096700543	0.023251187671664647	3			0	0.5243158096700543	0.023251187671664647	3			0	0.5159272664696685	0.018331055632668024	3			0	control
E9p5Embryo	all_features	all	scvi	0.6547946785940493	0.016538203197181266	3			0	0.6547946785940493	0.016538203197181266	3	0.3781432035671086	0.008231985662389146	3			0	0.3781432035671086	0.008231985662389146	3			0	0.516468941080579	0.00676409144405652	3			0	control
E9p5Embryo	anticor	100	cellcharter	0.585883724651896		1			0	0.585883724651896		1	0.6234952919243469		1			0	0.6234952919243469		1			0	0.6046895082881214		1			0	expression_driven
E9p5Embryo	anticor	100	scvi	0.7497379836604829		1			0	0.7497379836604829		1	0.3304446551683849		1			0	0.3304446551683849		1			0	0.5400913194144339		1			0	expression_driven
E9p5Embryo	anticor	1000	cellcharter	0.5229892137265931		1			0	0.5229892137265931		1	0.6807823624409063		1			0	0.6807823624409063		1			0	0.6018857880837497		1			0	expression_driven
E9p5Embryo	anticor	1000	scvi	0.7096368039336006		1			0	0.7096368039336006		1	0.3951346253535637		1			0	0.3951346253535637		1			0	0.5523857146435822		1			0	expression_driven
E9p5Embryo	anticor	10000	cellcharter	0.5113851159450452		1			0	0.5113851159450452		1	0.5778012620809173		1			0	0.5778012620809173		1			0	0.5445931890129813		1			0	expression_driven
E9p5Embryo	anticor	10000	scvi	0.6547899702823298		1			0	0.6547899702823298		1	0.37210921220184207		1			0	0.37210921220184207		1			0	0.5134495912420859		1			0	expression_driven
E9p5Embryo	anticor	200	cellcharter	0.5615864852585986		1			0	0.5615864852585986		1	0.6892890504850949		1			0	0.6892890504850949		1			0	0.6254377678718468		1			0	expression_driven
E9p5Embryo	anticor	200	scvi	0.7113582650520749		1			0	0.7113582650520749		1	0.3565068345655609		1			0	0.3565068345655609		1			0	0.5339325498088179		1			0	expression_driven
E9p5Embryo	anticor	2000	cellcharter	0.5268222255002172	0.008929320215623133	3			0	0.5268222255002172	0.008929320215623133	3	0.6427380360267217	0.008779270157687457	3			0	0.6427380360267217	0.008779270157687457	3			0	0.5847801307634696	0.0028533798054837982	3			0	expression_driven
E9p5Embryo	anticor	2000	scvi	0.6829584907505293	0.019660881936208647	3			0	0.6829584907505293	0.019660881936208647	3	0.3737589957875123	0.014279579346419252	3			0	0.3737589957875123	0.014279579346419252	3			0	0.5283587432690208	0.016516656350313512	3			0	expression_driven
E9p5Embryo	anticor	500	cellcharter	0.5002492228808684		1			0	0.5002492228808684		1	0.6601954536150132		1			0	0.6601954536150132		1			0	0.5802223382479408		1			0	expression_driven
E9p5Embryo	anticor	500	scvi	0.7086699185302799		1			0	0.7086699185302799		1	0.3534856891481796		1			0	0.3534856891481796		1			0	0.5310778038392298		1			0	expression_driven
E9p5Embryo	anticor	5000	cellcharter	0.5217620561783726		1			0	0.5217620561783726		1	0.6133541701376345		1			0	0.6133541701376345		1			0	0.5675581131580035		1			0	expression_driven
E9p5Embryo	anticor	5000	scvi	0.7069071160913316		1			0	0.7069071160913316		1	0.37976503906649706		1			0	0.37976503906649706		1			0	0.5433360775789143		1			0	expression_driven
E9p5Embryo	dubstepr	100	cellcharter	0.5823153911797287		1			0	0.5823153911797287		1	0.6244092380260061		1			0	0.6244092380260061		1			0	0.6033623146028675		1			0	expression_driven
E9p5Embryo	dubstepr	100	scvi	0.7870258431301225		1			0	0.7870258431301225		1	0.29464247473940813		1			0	0.29464247473940813		1			0	0.5408341589347653		1			0	expression_driven
E9p5Embryo	dubstepr	1000	cellcharter	0.5308694365330847		1			0	0.5308694365330847		1	0.615861831276638		1			0	0.615861831276638		1			0	0.5733656339048614		1			0	expression_driven
E9p5Embryo	dubstepr	1000	scvi	0.7449063023503988		1			0	0.7449063023503988		1	0.36395652205836876		1			0	0.36395652205836876		1			0	0.5544314122043837		1			0	expression_driven
E9p5Embryo	dubstepr	10000	cellcharter	0.5308694365330847		1			0	0.5308694365330847		1	0.615861831276638		1			0	0.615861831276638		1			0	0.5733656339048614		1			0	expression_driven
E9p5Embryo	dubstepr	10000	scvi	0.7449063023503988		1			0	0.7449063023503988		1	0.36395652205836876		1			0	0.36395652205836876		1			0	0.5544314122043837		1			0	expression_driven
E9p5Embryo	dubstepr	200	cellcharter	0.5386519473651704		1			0	0.5386519473651704		1	0.6335117580023878		1			0	0.6335117580023878		1			0	0.5860818526837791		1			0	expression_driven
E9p5Embryo	dubstepr	200	scvi	0.7362295837550998		1			0	0.7362295837550998		1	0.3087353638446371		1			0	0.3087353638446371		1			0	0.5224824737998685		1			0	expression_driven
E9p5Embryo	dubstepr	2000	cellcharter	0.5308163680618209	4.646159698261445e-05	3			0	0.5308163680618209	4.646159698261445e-05	3	0.6087352578342907	0.018851729333054155	3			0	0.6087352578342907	0.018851729333054155	3			0	0.5697758129480558	0.009430194350149147	3			0	expression_driven
E9p5Embryo	dubstepr	2000	scvi	0.7380977048351575	0.007726058612410466	3			0	0.7380977048351575	0.007726058612410466	3	0.3459221793369407	0.019920087535317724	3			0	0.3459221793369407	0.019920087535317724	3			0	0.542009942086049	0.013821564580168344	3			0	expression_driven
E9p5Embryo	dubstepr	500	cellcharter	0.5312279412770803		1			0	0.5312279412770803		1	0.6277044454241008		1			0	0.6277044454241008		1			0	0.5794661933505905		1			0	expression_driven
E9p5Embryo	dubstepr	500	scvi	0.7390058993992079		1			0	0.7390058993992079		1	0.3531515281302879		1			0	0.3531515281302879		1			0	0.5460787137647479		1			0	expression_driven
E9p5Embryo	dubstepr	5000	cellcharter	0.5308694365330847		1			0	0.5308694365330847		1	0.615861831276638		1			0	0.615861831276638		1			0	0.5733656339048614		1			0	expression_driven
E9p5Embryo	dubstepr	5000	scvi	0.7449063023503988		1			0	0.7449063023503988		1	0.36395652205836876		1			0	0.36395652205836876		1			0	0.5544314122043837		1			0	expression_driven
E9p5Embryo	hotspot	100	cellcharter	0.6176208263030021		1			0	0.6176208263030021		1	0.47367175132997685		1			0	0.47367175132997685		1			0	0.5456462888164895		1			0	expression_driven
E9p5Embryo	hotspot	100	scvi	0.7558445470621691		1			0	0.7558445470621691		1	0.23590205755053198		1			0	0.23590205755053198		1			0	0.4958733023063505		1			0	expression_driven
E9p5Embryo	hotspot	1000	cellcharter	0.4938835968216122		1			0	0.4938835968216122		1	0.7058124780332632		1			0	0.7058124780332632		1			0	0.5998480374274378		1			0	expression_driven
E9p5Embryo	hotspot	1000	scvi	0.6893461515694248		1			0	0.6893461515694248		1	0.4040302949234602		1			0	0.4040302949234602		1			0	0.5466882232464425		1			0	expression_driven
E9p5Embryo	hotspot	10000	cellcharter	0.5040078011066695		1			0	0.5040078011066695		1	0.588630516052839		1			0	0.588630516052839		1			0	0.5463191585797542		1			0	expression_driven
E9p5Embryo	hotspot	10000	scvi	0.6528009042158307		1			0	0.6528009042158307		1	0.39708677979370394		1			0	0.39708677979370394		1			0	0.5249438420047673		1			0	expression_driven
E9p5Embryo	hotspot	200	cellcharter	0.5711694517439829		1			0	0.5711694517439829		1	0.6376473750402049		1			0	0.6376473750402049		1			0	0.604408413392094		1			0	expression_driven
E9p5Embryo	hotspot	200	scvi	0.7703217438983694		1			0	0.7703217438983694		1	0.2845008661157082		1			0	0.2845008661157082		1			0	0.5274113050070388		1			0	expression_driven
E9p5Embryo	hotspot	2000	cellcharter	0.4972366349248281	0.0043939844872952815	3			0	0.4972366349248281	0.0043939844872952815	3	0.6769986231152396	0.01616717296301078	3			0	0.6769986231152396	0.01616717296301078	3			0	0.5871176290200338	0.006151269364039484	3			0	expression_driven
E9p5Embryo	hotspot	2000	scvi	0.6813978470978371	0.01310228115687833	3			0	0.6813978470978371	0.01310228115687833	3	0.40045028641813657	0.012104963675012017	3			0	0.40045028641813657	0.012104963675012017	3			0	0.5409240667579869	0.008630314684565361	3			0	expression_driven
E9p5Embryo	hotspot	500	cellcharter	0.5264743686167169		1			0	0.5264743686167169		1	0.6840199324799796		1			0	0.6840199324799796		1			0	0.6052471505483483		1			0	expression_driven
E9p5Embryo	hotspot	500	scvi	0.7164309470633636		1			0	0.7164309470633636		1	0.3698200361196429		1			0	0.3698200361196429		1			0	0.5431254915915033		1			0	expression_driven
E9p5Embryo	hotspot	5000	cellcharter	0.49364245535917783		1			0	0.49364245535917783		1	0.6452794418001199		1			0	0.6452794418001199		1			0	0.5694609485796489		1			0	expression_driven
E9p5Embryo	hotspot	5000	scvi	0.6734814025000521		1			0	0.6734814025000521		1	0.42396465963305		1			0	0.42396465963305		1			0	0.5487230310665511		1			0	expression_driven
E9p5Embryo	morans_i	100	cellcharter	0.5628548514651222		1			0	0.5628548514651222		1	0.6956465187751616		1			0	0.6956465187751616		1			0	0.6292506851201418		1			0	spatially_informed
E9p5Embryo	morans_i	100	scvi	0.7725806261264418		1			0	0.7725806261264418		1	0.2911336789270058		1			0	0.2911336789270058		1			0	0.5318571525267238		1			0	spatially_informed
E9p5Embryo	morans_i	1000	cellcharter	0.4877511860199632		1			0	0.4877511860199632		1	0.6808379024319967		1			0	0.6808379024319967		1			0	0.5842945442259799		1			0	spatially_informed
E9p5Embryo	morans_i	1000	scvi	0.7009650475776497		1			0	0.7009650475776497		1	0.4025088616409352		1			0	0.4025088616409352		1			0	0.5517369546092924		1			0	spatially_informed
E9p5Embryo	morans_i	10000	cellcharter	0.5110491347016272		1			0	0.5110491347016272		1	0.5606780577115048		1			0	0.5606780577115048		1			0	0.535863596206566		1			0	spatially_informed
E9p5Embryo	morans_i	10000	scvi	0.6541829333592546		1			0	0.6541829333592546		1	0.3894808015586129		1			0	0.3894808015586129		1			0	0.5218318674589337		1			0	spatially_informed
E9p5Embryo	morans_i	200	cellcharter	0.5181005009265706		1			0	0.5181005009265706		1	0.7015570900917992		1			0	0.7015570900917992		1			0	0.6098287955091849		1			0	spatially_informed
E9p5Embryo	morans_i	200	scvi	0.7578698068453247		1			0	0.7578698068453247		1	0.33525102464245715		1			0	0.33525102464245715		1			0	0.5465604157438909		1			0	spatially_informed
E9p5Embryo	morans_i	2000	cellcharter	0.5091608878184241	0.005804254145333672	3			0	0.5091608878184241	0.005804254145333672	3	0.6284146461367811	0.0015808554772227187	3			0	0.6284146461367811	0.0015808554772227187	3			0	0.5687877669776026	0.0021117930274970834	3			0	spatially_informed
E9p5Embryo	morans_i	2000	scvi	0.7011138286977764	0.003417964104126483	3			0	0.7011138286977764	0.003417964104126483	3	0.38457942948374835	0.014592980675842127	3			0	0.38457942948374835	0.014592980675842127	3			0	0.5428466290907624	0.005755313489732765	3			0	spatially_informed
E9p5Embryo	morans_i	500	cellcharter	0.4940527693942977		1			0	0.4940527693942977		1	0.6627693559361338		1			0	0.6627693559361338		1			0	0.5784110626652158		1			0	spatially_informed
E9p5Embryo	morans_i	500	scvi	0.7120133707715008		1			0	0.7120133707715008		1	0.4010683129474672		1			0	0.4010683129474672		1			0	0.556540841859484		1			0	spatially_informed
E9p5Embryo	morans_i	5000	cellcharter	0.5087255048907058		1			0	0.5087255048907058		1	0.6192951970668529		1			0	0.6192951970668529		1			0	0.5640103509787793		1			0	spatially_informed
E9p5Embryo	morans_i	5000	scvi	0.6732723381918486		1			0	0.6732723381918486		1	0.4298467973899232		1			0	0.4298467973899232		1			0	0.5515595677908859		1			0	spatially_informed
E9p5Embryo	nbumi	100	cellcharter	0.5518592735569859		1			0	0.5518592735569859		1	0.6646411580279458		1			0	0.6646411580279458		1			0	0.6082502157924659		1			0	expression_driven
E9p5Embryo	nbumi	100	scvi	0.7133677808911203		1			0	0.7133677808911203		1	0.3379334617556165		1			0	0.3379334617556165		1			0	0.5256506213233684		1			0	expression_driven
E9p5Embryo	nbumi	1000	cellcharter	0.5120176389950206		1			0	0.5120176389950206		1	0.6721908944107754		1			0	0.6721908944107754		1			0	0.592104266702898		1			0	expression_driven
E9p5Embryo	nbumi	1000	scvi	0.6812420943601063		1			0	0.6812420943601063		1	0.4187182250206112		1			0	0.4187182250206112		1			0	0.5499801596903587		1			0	expression_driven
E9p5Embryo	nbumi	10000	cellcharter	0.5093488978322402		1			0	0.5093488978322402		1	0.5741241707374449		1			0	0.5741241707374449		1			0	0.5417365342848426		1			0	expression_driven
E9p5Embryo	nbumi	10000	scvi	0.6819498999888316		1			0	0.6819498999888316		1	0.4271136217234839		1			0	0.4271136217234839		1			0	0.5545317608561577		1			0	expression_driven
E9p5Embryo	nbumi	200	cellcharter	0.533330072944182		1			0	0.533330072944182		1	0.7083089591167271		1			0	0.7083089591167271		1			0	0.6208195160304546		1			0	expression_driven
E9p5Embryo	nbumi	200	scvi	0.7196523719197911		1			0	0.7196523719197911		1	0.36355136218506307		1			0	0.36355136218506307		1			0	0.5416018670524271		1			0	expression_driven
E9p5Embryo	nbumi	2000	cellcharter	0.5070114793615391	0.0048395797553648385	3			0	0.5070114793615391	0.0048395797553648385	3	0.6663025773627851	0.009635727283275207	3			0	0.6663025773627851	0.009635727283275207	3			0	0.5866570283621622	0.007183069594553377	3			0	expression_driven
E9p5Embryo	nbumi	2000	scvi	0.6741705383937523	0.0017079839408225504	3			0	0.6741705383937523	0.0017079839408225504	3	0.43076731614289193	0.019272590207598056	3			0	0.43076731614289193	0.019272590207598056	3			0	0.5524689272683222	0.00893164403908056	3			0	expression_driven
E9p5Embryo	nbumi	500	cellcharter	0.5065532064208276		1			0	0.5065532064208276		1	0.7262488738545612		1			0	0.7262488738545612		1			0	0.6164010401376944		1			0	expression_driven
E9p5Embryo	nbumi	500	scvi	0.6902966620058013		1			0	0.6902966620058013		1	0.4234842093575597		1			0	0.4234842093575597		1			0	0.5568904356816805		1			0	expression_driven
E9p5Embryo	nbumi	5000	cellcharter	0.5085337989431835		1			0	0.5085337989431835		1	0.6175768662757645		1			0	0.6175768662757645		1			0	0.563055332609474		1			0	expression_driven
E9p5Embryo	nbumi	5000	scvi	0.6674132192363056		1			0	0.6674132192363056		1	0.43223375652129437		1			0	0.43223375652129437		1			0	0.5498234878788		1			0	expression_driven
E9p5Embryo	nnsvg	100	cellcharter	0.55489762155361		1			0	0.55489762155361		1	0.6953063889797159		1			0	0.6953063889797159		1			0	0.6251020052666629		1			0	spatially_informed
E9p5Embryo	nnsvg	100	scvi	0.7791194955375884		1			0	0.7791194955375884		1	0.29460206187116		1			0	0.29460206187116		1			0	0.5368607787043742		1			0	spatially_informed
E9p5Embryo	nnsvg	1000	cellcharter	0.5321311861799862		1			0	0.5321311861799862		1	0.5898560097826274		1			0	0.5898560097826274		1			0	0.5609935979813068		1			0	spatially_informed
E9p5Embryo	nnsvg	1000	scvi	0.7228834251038037		1			0	0.7228834251038037		1	0.35949566933328375		1			0	0.35949566933328375		1			0	0.5411895472185437		1			0	spatially_informed
E9p5Embryo	nnsvg	10000	cellcharter	0.5112587307961457		1			0	0.5112587307961457		1	0.6089628807561037		1			0	0.6089628807561037		1			0	0.5601108057761247		1			0	spatially_informed
E9p5Embryo	nnsvg	10000	scvi	0.7239703396393915		1			0	0.7239703396393915		1	0.3728553416614659		1			0	0.3728553416614659		1			0	0.5484128406504287		1			0	spatially_informed
E9p5Embryo	nnsvg	200	cellcharter	0.5299753831826345		1			0	0.5299753831826345		1	0.6555709019975722		1			0	0.6555709019975722		1			0	0.5927731425901033		1			0	spatially_informed
E9p5Embryo	nnsvg	200	scvi	0.7285293017143755		1			0	0.7285293017143755		1	0.3604301517188915		1			0	0.3604301517188915		1			0	0.5444797267166335		1			0	spatially_informed
E9p5Embryo	nnsvg	2000	cellcharter	0.5225006447358762	0.008883154971923242	3			0	0.5225006447358762	0.008883154971923242	3	0.6129502901668739	0.008197680989254904	3			0	0.6129502901668739	0.008197680989254904	3			0	0.5677254674513751	0.0003638774378419237	3			0	spatially_informed
E9p5Embryo	nnsvg	2000	scvi	0.7256713537014307	0.003349024119704511	3			0	0.7256713537014307	0.003349024119704511	3	0.35839561104798995	0.005197723600012661	3			0	0.35839561104798995	0.005197723600012661	3			0	0.5420334823747104	0.003438057561815281	3			0	spatially_informed
E9p5Embryo	nnsvg	500	cellcharter	0.5325319940306965		1			0	0.5325319940306965		1	0.6353017728248415		1			0	0.6353017728248415		1			0	0.583916883427769		1			0	spatially_informed
E9p5Embryo	nnsvg	500	scvi	0.7354111318899004		1			0	0.7354111318899004		1	0.33977640337275355		1			0	0.33977640337275355		1			0	0.5375937676313269		1			0	spatially_informed
E9p5Embryo	nnsvg	5000	cellcharter	0.5112587307961457		1			0	0.5112587307961457		1	0.6089628807561037		1			0	0.6089628807561037		1			0	0.5601108057761247		1			0	spatially_informed
E9p5Embryo	nnsvg	5000	scvi	0.7239703396393915		1			0	0.7239703396393915		1	0.3728553416614659		1			0	0.3728553416614659		1			0	0.5484128406504287		1			0	spatially_informed
E9p5Embryo	osca	100	cellcharter	0.5580784985482943		1			0	0.5580784985482943		1	0.6238706715048572		1			0	0.6238706715048572		1			0	0.5909745850265757		1			0	expression_driven
E9p5Embryo	osca	100	scvi	0.7521275377633847		1			0	0.7521275377633847		1	0.2921058109355998		1			0	0.2921058109355998		1			0	0.5221166743494923		1			0	expression_driven
E9p5Embryo	osca	1000	cellcharter	0.533981174357479		1			0	0.533981174357479		1	0.6347969972194115		1			0	0.6347969972194115		1			0	0.5843890857884453		1			0	expression_driven
E9p5Embryo	osca	1000	scvi	0.7057870583756827		1			0	0.7057870583756827		1	0.3620822573009003		1			0	0.3620822573009003		1			0	0.5339346578382915		1			0	expression_driven
E9p5Embryo	osca	10000	cellcharter	0.5170656006473765		1			0	0.5170656006473765		1	0.6211136145169376		1			0	0.6211136145169376		1			0	0.569089607582157		1			0	expression_driven
E9p5Embryo	osca	10000	scvi	0.7100497388121583		1			0	0.7100497388121583		1	0.385989777016353		1			0	0.385989777016353		1			0	0.5480197579142556		1			0	expression_driven
E9p5Embryo	osca	200	cellcharter	0.5428560679082757		1			0	0.5428560679082757		1	0.6674134894851415		1			0	0.6674134894851415		1			0	0.6051347786967085		1			0	expression_driven
E9p5Embryo	osca	200	scvi	0.7415070254728346		1			0	0.7415070254728346		1	0.3136754703484079		1			0	0.3136754703484079		1			0	0.5275912479106213		1			0	expression_driven
E9p5Embryo	osca	2000	cellcharter	0.5282301406303741	0.0031195672477155128	3			0	0.5282301406303741	0.0031195672477155128	3	0.627037627825405	0.026220220249722093	3			0	0.627037627825405	0.026220220249722093	3			0	0.5776338842278895	0.011575073876213472	3			0	expression_driven
E9p5Embryo	osca	2000	scvi	0.7097988755572106	0.00608626073562908	3			0	0.7097988755572106	0.00608626073562908	3	0.3762156143823781	0.013688509679757252	3			0	0.3762156143823781	0.013688509679757252	3			0	0.5430072449697944	0.007747964666504889	3			0	expression_driven
E9p5Embryo	osca	500	cellcharter	0.5212254262448199		1			0	0.5212254262448199		1	0.6633468886334489		1			0	0.6633468886334489		1			0	0.5922861574391345		1			0	expression_driven
E9p5Embryo	osca	500	scvi	0.7169512756236807		1			0	0.7169512756236807		1	0.3584080291172093		1			0	0.3584080291172093		1			0	0.537679652370445		1			0	expression_driven
E9p5Embryo	osca	5000	cellcharter	0.5181182625925752		1			0	0.5181182625925752		1	0.6089185572501616		1			0	0.6089185572501616		1			0	0.5635184099213684		1			0	expression_driven
E9p5Embryo	osca	5000	scvi	0.6957911404463764		1			0	0.6957911404463764		1	0.3796179650138667		1			0	0.3796179650138667		1			0	0.5377045527301215		1			0	expression_driven
E9p5Embryo	random	500	cellcharter	0.634209294605511	0.01185262262866807	3			0	0.634209294605511	0.01185262262866807	3	0.3341032025798978	0.04483898671126241	3			0	0.3341032025798978	0.04483898671126241	3			0	0.4841562485927044	0.01992376557036499	3			0	control
E9p5Embryo	random	500	scvi	0.8720929827766271	0.01108738825499368	3			0	0.8720929827766271	0.01108738825499368	3	0.0845137892206662	0.01855434196360195	3			0	0.0845137892206662	0.01855434196360195	3			0	0.4783033859986466	0.009916125038252935	3			0	control
E9p5Embryo	scPNMF	100	cellcharter	0.5417656624764281		1			0	0.5417656624764281		1	0.6082076719982895		1			0	0.6082076719982895		1			0	0.5749866672373588		1			0	expression_driven
E9p5Embryo	scPNMF	100	scvi	0.7887819514547962		1			0	0.7887819514547962		1	0.2876332311460416		1			0	0.2876332311460416		1			0	0.538207591300419		1			0	expression_driven
E9p5Embryo	scPNMF	1000	cellcharter	0.530452187416174		1			0	0.530452187416174		1	0.6159944490653969		1			0	0.6159944490653969		1			0	0.5732233182407854		1			0	expression_driven
E9p5Embryo	scPNMF	1000	scvi	0.7305941836160745		1			0	0.7305941836160745		1	0.35024511259560587		1			0	0.35024511259560587		1			0	0.5404196481058402		1			0	expression_driven
E9p5Embryo	scPNMF	10000	cellcharter	0.5084503089134164		1			0	0.5084503089134164		1	0.5547310132844308		1			0	0.5547310132844308		1			0	0.5315906610989236		1			0	expression_driven
E9p5Embryo	scPNMF	10000	scvi	0.6859500120263153		1			0	0.6859500120263153		1	0.3912078244104709		1			0	0.3912078244104709		1			0	0.5385789182183931		1			0	expression_driven
E9p5Embryo	scPNMF	200	cellcharter	0.5225605522867177		1			0	0.5225605522867177		1	0.6298396965909695		1			0	0.6298396965909695		1			0	0.5762001244388436		1			0	expression_driven
E9p5Embryo	scPNMF	200	scvi	0.7553892848246485		1			0	0.7553892848246485		1	0.3246646740697264		1			0	0.3246646740697264		1			0	0.5400269794471875		1			0	expression_driven
E9p5Embryo	scPNMF	2000	cellcharter	0.5261660441225775	0.0044492193650415325	3			0	0.5261660441225775	0.0044492193650415325	3	0.5916314133505277	0.010661721351515059	3			0	0.5916314133505277	0.010661721351515059	3			0	0.5588987287365527	0.004215315875211036	3			0	expression_driven
E9p5Embryo	scPNMF	2000	scvi	0.7299691468327318	0.014320750627248092	3			0	0.7299691468327318	0.014320750627248092	3	0.35052534456377255	0.01266401928954042	3			0	0.35052534456377255	0.01266401928954042	3			0	0.5402472456982522	0.010575628920255726	3			0	expression_driven
E9p5Embryo	scPNMF	500	cellcharter	0.5463235427255234		1			0	0.5463235427255234		1	0.6289815924185912		1			0	0.6289815924185912		1			0	0.5876525675720573		1			0	expression_driven
E9p5Embryo	scPNMF	500	scvi	0.7374838552846559		1			0	0.7374838552846559		1	0.34270496044180665		1			0	0.34270496044180665		1			0	0.5400944078632313		1			0	expression_driven
E9p5Embryo	scPNMF	5000	cellcharter	0.517323486314369		1			0	0.517323486314369		1	0.5718394475698845		1			0	0.5718394475698845		1			0	0.5445814669421267		1			0	expression_driven
E9p5Embryo	scPNMF	5000	scvi	0.7037799911807956		1			0	0.7037799911807956		1	0.3679657361283435		1			0	0.3679657361283435		1			0	0.5358728636545695		1			0	expression_driven
E9p5Embryo	scanpy_cell_ranger	100	cellcharter	0.5672597157873338		1			0	0.5672597157873338		1	0.6236975804779671		1			0	0.6236975804779671		1			0	0.5954786481326504		1			0	expression_driven
E9p5Embryo	scanpy_cell_ranger	100	scvi	0.6609194834984042		1			0	0.6609194834984042		1	0.2549528918909427		1			0	0.2549528918909427		1			0	0.4579361876946735		1			0	expression_driven
E9p5Embryo	scanpy_cell_ranger	1000	cellcharter	0.5298583673720604		1			0	0.5298583673720604		1	0.7343153233967333		1			0	0.7343153233967333		1			0	0.6320868453843969		1			0	expression_driven
E9p5Embryo	scanpy_cell_ranger	1000	scvi	0.7218518222655894		1			0	0.7218518222655894		1	0.34419054029738144		1			0	0.34419054029738144		1			0	0.5330211812814855		1			0	expression_driven
E9p5Embryo	scanpy_cell_ranger	10000	cellcharter	0.49495194751991384		1			0	0.49495194751991384		1	0.6672206894047896		1			0	0.6672206894047896		1			0	0.5810863184623517		1			0	expression_driven
E9p5Embryo	scanpy_cell_ranger	10000	scvi	0.709162694997735		1			0	0.709162694997735		1	0.4004551971565575		1			0	0.4004551971565575		1			0	0.5548089460771463		1			0	expression_driven
E9p5Embryo	scanpy_cell_ranger	200	cellcharter	0.5565332417052863		1			0	0.5565332417052863		1	0.6785496538376757		1			0	0.6785496538376757		1			0	0.617541447771481		1			0	expression_driven
E9p5Embryo	scanpy_cell_ranger	200	scvi	0.7102683784302914		1			0	0.7102683784302914		1	0.307323414298623		1			0	0.307323414298623		1			0	0.5087958963644572		1			0	expression_driven
E9p5Embryo	scanpy_cell_ranger	2000	cellcharter	0.528553765878668	0.004090827620668049	3			0	0.528553765878668	0.004090827620668049	3	0.715059189959249	0.009846957115123846	3			0	0.715059189959249	0.009846957115123846	3			0	0.6218064779189585	0.0030606987915647475	3			0	expression_driven
E9p5Embryo	scanpy_cell_ranger	2000	scvi	0.72284762080861	0.01152118696125732	3			0	0.72284762080861	0.01152118696125732	3	0.3676646449903449	0.008280452476118813	3			0	0.3676646449903449	0.008280452476118813	3			0	0.5452561328994775	0.009374601209470743	3			0	expression_driven
E9p5Embryo	scanpy_cell_ranger	500	cellcharter	0.5411264677542741		1			0	0.5411264677542741		1	0.6470444737451542		1			0	0.6470444737451542		1			0	0.5940854707497141		1			0	expression_driven
E9p5Embryo	scanpy_cell_ranger	500	scvi	0.7256490700226398		1			0	0.7256490700226398		1	0.32791347377627583		1			0	0.32791347377627583		1			0	0.5267812718994578		1			0	expression_driven
E9p5Embryo	scanpy_cell_ranger	5000	cellcharter	0.5057423078504601		1			0	0.5057423078504601		1	0.6751519726414963		1			0	0.6751519726414963		1			0	0.5904471402459782		1			0	expression_driven
E9p5Embryo	scanpy_cell_ranger	5000	scvi	0.7340151058446981		1			0	0.7340151058446981		1	0.3689531283654361		1			0	0.3689531283654361		1			0	0.5514841171050671		1			0	expression_driven
E9p5Embryo	scanpy_cell_ranger_batch	100	cellcharter	0.5662018131437956		1			0	0.5662018131437956		1	0.6967444541468595		1			0	0.6967444541468595		1			0	0.6314731336453275		1			0	expression_driven
E9p5Embryo	scanpy_cell_ranger_batch	100	scvi	0.7090473209442074		1			0	0.7090473209442074		1	0.27092641789671384		1			0	0.27092641789671384		1			0	0.48998686942046066		1			0	expression_driven
E9p5Embryo	scanpy_cell_ranger_batch	1000	cellcharter	0.5299140575072272		1			0	0.5299140575072272		1	0.726722648839957		1			0	0.726722648839957		1			0	0.6283183531735921		1			0	expression_driven
E9p5Embryo	scanpy_cell_ranger_batch	1000	scvi	0.7219412471580845		1			0	0.7219412471580845		1	0.3559199462844374		1			0	0.3559199462844374		1			0	0.538930596721261		1			0	expression_driven
E9p5Embryo	scanpy_cell_ranger_batch	10000	cellcharter	0.493740284043009		1			0	0.493740284043009		1	0.645578063022259		1			0	0.645578063022259		1			0	0.569659173532634		1			0	expression_driven
E9p5Embryo	scanpy_cell_ranger_batch	10000	scvi	0.7007774678824303		1			0	0.7007774678824303		1	0.40775468249704333		1			0	0.40775468249704333		1			0	0.5542660751897368		1			0	expression_driven
E9p5Embryo	scanpy_cell_ranger_batch	200	cellcharter	0.5562818386907774		1			0	0.5562818386907774		1	0.7044467657678958		1			0	0.7044467657678958		1			0	0.6303643022293366		1			0	expression_driven
E9p5Embryo	scanpy_cell_ranger_batch	200	scvi	0.7352280167379555		1			0	0.7352280167379555		1	0.32794497024738956		1			0	0.32794497024738956		1			0	0.5315864934926725		1			0	expression_driven
E9p5Embryo	scanpy_cell_ranger_batch	2000	cellcharter	0.5230848433349644	0.0028387259756943372	3			0	0.5230848433349644	0.0028387259756943372	3	0.7126450142375461	0.006476898107194805	3			0	0.7126450142375461	0.006476898107194805	3			0	0.6178649287862553	0.003179619317335189	3			0	expression_driven
E9p5Embryo	scanpy_cell_ranger_batch	2000	scvi	0.7209033493101229	0.009475808461176072	3			0	0.7209033493101229	0.009475808461176072	3	0.3623864060835644	0.005417190729565171	3			0	0.3623864060835644	0.005417190729565171	3			0	0.5416448776968436	0.007220907215796382	3			0	expression_driven
E9p5Embryo	scanpy_cell_ranger_batch	500	cellcharter	0.5376103452201496		1			0	0.5376103452201496		1	0.6821237912230016		1			0	0.6821237912230016		1			0	0.6098670682215757		1			0	expression_driven
E9p5Embryo	scanpy_cell_ranger_batch	500	scvi	0.7183906144431269		1			0	0.7183906144431269		1	0.3319300559237098		1			0	0.3319300559237098		1			0	0.5251603351834183		1			0	expression_driven
E9p5Embryo	scanpy_cell_ranger_batch	5000	cellcharter	0.5081313449666579		1			0	0.5081313449666579		1	0.7104048434842681		1			0	0.7104048434842681		1			0	0.609268094225463		1			0	expression_driven
E9p5Embryo	scanpy_cell_ranger_batch	5000	scvi	0.701523415871636		1			0	0.701523415871636		1	0.38428021164434406		1			0	0.38428021164434406		1			0	0.5429018137579901		1			0	expression_driven
E9p5Embryo	scanpy_pearson	100	cellcharter	0.5839224661100967		1			0	0.5839224661100967		1	0.5893391474868636		1			0	0.5893391474868636		1			0	0.5866308067984801		1			0	expression_driven
E9p5Embryo	scanpy_pearson	100	scvi	0.759045791236338		1			0	0.759045791236338		1	0.28636052965544895		1			0	0.28636052965544895		1			0	0.5227031604458935		1			0	expression_driven
E9p5Embryo	scanpy_pearson	1000	cellcharter	0.5451761880876097		1			0	0.5451761880876097		1	0.6717680745279151		1			0	0.6717680745279151		1			0	0.6084721313077623		1			0	expression_driven
E9p5Embryo	scanpy_pearson	1000	scvi	0.7277625460957831		1			0	0.7277625460957831		1	0.3416992258036256		1			0	0.3416992258036256		1			0	0.5347308859497043		1			0	expression_driven
E9p5Embryo	scanpy_pearson	10000	cellcharter	0.5122089124970587		1			0	0.5122089124970587		1	0.5684399711700734		1			0	0.5684399711700734		1			0	0.540324441833566		1			0	expression_driven
E9p5Embryo	scanpy_pearson	10000	scvi	0.6908718257841373		1			0	0.6908718257841373		1	0.36263488378978864		1			0	0.36263488378978864		1			0	0.526753354786963		1			0	expression_driven
E9p5Embryo	scanpy_pearson	200	cellcharter	0.5708857078150676		1			0	0.5708857078150676		1	0.6254136307203978		1			0	0.6254136307203978		1			0	0.5981496692677327		1			0	expression_driven
E9p5Embryo	scanpy_pearson	200	scvi	0.7806490108089458		1			0	0.7806490108089458		1	0.29001907623680934		1			0	0.29001907623680934		1			0	0.5353340435228775		1			0	expression_driven
E9p5Embryo	scanpy_pearson	2000	cellcharter	0.5156776148692837	0.012198283422081086	3			0	0.5156776148692837	0.012198283422081086	3	0.679185052553897	0.019862076646302206	3			0	0.679185052553897	0.019862076646302206	3			0	0.5974313337115903	0.0041585956960304435	3			0	expression_driven
E9p5Embryo	scanpy_pearson	2000	scvi	0.7161025789971044	0.004579889829389225	3			0	0.7161025789971044	0.004579889829389225	3	0.3751266066848387	0.013463835153753162	3			0	0.3751266066848387	0.013463835153753162	3			0	0.5456145928409716	0.004877767268373465	3			0	expression_driven
E9p5Embryo	scanpy_pearson	500	cellcharter	0.549383816810816		1			0	0.549383816810816		1	0.6504100160380145		1			0	0.6504100160380145		1			0	0.5998969164244152		1			0	expression_driven
E9p5Embryo	scanpy_pearson	500	scvi	0.749648283672864		1			0	0.749648283672864		1	0.30300550528491327		1			0	0.30300550528491327		1			0	0.5263268944788886		1			0	expression_driven
E9p5Embryo	scanpy_pearson	5000	cellcharter	0.5076007286762182		1			0	0.5076007286762182		1	0.6346446278889496		1			0	0.6346446278889496		1			0	0.5711226782825839		1			0	expression_driven
E9p5Embryo	scanpy_pearson	5000	scvi	0.7062160612708908		1			0	0.7062160612708908		1	0.3721762465981239		1			0	0.3721762465981239		1			0	0.5391961539345074		1			0	expression_driven
E9p5Embryo	scanpy_pearson_batch	100	cellcharter	0.5897805047510453		1			0	0.5897805047510453		1	0.6439547458882079		1			0	0.6439547458882079		1			0	0.6168676253196266		1			0	expression_driven
E9p5Embryo	scanpy_pearson_batch	100	scvi	0.7269069986407948		1			0	0.7269069986407948		1	0.2732611102512234		1			0	0.2732611102512234		1			0	0.5000840544460091		1			0	expression_driven
E9p5Embryo	scanpy_pearson_batch	1000	cellcharter	0.563046018936875		1			0	0.563046018936875		1	0.6476638904548863		1			0	0.6476638904548863		1			0	0.6053549546958806		1			0	expression_driven
E9p5Embryo	scanpy_pearson_batch	1000	scvi	0.7455876434584295		1			0	0.7455876434584295		1	0.3418850761321748		1			0	0.3418850761321748		1			0	0.5437363597953022		1			0	expression_driven
E9p5Embryo	scanpy_pearson_batch	10000	cellcharter	0.5087630545814296		1			0	0.5087630545814296		1	0.5869016153512995		1			0	0.5869016153512995		1			0	0.5478323349663645		1			0	expression_driven
E9p5Embryo	scanpy_pearson_batch	10000	scvi	0.6681605135878269		1			0	0.6681605135878269		1	0.3996026425627146		1			0	0.3996026425627146		1			0	0.5338815780752708		1			0	expression_driven
E9p5Embryo	scanpy_pearson_batch	200	cellcharter	0.554049995041751		1			0	0.554049995041751		1	0.6180619763146683		1			0	0.6180619763146683		1			0	0.5860559856782097		1			0	expression_driven
E9p5Embryo	scanpy_pearson_batch	200	scvi	0.7615783265275466		1			0	0.7615783265275466		1	0.27080315691752926		1			0	0.27080315691752926		1			0	0.516190741722538		1			0	expression_driven
E9p5Embryo	scanpy_pearson_batch	2000	cellcharter	0.5484381988201671	0.00817608565620328	3			0	0.5484381988201671	0.00817608565620328	3	0.6397799991007599	0.008982216538229887	3			0	0.6397799991007599	0.008982216538229887	3			0	0.5941090989604635	0.008263746190169842	3			0	expression_driven
E9p5Embryo	scanpy_pearson_batch	2000	scvi	0.7270646427235823	0.017243216099782546	3			0	0.7270646427235823	0.017243216099782546	3	0.31563435151494496	0.014659426599803406	3			0	0.31563435151494496	0.014659426599803406	3			0	0.5213494971192637	0.01388625792257534	3			0	expression_driven
E9p5Embryo	scanpy_pearson_batch	500	cellcharter	0.5610942152752723		1			0	0.5610942152752723		1	0.6311285894780129		1			0	0.6311285894780129		1			0	0.5961114023766425		1			0	expression_driven
E9p5Embryo	scanpy_pearson_batch	500	scvi	0.7501440203166208		1			0	0.7501440203166208		1	0.2979624626566461		1			0	0.2979624626566461		1			0	0.5240532414866335		1			0	expression_driven
E9p5Embryo	scanpy_pearson_batch	5000	cellcharter	0.5223654738348353		1			0	0.5223654738348353		1	0.6577524412337165		1			0	0.6577524412337165		1			0	0.5900589575342758		1			0	expression_driven
E9p5Embryo	scanpy_pearson_batch	5000	scvi	0.6721613531863664		1			0	0.6721613531863664		1	0.384293175337625		1			0	0.384293175337625		1			0	0.5282272642619957		1			0	expression_driven
E9p5Embryo	scanpy_seurat	100	cellcharter	0.7554574717152942		1			0	0.7554574717152942		1	0.11833297980843134		1			0	0.11833297980843134		1			0	0.4368952257618628		1			0	expression_driven
E9p5Embryo	scanpy_seurat	100	scvi	0.6931240942980362		1			0	0.6931240942980362		1	0.14129506393207208		1			0	0.14129506393207208		1			0	0.4172095791150542		1			0	expression_driven
E9p5Embryo	scanpy_seurat	1000	cellcharter	0.5958747254191374		1			0	0.5958747254191374		1	0.4960956251517395		1			0	0.4960956251517395		1			0	0.5459851752854384		1			0	expression_driven
E9p5Embryo	scanpy_seurat	1000	scvi	0.8429100702290371		1			0	0.8429100702290371		1	0.19368268621395246		1			0	0.19368268621395246		1			0	0.5182963782214948		1			0	expression_driven
E9p5Embryo	scanpy_seurat	10000	cellcharter	0.5254713733155311		1			0	0.5254713733155311		1	0.5606620769963895		1			0	0.5606620769963895		1			0	0.5430667251559602		1			0	expression_driven
E9p5Embryo	scanpy_seurat	10000	scvi	0.7174465240747412		1			0	0.7174465240747412		1	0.3696836661090132		1			0	0.3696836661090132		1			0	0.5435650950918772		1			0	expression_driven
E9p5Embryo	scanpy_seurat	200	cellcharter	0.715985612248186		1			0	0.715985612248186		1	0.11384221142644148		1			0	0.11384221142644148		1			0	0.41491391183731374		1			0	expression_driven
E9p5Embryo	scanpy_seurat	200	scvi	0.7626221203659662		1			0	0.7626221203659662		1	0.11526459111857833		1			0	0.11526459111857833		1			0	0.4389433557422723		1			0	expression_driven
E9p5Embryo	scanpy_seurat	2000	cellcharter	0.634660840497067	0.003267058701304524	3			0	0.634660840497067	0.003267058701304524	3	0.553445398049356	0.007763005473361291	3			0	0.553445398049356	0.007763005473361291	3			0	0.5940531192732115	0.0025232953060057776	3			0	expression_driven
E9p5Embryo	scanpy_seurat	2000	scvi	0.837522821677847	0.008606794018931874	3			0	0.837522821677847	0.008606794018931874	3	0.21222422796845164	0.00573033171659953	3			0	0.21222422796845164	0.00573033171659953	3			0	0.5248735248231493	0.007130585823021964	3			0	expression_driven
E9p5Embryo	scanpy_seurat	500	cellcharter	0.6510839892960987		1			0	0.6510839892960987		1	0.42314645399546863		1			0	0.42314645399546863		1			0	0.5371152216457836		1			0	expression_driven
E9p5Embryo	scanpy_seurat	500	scvi	0.8291086881336849		1			0	0.8291086881336849		1	0.16735774119476102		1			0	0.16735774119476102		1			0	0.49823321466422293		1			0	expression_driven
E9p5Embryo	scanpy_seurat	5000	cellcharter	0.5514478898743969		1			0	0.5514478898743969		1	0.5994092931504993		1			0	0.5994092931504993		1			0	0.5754285915124481		1			0	expression_driven
E9p5Embryo	scanpy_seurat	5000	scvi	0.7500550132092945		1			0	0.7500550132092945		1	0.3488739287404055		1			0	0.3488739287404055		1			0	0.54946447097485		1			0	expression_driven
E9p5Embryo	scanpy_seurat_batch	100	cellcharter	0.658603283665266		1			0	0.658603283665266		1	0.19149765505981495		1			0	0.19149765505981495		1			0	0.4250504693625405		1			0	expression_driven
E9p5Embryo	scanpy_seurat_batch	100	scvi	0.6873796268670873		1			0	0.6873796268670873		1	0.17325473047784234		1			0	0.17325473047784234		1			0	0.43031717867246483		1			0	expression_driven
E9p5Embryo	scanpy_seurat_batch	1000	cellcharter	0.5602611079466085		1			0	0.5602611079466085		1	0.5657933088118171		1			0	0.5657933088118171		1			0	0.5630272083792128		1			0	expression_driven
E9p5Embryo	scanpy_seurat_batch	1000	scvi	0.8372946161550513		1			0	0.8372946161550513		1	0.1995061118279979		1			0	0.1995061118279979		1			0	0.5184003639915246		1			0	expression_driven
E9p5Embryo	scanpy_seurat_batch	10000	cellcharter	0.5144642855452144		1			0	0.5144642855452144		1	0.5977161142357886		1			0	0.5977161142357886		1			0	0.5560901998905015		1			0	expression_driven
E9p5Embryo	scanpy_seurat_batch	10000	scvi	0.6904887893882514		1			0	0.6904887893882514		1	0.3530871693344377		1			0	0.3530871693344377		1			0	0.5217879793613446		1			0	expression_driven
E9p5Embryo	scanpy_seurat_batch	200	cellcharter	0.6045214083348227		1			0	0.6045214083348227		1	0.22075941017090947		1			0	0.22075941017090947		1			0	0.4126404092528661		1			0	expression_driven
E9p5Embryo	scanpy_seurat_batch	200	scvi	0.7683182205901466		1			0	0.7683182205901466		1	0.1302908410671769		1			0	0.1302908410671769		1			0	0.4493045308286618		1			0	expression_driven
E9p5Embryo	scanpy_seurat_batch	2000	cellcharter	0.6101395404289232	0.0025456030934350054	3			0	0.6101395404289232	0.0025456030934350054	3	0.5506626820144367	0.032042980197614736	3			0	0.5506626820144367	0.032042980197614736	3			0	0.5804011112216799	0.016448171870170877	3			0	expression_driven
E9p5Embryo	scanpy_seurat_batch	2000	scvi	0.7796920017681338	0.024638537411798674	3			0	0.7796920017681338	0.024638537411798674	3	0.26280290153963953	0.00920419015028356	3			0	0.26280290153963953	0.00920419015028356	3			0	0.5212474516538866	0.01006652221037951	3			0	expression_driven
E9p5Embryo	scanpy_seurat_batch	500	cellcharter	0.5628135050532858		1			0	0.5628135050532858		1	0.28030862666261147		1			0	0.28030862666261147		1			0	0.4215610658579486		1			0	expression_driven
E9p5Embryo	scanpy_seurat_batch	500	scvi	0.8429308016773747		1			0	0.8429308016773747		1	0.11955025355294385		1			0	0.11955025355294385		1			0	0.48124052761515923		1			0	expression_driven
E9p5Embryo	scanpy_seurat_batch	5000	cellcharter	0.5528937402162919		1			0	0.5528937402162919		1	0.6123088871906855		1			0	0.6123088871906855		1			0	0.5826013137034887		1			0	expression_driven
E9p5Embryo	scanpy_seurat_batch	5000	scvi	0.7670981545528086		1			0	0.7670981545528086		1	0.3135410585760913		1			0	0.3135410585760913		1			0	0.54031960656445		1			0	expression_driven
E9p5Embryo	scanpy_seurat_v3	100	cellcharter	0.5604950199575764		1			0	0.5604950199575764		1	0.6406515820481716		1			0	0.6406515820481716		1			0	0.600573301002874		1			0	expression_driven
E9p5Embryo	scanpy_seurat_v3	100	scvi	0.6771625618179818		1			0	0.6771625618179818		1	0.30803303329743364		1			0	0.30803303329743364		1			0	0.4925977975577077		1			0	expression_driven
E9p5Embryo	scanpy_seurat_v3	1000	cellcharter	0.5195126571111707		1			0	0.5195126571111707		1	0.7531267483724201		1			0	0.7531267483724201		1			0	0.6363197027417954		1			0	expression_driven
E9p5Embryo	scanpy_seurat_v3	1000	scvi	0.6822325034698642		1			0	0.6822325034698642		1	0.3759277745455914		1			0	0.3759277745455914		1			0	0.5290801390077278		1			0	expression_driven
E9p5Embryo	scanpy_seurat_v3	10000	cellcharter	0.49382392734465147		1			0	0.49382392734465147		1	0.6497091764670097		1			0	0.6497091764670097		1			0	0.5717665519058306		1			0	expression_driven
E9p5Embryo	scanpy_seurat_v3	10000	scvi	0.6726870106879221		1			0	0.6726870106879221		1	0.4436203093504192		1			0	0.4436203093504192		1			0	0.5581536600191707		1			0	expression_driven
E9p5Embryo	scanpy_seurat_v3	200	cellcharter	0.5038423704700671		1			0	0.5038423704700671		1	0.6935732017797039		1			0	0.6935732017797039		1			0	0.5987077861248855		1			0	expression_driven
E9p5Embryo	scanpy_seurat_v3	200	scvi	0.6803058683063203		1			0	0.6803058683063203		1	0.32756293550768006		1			0	0.32756293550768006		1			0	0.5039344019070002		1			0	expression_driven
E9p5Embryo	scanpy_seurat_v3	2000	cellcharter	0.5087586546442412	0.004621491354944381	3			0	0.5087586546442412	0.004621491354944381	3	0.7290335000224397	0.011342539075495107	3			0	0.7290335000224397	0.011342539075495107	3			0	0.6188960773333404	0.006939138856010349	3			0	expression_driven
E9p5Embryo	scanpy_seurat_v3	2000	scvi	0.6789023274957501	0.007354975866980274	3			0	0.6789023274957501	0.007354975866980274	3	0.42384464190797266	0.012488948406310716	3			0	0.42384464190797266	0.012488948406310716	3			0	0.5513734847018613	0.00270462487647161	3			0	expression_driven
E9p5Embryo	scanpy_seurat_v3	500	cellcharter	0.5297812329221152		1			0	0.5297812329221152		1	0.6524914090751386		1			0	0.6524914090751386		1			0	0.5911363209986269		1			0	expression_driven
E9p5Embryo	scanpy_seurat_v3	500	scvi	0.6980476978796288		1			0	0.6980476978796288		1	0.38949155112969835		1			0	0.38949155112969835		1			0	0.5437696245046636		1			0	expression_driven
E9p5Embryo	scanpy_seurat_v3	5000	cellcharter	0.49830613411459146		1			0	0.49830613411459146		1	0.6913263611501069		1			0	0.6913263611501069		1			0	0.5948162476323492		1			0	expression_driven
E9p5Embryo	scanpy_seurat_v3	5000	scvi	0.6645452609769396		1			0	0.6645452609769396		1	0.4446465687115972		1			0	0.4446465687115972		1			0	0.5545959148442684		1			0	expression_driven
E9p5Embryo	scanpy_seurat_v3_batch	100	cellcharter	0.5689879027219088		1			0	0.5689879027219088		1	0.6714105843526585		1			0	0.6714105843526585		1			0	0.6201992435372836		1			0	expression_driven
E9p5Embryo	scanpy_seurat_v3_batch	100	scvi	0.668177757395366		1			0	0.668177757395366		1	0.27488217656396147		1			0	0.27488217656396147		1			0	0.47152996697966376		1			0	expression_driven
E9p5Embryo	scanpy_seurat_v3_batch	1000	cellcharter	0.5316274924463212		1			0	0.5316274924463212		1	0.6820149444004868		1			0	0.6820149444004868		1			0	0.6068212184234041		1			0	expression_driven
E9p5Embryo	scanpy_seurat_v3_batch	1000	scvi	0.6866180791554155		1			0	0.6866180791554155		1	0.37536531280015256		1			0	0.37536531280015256		1			0	0.5309916959777841		1			0	expression_driven
E9p5Embryo	scanpy_seurat_v3_batch	10000	cellcharter	0.5058853424247836		1			0	0.5058853424247836		1	0.6453769170400457		1			0	0.6453769170400457		1			0	0.5756311297324146		1			0	expression_driven
E9p5Embryo	scanpy_seurat_v3_batch	10000	scvi	0.6771219553181164		1			0	0.6771219553181164		1	0.406482500483355		1			0	0.406482500483355		1			0	0.5418022279007357		1			0	expression_driven
E9p5Embryo	scanpy_seurat_v3_batch	200	cellcharter	0.5641305239612597		1			0	0.5641305239612597		1	0.6391122939795499		1			0	0.6391122939795499		1			0	0.6016214089704048		1			0	expression_driven
E9p5Embryo	scanpy_seurat_v3_batch	200	scvi	0.7052732317391293		1			0	0.7052732317391293		1	0.30844458260333424		1			0	0.30844458260333424		1			0	0.5068589071712317		1			0	expression_driven
E9p5Embryo	scanpy_seurat_v3_batch	2000	cellcharter	0.5216934287118291	0.005372556701485593	3			0	0.5216934287118291	0.005372556701485593	3	0.6911136040391517	0.016606337357216696	3			0	0.6911136040391517	0.016606337357216696	3			0	0.6064035163754905	0.0057041586201682475	3			0	expression_driven
E9p5Embryo	scanpy_seurat_v3_batch	2000	scvi	0.6972785088831296	0.007767456222380084	3			0	0.6972785088831296	0.007767456222380084	3	0.3686593937185623	0.01779588019340791	3			0	0.3686593937185623	0.01779588019340791	3			0	0.532968951300846	0.008409806663909274	3			0	expression_driven
E9p5Embryo	scanpy_seurat_v3_batch	500	cellcharter	0.5292386791591919		1			0	0.5292386791591919		1	0.7307413627536715		1			0	0.7307413627536715		1			0	0.6299900209564318		1			0	expression_driven
E9p5Embryo	scanpy_seurat_v3_batch	500	scvi	0.7002166275518289		1			0	0.7002166275518289		1	0.3566958538126266		1			0	0.3566958538126266		1			0	0.5284562406822277		1			0	expression_driven
E9p5Embryo	scanpy_seurat_v3_batch	5000	cellcharter	0.5094768604636969		1			0	0.5094768604636969		1	0.6966440727297013		1			0	0.6966440727297013		1			0	0.6030604665966991		1			0	expression_driven
E9p5Embryo	scanpy_seurat_v3_batch	5000	scvi	0.6796809129586194		1			0	0.6796809129586194		1	0.4345417900654877		1			0	0.4345417900654877		1			0	0.5571113515120536		1			0	expression_driven
E9p5Embryo	scry	100	cellcharter	0.543228167510913		1			0	0.543228167510913		1	0.6662221379396112		1			0	0.6662221379396112		1			0	0.6047251527252621		1			0	expression_driven
E9p5Embryo	scry	100	scvi	0.7658322202271353		1			0	0.7658322202271353		1	0.31167824359073043		1			0	0.31167824359073043		1			0	0.5387552319089328		1			0	expression_driven
E9p5Embryo	scry	1000	cellcharter	0.5439039873976237		1			0	0.5439039873976237		1	0.5844806007357072		1			0	0.5844806007357072		1			0	0.5641922940666655		1			0	expression_driven
E9p5Embryo	scry	1000	scvi	0.7536122587950032		1			0	0.7536122587950032		1	0.3335462992486167		1			0	0.3335462992486167		1			0	0.5435792790218099		1			0	expression_driven
E9p5Embryo	scry	10000	cellcharter	0.5050836207468313		1			0	0.5050836207468313		1	0.5837056547442789		1			0	0.5837056547442789		1			0	0.5443946377455551		1			0	expression_driven
E9p5Embryo	scry	10000	scvi	0.6884698470486355		1			0	0.6884698470486355		1	0.37860812222002077		1			0	0.37860812222002077		1			0	0.5335389846343281		1			0	expression_driven
E9p5Embryo	scry	200	cellcharter	0.531570031246829		1			0	0.531570031246829		1	0.6462845332495984		1			0	0.6462845332495984		1			0	0.5889272822482137		1			0	expression_driven
E9p5Embryo	scry	200	scvi	0.7490792761586214		1			0	0.7490792761586214		1	0.3262778488341261		1			0	0.3262778488341261		1			0	0.5376785624963737		1			0	expression_driven
E9p5Embryo	scry	2000	cellcharter	0.5370999160089877	0.007093891427601901	3			0	0.5370999160089877	0.007093891427601901	3	0.567858228921225	0.028724954151029186	3			0	0.567858228921225	0.028724954151029186	3			0	0.5524790724651062	0.014579242299408348	3			0	expression_driven
E9p5Embryo	scry	2000	scvi	0.7454023646543089	0.013674626630803578	3			0	0.7454023646543089	0.013674626630803578	3	0.34378958558477885	0.014178680368778595	3			0	0.34378958558477885	0.014178680368778595	3			0	0.5445959751195438	0.012684365788440352	3			0	expression_driven
E9p5Embryo	scry	500	cellcharter	0.5433302222792031		1			0	0.5433302222792031		1	0.6215273906614641		1			0	0.6215273906614641		1			0	0.5824288064703336		1			0	expression_driven
E9p5Embryo	scry	500	scvi	0.7421870251661677		1			0	0.7421870251661677		1	0.3124549688755676		1			0	0.3124549688755676		1			0	0.5273209970208677		1			0	expression_driven
E9p5Embryo	scry	5000	cellcharter	0.5028593166170287		1			0	0.5028593166170287		1	0.5746747705666583		1			0	0.5746747705666583		1			0	0.5387670435918435		1			0	expression_driven
E9p5Embryo	scry	5000	scvi	0.7124876371660502		1			0	0.7124876371660502		1	0.3818009912516695		1			0	0.3818009912516695		1			0	0.5471443142088599		1			0	expression_driven
E9p5Embryo	scsegindex	100	cellcharter	0.7347201397451981		1			0	0.7347201397451981		1	0.23728799930372893		1			0	0.23728799930372893		1			0	0.4860040695244635		1			0	control
E9p5Embryo	scsegindex	100	scvi	0.8940567212451449		1			0	0.8940567212451449		1	0.057903117706083196		1			0	0.057903117706083196		1			0	0.475979919475614		1			0	control
E9p5Embryo	scsegindex	1000	cellcharter	0.5461101188594346		1			0	0.5461101188594346		1	0.5495261726245385		1			0	0.5495261726245385		1			0	0.5478181457419866		1			0	control
E9p5Embryo	scsegindex	1000	scvi	0.7960633636751018		1			0	0.7960633636751018		1	0.31147657576467824		1			0	0.31147657576467824		1			0	0.55376996971989		1			0	control
E9p5Embryo	scsegindex	10000	cellcharter	0.5461101188594346		1			0	0.5461101188594346		1	0.5495261726245385		1			0	0.5495261726245385		1			0	0.5478181457419866		1			0	control
E9p5Embryo	scsegindex	10000	scvi	0.7960633636751018		1			0	0.7960633636751018		1	0.31147657576467824		1			0	0.31147657576467824		1			0	0.55376996971989		1			0	control
E9p5Embryo	scsegindex	200	cellcharter	0.803503886650691		1			0	0.803503886650691		1	0.1732242601902427		1			0	0.1732242601902427		1			0	0.48836407342046684		1			0	control
E9p5Embryo	scsegindex	200	scvi	0.927332575240764		1			0	0.927332575240764		1	0.036124424153699354		1			0	0.036124424153699354		1			0	0.48172849969723164		1			0	control
E9p5Embryo	scsegindex	500	cellcharter	0.6881694145545781	0.0027144141717076764	3			0	0.6881694145545781	0.0027144141717076764	3	0.5010232639720775	0.009608524315365668	3			0	0.5010232639720775	0.009608524315365668	3			0	0.5945963392633278	0.004288348577113311	3			0	control
E9p5Embryo	scsegindex	500	scvi	0.8805722126306298	0.015935644572813518	3			0	0.8805722126306298	0.015935644572813518	3	0.14739253965064225	0.008364563736189361	3			0	0.14739253965064225	0.008364563736189361	3			0	0.513982376140636	0.006327379452590277	3			0	control
E9p5Embryo	scsegindex	5000	cellcharter	0.5461101188594346		1			0	0.5461101188594346		1	0.5495261726245385		1			0	0.5495261726245385		1			0	0.5478181457419866		1			0	control
E9p5Embryo	scsegindex	5000	scvi	0.7960633636751018		1			0	0.7960633636751018		1	0.31147657576467824		1			0	0.31147657576467824		1			0	0.55376996971989		1			0	control
E9p5Embryo	seurat_disp	100	cellcharter	0.5419846533704223		1			0	0.5419846533704223		1	0.3279424273688796		1			0	0.3279424273688796		1			0	0.43496354036965096		1			0	expression_driven
E9p5Embryo	seurat_disp	100	scvi	0.33277150996322236		1			0	0.33277150996322236		1	0.30966918043570413		1			0	0.30966918043570413		1			0	0.32122034519946324		1			0	expression_driven
E9p5Embryo	seurat_disp	1000	cellcharter	0.671227789462135		1			0	0.671227789462135		1	0.5590282358962552		1			0	0.5590282358962552		1			0	0.6151280126791951		1			0	expression_driven
E9p5Embryo	seurat_disp	1000	scvi	0.7672513584506099		1			0	0.7672513584506099		1	0.24259774420940552		1			0	0.24259774420940552		1			0	0.5049245513300077		1			0	expression_driven
E9p5Embryo	seurat_disp	10000	cellcharter	0.5181540308416915		1			0	0.5181540308416915		1	0.5321967116998688		1			0	0.5321967116998688		1			0	0.5251753712707802		1			0	expression_driven
E9p5Embryo	seurat_disp	10000	scvi	0.7130456728161187		1			0	0.7130456728161187		1	0.3591856196647502		1			0	0.3591856196647502		1			0	0.5361156462404345		1			0	expression_driven
E9p5Embryo	seurat_disp	200	cellcharter	0.6848855075225295		1			0	0.6848855075225295		1	0.2876263055757249		1			0	0.2876263055757249		1			0	0.4862559065491272		1			0	expression_driven
E9p5Embryo	seurat_disp	200	scvi	0.8022527775451834		1			0	0.8022527775451834		1	0.19921463260084504		1			0	0.19921463260084504		1			0	0.5007337050730143		1			0	expression_driven
E9p5Embryo	seurat_disp	2000	cellcharter	0.6241305289751647	0.006431364029286884	3			0	0.6241305289751647	0.006431364029286884	3	0.5664563388009574	0.018831327861495113	3			0	0.5664563388009574	0.018831327861495113	3			0	0.595293433888061	0.01220488983707112	3			0	expression_driven
E9p5Embryo	seurat_disp	2000	scvi	0.7695297642459034	0.005182640317298783	3			0	0.7695297642459034	0.005182640317298783	3	0.2809368746493238	0.006548352715005327	3			0	0.2809368746493238	0.006548352715005327	3			0	0.5252333194476136	0.005494859500090981	3			0	expression_driven
E9p5Embryo	seurat_disp	500	cellcharter	0.6564480581022278		1			0	0.6564480581022278		1	0.3667077449007807		1			0	0.3667077449007807		1			0	0.5115779015015043		1			0	expression_driven
E9p5Embryo	seurat_disp	500	scvi	0.8784225030972523		1			0	0.8784225030972523		1	0.1744145117121071		1			0	0.1744145117121071		1			0	0.5264185074046797		1			0	expression_driven
E9p5Embryo	seurat_disp	5000	cellcharter	0.5405021906747074		1			0	0.5405021906747074		1	0.55747857245067		1			0	0.55747857245067		1			0	0.5489903815626886		1			0	expression_driven
E9p5Embryo	seurat_disp	5000	scvi	0.7345508258419429		1			0	0.7345508258419429		1	0.32831317918976394		1			0	0.32831317918976394		1			0	0.5314320025158534		1			0	expression_driven
E9p5Embryo	seurat_mvp	100	cellcharter	0.6196329159975751		1			0	0.6196329159975751		1	0.2410211880980744		1			0	0.2410211880980744		1			0	0.43032705204782473		1			0	expression_driven
E9p5Embryo	seurat_mvp	100	scvi	0.5379844640405118		1			0	0.5379844640405118		1	0.22651336261441402		1			0	0.22651336261441402		1			0	0.3822489133274629		1			0	expression_driven
E9p5Embryo	seurat_mvp	1000	cellcharter	0.5723596136792288		1			0	0.5723596136792288		1	0.4714911157750543		1			0	0.4714911157750543		1			0	0.5219253647271416		1			0	expression_driven
E9p5Embryo	seurat_mvp	1000	scvi	0.8499819586384972		1			0	0.8499819586384972		1	0.1791343715668441		1			0	0.1791343715668441		1			0	0.5145581651026707		1			0	expression_driven
E9p5Embryo	seurat_mvp	10000	cellcharter	0.6023199988811972		1			0	0.6023199988811972		1	0.5493820516124338		1			0	0.5493820516124338		1			0	0.5758510252468155		1			0	expression_driven
E9p5Embryo	seurat_mvp	10000	scvi	0.8090204597837586		1			0	0.8090204597837586		1	0.2467474771417959		1			0	0.2467474771417959		1			0	0.5278839684627772		1			0	expression_driven
E9p5Embryo	seurat_mvp	200	cellcharter	0.6300172498579089		1			0	0.6300172498579089		1	0.18335282445490875		1			0	0.18335282445490875		1			0	0.4066850371564088		1			0	expression_driven
E9p5Embryo	seurat_mvp	200	scvi	0.7626700496300833		1			0	0.7626700496300833		1	0.0892260475704898		1			0	0.0892260475704898		1			0	0.42594804860028657		1			0	expression_driven
E9p5Embryo	seurat_mvp	2000	cellcharter	0.6070876121124059	0.00323196652028507	3			0	0.6070876121124059	0.00323196652028507	3	0.5902230806265584	0.04392868104005531	3			0	0.5902230806265584	0.04392868104005531	3			0	0.5986553463694821	0.023075394076562464	3			0	expression_driven
E9p5Embryo	seurat_mvp	2000	scvi	0.8105604439044374	0.022643115949072028	3			0	0.8105604439044374	0.022643115949072028	3	0.25495311706062995	0.026069933782439034	3			0	0.25495311706062995	0.026069933782439034	3			0	0.5327567804825336	0.0027119276539915166	3			0	expression_driven
E9p5Embryo	seurat_mvp	500	cellcharter	0.5628032139110566		1			0	0.5628032139110566		1	0.5682027162116744		1			0	0.5682027162116744		1			0	0.5655029650613654		1			0	expression_driven
E9p5Embryo	seurat_mvp	500	scvi	0.8482400538293577		1			0	0.8482400538293577		1	0.12379601219195341		1			0	0.12379601219195341		1			0	0.4860180330106556		1			0	expression_driven
E9p5Embryo	seurat_mvp	5000	cellcharter	0.6023199988811972		1			0	0.6023199988811972		1	0.5493820516124338		1			0	0.5493820516124338		1			0	0.5758510252468155		1			0	expression_driven
E9p5Embryo	seurat_mvp	5000	scvi	0.8090204597837586		1			0	0.8090204597837586		1	0.2467474771417959		1			0	0.2467474771417959		1			0	0.5278839684627772		1			0	expression_driven
E9p5Embryo	seurat_sct	100	cellcharter	0.5698388362332757		1			0	0.5698388362332757		1	0.3309731600588595		1			0	0.3309731600588595		1			0	0.45040599814606763		1			0	expression_driven
E9p5Embryo	seurat_sct	100	scvi	0.4332510901059179		1			0	0.4332510901059179		1	0.2817730366244078		1			0	0.2817730366244078		1			0	0.35751206336516284		1			0	expression_driven
E9p5Embryo	seurat_sct	1000	cellcharter	0.5863952408603323		1			0	0.5863952408603323		1	0.22090830713389673		1			0	0.22090830713389673		1			0	0.40365177399711455		1			0	expression_driven
E9p5Embryo	seurat_sct	1000	scvi	0.7519534024280239		1			0	0.7519534024280239		1	0.0993748536041309		1			0	0.0993748536041309		1			0	0.4256641280160774		1			0	expression_driven
E9p5Embryo	seurat_sct	10000	cellcharter	0.5057221970720918		1			0	0.5057221970720918		1	0.5172495039943508		1			0	0.5172495039943508		1			0	0.5114858505332213		1			0	expression_driven
E9p5Embryo	seurat_sct	10000	scvi	0.7182006910989125		1			0	0.7182006910989125		1	0.36428310382362566		1			0	0.36428310382362566		1			0	0.541241897461269		1			0	expression_driven
E9p5Embryo	seurat_sct	200	cellcharter	0.628888064617062		1			0	0.628888064617062		1	0.21676369395963627		1			0	0.21676369395963627		1			0	0.42282587928834914		1			0	expression_driven
E9p5Embryo	seurat_sct	200	scvi	0.607331266050106		1			0	0.607331266050106		1	0.18466191703675694		1			0	0.18466191703675694		1			0	0.3959965915434315		1			0	expression_driven
E9p5Embryo	seurat_sct	2000	cellcharter	0.6142446639589063	0.017676597099923506	3			0	0.6142446639589063	0.017676597099923506	3	0.26771442597562317	0.07425925627586405	3			0	0.26771442597562317	0.07425925627586405	3			0	0.4409795449672647	0.03034546917371927	3			0	expression_driven
E9p5Embryo	seurat_sct	2000	scvi	0.781800474516411	0.00200375676091187	3			0	0.781800474516411	0.00200375676091187	3	0.09624109630055826	0.002688759599664554	3			0	0.09624109630055826	0.002688759599664554	3			0	0.43902078540848466	0.002282417204297616	3			0	expression_driven
E9p5Embryo	seurat_sct	500	cellcharter	0.5876038779441679		1			0	0.5876038779441679		1	0.16673677883445362		1			0	0.16673677883445362		1			0	0.37717032838931075		1			0	expression_driven
E9p5Embryo	seurat_sct	500	scvi	0.7161199140801274		1			0	0.7161199140801274		1	0.12029897341243102		1			0	0.12029897341243102		1			0	0.4182094437462792		1			0	expression_driven
E9p5Embryo	seurat_sct	5000	cellcharter	0.5389643916620269		1			0	0.5389643916620269		1	0.5507188343513857		1			0	0.5507188343513857		1			0	0.5448416130067063		1			0	expression_driven
E9p5Embryo	seurat_sct	5000	scvi	0.7163798379135966		1			0	0.7163798379135966		1	0.36958684352154864		1			0	0.36958684352154864		1			0	0.5429833407175726		1			0	expression_driven
E9p5Embryo	seurat_vst	100	cellcharter	0.5521765935836231		1			0	0.5521765935836231		1	0.6252997095659668		1			0	0.6252997095659668		1			0	0.5887381515747949		1			0	expression_driven
E9p5Embryo	seurat_vst	100	scvi	0.6784551111307047		1			0	0.6784551111307047		1	0.27256055951949304		1			0	0.27256055951949304		1			0	0.4755078353250989		1			0	expression_driven
E9p5Embryo	seurat_vst	1000	cellcharter	0.519488007435838		1			0	0.519488007435838		1	0.7339081226832062		1			0	0.7339081226832062		1			0	0.6266980650595221		1			0	expression_driven
E9p5Embryo	seurat_vst	1000	scvi	0.682132104134235		1			0	0.682132104134235		1	0.3970755447357237		1			0	0.3970755447357237		1			0	0.5396038244349793		1			0	expression_driven
E9p5Embryo	seurat_vst	10000	cellcharter	0.49645017205627434		1			0	0.49645017205627434		1	0.6409381704083993		1			0	0.6409381704083993		1			0	0.5686941712323368		1			0	expression_driven
E9p5Embryo	seurat_vst	10000	scvi	0.6808494621695722		1			0	0.6808494621695722		1	0.43805693753261865		1			0	0.43805693753261865		1			0	0.5594531998510954		1			0	expression_driven
E9p5Embryo	seurat_vst	200	cellcharter	0.5022306360855425		1			0	0.5022306360855425		1	0.6738725915076387		1			0	0.6738725915076387		1			0	0.5880516137965905		1			0	expression_driven
E9p5Embryo	seurat_vst	200	scvi	0.6804633710428181		1			0	0.6804633710428181		1	0.3161383742804673		1			0	0.3161383742804673		1			0	0.4983008726616427		1			0	expression_driven
E9p5Embryo	seurat_vst	2000	cellcharter	0.5078734554723547	0.005359609765982728	3			0	0.5078734554723547	0.005359609765982728	3	0.7259532079089096	0.013148506501680422	3			0	0.7259532079089096	0.013148506501680422	3			0	0.6169133316906322	0.005709029919798314	3			0	expression_driven
E9p5Embryo	seurat_vst	2000	scvi	0.6792579034051477	0.005630255505244755	3			0	0.6792579034051477	0.005630255505244755	3	0.4137200757748046	0.014863582643573939	3			0	0.4137200757748046	0.014863582643573939	3			0	0.5464889895899762	0.005624128521261679	3			0	expression_driven
E9p5Embryo	seurat_vst	500	cellcharter	0.5294501432613096		1			0	0.5294501432613096		1	0.7150176396266454		1			0	0.7150176396266454		1			0	0.6222338914439776		1			0	expression_driven
E9p5Embryo	seurat_vst	500	scvi	0.6964418466480373		1			0	0.6964418466480373		1	0.3922809010754254		1			0	0.3922809010754254		1			0	0.5443613738617313		1			0	expression_driven
E9p5Embryo	seurat_vst	5000	cellcharter	0.4973294927176327		1			0	0.4973294927176327		1	0.6900962059656038		1			0	0.6900962059656038		1			0	0.5937128493416183		1			0	expression_driven
E9p5Embryo	seurat_vst	5000	scvi	0.6739318499880099		1			0	0.6739318499880099		1	0.43953559206945797		1			0	0.43953559206945797		1			0	0.556733721028734		1			0	expression_driven
E9p5Embryo	singleCellHaystack	100	cellcharter	0.439801185274962		1			0	0.439801185274962		1	0.6181715430832738		1			0	0.6181715430832738		1			0	0.5289863641791179		1			0	expression_driven
E9p5Embryo	singleCellHaystack	100	scvi	0.42282462550468813		1			0	0.42282462550468813		1	0.3732152503990062		1			0	0.3732152503990062		1			0	0.3980199379518472		1			0	expression_driven
E9p5Embryo	singleCellHaystack	1000	cellcharter	0.5076442180585773		1			0	0.5076442180585773		1	0.6492179994439122		1			0	0.6492179994439122		1			0	0.5784311087512448		1			0	expression_driven
E9p5Embryo	singleCellHaystack	1000	scvi	0.7235506719398791		1			0	0.7235506719398791		1	0.37226089544535695		1			0	0.37226089544535695		1			0	0.547905783692618		1			0	expression_driven
E9p5Embryo	singleCellHaystack	10000	cellcharter	0.5008530941135239		1			0	0.5008530941135239		1	0.5734195411024366		1			0	0.5734195411024366		1			0	0.5371363176079802		1			0	expression_driven
E9p5Embryo	singleCellHaystack	10000	scvi	0.6934532455647128		1			0	0.6934532455647128		1	0.3851147571188074		1			0	0.3851147571188074		1			0	0.5392840013417601		1			0	expression_driven
E9p5Embryo	singleCellHaystack	200	cellcharter	0.5141981735745496		1			0	0.5141981735745496		1	0.7115252683184998		1			0	0.7115252683184998		1			0	0.6128617209465247		1			0	expression_driven
E9p5Embryo	singleCellHaystack	200	scvi	0.6396986241282816		1			0	0.6396986241282816		1	0.34681408181053003		1			0	0.34681408181053003		1			0	0.49325635296940584		1			0	expression_driven
E9p5Embryo	singleCellHaystack	2000	cellcharter	0.5107050152403227	0.00575619116251178	3			0	0.5107050152403227	0.00575619116251178	3	0.632661164208829	0.010283027470526403	3			0	0.632661164208829	0.010283027470526403	3			0	0.5716830897245759	0.0026701553306019703	3			0	expression_driven
E9p5Embryo	singleCellHaystack	2000	scvi	0.7027895520571247	0.008599198553423466	3			0	0.7027895520571247	0.008599198553423466	3	0.3669934155498473	0.012842824563248825	3			0	0.3669934155498473	0.012842824563248825	3			0	0.5348914838034861	0.01048375179729799	3			0	expression_driven
E9p5Embryo	singleCellHaystack	500	cellcharter	0.52548733635388		1			0	0.52548733635388		1	0.7031803930568968		1			0	0.7031803930568968		1			0	0.6143338647053884		1			0	expression_driven
E9p5Embryo	singleCellHaystack	500	scvi	0.7284675572049073		1			0	0.7284675572049073		1	0.3458411567439364		1			0	0.3458411567439364		1			0	0.5371543569744218		1			0	expression_driven
E9p5Embryo	singleCellHaystack	5000	cellcharter	0.503109025866657		1			0	0.503109025866657		1	0.6086133356161452		1			0	0.6086133356161452		1			0	0.5558611807414011		1			0	expression_driven
E9p5Embryo	singleCellHaystack	5000	scvi	0.7060678668115318		1			0	0.7060678668115318		1	0.3943058324690112		1			0	0.3943058324690112		1			0	0.5501868496402715		1			0	expression_driven
E9p5Embryo	somde	100	cellcharter	0.5493194407730759		1			0	0.5493194407730759		1	0.7045160370396202		1			0	0.7045160370396202		1			0	0.626917738906348		1			0	spatially_informed
E9p5Embryo	somde	100	scvi	0.7453306525085861		1			0	0.7453306525085861		1	0.33579824672220787		1			0	0.33579824672220787		1			0	0.540564449615397		1			0	spatially_informed
E9p5Embryo	somde	1000	cellcharter	0.4875605433106179		1			0	0.4875605433106179		1	0.6935583070073678		1			0	0.6935583070073678		1			0	0.5905594251589928		1			0	spatially_informed
E9p5Embryo	somde	1000	scvi	0.6792206032606616		1			0	0.6792206032606616		1	0.44101982324581385		1			0	0.44101982324581385		1			0	0.5601202132532377		1			0	spatially_informed
E9p5Embryo	somde	10000	cellcharter	0.499837327488162		1			0	0.499837327488162		1	0.5853277902197673		1			0	0.5853277902197673		1			0	0.5425825588539647		1			0	spatially_informed
E9p5Embryo	somde	10000	scvi	0.6721254454265818		1			0	0.6721254454265818		1	0.4080865723964524		1			0	0.4080865723964524		1			0	0.540106008911517		1			0	spatially_informed
E9p5Embryo	somde	200	cellcharter	0.5314845111108291		1			0	0.5314845111108291		1	0.7318183370437428		1			0	0.7318183370437428		1			0	0.6316514240772859		1			0	spatially_informed
E9p5Embryo	somde	200	scvi	0.7114340765730398		1			0	0.7114340765730398		1	0.3768491426637202		1			0	0.3768491426637202		1			0	0.54414160961838		1			0	spatially_informed
E9p5Embryo	somde	2000	cellcharter	0.4943047964540746	0.0031680846498591125	3			0	0.4943047964540746	0.0031680846498591125	3	0.6693749179942641	0.02521197899999766	3			0	0.6693749179942641	0.02521197899999766	3			0	0.5818398572241693	0.01204442527998851	3			0	spatially_informed
E9p5Embryo	somde	2000	scvi	0.6658870994142373	0.008321054821868313	3			0	0.6658870994142373	0.008321054821868313	3	0.4538246102931039	0.009236046099254304	3			0	0.4538246102931039	0.009236046099254304	3			0	0.5598558548536705	0.005207846499324311	3			0	spatially_informed
E9p5Embryo	somde	500	cellcharter	0.4781444276316602		1			0	0.4781444276316602		1	0.6862080148350987		1			0	0.6862080148350987		1			0	0.5821762212333794		1			0	spatially_informed
E9p5Embryo	somde	500	scvi	0.6979605107407091		1			0	0.6979605107407091		1	0.4254958217234688		1			0	0.4254958217234688		1			0	0.561728166232089		1			0	spatially_informed
E9p5Embryo	somde	5000	cellcharter	0.48812536185380695		1			0	0.48812536185380695		1	0.5985635514996009		1			0	0.5985635514996009		1			0	0.543344456676704		1			0	spatially_informed
E9p5Embryo	somde	5000	scvi	0.6643299694110328		1			0	0.6643299694110328		1	0.4209669263563251		1			0	0.4209669263563251		1			0	0.5426484478836789		1			0	spatially_informed
E9p5Embryo	sparkx	100	cellcharter	0.5979567811028166		1			0	0.5979567811028166		1	0.6533580782827043		1			0	0.6533580782827043		1			0	0.6256574296927604		1			0	spatially_informed
E9p5Embryo	sparkx	100	scvi	0.7832159485618098		1			0	0.7832159485618098		1	0.26825909079167626		1			0	0.26825909079167626		1			0	0.525737519676743		1			0	spatially_informed
E9p5Embryo	sparkx	1000	cellcharter	0.5312476556276597		1			0	0.5312476556276597		1	0.6548768171789378		1			0	0.6548768171789378		1			0	0.5930622364032987		1			0	spatially_informed
E9p5Embryo	sparkx	1000	scvi	0.6982761465257648		1			0	0.6982761465257648		1	0.3805886668071949		1			0	0.3805886668071949		1			0	0.5394324066664798		1			0	spatially_informed
E9p5Embryo	sparkx	10000	cellcharter	0.5016110907088125		1			0	0.5016110907088125		1	0.6111153362659776		1			0	0.6111153362659776		1			0	0.556363213487395		1			0	spatially_informed
E9p5Embryo	sparkx	10000	scvi	0.6962731683792058		1			0	0.6962731683792058		1	0.38363105569106853		1			0	0.38363105569106853		1			0	0.5399521120351372		1			0	spatially_informed
E9p5Embryo	sparkx	200	cellcharter	0.5468054413077591		1			0	0.5468054413077591		1	0.6692928457374423		1			0	0.6692928457374423		1			0	0.6080491435226008		1			0	spatially_informed
E9p5Embryo	sparkx	200	scvi	0.7394584275755784		1			0	0.7394584275755784		1	0.34425525861364187		1			0	0.34425525861364187		1			0	0.5418568430946101		1			0	spatially_informed
E9p5Embryo	sparkx	2000	cellcharter	0.5122711242673422	0.004586185263119801	3			0	0.5122711242673422	0.004586185263119801	3	0.6172943005103516	0.010101488041907941	3			0	0.6172943005103516	0.010101488041907941	3			0	0.564782712388847	0.006406332406075236	3			0	spatially_informed
E9p5Embryo	sparkx	2000	scvi	0.7074352521017732	0.004092914711723016	3			0	0.7074352521017732	0.004092914711723016	3	0.387193412343866	0.019702447874375823	3			0	0.387193412343866	0.019702447874375823	3			0	0.5473143322228196	0.011223638383193697	3			0	spatially_informed
E9p5Embryo	sparkx	500	cellcharter	0.526455518562983		1			0	0.526455518562983		1	0.6181553899783608		1			0	0.6181553899783608		1			0	0.5723054542706719		1			0	spatially_informed
E9p5Embryo	sparkx	500	scvi	0.7100949919032506		1			0	0.7100949919032506		1	0.3776798574986946		1			0	0.3776798574986946		1			0	0.5438874247009726		1			0	spatially_informed
E9p5Embryo	sparkx	5000	cellcharter	0.5003881099684645		1			0	0.5003881099684645		1	0.6052787500200933		1			0	0.6052787500200933		1			0	0.552833429994279		1			0	spatially_informed
E9p5Embryo	sparkx	5000	scvi	0.681849666007444		1			0	0.681849666007444		1	0.41260181021607006		1			0	0.41260181021607006		1			0	0.547225738111757		1			0	spatially_informed
E9p5Embryo	spatialde	100	cellcharter	0.5508750506762068		1			0	0.5508750506762068		1	0.706924953671301		1			0	0.706924953671301		1			0	0.6289000021737539		1			0	spatially_informed
E9p5Embryo	spatialde	100	scvi	0.7460812640860973		1			0	0.7460812640860973		1	0.31642923218790014		1			0	0.31642923218790014		1			0	0.5312552481369988		1			0	spatially_informed
E9p5Embryo	spatialde	1000	cellcharter	0.4958817779098052		1			0	0.4958817779098052		1	0.6843302112919454		1			0	0.6843302112919454		1			0	0.5901059946008753		1			0	spatially_informed
E9p5Embryo	spatialde	1000	scvi	0.6916421742762688		1			0	0.6916421742762688		1	0.39546601468390846		1			0	0.39546601468390846		1			0	0.5435540944800886		1			0	spatially_informed
E9p5Embryo	spatialde	10000	cellcharter	0.4879731466476107		1			0	0.4879731466476107		1	0.5953352770704758		1			0	0.5953352770704758		1			0	0.5416542118590433		1			0	spatially_informed
E9p5Embryo	spatialde	10000	scvi	0.6739171465896863		1			0	0.6739171465896863		1	0.4048598200142535		1			0	0.4048598200142535		1			0	0.5393884833019699		1			0	spatially_informed
E9p5Embryo	spatialde	200	cellcharter	0.5268391910621812		1			0	0.5268391910621812		1	0.7081068568405202		1			0	0.7081068568405202		1			0	0.6174730239513507		1			0	spatially_informed
E9p5Embryo	spatialde	200	scvi	0.7122431827756757		1			0	0.7122431827756757		1	0.37632239628117786		1			0	0.37632239628117786		1			0	0.5442827895284268		1			0	spatially_informed
E9p5Embryo	spatialde	2000	cellcharter	0.5017995162508155	0.005389115070256725	3			0	0.5017995162508155	0.005389115070256725	3	0.662296265570205	0.017699277977704306	3			0	0.662296265570205	0.017699277977704306	3			0	0.5820478909105103	0.006217355892333027	3			0	spatially_informed
E9p5Embryo	spatialde	2000	scvi	0.689729211223917	0.007131330074530925	3			0	0.689729211223917	0.007131330074530925	3	0.4230684939996297	0.0053720866202832075	3			0	0.4230684939996297	0.0053720866202832075	3			0	0.5563988526117732	0.0011355911830632631	3			0	spatially_informed
E9p5Embryo	spatialde	500	cellcharter	0.5050097258175064		1			0	0.5050097258175064		1	0.7377062510375657		1			0	0.7377062510375657		1			0	0.621357988427536		1			0	spatially_informed
E9p5Embryo	spatialde	500	scvi	0.6814591560018639		1			0	0.6814591560018639		1	0.40949998975668866		1			0	0.40949998975668866		1			0	0.5454795728792763		1			0	spatially_informed
E9p5Embryo	spatialde	5000	cellcharter	0.49864243480233555		1			0	0.49864243480233555		1	0.5766920540389918		1			0	0.5766920540389918		1			0	0.5376672444206637		1			0	spatially_informed
E9p5Embryo	spatialde	5000	scvi	0.6926629952702917		1			0	0.6926629952702917		1	0.4055989722675298		1			0	0.4055989722675298		1			0	0.5491309837689108		1			0	spatially_informed
E9p5Embryo	statistic_mean	100	cellcharter	0.5685312239331385		1			0	0.5685312239331385		1	0.6293933943638449		1			0	0.6293933943638449		1			0	0.5989623091484917		1			0	expression_driven
E9p5Embryo	statistic_mean	100	scvi	0.856630532647927		1			0	0.856630532647927		1	0.2547964317817529		1			0	0.2547964317817529		1			0	0.55571348221484		1			0	expression_driven
E9p5Embryo	statistic_mean	1000	cellcharter	0.5568292063932709		1			0	0.5568292063932709		1	0.5815215561121482		1			0	0.5815215561121482		1			0	0.5691753812527096		1			0	expression_driven
E9p5Embryo	statistic_mean	1000	scvi	0.7655747071619847		1			0	0.7655747071619847		1	0.3190060532738201		1			0	0.3190060532738201		1			0	0.5422903802179024		1			0	expression_driven
E9p5Embryo	statistic_mean	10000	cellcharter	0.5057703222590944		1			0	0.5057703222590944		1	0.55827046945602		1			0	0.55827046945602		1			0	0.5320203958575571		1			0	expression_driven
E9p5Embryo	statistic_mean	10000	scvi	0.6842903346688503		1			0	0.6842903346688503		1	0.37082327196810905		1			0	0.37082327196810905		1			0	0.5275568033184797		1			0	expression_driven
E9p5Embryo	statistic_mean	200	cellcharter	0.5427961378303715		1			0	0.5427961378303715		1	0.5982751021028452		1			0	0.5982751021028452		1			0	0.5705356199666083		1			0	expression_driven
E9p5Embryo	statistic_mean	200	scvi	0.8331961985532887		1			0	0.8331961985532887		1	0.27353368627411007		1			0	0.27353368627411007		1			0	0.5533649424136994		1			0	expression_driven
E9p5Embryo	statistic_mean	2000	cellcharter	0.5502790149865008	0.0022819677930051626	3			0	0.5502790149865008	0.0022819677930051626	3	0.5527087014483077	0.019662503650290316	3			0	0.5527087014483077	0.019662503650290316	3			0	0.5514938582174043	0.008709401083551283	3			0	expression_driven
E9p5Embryo	statistic_mean	2000	scvi	0.7541081742320848	0.013970962065714965	3			0	0.7541081742320848	0.013970962065714965	3	0.3236328257290439	0.02525506577466066	3			0	0.3236328257290439	0.02525506577466066	3			0	0.5388704999805642	0.008280608701769006	3			0	expression_driven
E9p5Embryo	statistic_mean	500	cellcharter	0.5508738155498537		1			0	0.5508738155498537		1	0.5603675778399567		1			0	0.5603675778399567		1			0	0.5556206966949052		1			0	expression_driven
E9p5Embryo	statistic_mean	500	scvi	0.8087015670057203		1			0	0.8087015670057203		1	0.2988587048120071		1			0	0.2988587048120071		1			0	0.5537801359088637		1			0	expression_driven
E9p5Embryo	statistic_mean	5000	cellcharter	0.531080626860247		1			0	0.531080626860247		1	0.5514512843512559		1			0	0.5514512843512559		1			0	0.5412659556057515		1			0	expression_driven
E9p5Embryo	statistic_mean	5000	scvi	0.7279187045545918		1			0	0.7279187045545918		1	0.36549575287494024		1			0	0.36549575287494024		1			0	0.5467072287147661		1			0	expression_driven
E9p5Embryo	statistic_variance	100	cellcharter	0.5403513585460535		1			0	0.5403513585460535		1	0.6293418845787769		1			0	0.6293418845787769		1			0	0.5848466215624153		1			0	expression_driven
E9p5Embryo	statistic_variance	100	scvi	0.8252536705270801		1			0	0.8252536705270801		1	0.2693982129174372		1			0	0.2693982129174372		1			0	0.5473259417222587		1			0	expression_driven
E9p5Embryo	statistic_variance	1000	cellcharter	0.5529057500778238		1			0	0.5529057500778238		1	0.5913841494747313		1			0	0.5913841494747313		1			0	0.5721449497762776		1			0	expression_driven
E9p5Embryo	statistic_variance	1000	scvi	0.7564912942184918		1			0	0.7564912942184918		1	0.3284610784121453		1			0	0.3284610784121453		1			0	0.5424761863153186		1			0	expression_driven
E9p5Embryo	statistic_variance	10000	cellcharter	0.513656474426715		1			0	0.513656474426715		1	0.4995808724329747		1			0	0.4995808724329747		1			0	0.5066186734298449		1			0	expression_driven
E9p5Embryo	statistic_variance	10000	scvi	0.692507481613455		1			0	0.692507481613455		1	0.3866675487780326		1			0	0.3866675487780326		1			0	0.5395875151957438		1			0	expression_driven
E9p5Embryo	statistic_variance	200	cellcharter	0.5290777426295324		1			0	0.5290777426295324		1	0.6099737252764573		1			0	0.6099737252764573		1			0	0.5695257339529949		1			0	expression_driven
E9p5Embryo	statistic_variance	200	scvi	0.8085912632480099		1			0	0.8085912632480099		1	0.27591538817007705		1			0	0.27591538817007705		1			0	0.5422533257090435		1			0	expression_driven
E9p5Embryo	statistic_variance	2000	cellcharter	0.5423387836495112	0.01004532199627042	3			0	0.5423387836495112	0.01004532199627042	3	0.5667217435517372	0.01901731785404583	3			0	0.5667217435517372	0.01901731785404583	3			0	0.5545302636006242	0.011018652766605744	3			0	expression_driven
E9p5Embryo	statistic_variance	2000	scvi	0.7531674901257975	0.007734148631670251	3			0	0.7531674901257975	0.007734148631670251	3	0.3328392890385614	0.005861528465645297	3			0	0.3328392890385614	0.005861528465645297	3			0	0.5430033895821794	0.0043871899985182625	3			0	expression_driven
E9p5Embryo	statistic_variance	500	cellcharter	0.5379642532342308		1			0	0.5379642532342308		1	0.598653572985909		1			0	0.598653572985909		1			0	0.5683089131100699		1			0	expression_driven
E9p5Embryo	statistic_variance	500	scvi	0.776405171046156		1			0	0.776405171046156		1	0.31048725477288314		1			0	0.31048725477288314		1			0	0.5434462129095196		1			0	expression_driven
E9p5Embryo	statistic_variance	5000	cellcharter	0.5276214912386296		1			0	0.5276214912386296		1	0.5468998316457744		1			0	0.5468998316457744		1			0	0.537260661442202		1			0	expression_driven
E9p5Embryo	statistic_variance	5000	scvi	0.7310383458569728		1			0	0.7310383458569728		1	0.32901138437150496		1			0	0.32901138437150496		1			0	0.5300248651142389		1			0	expression_driven
E9p5Embryo	triku	100	cellcharter	0.1959044653653916		1			0	0.1959044653653916		1	0.7078011532623022		1			0	0.7078011532623022		1			0	0.4518528093138469		1			0	expression_driven
E9p5Embryo	triku	100	scvi	0.13222986115661342		1			0	0.13222986115661342		1	0.4541290918031007		1			0	0.4541290918031007		1			0	0.29317947647985704		1			0	expression_driven
E9p5Embryo	triku	1000	cellcharter	0.49742699621819014		1			0	0.49742699621819014		1	0.7228595060266646		1			0	0.7228595060266646		1			0	0.6101432511224274		1			0	expression_driven
E9p5Embryo	triku	1000	scvi	0.6714515009908218		1			0	0.6714515009908218		1	0.39785601583197616		1			0	0.39785601583197616		1			0	0.5346537584113991		1			0	expression_driven
E9p5Embryo	triku	10000	cellcharter	0.5080399718707816		1			0	0.5080399718707816		1	0.647263682934014		1			0	0.647263682934014		1			0	0.5776518274023978		1			0	expression_driven
E9p5Embryo	triku	10000	scvi	0.6693983240593181		1			0	0.6693983240593181		1	0.4195176016600923		1			0	0.4195176016600923		1			0	0.5444579628597052		1			0	expression_driven
E9p5Embryo	triku	200	cellcharter	0.3008654311923459		1			0	0.3008654311923459		1	0.6217463346418218		1			0	0.6217463346418218		1			0	0.46130588291708385		1			0	expression_driven
E9p5Embryo	triku	200	scvi	0.3879713700191274		1			0	0.3879713700191274		1	0.33547254123600445		1			0	0.33547254123600445		1			0	0.3617219556275659		1			0	expression_driven
E9p5Embryo	triku	2000	cellcharter	0.5028074990017558	0.005352038004905941	3			0	0.5028074990017558	0.005352038004905941	3	0.7030797858760197	0.02202486067908268	3			0	0.7030797858760197	0.02202486067908268	3			0	0.6029436424388877	0.013683406253128076	3			0	expression_driven
E9p5Embryo	triku	2000	scvi	0.6791362454761546	0.005039564704187205	3			0	0.6791362454761546	0.005039564704187205	3	0.40919204122133973	0.033130737959980325	3			0	0.40919204122133973	0.033130737959980325	3			0	0.5441641433487471	0.01456540967910077	3			0	expression_driven
E9p5Embryo	triku	500	cellcharter	0.48121102497290763		1			0	0.48121102497290763		1	0.7142028752247679		1			0	0.7142028752247679		1			0	0.5977069500988378		1			0	expression_driven
E9p5Embryo	triku	500	scvi	0.6319822153724066		1			0	0.6319822153724066		1	0.3956030736313667		1			0	0.3956030736313667		1			0	0.5137926445018867		1			0	expression_driven
E9p5Embryo	triku	5000	cellcharter	0.5056840696346653		1			0	0.5056840696346653		1	0.6684105999567533		1			0	0.6684105999567533		1			0	0.5870473347957093		1			0	expression_driven
E9p5Embryo	triku	5000	scvi	0.685568698539713		1			0	0.685568698539713		1	0.40867056730521995		1			0	0.40867056730521995		1			0	0.5471196329224665		1			0	expression_driven
MouseBrainSerialSections	Brennecke	100	cellcharter	0.7075292503760993		1	0.7840215144815889		1	0.745775382428844		1	0.7355409579870559		1	0.7582605975883151		1	0.7469007777876855		1	0.895513995862039		1	0.7463380801082647		1	0.7960633853595228		1	expression_driven
MouseBrainSerialSections	Brennecke	100	scvi	0.7613203774949534		1	0.6722069777635046		1	0.716763677629229		1	0.6207738756110125		1	0.6267518531620907		1	0.6237628643865516		1	0.8558105267522047		1	0.6702632710078903		1	0.7321123562559951		1	expression_driven
MouseBrainSerialSections	Brennecke	1000	cellcharter	0.5947906712176476		1	0.8061479169312568		1	0.7004692940744521		1	0.7758408779818641		1	0.8749458580523588		1	0.8253933680171115		1	0.9482231644915468		1	0.7629313310457818		1	0.8246952755277035		1	expression_driven
MouseBrainSerialSections	Brennecke	1000	scvi	0.23892459084192832		1	0.5126513924946474		1	0.37578799166828786		1	0.522017510888095		1	0.25183786048918666		1	0.38692768568864083		1	0.8065309419437877		1	0.38135783867846434		1	0.5230822064335722		1	expression_driven
MouseBrainSerialSections	Brennecke	10000	cellcharter	0.5645764504611808		1	0.8641899941903974		1	0.7143832223257891		1	0.775909340720844		1	0.8178002139006233		1	0.7968547773107337		1	0.95331238120208		1	0.7556189998182614		1	0.8215167936128677		1	expression_driven
MouseBrainSerialSections	Brennecke	10000	scvi	0.14721300622760064		1	0.6128900140316015		1	0.38005151012960103		1	0.7720872307549183		1	0.6742119712714726		1	0.7231496010131955		1	0.73828621929855		1	0.5516005555713983		1	0.6138291101471155		1	expression_driven
MouseBrainSerialSections	Brennecke	200	cellcharter	0.6975426440272374		1	0.7680568687931864		1	0.7327997564102119		1	0.7430511556497361		1	0.7540252272110572		1	0.7485381914303967		1	0.9192663860705994		1	0.7406689739203043		1	0.8002014446370693		1	expression_driven
MouseBrainSerialSections	Brennecke	200	scvi	0.7276623857097341		1	0.7303717985760921		1	0.7290170921429131		1	0.6790079747422233		1	0.779291329935244		1	0.7291496523387336		1	0.9076072783449621		1	0.7290833722408234		1	0.7885913409422031		1	expression_driven
MouseBrainSerialSections	Brennecke	2000	cellcharter	0.5895704745020454	0.02214039760221909	3	0.8417862142771795	0.013675999604188725	3	0.7156783443896124	0.005817348601808057	3	0.7783924799146474	0.005129131752593787	3	0.855470782117989	0.026047249007225007	3	0.8169316310163183	0.012724781674040852	3	0.9630742308156671	0.009391841917148725	3	0.7663049877029654	0.004152425918733137	3	0.8318947354071993	0.0014424457714624554	3	expression_driven
MouseBrainSerialSections	Brennecke	2000	scvi	0.45235496784145285	0.06741292889223584	3	0.6109539367273423	0.046355554098460004	3	0.5316544522843976	0.05400359240624475	3	0.6128178706962539	0.08292705304124726	3	0.5224350260951112	0.21505155873668025	3	0.5676264483956825	0.14869533901664636	3	0.8806913046516084	0.0037169413798218186	3	0.54964045034004	0.10134922678638592	3	0.6599907351105628	0.0663885884690976	3	expression_driven
MouseBrainSerialSections	Brennecke	500	cellcharter	0.594393345467702		1	0.7908720092324736		1	0.6926326773500877		1	0.7649501040495768		1	0.8469205019579712		1	0.8059353030037739		1	0.9437449711205521		1	0.7492839901769308		1	0.8141043171581379		1	expression_driven
MouseBrainSerialSections	Brennecke	500	scvi	0.6616573064869329		1	0.7328799063668558		1	0.6972686064268944		1	0.7271922386356192		1	0.786502991508314		1	0.7568476150719666		1	0.9004888587887248		1	0.7270581107494305		1	0.7848683600958619		1	expression_driven
MouseBrainSerialSections	Brennecke	5000	cellcharter	0.6065981470314353		1	0.8303439407618252		1	0.7184710438966302		1	0.7898397228095199		1	0.7986430544720861		1	0.794241388640803		1	0.9608253573545357		1	0.7563562162687165		1	0.8245125966306562		1	expression_driven
MouseBrainSerialSections	Brennecke	5000	scvi	0.17321960986718926		1	0.6130690710996878		1	0.3931443404834385		1	0.7022025006414596		1	0.5813083534616832		1	0.6417554270515714		1	0.6362769974335356		1	0.517449883767505		1	0.5570589216561819		1	expression_driven
MouseBrainSerialSections	TFs	2000	cellcharter	0.7002710135026197	0.0014955452944932486	3	0.7958561663302551	0.004966247792078008	3	0.7480635899164373	0.002842616780883784	3	0.7215308670276435	0.004363372498097935	3	0.7945796099341523	0.02773224670903324	3	0.7580552384808978	0.012071445814796513	3	0.9409767402282627	0.002460385641792442	3	0.7530594141986677	0.0074519425565849375	3	0.8156985228751994	0.0053192250051228695	3	control
MouseBrainSerialSections	TFs	2000	scvi	0.4353049083703091	0.06193374339573103	3	0.5981045670104556	0.043846331053149556	3	0.5167047376903824	0.011572543717131472	3	0.4705325716127669	0.01786744081357568	3	0.43757888962185504	0.004307177593658343	3	0.45405573061731097	0.011064746998616159	3	0.8439582793448182	0.020594433629436897	3	0.4853802341538467	0.011313938770487284	3	0.6049062492175038	0.012586930695377032	3	control
MouseBrainSerialSections	all_features	all	cellcharter	0.5687219365419844	0.013001060731423176	3	0.8204636414566565	0.006455089570324241	3	0.6945927889993205	0.007737602309258692	3	0.7689007553182202	0.006205955046615343	3	0.7739545491295458	0.006691635297413759	3	0.771427652223883	0.006360780175665446	3	0.9181485309939821	0.010983709596433418	3	0.7330102206116017	0.006883899276623762	3	0.7947229907390619	0.007677199783634714	3	control
MouseBrainSerialSections	all_features	all	scvi	0.019698856008378215	0.014644443402985709	3	0.5141880274333097	0.03409995193102499	3	0.26694344172084394	0.024364932372924857	3	0.6825946754213897	0.018787338645835268	3	0.5403780706899989	0.13606664843631586	3	0.6114863730556942	0.07737453542308075	3	0.4408097881606427	0.13969903899254393	3	0.4392149073882691	0.027200545920128757	3	0.43974653431239363	0.05871150049430668	3	control
MouseBrainSerialSections	anticor	100	cellcharter	0.5287498323045181		1	0.8905220811242303		1	0.7096359567143742		1	0.7492263215589253		1	0.8915900007725237		1	0.8204081611657246		1	0.9519369930229267		1	0.7650220589400494		1	0.8273270369676752		1	expression_driven
MouseBrainSerialSections	anticor	100	scvi	0.6774795184667033		1	0.8659982501716614		1	0.7717388843191824		1	0.6905421443714982		1	0.8970474655468248		1	0.7937948049591614		1	0.9507601957137877		1	0.7827668446391719		1	0.8387646283307104		1	expression_driven
MouseBrainSerialSections	anticor	1000	cellcharter	0.5643943641454492		1	0.8872384042492554		1	0.7258163841973523		1	0.7815165260364703		1	0.8304827924817586		1	0.8059996592591144		1	0.9525385895169766		1	0.7659080217282334		1	0.8281182109911477		1	expression_driven
MouseBrainSerialSections	anticor	1000	scvi	0.5279338871320932		1	0.7742869705569835		1	0.6511104288445384		1	0.6848215797645573		1	0.8301278271283157		1	0.7574747034464364		1	0.8826760240665257		1	0.7042925661454874		1	0.7637537187858335		1	expression_driven
MouseBrainSerialSections	anticor	10000	cellcharter	0.597773627516327		1	0.8437891382485339		1	0.7207813828824304		1	0.7736301530137566		1	0.82338034538594		1	0.7985052491998483		1	0.9445427937082185		1	0.7596433160411393		1	0.821276475263499		1	expression_driven
MouseBrainSerialSections	anticor	10000	scvi	0.020091455419358507		1	0.5520531665606417		1	0.28607231099000013		1	0.6865101950438387		1	0.6736187690621114		1	0.6800644820529751		1	0.2705545691346882		1	0.4830683965214876		1	0.41223045405922115		1	expression_driven
MouseBrainSerialSections	anticor	200	cellcharter	0.5041833907394667		1	0.8861729954605765		1	0.6951781931000216		1	0.7617426356318132		1	0.7578967436472994		1	0.7598196896395564		1	0.954404544831114		1	0.727498941369789		1	0.803134142523564		1	expression_driven
MouseBrainSerialSections	anticor	200	scvi	0.6049748832652417		1	0.8676454994143616		1	0.7363101913398017		1	0.6983688709253743		1	0.8935745728546254		1	0.7959717218899998		1	0.9574199462850517		1	0.7661409566149007		1	0.8299006198382844		1	expression_driven
MouseBrainSerialSections	anticor	2000	cellcharter	0.5768816335644537	0.003785173076571116	3	0.8505671046429492	0.022213320499847835	3	0.7137243691037014	0.01297947305099148	3	0.7906202514773807	0.001454214010864637	3	0.8089316441034445	0.014775577627160967	3	0.7997759477904126	0.006669799261565287	3	0.9608053690028923	0.010619721148374702	3	0.756750158447057	0.009816024124140833	3	0.8247685619656687	0.0091176371337931	3	expression_driven
MouseBrainSerialSections	anticor	2000	scvi	0.2985914563292728	0.16017770183975694	3	0.6379527965506031	0.036476347358189595	3	0.46827212643993793	0.09137002663888391	3	0.5825776432263509	0.11551671440857453	3	0.49094774538875474	0.09315457112000146	3	0.5367626943075527	0.09973594923069212	3	0.6055784559092241	0.19064110252482636	3	0.5025174103737454	0.03349151795649086	3	0.5368710922189049	0.07562723629698105	3	expression_driven
MouseBrainSerialSections	anticor	500	cellcharter	0.5380104779998748		1	0.8591586627192148		1	0.6985845703595448		1	0.7755157073680959		1	0.8384703682719467		1	0.8069930378200213		1	0.945235097565566		1	0.752788804089783		1	0.8169375685817107		1	expression_driven
MouseBrainSerialSections	anticor	500	scvi	0.6228446548359959		1	0.8353613380037321		1	0.7291029964198641		1	0.7316190052302499		1	0.9300107961614617		1	0.8308149006958558		1	0.9493523325133955		1	0.77995894855786		1	0.8364234098763719		1	expression_driven
MouseBrainSerialSections	anticor	5000	cellcharter	0.6086650725367792		1	0.8889616868906355		1	0.7488133797137073		1	0.7742904256219254		1	0.8525505562372464		1	0.8134204909295859		1	0.9575578777014351		1	0.7811169353216466		1	0.8399305827815761		1	expression_driven
MouseBrainSerialSections	anticor	5000	scvi	0.2511125699238045		1	0.4698754164216918		1	0.3604939931727481		1	0.517854106418059		1	0.32547993438623246		1	0.4216670204021457		1	0.6378228181702104		1	0.3910805067874469		1	0.4733279439150347		1	expression_driven
MouseBrainSerialSections	dubstepr	100	cellcharter	0.5226058289311024		1	0.8333637319565986		1	0.6779847804438506		1	0.7508057286435047		1	0.76597935344333		1	0.7583925410434174		1	0.9331525169325593		1	0.718188660743634		1	0.7898432794732758		1	expression_driven
MouseBrainSerialSections	dubstepr	100	scvi	0.6895611823895826		1	0.8112233128577155		1	0.7503922476236491		1	0.6586687298818559		1	0.8048365454260014		1	0.7317526376539286		1	0.9137301279659202		1	0.7410724426387889		1	0.7986250044144994		1	expression_driven
MouseBrainSerialSections	dubstepr	1000	cellcharter	0.5508759805832781		1	0.8622818626563581		1	0.7065789216198182		1	0.7921103700644467		1	0.8070746411939314		1	0.799592505629189		1	0.9535375426174567		1	0.7530857136245036		1	0.819902989955488		1	expression_driven
MouseBrainSerialSections	dubstepr	1000	scvi	0.41401844984208114		1	0.7756705649305904		1	0.5948445073863358		1	0.7231131369000625		1	0.81299376279467		1	0.7680534498473662		1	0.8459954533676941		1	0.6814489786168509		1	0.7362978035337987		1	expression_driven
MouseBrainSerialSections	dubstepr	10000	cellcharter	0.5605655900632617		1	0.8477344396813509		1	0.7041500148723063		1	0.780214329362405		1	0.8696230606875452		1	0.8249186950249752		1	0.9492146869064011		1	0.7645343549486407		1	0.8260944656012276		1	expression_driven
MouseBrainSerialSections	dubstepr	10000	scvi	0.20262581786662953		1	0.5640264974025477		1	0.38332615763458866		1	0.49689416054526586		1	0.29545044620875216		1	0.39617230337700904		1	0.8310285308756877		1	0.38974923050579885		1	0.5368423306290951		1	expression_driven
MouseBrainSerialSections	dubstepr	200	cellcharter	0.5241307323978841		1	0.8299465705084975		1	0.6770386514531908		1	0.7668150386920832		1	0.8100423726275279		1	0.7884287056598056		1	0.9359640168635686		1	0.7327336785564982		1	0.800477124658855		1	expression_driven
MouseBrainSerialSections	dubstepr	200	scvi	0.659998045728734		1	0.8147417209377977		1	0.7373698833332658		1	0.7251898778172713		1	0.8753968917739521		1	0.8002933847956117		1	0.9465351598135237		1	0.7688316340644388		1	0.828066142647467		1	expression_driven
MouseBrainSerialSections	dubstepr	2000	cellcharter	0.5772297371727837	0.004037230880597317	3	0.8566493346308709	0.014421951856107436	3	0.7169395359018272	0.006433132481599203	3	0.7874072913709899	0.006098038788899578	3	0.8101558526046743	0.02299331823936388	3	0.7987815719878322	0.008447720841885208	3	0.9602102376306667	0.006827717609982904	3	0.7578605539448297	0.0063259944428015556	3	0.8253104485067753	0.003193420540930677	3	expression_driven
MouseBrainSerialSections	dubstepr	2000	scvi	0.33441096394653574	0.10226015604310655	3	0.6918738708218296	0.05917847136858064	3	0.5131424173841826	0.08064377294627777	3	0.5876501251199812	0.03975186875459802	3	0.5198821215670102	0.1326091993099404	3	0.5537661233434957	0.08592045488505026	3	0.7270204950796854	0.22634608251855592	3	0.5334542703638392	0.0832816941276583	3	0.5979763452691212	0.1308322852053558	3	expression_driven
MouseBrainSerialSections	dubstepr	500	cellcharter	0.5312905362709834		1	0.8683992449896147		1	0.6998448906302991		1	0.7796008925036156		1	0.7881542898092637		1	0.7838775911564397		1	0.9361718645767637		1	0.7418612408933694		1	0.8066314487878342		1	expression_driven
MouseBrainSerialSections	dubstepr	500	scvi	0.6005792853145318		1	0.8054293952975826		1	0.7030043403060572		1	0.7329043308087785		1	0.8238255814992332		1	0.7783649561540058		1	0.9361606420924546		1	0.7406846482300316		1	0.8058433128508392		1	expression_driven
MouseBrainSerialSections	dubstepr	5000	cellcharter	0.5605655900632617		1	0.8477344396813509		1	0.7041500148723063		1	0.780214329362405		1	0.8696230606875452		1	0.8249186950249752		1	0.9492146869064011		1	0.7645343549486407		1	0.8260944656012276		1	expression_driven
MouseBrainSerialSections	dubstepr	5000	scvi	0.20262581786662953		1	0.5640264974025477		1	0.38332615763458866		1	0.49689416054526586		1	0.29545044620875216		1	0.39617230337700904		1	0.8310285308756877		1	0.38974923050579885		1	0.5368423306290951		1	expression_driven
MouseBrainSerialSections	hotspot	100	cellcharter	0.5174595344834599		1	0.8386118141543923		1	0.6780356743189262		1	0.7651963239595974		1	0.8316120912037437		1	0.7984042075816705		1	0.9236315787481437		1	0.7382199409502983		1	0.8000238202162467		1	expression_driven
MouseBrainSerialSections	hotspot	100	scvi	0.6676448870617953		1	0.7263836927674321		1	0.6970142899146137		1	0.6706476981495317		1	0.7025064963852685		1	0.6865770972674001		1	0.9114782163494397		1	0.6917956935910069		1	0.7650232011771512		1	expression_driven
MouseBrainSerialSections	hotspot	1000	cellcharter	0.5393420776685652		1	0.857454538623516		1	0.6983983081460405		1	0.7845817689211766		1	0.8193566790413288		1	0.8019692239812527		1	0.9464907789384756		1	0.7501837660636466		1	0.8156194370219229		1	expression_driven
MouseBrainSerialSections	hotspot	1000	scvi	0.22228319554672976		1	0.5492036948042043		1	0.385743445175467		1	0.6032682890773106		1	0.4606732943317463		1	0.5319707917045284		1	0.7361916583024221		1	0.4588571184399977		1	0.5513019650608059		1	expression_driven
MouseBrainSerialSections	hotspot	10000	cellcharter	0.5850827468703913		1	0.8240691999727175		1	0.7045759734215544		1	0.765710801611159		1	0.8232229492925422		1	0.7944668754518507		1	0.937519866438303		1	0.7495214244367026		1	0.8121875717705693		1	expression_driven
MouseBrainSerialSections	hotspot	10000	scvi	0.0		1	0.4272520959017442		1	0.2136260479508721		1	0.5807920825243956		1	0.5021358145668007		1	0.5414639485455981		1	0.2666340508806262		1	0.37754499824823506		1	0.3405746824590321		1	expression_driven
MouseBrainSerialSections	hotspot	200	cellcharter	0.5060116071330301		1	0.862045317732381		1	0.6840284624327055		1	0.7710709745362637		1	0.8107489050394089		1	0.7909099397878363		1	0.9259885044838819		1	0.7374692011102709		1	0.8003089689014745		1	expression_driven
MouseBrainSerialSections	hotspot	200	scvi	0.6235347187947653		1	0.8181919764844656		1	0.7208633476396155		1	0.7261870982011637		1	0.9040468742071035		1	0.8151169862041336		1	0.9431648140512235		1	0.7679901669218745		1	0.8263817159649909		1	expression_driven
MouseBrainSerialSections	hotspot	2000	cellcharter	0.5641714004226527	0.0014969045049344075	3	0.8666910279298962	0.024681673241651863	3	0.7154312141762745	0.01224111593203339	3	0.7892138839745214	0.003245215980139914	3	0.799996537861853	0.01238364809443781	3	0.7946052109181873	0.007775277035053725	3	0.9669377985481219	0.007102621055310612	3	0.7550182125472308	0.0037369235372166645	3	0.8256580745475278	0.004721425394955697	3	expression_driven
MouseBrainSerialSections	hotspot	2000	scvi	0.26584078748359924	0.009899398790930113	3	0.5162283059978204	0.048151195698885554	3	0.39103454674070987	0.028613898808340296	3	0.5490513675467187	0.05154664102377307	3	0.3653961073245116	0.05805433145577565	3	0.4572237374356152	0.04750315137351779	3	0.6780913205272497	0.14837427394321556	3	0.4241291420881625	0.02625688156009064	3	0.5087832015678583	0.05010750996660364	3	expression_driven
MouseBrainSerialSections	hotspot	500	cellcharter	0.5101479540379801		1	0.8869139229324431		1	0.6985309384852116		1	0.7889024727353305		1	0.8222380758789248		1	0.8055702743071277		1	0.943099515147859		1	0.7520506063961696		1	0.8157335759800661		1	expression_driven
MouseBrainSerialSections	hotspot	500	scvi	0.44213435482210667		1	0.7204805354634682		1	0.5813074451427874		1	0.6781090429909559		1	0.9189424231287718		1	0.7985257330598639		1	0.8231191522556975		1	0.6899165891013257		1	0.7343174434861163		1	expression_driven
MouseBrainSerialSections	hotspot	5000	cellcharter	0.5615433019494449		1	0.8874296119207569		1	0.7244864569351008		1	0.7804127574263718		1	0.8573177563117442		1	0.818865256869058		1	0.9543748912410908		1	0.7716758569020794		1	0.8325755350150832		1	expression_driven
MouseBrainSerialSections	hotspot	5000	scvi	0.06009157854110925		1	0.6198999909439419		1	0.33999578474252556		1	0.7284558080171166		1	0.736145839779951		1	0.7323008238985338		1	0.17882176071802885		1	0.5361483043205297		1	0.4170394564530295		1	expression_driven
MouseBrainSerialSections	morans_i	100	cellcharter	0.5080184712401097		1	0.8460378581675845		1	0.6770281647038471		1	0.7721035710392821		1	0.8149295472521906		1	0.7935165591457363		1	0.9368984953268221		1	0.7352723619247916		1	0.8024810730588018		1	spatially_informed
MouseBrainSerialSections	morans_i	100	scvi	0.6738717749023871		1	0.8255816976068092		1	0.7497267362545982		1	0.7317393082238048		1	0.8788798376872513		1	0.8053095729555281		1	0.9399191257321187		1	0.7775181546050631		1	0.831651811647415		1	spatially_informed
MouseBrainSerialSections	morans_i	1000	cellcharter	0.5507570974975556		1	0.8818950962445948		1	0.7163260968710752		1	0.7910185030586215		1	0.8236038104939944		1	0.807311156776308		1	0.9524801658983132		1	0.7618186268236916		1	0.8253724731818988		1	spatially_informed
MouseBrainSerialSections	morans_i	1000	scvi	0.5036829290015521		1	0.7816834485902504		1	0.6426831887959013		1	0.7201224564197526		1	0.8693455531986594		1	0.794734004809206		1	0.9070860983622001		1	0.7187085968025536		1	0.7815010973224358		1	spatially_informed
MouseBrainSerialSections	morans_i	10000	cellcharter	0.5710267942582018		1	0.8345351514073867		1	0.7027809728327943		1	0.7745023009982527		1	0.7919243945133454		1	0.783213347755799		1	0.9273245897664203		1	0.7429971602942966		1	0.8044396367850045		1	spatially_informed
MouseBrainSerialSections	morans_i	10000	scvi	0.0298956960007731		1	0.6237320275824385		1	0.3268138617916058		1	0.6991926097286116		1	0.5004053535549596		1	0.5997989816417857		1	0.2217715097640788		1	0.4633064217166958		1	0.3827947843991568		1	spatially_informed
MouseBrainSerialSections	morans_i	200	cellcharter	0.536780838677046		1	0.8658943330024208		1	0.7013375858397334		1	0.7794924701657747		1	0.8233651270580904		1	0.8014287986119326		1	0.9499104984001989		1	0.7513831922258329		1	0.8175589609506216		1	spatially_informed
MouseBrainSerialSections	morans_i	200	scvi	0.6353568986837148		1	0.8474391729850347		1	0.7413980358343748		1	0.7579585890011601		1	0.9068161352089474		1	0.8323873621050537		1	0.9387754629608482		1	0.7868926989697143		1	0.837520286966759		1	spatially_informed
MouseBrainSerialSections	morans_i	2000	cellcharter	0.563857706031603	0.014239312976156932	3	0.8628603516743517	0.02079293313593722	3	0.7133590288529774	0.016927103475007265	3	0.7921251066309237	0.004622298714999518	3	0.8055559450378654	0.00927593294639431	3	0.7988405258343946	0.005198920725132081	3	0.9663258223239805	0.008006756585783252	3	0.7560997773436858	0.008038694337284377	3	0.8261751256704507	0.006026429563808714	3	spatially_informed
MouseBrainSerialSections	morans_i	2000	scvi	0.25410898969186363	0.15656966846517043	3	0.5976591623122891	0.06346058700855939	3	0.42588407600207634	0.0937120488411155	3	0.6144881044868072	0.10675669833430529	3	0.5205750143112678	0.11857382790271899	3	0.5675315593990375	0.10776718661817686	3	0.5344326965323295	0.24734947480020367	3	0.4967078177005569	0.061031090537276136	3	0.5092827773111478	0.09213199724850193	3	spatially_informed
MouseBrainSerialSections	morans_i	500	cellcharter	0.54661610418561		1	0.8677084750555252		1	0.7071622896205676		1	0.7900555085818377		1	0.8308171493794083		1	0.810436328980623		1	0.9446761201631046		1	0.7587993093005954		1	0.8207582462547651		1	spatially_informed
MouseBrainSerialSections	morans_i	500	scvi	0.5915951578666543		1	0.7421156053021809		1	0.6668553815844176		1	0.7592372232373744		1	0.8726046348178985		1	0.8159209290276365		1	0.8964523609023916		1	0.7413881553060271		1	0.7930762238381486		1	spatially_informed
MouseBrainSerialSections	morans_i	5000	cellcharter	0.5663342314602008		1	0.8690688551773439		1	0.7177015433187723		1	0.7831821674076389		1	0.850573890996912		1	0.8168780292022755		1	0.9425143772429265		1	0.7672897862605239		1	0.825697983254658		1	spatially_informed
MouseBrainSerialSections	morans_i	5000	scvi	0.06848935353826317		1	0.6415905760012341		1	0.35503996476974864		1	0.7307271008586845		1	0.5432095574839684		1	0.6369683291713264		1	0.5318004600141604		1	0.4960041469705375		1	0.5079362513184118		1	spatially_informed
MouseBrainSerialSections	nbumi	100	cellcharter	0.6558238208460556		1	0.761123269214071		1	0.7084735450300633		1	0.7820566289193138		1	0.7533238104809099		1	0.7676902197001119		1	0.9001105541859313		1	0.7380818823650876		1	0.7920914396387021		1	expression_driven
MouseBrainSerialSections	nbumi	100	scvi	0.7535044945908385		1	0.7033799283496779		1	0.7284422114702582		1	0.7420856125555888		1	0.6661169558860581		1	0.7041012842208234		1	0.9149702254575233		1	0.7162717478455408		1	0.7825045737162016		1	expression_driven
MouseBrainSerialSections	nbumi	1000	cellcharter	0.6825884352397589		1	0.7892769464820542		1	0.7359326908609065		1	0.7854845094308316		1	0.7926033761015959		1	0.7890439427662137		1	0.9459558902390983		1	0.7624883168135601		1	0.8236441746220727		1	expression_driven
MouseBrainSerialSections	nbumi	1000	scvi	0.6803420917097623		1	0.7504878428978397		1	0.715414967303801		1	0.7418013061549537		1	0.7950598389802643		1	0.768430572567609		1	0.9276953207207868		1	0.741922769935705		1	0.8038469535307323		1	expression_driven
MouseBrainSerialSections	nbumi	10000	cellcharter	0.613402822760209		1	0.8225167436996511		1	0.71795978322993		1	0.7724452289654216		1	0.7679724154892424		1	0.770208822227332		1	0.9537248272234082		1	0.744084302728631		1	0.8139644775602234		1	expression_driven
MouseBrainSerialSections	nbumi	10000	scvi	0.3685024161761272		1	0.5194047924635776		1	0.4439536043198524		1	0.6133431613300976		1	0.5166324942409886		1	0.5649878277855431		1	0.7885974815062606		1	0.5044707160526978		1	0.5991796378705521		1	expression_driven
MouseBrainSerialSections	nbumi	200	cellcharter	0.6879566815307103		1	0.761165180757441		1	0.7245609311440757		1	0.773950769117138		1	0.7630343496784517		1	0.7684925593977949		1	0.9320954861084858		1	0.7465267452709353		1	0.8083829922167854		1	expression_driven
MouseBrainSerialSections	nbumi	200	scvi	0.7171449470217998		1	0.7407230827939026		1	0.7289340149078511		1	0.7633822611103381		1	0.7951777778972993		1	0.7792800195038188		1	0.9308386681402306		1	0.754107017205835		1	0.8130175675173001		1	expression_driven
MouseBrainSerialSections	nbumi	2000	cellcharter	0.6587651478508131	0.008617839726610305	3	0.8002415855040431	0.02391720135560725	3	0.7295033666774281	0.00794741385328569	3	0.785866459290236	0.006594861879991089	3	0.7963309733678781	0.01129965085694323	3	0.7910987163290569	0.008085405088764869	3	0.9631908976212474	0.007901572036772254	3	0.7603010415032426	0.004031921118273119	3	0.8279309935425774	0.0053112195493822114	3	expression_driven
MouseBrainSerialSections	nbumi	2000	scvi	0.5201132304167874	0.14328413102760906	3	0.7222519413471007	0.024938186303288597	3	0.6211825858819441	0.06974507798604686	3	0.716679672582759	0.020497022535125958	3	0.7140113499775772	0.08069030205456526	3	0.7153455112801681	0.04927517379844795	3	0.8936008941644994	0.05048858424526647	3	0.6682640485810561	0.059472936486752635	3	0.7433763304422037	0.05432648412382237	3	expression_driven
MouseBrainSerialSections	nbumi	500	cellcharter	0.6913581228140662		1	0.779396325554973		1	0.7353772241845196		1	0.7856108843961276		1	0.7845794358564884		1	0.785095160126308		1	0.9415130224247205		1	0.7602361921554137		1	0.8206618022451826		1	expression_driven
MouseBrainSerialSections	nbumi	500	scvi	0.7047594158126311		1	0.7488820028451284		1	0.7268207093288798		1	0.7667527433367298		1	0.798964933830328		1	0.7828588385835289		1	0.945929925388435		1	0.7548397739562043		1	0.8185364911002813		1	expression_driven
MouseBrainSerialSections	nbumi	5000	cellcharter	0.6141386243587352		1	0.8463038147425733		1	0.7302212195506543		1	0.7926931992197869		1	0.7676695329641566		1	0.7801813660919718		1	0.9582189584123983		1	0.755201292821313		1	0.8228738480183414		1	expression_driven
MouseBrainSerialSections	nbumi	5000	scvi	0.3762974496067061		1	0.7686629854245173		1	0.5724802175156116		1	0.6966450848316331		1	0.6666913126080489		1	0.681668198719841		1	0.7863152669698248		1	0.6270742081177263		1	0.6801545610684258		1	expression_driven
MouseBrainSerialSections	nnsvg	100	cellcharter	0.6068604413700023		1	0.8200114061340948		1	0.7134359237520486		1	0.7784197211218649		1	0.8099508044196149		1	0.7941852627707399		1	0.9433664053420371		1	0.7538105932613942		1	0.8169958639549418		1	spatially_informed
MouseBrainSerialSections	nnsvg	100	scvi	0.6931505364617379		1	0.7920793266136379		1	0.7426149315376879		1	0.7595351241354628		1	0.9187630454926983		1	0.8391490848140806		1	0.9382845247571369		1	0.7908820081758843		1	0.8400161803696351		1	spatially_informed
MouseBrainSerialSections	nnsvg	1000	cellcharter	0.6170501293278787		1	0.8290421228027921		1	0.7230461260653354		1	0.7919585758006473		1	0.8212369701405784		1	0.8065977729706129		1	0.9569066165604349		1	0.7648219495179741		1	0.8288501718654611		1	spatially_informed
MouseBrainSerialSections	nnsvg	1000	scvi	0.6256581416758462		1	0.75831271607667		1	0.6919854288762581		1	0.7304135132601596		1	0.7597280971682865		1	0.745070805214223		1	0.9147080676216748		1	0.7185281170452406		1	0.783921433904052		1	spatially_informed
MouseBrainSerialSections	nnsvg	10000	cellcharter	0.5790063248694963		1	0.8505347971233073		1	0.7147705609964018		1	0.7777094057643382		1	0.7979116269101343		1	0.7878105163372362		1	0.9458955502061148		1	0.7512905386668189		1	0.8161588758465843		1	spatially_informed
MouseBrainSerialSections	nnsvg	10000	scvi	0.011525184299059639		1	0.4848191597695974		1	0.2481721720343285		1	0.678202376320117		1	0.5992061719643056		1	0.6387042741422113		1	0.3142823735035115		1	0.4434382230882699		1	0.4003862732266838		1	spatially_informed
MouseBrainSerialSections	nnsvg	200	cellcharter	0.5985960896463556		1	0.8179047027561039		1	0.7082503962012298		1	0.7833801950535051		1	0.8088449472745043		1	0.7961125711640047		1	0.9420913837190948		1	0.7521814836826173		1	0.8154847836947764		1	spatially_informed
MouseBrainSerialSections	nnsvg	200	scvi	0.6615871235489276		1	0.8073670571725405		1	0.734477090360734		1	0.7454460044493597		1	0.9540657793953028		1	0.8497558919223313		1	0.9363659275317961		1	0.7921164911415326		1	0.8401996366049538		1	spatially_informed
MouseBrainSerialSections	nnsvg	2000	cellcharter	0.6134439402785863	0.0046222859517323234	3	0.8541421849195112	0.006950803673510504	3	0.7337930625990489	0.0029381875704982993	3	0.7877653847632043	0.0021587526137842607	3	0.7775511742745628	0.033031636379950095	3	0.7826582795188836	0.016180185105530417	3	0.9658018684015838	0.007933848020206368	3	0.7582256710589662	0.009559132878598827	3	0.8274177368398387	0.00521800251230627	3	spatially_informed
MouseBrainSerialSections	nnsvg	2000	scvi	0.41385304981946086	0.061048289793477796	3	0.7100168115355082	0.013555045408141984	3	0.5619349306774847	0.03304356733800612	3	0.6128794109532345	0.03249681821503761	3	0.6195684376005595	0.07794702270101052	3	0.616223924276897	0.055127255506925	3	0.7827183279218759	0.04577221718502455	3	0.5890794274771908	0.04234390579466216	3	0.6536257276254193	0.043449114531503207	3	spatially_informed
MouseBrainSerialSections	nnsvg	500	cellcharter	0.6061666468184719		1	0.8337811028164355		1	0.7199738748174537		1	0.7934470440306068		1	0.8305713803619832		1	0.812009212196295		1	0.949053758227228		1	0.7659915435068743		1	0.8270122817469922		1	spatially_informed
MouseBrainSerialSections	nnsvg	500	scvi	0.6647950255257121		1	0.7522317726653923		1	0.7085133990955522		1	0.7494108897182983		1	0.8314083290900339		1	0.7904096094041662		1	0.9259240381971195		1	0.7494615042498591		1	0.8082823488989459		1	spatially_informed
MouseBrainSerialSections	nnsvg	5000	cellcharter	0.5962017200965719		1	0.8537933687266244		1	0.7249975444115981		1	0.7850214732178585		1	0.8699155863509054		1	0.827468529784382		1	0.951504287103786		1	0.7762330370979901		1	0.834656787099922		1	spatially_informed
MouseBrainSerialSections	nnsvg	5000	scvi	0.09693701033844389		1	0.5951635313092385		1	0.3460502708238412		1	0.7259614971936109		1	0.4677720488696742		1	0.5968667730316426		1	0.6650478119920364		1	0.4714585219277419		1	0.5359882852825067		1	spatially_informed
MouseBrainSerialSections	osca	100	cellcharter	0.6114757792439225		1	0.8411991705046079		1	0.7263374748742653		1	0.7657729411939384		1	0.7937100247469399		1	0.7797414829704391		1	0.9447402323355736		1	0.7530394789223522		1	0.8169397300600926		1	expression_driven
MouseBrainSerialSections	osca	100	scvi	0.7354127024989672		1	0.8257585640275236		1	0.7805856332632454		1	0.7097006845969696		1	0.9483087751312848		1	0.8290047298641272		1	0.9478343347625954		1	0.8047951815636862		1	0.8524748992966559		1	expression_driven
MouseBrainSerialSections	osca	1000	cellcharter	0.6218126793313836		1	0.8457162547403485		1	0.7337644670358661		1	0.7852518431492207		1	0.8058155879979184		1	0.7955337155735696		1	0.9585770017467197		1	0.7646490913047178		1	0.8292917281187183		1	expression_driven
MouseBrainSerialSections	osca	1000	scvi	0.6306306981617832		1	0.7541463069908511		1	0.6923885025763171		1	0.6951098795237461		1	0.7903517143099518		1	0.742730796916849		1	0.919470961302688		1	0.717559649746583		1	0.7848634202652848		1	expression_driven
MouseBrainSerialSections	osca	10000	cellcharter	0.5896726586759125		1	0.8888200013807595		1	0.739246330028336		1	0.7751081611089862		1	0.8212948920229208		1	0.7982015265659534		1	0.9539681209795245		1	0.7687239282971448		1	0.8304719925246046		1	expression_driven
MouseBrainSerialSections	osca	10000	scvi	0.2568393620297024		1	0.4239579226243814		1	0.3403986423270419		1	0.634642561607886		1	0.4409934018904941		1	0.53781798174919		1	0.633784425975368		1	0.43910831203811596		1	0.5040003500172		1	expression_driven
MouseBrainSerialSections	osca	200	cellcharter	0.6311624129271189		1	0.799556666729972		1	0.7153595398285455		1	0.7717084181040291		1	0.8395160248963124		1	0.8056122215001708		1	0.9359008462157499		1	0.7604858806643582		1	0.8189575358481553		1	expression_driven
MouseBrainSerialSections	osca	200	scvi	0.6910175181982591		1	0.8317543333832704		1	0.7613859257907647		1	0.7479866021752958		1	0.9483395165278836		1	0.8481630593515896		1	0.9425487037883354		1	0.8047744925711772		1	0.8506992296435633		1	expression_driven
MouseBrainSerialSections	osca	2000	cellcharter	0.567684187888238	0.025269268700039826	3	0.8544946277245096	0.002620170234858518	3	0.7110894078063739	0.012833745051034674	3	0.7832621846280535	0.004909653513132294	3	0.8392047037726682	0.054447703760721375	3	0.8112334442003609	0.025866393343448472	3	0.964797404605679	0.0115980631017876	3	0.7611614260033673	0.0067226836456257665	3	0.8290400855374713	0.005933303946471141	3	expression_driven
MouseBrainSerialSections	osca	2000	scvi	0.30718325281761244	0.12224336459930939	3	0.6116322066923772	0.05007549378125316	3	0.45940772975499483	0.06975162047769895	3	0.6700932979274716	0.04649441794055566	3	0.6721521323526799	0.03496071361093835	3	0.6711227151400757	0.036041863411704775	3	0.6602784372725051	0.20810336931646026	3	0.5652652224475353	0.023986225879469785	3	0.5969362940558586	0.0836033163419566	3	expression_driven
MouseBrainSerialSections	osca	500	cellcharter	0.6157526094419812		1	0.8262645226370924		1	0.7210085660395368		1	0.7787765952679182		1	0.8286762584953995		1	0.8037264268816589		1	0.9526334781550903		1	0.7623674964605978		1	0.8257894903587619		1	expression_driven
MouseBrainSerialSections	osca	500	scvi	0.6745185592551591		1	0.7759394461117028		1	0.7252290026834309		1	0.7476545267352958		1	0.8534992278283307		1	0.8005768772818131		1	0.9358849749768128		1	0.762902939982622		1	0.8205636183140189		1	expression_driven
MouseBrainSerialSections	osca	5000	cellcharter	0.5799527893741137		1	0.8795674859183152		1	0.7297601376462144		1	0.7758096240423104		1	0.8833216133952081		1	0.8295656187187592		1	0.9516985861132305		1	0.7796628781824868		1	0.8370081141594014		1	expression_driven
MouseBrainSerialSections	osca	5000	scvi	0.13255151113402075		1	0.6301902538576583		1	0.3813708824958395		1	0.779257395499195		1	0.7346748916518007		1	0.7569661435754979		1	0.45874915452467113		1	0.5691685130356687		1	0.5323620601986695		1	expression_driven
MouseBrainSerialSections	random	500	cellcharter	0.6073491768788014	0.08152388301218935	3	0.8101212908747107	0.008651263467467989	3	0.7087352338767561	0.045019108812610814	3	0.7194168441806559	0.014059946637345149	3	0.8190518161256871	0.04957056115590235	3	0.7692343301531714	0.017936609460924215	3	0.9117366088238718	0.01471111343358503	3	0.7389847820149638	0.02863602049446816	3	0.7965687242845997	0.022856044605896367	3	control
MouseBrainSerialSections	random	500	scvi	0.4757026744332767	0.17079982969600055	3	0.5074511739264352	0.06324078288798408	3	0.491576924179856	0.11661366146097255	3	0.38721238403183583	0.03808972535278299	3	0.3024232174461796	0.14737303112511946	3	0.34481780073900775	0.08445602832206676	3	0.829755123696911	0.08183441297173563	3	0.4181973624594319	0.0926666511868982	3	0.555383282871925	0.08843687514638782	3	control
MouseBrainSerialSections	scPNMF	100	cellcharter	0.5559036676247932		1	0.8457401614389624		1	0.7008219145318777		1	0.7594950785390489		1	0.7630967143255662		1	0.7612958964323076		1	0.9469798957116697		1	0.7310589054820926		1	0.8030325688919516		1	expression_driven
MouseBrainSerialSections	scPNMF	100	scvi	0.6617406510803038		1	0.7855749362361619		1	0.7236577936582329		1	0.6816655608185632		1	0.8592019212659614		1	0.7704337410422624		1	0.9439641548006542		1	0.7470457673502476		1	0.8126852298337165		1	expression_driven
MouseBrainSerialSections	scPNMF	1000	cellcharter	0.5696073172642295		1	0.8265699368757954		1	0.6980886270700124		1	0.7799368809812628		1	0.76748057892442		1	0.7737087299528413		1	0.9640635140150899		1	0.7358986785114269		1	0.8119536236793147		1	expression_driven
MouseBrainSerialSections	scPNMF	1000	scvi	0.34365229765713956		1	0.7019471269258141		1	0.5227997122914768		1	0.644501769903969		1	0.692768991004264		1	0.6686353804541165		1	0.8039350967926724		1	0.5957175463727966		1	0.6651233965127552		1	expression_driven
MouseBrainSerialSections	scPNMF	10000	cellcharter	0.5986388029213054		1	0.8660645586238713		1	0.7323516807725884		1	0.7675966334529272		1	0.8253483482418769		1	0.796472490847402		1	0.9386492763569225		1	0.7644120858099952		1	0.8224911493256376		1	expression_driven
MouseBrainSerialSections	scPNMF	10000	scvi	0.12297999804654211		1	0.5614080796163183		1	0.34219403883143024		1	0.6868917177200738		1	0.4573044375442479		1	0.5720980776321609		1	0.4810660741026911		1	0.45714605823179555		1	0.4651193968554274		1	expression_driven
MouseBrainSerialSections	scPNMF	200	cellcharter	0.5697723201525915		1	0.8413444407943487		1	0.7055583804734701		1	0.7611514167187603		1	0.7565921108285798		1	0.75887176377367		1	0.9501023511479768		1	0.7322150721235701		1	0.8048441651317056		1	expression_driven
MouseBrainSerialSections	scPNMF	200	scvi	0.6176128462280497		1	0.7665169433318787		1	0.6920648947799641		1	0.6690135553738078		1	0.7578308734880284		1	0.7134222144309181		1	0.9072808492325555		1	0.7027435546054411		1	0.7709226528144791		1	expression_driven
MouseBrainSerialSections	scPNMF	2000	cellcharter	0.5662360102941856	0.023812878697583886	3	0.8414881556770205	0.02962133622403458	3	0.7038620829856032	0.023555642293545738	3	0.7863342095502587	0.009013451650120638	3	0.8075729767951488	0.032679348676910046	3	0.7969535931727038	0.011921902518863834	3	0.9598634258007896	0.011538733822350558	3	0.7504078380791533	0.01509667238977412	3	0.8202263673196989	0.007589118630745534	3	expression_driven
MouseBrainSerialSections	scPNMF	2000	scvi	0.19569909098988333	0.09418850832029593	3	0.5806062598977187	0.09753648848979862	3	0.388152675443801	0.05328966799268422	3	0.6345504158330159	0.12007080590644979	3	0.6227081351654394	0.18908603616046363	3	0.6286292754992276	0.14895302894413534	3	0.5377049566266625	0.0809331483793756	3	0.5083909754715142	0.07844454212758988	3	0.5181623025232304	0.03934503907995549	3	expression_driven
MouseBrainSerialSections	scPNMF	500	cellcharter	0.5548844816514563		1	0.852782073087817		1	0.7038332773696366		1	0.7758117153307481		1	0.7440709008902983		1	0.7599413081105232		1	0.9536179624569466		1	0.7318872927400799		1	0.8057975159790355		1	expression_driven
MouseBrainSerialSections	scPNMF	500	scvi	0.55807178555752		1	0.793569167034335		1	0.6758204762959275		1	0.7000945441033317		1	0.8442628075203397		1	0.7721786758118356		1	0.9228581432933818		1	0.7239995760538815		1	0.790285765133715		1	expression_driven
MouseBrainSerialSections	scPNMF	5000	cellcharter	0.5765612578181931		1	0.8925927243032942		1	0.7345769910607436		1	0.7822268009592035		1	0.8542080308683679		1	0.8182174159137857		1	0.9491715675108818		1	0.7763972034872646		1	0.8339886581618036		1	expression_driven
MouseBrainSerialSections	scPNMF	5000	scvi	0.23310484955090008		1	0.5847032646671917		1	0.40890405710904587		1	0.4829638255850041		1	0.35996867841503355		1	0.42146625200001886		1	0.47253120294008627		1	0.41518515455453237		1	0.43430050401638365		1	expression_driven
MouseBrainSerialSections	scanpy_cell_ranger	100	cellcharter	0.7373121412627306		1	0.7574716136820927		1	0.7473918774724116		1	0.7423384864589058		1	0.6346395700432055		1	0.6884890282510556		1	0.9078747234472939		1	0.7179404528617337		1	0.7812518763902538		1	expression_driven
MouseBrainSerialSections	scanpy_cell_ranger	100	scvi	0.7829681588317865		1	0.7076337919990179		1	0.7453009754154022		1	0.7013074200493432		1	0.714673760902194		1	0.7079905904757686		1	0.9065783506235594		1	0.7266457829455855		1	0.7866233055049102		1	expression_driven
MouseBrainSerialSections	scanpy_cell_ranger	1000	cellcharter	0.7135331260513257		1	0.791945631838743		1	0.7527393789450343		1	0.7796115036287595		1	0.7718702459079116		1	0.7757408747683356		1	0.9374150397129257		1	0.764240126856685		1	0.8219650978087651		1	expression_driven
MouseBrainSerialSections	scanpy_cell_ranger	1000	scvi	0.7292037151379811		1	0.7839665375790511		1	0.7565851263585162		1	0.7463439036810149		1	0.8648018234014903		1	0.8055728635412526		1	0.9450533544749253		1	0.7810789949498844		1	0.8357371147915647		1	expression_driven
MouseBrainSerialSections	scanpy_cell_ranger	10000	cellcharter	0.6016326879540447		1	0.8592664367431329		1	0.7304495623485887		1	0.782316933278398		1	0.7804036998197998		1	0.781360316549099		1	0.9553876175895273		1	0.7559049394488438		1	0.8223991654957383		1	expression_driven
MouseBrainSerialSections	scanpy_cell_ranger	10000	scvi	0.3059727353077877		1	0.5282327173515786		1	0.41710272632968315		1	0.574534066124665		1	0.4776327388179745		1	0.5260834024713197		1	0.8691092515063503		1	0.4715930644005014		1	0.604098460102451		1	expression_driven
MouseBrainSerialSections	scanpy_cell_ranger	200	cellcharter	0.726688713504831		1	0.7339904080605333		1	0.7303395607826821		1	0.7555675487998051		1	0.7165490217602954		1	0.7360582852800504		1	0.9221234885235359		1	0.7331989230313662		1	0.7961737781954228		1	expression_driven
MouseBrainSerialSections	scanpy_cell_ranger	200	scvi	0.7703341031292839		1	0.7127160131163812		1	0.7415250581228325		1	0.7196367243648374		1	0.7674828152110725		1	0.743559769787955		1	0.9126550255744186		1	0.7425424139553938		1	0.799246617828402		1	expression_driven
MouseBrainSerialSections	scanpy_cell_ranger	2000	cellcharter	0.7059814122755753	0.009387891145136395	3	0.7968768213645997	0.007011550296939059	3	0.7514291168200874	0.004977181348185502	3	0.7765883542167895	0.0009804282531767233	3	0.7731379523538472	0.012229406337653466	3	0.7748631532853182	0.005689106740004798	3	0.9561304674621907	0.01034406689982945	3	0.7631461350527028	0.000984903114486638	3	0.8274742458558655	0.0036846561526568187	3	expression_driven
MouseBrainSerialSections	scanpy_cell_ranger	2000	scvi	0.7102254730158468	0.01151980056312701	3	0.8091157754438166	0.01945157384341124	3	0.7596706242298318	0.015484397834664534	3	0.7499211414509418	0.009932343070981614	3	0.9209242275680433	0.01158085567984759	3	0.8354226845094925	0.004220046299377624	3	0.9636388866168805	0.009779662996258333	3	0.7975466543696621	0.008520425785883686	3	0.8529107317854017	0.0024447110227030612	3	expression_driven
MouseBrainSerialSections	scanpy_cell_ranger	500	cellcharter	0.7269781339437558		1	0.8024697790960259		1	0.7647239565198909		1	0.768377001717034		1	0.7653905452837173		1	0.7668837735003757		1	0.9293328102408919		1	0.7658038650101333		1	0.8203135134203862		1	expression_driven
MouseBrainSerialSections	scanpy_cell_ranger	500	scvi	0.7428308716624933		1	0.7158095828079079		1	0.7293202272352006		1	0.744233887842269		1	0.8654126295087974		1	0.8048232586755332		1	0.9321432504739232		1	0.7670717429553668		1	0.8220955787948857		1	expression_driven
MouseBrainSerialSections	scanpy_cell_ranger	5000	cellcharter	0.6778195422816996		1	0.8124133729774331		1	0.7451164576295664		1	0.7881567097602105		1	0.8068091757139951		1	0.7974829427371029		1	0.9597304163012739		1	0.7712997001833346		1	0.8341099388893144		1	expression_driven
MouseBrainSerialSections	scanpy_cell_ranger	5000	scvi	0.42350669839123656		1	0.6511937109079666		1	0.5373502046496016		1	0.6971201465897087		1	0.6721681027534241		1	0.6846441246715664		1	0.8465780645530416		1	0.6109971646605841		1	0.6895241312914032		1	expression_driven
MouseBrainSerialSections	scanpy_cell_ranger_batch	100	cellcharter	0.7158393874829037		1	0.7601506517733597		1	0.7379950196281317		1	0.7410725416681329		1	0.6336535523600044		1	0.6873630470140686		1	0.9109685867724381		1	0.7126790333211002		1	0.7787755511382128		1	expression_driven
MouseBrainSerialSections	scanpy_cell_ranger_batch	100	scvi	0.7653999827065068		1	0.6960283234631632		1	0.730714153084835		1	0.6941431862093314		1	0.7682297923200321		1	0.7311864892646818		1	0.8911840321518711		1	0.7309503211747583		1	0.7843615581671294		1	expression_driven
MouseBrainSerialSections	scanpy_cell_ranger_batch	1000	cellcharter	0.7048313097890199		1	0.7929304367527148		1	0.7488808732708674		1	0.7745220149104171		1	0.7760877408599124		1	0.7753048778851648		1	0.9412821138176438		1	0.7620928755780161		1	0.821822621657892		1	expression_driven
MouseBrainSerialSections	scanpy_cell_ranger_batch	1000	scvi	0.7348294913138962		1	0.7728734816203895		1	0.7538514864671428		1	0.7520642080779455		1	0.8423767230849784		1	0.7972204655814619		1	0.9471434072041671		1	0.7755359760243024		1	0.8327384530842572		1	expression_driven
MouseBrainSerialSections	scanpy_cell_ranger_batch	10000	cellcharter	0.6113221870968355		1	0.833698737134327		1	0.7225104621155812		1	0.7827833507774731		1	0.8045218083170727		1	0.7936525795472729		1	0.962005098590151		1	0.7580815208314271		1	0.8260560467510017		1	expression_driven
MouseBrainSerialSections	scanpy_cell_ranger_batch	10000	scvi	0.2877555328966677		1	0.5511956291331512		1	0.41947558101490945		1	0.5914911072095287		1	0.510026947006788		1	0.5507590271081584		1	0.8345215667601564		1	0.4851173040615339		1	0.6015853916277414		1	expression_driven
MouseBrainSerialSections	scanpy_cell_ranger_batch	200	cellcharter	0.7224525793196821		1	0.740576067185374		1	0.7315143232525281		1	0.7593635966557987		1	0.6777978528463776		1	0.7185807247510881		1	0.9160438919505367		1	0.7250475240018082		1	0.7887129799847177		1	expression_driven
MouseBrainSerialSections	scanpy_cell_ranger_batch	200	scvi	0.7582138163948519		1	0.7189597118333322		1	0.738586764114092		1	0.716133098104681		1	0.8455594275099929		1	0.7808462628073369		1	0.9025309197910353		1	0.7597165134607144		1	0.8073213155708214		1	expression_driven
MouseBrainSerialSections	scanpy_cell_ranger_batch	2000	cellcharter	0.7072864660774149	0.005622422092182455	3	0.7972975279293867	0.004481684473858389	3	0.7522919970034009	0.005030877881481561	3	0.7767433032215663	0.002584380357429457	3	0.7804486568429722	0.028194886440509513	3	0.7785959800322692	0.015353274640590291	3	0.957678078122095	0.008572312972696972	3	0.765443988517835	0.009258957059470206	3	0.8295220183859217	0.008987352112353077	3	expression_driven
MouseBrainSerialSections	scanpy_cell_ranger_batch	2000	scvi	0.7038737231685271	0.01347699131539849	3	0.800600436967693	0.007257777695849838	3	0.7522370800681101	0.007375171313291708	3	0.750078353465503	0.003212201835609687	3	0.8952926751275231	0.04723609936362297	3	0.8226855142965132	0.024732494870254963	3	0.9648000219819673	0.0069573987066649185	3	0.7874612971823116	0.016040539114857148	3	0.8465742054488635	0.008526711156908302	3	expression_driven
MouseBrainSerialSections	scanpy_cell_ranger_batch	500	cellcharter	0.7038736145184061		1	0.7994539822685681		1	0.7516637983934871		1	0.770162978013734		1	0.7375037059180862		1	0.7538333419659101		1	0.9309243509933799		1	0.7527485701796985		1	0.8121404971175923		1	expression_driven
MouseBrainSerialSections	scanpy_cell_ranger_batch	500	scvi	0.7513065311989986		1	0.7495503905867832		1	0.7504284608928908		1	0.7368506974741432		1	0.8526496957840761		1	0.7947501966291097		1	0.9308875515533311		1	0.7725893287610003		1	0.8253554030251106		1	expression_driven
MouseBrainSerialSections	scanpy_cell_ranger_batch	5000	cellcharter	0.6910981527917966		1	0.7877467976103273		1	0.739422475201062		1	0.7833201451636539		1	0.7504028309544917		1	0.7668614880590727		1	0.9545596049374322		1	0.7531419816300673		1	0.8202811893991889		1	expression_driven
MouseBrainSerialSections	scanpy_cell_ranger_batch	5000	scvi	0.6436579634577756		1	0.7831522131502637		1	0.7134050883040197		1	0.7003128839180222		1	0.7811404350604342		1	0.7407266594892281		1	0.9205644936294797		1	0.7270658738966239		1	0.7915654138075757		1	expression_driven
MouseBrainSerialSections	scanpy_pearson	100	cellcharter	0.5796398591492975		1	0.7897848787411434		1	0.6847123689452205		1	0.7596146072141602		1	0.7507646578675771		1	0.7551896325408687		1	0.9222263277795617		1	0.7199510007430445		1	0.7873761097552169		1	expression_driven
MouseBrainSerialSections	scanpy_pearson	100	scvi	0.7015096513507788		1	0.7667119057089631		1	0.7341107785298709		1	0.716240349166835		1	0.8180413407462814		1	0.7671408449565582		1	0.9341196546581749		1	0.7506258117432145		1	0.8117904260482014		1	expression_driven
MouseBrainSerialSections	scanpy_pearson	1000	cellcharter	0.5445096726740877		1	0.8673918676299655		1	0.7059507701520266		1	0.7803524135538064		1	0.8131122330868031		1	0.7967323233203047		1	0.9450073507282931		1	0.7513415467361657		1	0.8158968147335415		1	expression_driven
MouseBrainSerialSections	scanpy_pearson	1000	scvi	0.45859562438721085		1	0.6951277662612392		1	0.576861695324225		1	0.6890879661444936		1	0.8986621072483181		1	0.7938750366964058		1	0.8563387702800089		1	0.6853683660103154		1	0.7423585007668798		1	expression_driven
MouseBrainSerialSections	scanpy_pearson	10000	cellcharter	0.5634086578849202		1	0.8530902400314253		1	0.7082494489581728		1	0.7683217817527943		1	0.7918474895935449		1	0.7800846356731697		1	0.9399599662279878		1	0.7441670423156712		1	0.8094313502864434		1	expression_driven
MouseBrainSerialSections	scanpy_pearson	10000	scvi	0.1980563232805322		1	0.5469172745195611		1	0.37248679890004666		1	0.6313210472996627		1	0.5057034649329426		1	0.5685122561163026		1	0.6256330681305086		1	0.47049952750817464		1	0.5222107077156193		1	expression_driven
MouseBrainSerialSections	scanpy_pearson	200	cellcharter	0.5606818709576658		1	0.8120387125318489		1	0.6863602917447573		1	0.76352588125072		1	0.7977626393806359		1	0.7806442603156779		1	0.935301139528186		1	0.7335022760302177		1	0.8007685638628738		1	expression_driven
MouseBrainSerialSections	scanpy_pearson	200	scvi	0.6685999228256765		1	0.7530476158697925		1	0.7108237693477345		1	0.7570963046405182		1	0.9104779321713812		1	0.8337871184059498		1	0.9341630016042431		1	0.7723054438768422		1	0.8262579631193092		1	expression_driven
MouseBrainSerialSections	scanpy_pearson	2000	cellcharter	0.5577163379903022	0.0089277777336497	3	0.8467541354494582	0.0102844563554936	3	0.7022352367198802	0.006570271590257276	3	0.7895644572805343	0.0039973693639685825	3	0.8127523435118396	0.0005475539023978285	3	0.8011584003961869	0.0018021270191792274	3	0.9672037900996097	0.011066500819006446	3	0.7516968185580337	0.004149987848098413	3	0.8235324757385589	0.0015339143352383381	3	expression_driven
MouseBrainSerialSections	scanpy_pearson	2000	scvi	0.20319150332380717	0.07175609878622285	3	0.5443023704421089	0.07381335137140793	3	0.373746936882958	0.011511623768596721	3	0.6500243785659446	0.11561608772417042	3	0.6127849156804315	0.20232760556044946	3	0.6314046471231881	0.15887750257666053	3	0.5744502757376041	0.15133434646674745	3	0.502575792003073	0.08033525326303212	3	0.5265339532479167	0.0031676237733874986	3	expression_driven
MouseBrainSerialSections	scanpy_pearson	500	cellcharter	0.5652722498761529		1	0.8118145078971702		1	0.6885433788866615		1	0.7775663021970317		1	0.8111492903200541		1	0.7943577962585429		1	0.9429565010556542		1	0.7414505875726022		1	0.8086192254002862		1	expression_driven
MouseBrainSerialSections	scanpy_pearson	500	scvi	0.6163356340551344		1	0.7746617823729389		1	0.6954987082140367		1	0.7275290467331045		1	0.9294990543107768		1	0.8285140505219406		1	0.9417453945760546		1	0.7620063793679887		1	0.8219193844373439		1	expression_driven
MouseBrainSerialSections	scanpy_pearson	5000	cellcharter	0.5840782198480838		1	0.860673050721914		1	0.7223756352849989		1	0.778345894333734		1	0.8708394979734893		1	0.8245926961536116		1	0.9545654029580373		1	0.7734841657193052		1	0.8338445781322159		1	expression_driven
MouseBrainSerialSections	scanpy_pearson	5000	scvi	0.07227168358479563		1	0.6194774463503058		1	0.3458745649675507		1	0.719103852064391		1	0.6786668290571933		1	0.6988853405607922		1	0.31104913262213335		1	0.5223799527641715		1	0.4519363460501588		1	expression_driven
MouseBrainSerialSections	scanpy_pearson_batch	100	cellcharter	0.5827069240222253		1	0.7992529021279811		1	0.6909799130751032		1	0.7588070169174488		1	0.8588245228584159		1	0.8088157698879324		1	0.9185812974807921		1	0.7498978414815178		1	0.8061256601479426		1	expression_driven
MouseBrainSerialSections	scanpy_pearson_batch	100	scvi	0.6926366487317123		1	0.7848896662294206		1	0.7387631574805664		1	0.7335875822696577		1	0.8552451664465957		1	0.7944163743581267		1	0.932085074079235		1	0.7665897659193466		1	0.8217548686393094		1	expression_driven
MouseBrainSerialSections	scanpy_pearson_batch	1000	cellcharter	0.5299227966128829		1	0.8739330378264913		1	0.7019279172196871		1	0.779282722597944		1	0.8886680983908175		1	0.8339754104943807		1	0.9404198323868045		1	0.7679516638570338		1	0.8254410533669573		1	expression_driven
MouseBrainSerialSections	scanpy_pearson_batch	1000	scvi	0.5086179234246379		1	0.7131292254417836		1	0.6108735744332108		1	0.7128004235734874		1	0.8642896282131042		1	0.7885450258932958		1	0.8756128585244345		1	0.6997093001632533		1	0.7583438196169804		1	expression_driven
MouseBrainSerialSections	scanpy_pearson_batch	10000	cellcharter	0.5696391353177463		1	0.858486882534071		1	0.7140630089259087		1	0.7771983853943402		1	0.8271857172630919		1	0.802192051328716		1	0.9496704367032384		1	0.7581275301273123		1	0.821975165652621		1	expression_driven
MouseBrainSerialSections	scanpy_pearson_batch	10000	scvi	0.20867807645494266		1	0.6007600375304761		1	0.4047190569927094		1	0.6428484071049673		1	0.4976487085417488		1	0.570248557823358		1	0.6999598872930597		1	0.4874838074080337		1	0.558309167369709		1	expression_driven
MouseBrainSerialSections	scanpy_pearson_batch	200	cellcharter	0.5568290102239372		1	0.817062351337945		1	0.6869456807809411		1	0.7598767064017599		1	0.881266785163535		1	0.8205717457826474		1	0.9409603493419227		1	0.7537587132817942		1	0.8161592586351704		1	expression_driven
MouseBrainSerialSections	scanpy_pearson_batch	200	scvi	0.6499380932288482		1	0.8238925712222109		1	0.7369153322255295		1	0.7469399627084656		1	0.9320560487079086		1	0.8394980057081871		1	0.9316060221884297		1	0.7882066689668583		1	0.8360064533740488		1	expression_driven
MouseBrainSerialSections	scanpy_pearson_batch	2000	cellcharter	0.5590334063553808	0.004794314148443439	3	0.8398305821342396	0.008019564092853239	3	0.6994319942448102	0.006090062314446935	3	0.7878014759608877	0.0012406357406200554	3	0.8044143710961985	0.011529996914371801	3	0.7961079235285432	0.005400918264774622	3	0.9662051563127833	0.009699477406067676	3	0.7477699588866766	0.000383789408817315	3	0.8205816913620456	0.003121603905240362	3	expression_driven
MouseBrainSerialSections	scanpy_pearson_batch	2000	scvi	0.259247270152079	0.0640321108385468	3	0.5209619454414577	0.08273508719748532	3	0.3901046077967683	0.07286060949506883	3	0.6055216214929585	0.04297882590216724	3	0.47722437677599716	0.054721038459863446	3	0.5413729991344779	0.02297114043290776	3	0.7004365926605741	0.14915087389716314	3	0.4657388034656231	0.03772383735539321	3	0.54397139986394	0.07279127247584903	3	expression_driven
MouseBrainSerialSections	scanpy_pearson_batch	500	cellcharter	0.5529283928926025		1	0.8437410325573305		1	0.6983347127249665		1	0.7803323895959298		1	0.812658626093282		1	0.7964955078446059		1	0.9370175774577112		1	0.7474151102847861		1	0.8106159326757613		1	expression_driven
MouseBrainSerialSections	scanpy_pearson_batch	500	scvi	0.638617922861369		1	0.7559295947014304		1	0.6972737587813997		1	0.7413869286016048		1	0.8301407032427073		1	0.785763815922156		1	0.9458031078822857		1	0.7415187873517779		1	0.8096135608619471		1	expression_driven
MouseBrainSerialSections	scanpy_pearson_batch	5000	cellcharter	0.5814446328715474		1	0.8725176837605931		1	0.7269811583160702		1	0.7755901192506213		1	0.8571272803461685		1	0.8163586997983949		1	0.9587420305554979		1	0.7716699290572326		1	0.834027296223321		1	expression_driven
MouseBrainSerialSections	scanpy_pearson_batch	5000	scvi	0.03383822281454785		1	0.5368703464841977		1	0.2853542846493728		1	0.7502794774519351		1	0.871213279516146		1	0.8107463784840405		1	0.41968892628649834		1	0.5480503315667067		1	0.505263196473304		1	expression_driven
MouseBrainSerialSections	scanpy_seurat	100	cellcharter	0.7314796688449257		1	0.7991771492417479		1	0.7653284090433368		1	0.7243292983724867		1	0.5564010301274349		1	0.6403651642499608		1	0.9063166759024301		1	0.7028467866466488		1	0.7706700830652427		1	expression_driven
MouseBrainSerialSections	scanpy_seurat	100	scvi	0.7940613113660836		1	0.6812388171762872		1	0.7376500642711854		1	0.6055458384453005		1	0.5953650145659333		1	0.6004554265056169		1	0.8439321977402728		1	0.6690527453884012		1	0.7273458961723583		1	expression_driven
MouseBrainSerialSections	scanpy_seurat	1000	cellcharter	0.6932141445899124		1	0.7700951418201021		1	0.7316546432050073		1	0.7665434594060409		1	0.7501347746506735		1	0.7583391170283571		1	0.9361197272911201		1	0.7449968801166822		1	0.808704495841495		1	expression_driven
MouseBrainSerialSections	scanpy_seurat	1000	scvi	0.7282094815454808		1	0.7322346089863291		1	0.730222045265905		1	0.7437297541005657		1	0.8891054116875268		1	0.8164175828940463		1	0.9413487990254439		1	0.7733198140799756		1	0.829329475728465		1	expression_driven
MouseBrainSerialSections	scanpy_seurat	10000	cellcharter	0.5551795865872		1	0.8588748219782737		1	0.7070272042827368		1	0.7740234837902061		1	0.8852918192359471		1	0.8296576515130767		1	0.9526511669454645		1	0.7683424278979067		1	0.8297786742470926		1	expression_driven
MouseBrainSerialSections	scanpy_seurat	10000	scvi	0.1628975186754841		1	0.6296251886809356		1	0.39626135367820986		1	0.738617244054454		1	0.6335089219218772		1	0.6860630829881655		1	0.6763169020615771		1	0.5411622183331877		1	0.5862137795759842		1	expression_driven
MouseBrainSerialSections	scanpy_seurat	200	cellcharter	0.7132333696066759		1	0.7835555858355128		1	0.7483944777210944		1	0.7362788795928782		1	0.6547791538397005		1	0.6955290167162893		1	0.91685204967129		1	0.7219617472186919		1	0.786925181369558		1	expression_driven
MouseBrainSerialSections	scanpy_seurat	200	scvi	0.7529965190017571		1	0.7130412339927549		1	0.7330188764972561		1	0.6663131461808051		1	0.6484106635802325		1	0.6573619048805188		1	0.870297058685908		1	0.6951903906888874		1	0.7535592800212276		1	expression_driven
MouseBrainSerialSections	scanpy_seurat	2000	cellcharter	0.6809100506077912	0.010223357894492448	3	0.8103085073589386	0.01635367080925151	3	0.7456092789833649	0.008035742789408613	3	0.7719341508953365	0.0019690564917390556	3	0.7829160930120729	0.010820572680761857	3	0.7774251219537046	0.004494044371678142	3	0.9627789051449094	0.01247427306046202	3	0.7615172004685347	0.006171568266229237	3	0.8286044353606595	0.008048416516165932	3	expression_driven
MouseBrainSerialSections	scanpy_seurat	2000	scvi	0.6976967194799283	0.0004969872718961965	3	0.7825503851229824	0.0076285494384621105	3	0.7401235523014553	0.004062762907850329	3	0.736080697802211	0.004591306846003952	3	0.8820331239598072	0.012144646587307548	3	0.8090569108810092	0.008342734877028583	3	0.9493701143610895	0.012160192852895853	3	0.7745902315912322	0.006063081771687545	3	0.8328501925145179	0.006814592347402614	3	expression_driven
MouseBrainSerialSections	scanpy_seurat	500	cellcharter	0.6903341753731052		1	0.7805164486920898		1	0.7354253120325975		1	0.7539085722481156		1	0.6697439371727237		1	0.7118262547104197		1	0.9362520990748819		1	0.7236257833715086		1	0.7945012219392997		1	expression_driven
MouseBrainSerialSections	scanpy_seurat	500	scvi	0.7386209922735054		1	0.7365526697621518		1	0.7375868310178286		1	0.6934652564545943		1	0.8317283003655982		1	0.7625967784100962		1	0.9117528370626915		1	0.7500918047139624		1	0.8039788154968721		1	expression_driven
MouseBrainSerialSections	scanpy_seurat	5000	cellcharter	0.5958185768914834		1	0.85092629613805		1	0.7233724365147667		1	0.7881721434656802		1	0.8145387719267496		1	0.801355457696215		1	0.9588862789951323		1	0.7623639471054908		1	0.8278713910687047		1	expression_driven
MouseBrainSerialSections	scanpy_seurat	5000	scvi	0.2661286718268038		1	0.4757413015433922		1	0.370934986685098		1	0.5793013645940142		1	0.44536634582945944		1	0.5123338552117368		1	0.8620507408335243		1	0.4416344209484174		1	0.5817731942434531		1	expression_driven
MouseBrainSerialSections	scanpy_seurat_batch	100	cellcharter	0.7440362116873718		1	0.7678587995554953		1	0.7559475056214335		1	0.727014911153649		1	0.6511808776302275		1	0.6890978943919382		1	0.9058998296500218		1	0.7225227000066858		1	0.7836484098877978		1	expression_driven
MouseBrainSerialSections	scanpy_seurat_batch	100	scvi	0.7861381258932059		1	0.6821344444688637		1	0.7341362851810348		1	0.6501497136330084		1	0.6713946597388734		1	0.6607721866859408		1	0.8480710012327582		1	0.6974542359334879		1	0.7476598243665781		1	expression_driven
MouseBrainSerialSections	scanpy_seurat_batch	1000	cellcharter	0.681921058536289		1	0.7927976282577819		1	0.7373593433970355		1	0.7668959109582826		1	0.7984658110399134		1	0.7826808609990981		1	0.9461364056674522		1	0.7600201021980668		1	0.8220588700211953		1	expression_driven
MouseBrainSerialSections	scanpy_seurat_batch	1000	scvi	0.7366037713724919		1	0.7332026379347983		1	0.7349032046536451		1	0.7240325514978011		1	0.8999206020094297		1	0.8119765767536153		1	0.9330897830797542		1	0.7734398907036302		1	0.8266565214956715		1	expression_driven
MouseBrainSerialSections	scanpy_seurat_batch	10000	cellcharter	0.5549351572174488		1	0.8767155913444791		1	0.7158253742809639		1	0.7739915506427361		1	0.8613269745519869		1	0.8176592625973615		1	0.9542533825031996		1	0.7667423184391627		1	0.8292460064605084		1	expression_driven
MouseBrainSerialSections	scanpy_seurat_batch	10000	scvi	0.17407376893688625		1	0.6631972852529529		1	0.4186355270949196		1	0.6721216602557164		1	0.5177884728292939		1	0.5949550665425052		1	0.6493245492673325		1	0.5067952968187124		1	0.5543050476349191		1	expression_driven
MouseBrainSerialSections	scanpy_seurat_batch	200	cellcharter	0.6891256319413428		1	0.7531961043906642		1	0.7211608681660036		1	0.7377235619398824		1	0.7281422958107505		1	0.7329329288753165		1	0.9296115400755693		1	0.72704689852066		1	0.7945684457056297		1	expression_driven
MouseBrainSerialSections	scanpy_seurat_batch	200	scvi	0.7538422047647915		1	0.6950312398011975		1	0.7244367222829945		1	0.6731926402490629		1	0.7539147668135895		1	0.7135537035313262		1	0.9055475434929293		1	0.7189952129071604		1	0.7811793231024167		1	expression_driven
MouseBrainSerialSections	scanpy_seurat_batch	2000	cellcharter	0.6038836105581683	0.031161508451750492	3	0.8159565232329519	0.013996715819797749	3	0.7099200668955601	0.014727833333803213	3	0.7776542653596992	0.0043025380607917395	3	0.7934754526144171	0.023170142722555832	3	0.7855648589870582	0.012399368910809786	3	0.9651697260304402	0.0069523633216712665	3	0.7477424629413091	0.013563169265525215	3	0.8202182173043528	0.007391847438830031	3	expression_driven
MouseBrainSerialSections	scanpy_seurat_batch	2000	scvi	0.5109544070771724	0.15960778423344762	3	0.6721592571931841	0.1008622778662827	3	0.5915568321351783	0.130164156143077	3	0.6941610056053534	0.05597282626247866	3	0.7794081131466631	0.1875597352146259	3	0.7367845593760083	0.12165802080140843	3	0.8774009946492054	0.08230140820897541	3	0.6641706957555932	0.1255270202618143	3	0.7352474620534638	0.11100201209651038	3	expression_driven
MouseBrainSerialSections	scanpy_seurat_batch	500	cellcharter	0.6712847161507303		1	0.7774080879748179		1	0.7243464020627741		1	0.7585288931706121		1	0.7400757591828666		1	0.7493023261767393		1	0.9325795000847428		1	0.7368243641197567		1	0.8020760761080853		1	expression_driven
MouseBrainSerialSections	scanpy_seurat_batch	500	scvi	0.7424319066147789		1	0.7139008858502477		1	0.7281663962325133		1	0.7132748955256792		1	0.8767840025246891		1	0.7950294490251841		1	0.9261818077234978		1	0.7615979226288487		1	0.8164592176603985		1	expression_driven
MouseBrainSerialSections	scanpy_seurat_batch	5000	cellcharter	0.5953121386675966		1	0.8739648069944403		1	0.7346384728310185		1	0.7770426019170226		1	0.8853326208014682		1	0.8311876113592453		1	0.9563531926042863		1	0.7829130420951319		1	0.8407264255981834		1	expression_driven
MouseBrainSerialSections	scanpy_seurat_batch	5000	scvi	0.12968842734424935		1	0.6092923803687725		1	0.36949040385651094		1	0.7745588075692617		1	0.6883068411470645		1	0.7314328243581631		1	0.3643419542351346		1	0.5504616141073371		1	0.48842172748326956		1	expression_driven
MouseBrainSerialSections	scanpy_seurat_v3	100	cellcharter	0.7128796111836415		1	0.7358157829772725		1	0.724347697080457		1	0.7460403161774393		1	0.6292589019059105		1	0.6876496090416748		1	0.9200481336115558		1	0.7059986530610659		1	0.7773484799112292		1	expression_driven
MouseBrainSerialSections	scanpy_seurat_v3	100	scvi	0.7726018978944053		1	0.6879495751043233		1	0.7302757364993643		1	0.6174308201375993		1	0.6555234659151872		1	0.6364771430263932		1	0.9010184196977056		1	0.6833764397628788		1	0.755923766407821		1	expression_driven
MouseBrainSerialSections	scanpy_seurat_v3	1000	cellcharter	0.7102900178919376		1	0.7946250130911316		1	0.7524575154915346		1	0.7856152961217457		1	0.7802831357675899		1	0.7829492159446678		1	0.9475949618524802		1	0.7677033657181012		1	0.8276672310962274		1	expression_driven
MouseBrainSerialSections	scanpy_seurat_v3	1000	scvi	0.7134065864224091		1	0.7964937027048189		1	0.754950144563614		1	0.7592465210657937		1	0.9238969769936785		1	0.8415717490297361		1	0.9410241665961256		1	0.798260946796675		1	0.8458486867298252		1	expression_driven
MouseBrainSerialSections	scanpy_seurat_v3	10000	cellcharter	0.6004476812398116		1	0.8600792566595142		1	0.730263468949663		1	0.7751706146147418		1	0.7959806066940371		1	0.7855756106543894		1	0.9512544955285656		1	0.7579195398020262		1	0.8223645250442061		1	expression_driven
MouseBrainSerialSections	scanpy_seurat_v3	10000	scvi	0.13866305595335932		1	0.6863951708308769		1	0.41252911339211806		1	0.7659899063091836		1	0.7966605539562405		1	0.781325230132712		1	0.7643391948943659		1	0.596927171762415		1	0.6527311794730654		1	expression_driven
MouseBrainSerialSections	scanpy_seurat_v3	200	cellcharter	0.7104676927262533		1	0.7628633794342483		1	0.7366655360802508		1	0.7623166793637521		1	0.7951588719240834		1	0.7787377756439178		1	0.933221927583108		1	0.7577016558620843		1	0.8162084131024255		1	expression_driven
MouseBrainSerialSections	scanpy_seurat_v3	200	scvi	0.7478799714087399		1	0.7106326378924166		1	0.7292563046505782		1	0.6865800406160694		1	0.7242968696514933		1	0.7054384551337813		1	0.913705685154594		1	0.7173473798921798		1	0.7828001483129845		1	expression_driven
MouseBrainSerialSections	scanpy_seurat_v3	2000	cellcharter	0.6769305986514175	0.009639265199488491	3	0.7940938275579484	0.018739753251270204	3	0.7355122131046828	0.005784672250763209	3	0.7857099783820046	0.004580120825253038	3	0.8022571711602441	0.004132023380641077	3	0.7939835747711244	0.0018294314890147695	3	0.9537928198162869	0.008805691744599881	3	0.7647478939379037	0.0030221973878847316	3	0.8277628692306981	0.0037341746241987515	3	expression_driven
MouseBrainSerialSections	scanpy_seurat_v3	2000	scvi	0.5895133327548011	0.15671174363542975	3	0.7620072807465199	0.018063050243362633	3	0.6757603067506605	0.08578451255448886	3	0.7316817795227379	0.014781831828244588	3	0.7718897019701133	0.05933107759624168	3	0.7517857407464256	0.030758784174581933	3	0.9272793444907464	0.04149930241640676	3	0.713773023748543	0.05469801120795845	3	0.7849417973292775	0.049803995157931796	3	expression_driven
MouseBrainSerialSections	scanpy_seurat_v3	500	cellcharter	0.7054106761920491		1	0.7860432212588792		1	0.7457269487254641		1	0.7755550359031435		1	0.8079614920799376		1	0.7917582639915406		1	0.9486199144833445		1	0.7687426063585023		1	0.8287017090667831		1	expression_driven
MouseBrainSerialSections	scanpy_seurat_v3	500	scvi	0.7265352605377939		1	0.7739165359887564		1	0.7502258982632752		1	0.7379354949761034		1	0.7728749365535696		1	0.7554052157648365		1	0.9475491709643916		1	0.7528155570140559		1	0.8177267616641678		1	expression_driven
MouseBrainSerialSections	scanpy_seurat_v3	5000	cellcharter	0.6201695267256533		1	0.8432815666544873		1	0.7317255466900703		1	0.7846170231169757		1	0.8109005257049378		1	0.7977587744109567		1	0.9574632353861022		1	0.7647421605505135		1	0.8289825188290431		1	expression_driven
MouseBrainSerialSections	scanpy_seurat_v3	5000	scvi	0.31922277978332614		1	0.6683202772195986		1	0.4937715285014624		1	0.7032631318068184		1	0.7145458366468895		1	0.7089044842268539		1	0.8845236032252701		1	0.6013380063641581		1	0.6957332053178621		1	expression_driven
MouseBrainSerialSections	scanpy_seurat_v3_batch	100	cellcharter	0.695871676480331		1	0.7385928249171645		1	0.7172322506987477		1	0.7616393160688374		1	0.6349866387421916		1	0.6983129774055146		1	0.9240598211257456		1	0.7077726140521312		1	0.7798683497433361		1	expression_driven
MouseBrainSerialSections	scanpy_seurat_v3_batch	100	scvi	0.7693854320654095		1	0.7107954064172008		1	0.7400904192413051		1	0.6766834848862174		1	0.6853477111354944		1	0.6810155980108559		1	0.9087085534539694		1	0.7105530086260805		1	0.7766048569020434		1	expression_driven
MouseBrainSerialSections	scanpy_seurat_v3_batch	1000	cellcharter	0.6877286776304121		1	0.7903709617355397		1	0.7390498196829759		1	0.779802860493526		1	0.8144794294238389		1	0.7971411449586825		1	0.9387667427233696		1	0.7680954823208292		1	0.8249859024550094		1	expression_driven
MouseBrainSerialSections	scanpy_seurat_v3_batch	1000	scvi	0.6948878265974552		1	0.7557683302128207		1	0.7253280784051379		1	0.7420135620947294		1	0.83905828185451		1	0.7905359219746197		1	0.9412258283780676		1	0.7579320001898788		1	0.8190299429192751		1	expression_driven
MouseBrainSerialSections	scanpy_seurat_v3_batch	10000	cellcharter	0.5932198519743554		1	0.851268012738093		1	0.7222439323562242		1	0.7752691612698083		1	0.8130765783630001		1	0.7941728698164041		1	0.9483455115020882		1	0.7582084010863142		1	0.8215874378915723		1	expression_driven
MouseBrainSerialSections	scanpy_seurat_v3_batch	10000	scvi	0.057840191683796754		1	0.581087596093501		1	0.3194638938886489		1	0.7684270639692826		1	0.8363215084321753		1	0.802374286200729		1	0.6224613361864798		1	0.560919090044689		1	0.5814331720919527		1	expression_driven
MouseBrainSerialSections	scanpy_seurat_v3_batch	200	cellcharter	0.6774597318846749		1	0.7896497643112114		1	0.7335547480979432		1	0.7671174457101845		1	0.7900617461146529		1	0.7785895959124187		1	0.9243219476545607		1	0.756072172005181		1	0.8121554305549742		1	expression_driven
MouseBrainSerialSections	scanpy_seurat_v3_batch	200	scvi	0.732544290631712		1	0.7171253226050256		1	0.7248348066183687		1	0.7215419614655486		1	0.825136455865774		1	0.7733392086656613		1	0.9179705062548573		1	0.7490870076420151		1	0.8053815071796292		1	expression_driven
MouseBrainSerialSections	scanpy_seurat_v3_batch	2000	cellcharter	0.6261292649208133	0.012717366594742865	3	0.8298229649174284	0.023499604867962588	3	0.7279761149191208	0.007780774129813173	3	0.7885037534978974	0.0019641991156376724	3	0.8119937268889066	0.002104336023550434	3	0.800248740193402	0.001516367842682607	3	0.9584277060889465	0.0068231162702675225	3	0.7641124275562614	0.004548003778768215	3	0.8288841870671565	0.004639403054090514	3	expression_driven
MouseBrainSerialSections	scanpy_seurat_v3_batch	2000	scvi	0.3971870886139273	0.13413154349583428	3	0.669516419726618	0.07449403785665118	3	0.5333517541702727	0.10258264820258056	3	0.7143292538661455	0.04900840124823163	3	0.6766120307767208	0.2587182145003569	3	0.6954706423214332	0.15386234745651053	3	0.8192581270151842	0.09923867767500379	3	0.614411198245853	0.1208675223549366	3	0.68269350783563	0.11212494397195012	3	expression_driven
MouseBrainSerialSections	scanpy_seurat_v3_batch	500	cellcharter	0.6868467794211306		1	0.7906064804232263		1	0.7387266299221784		1	0.7763362599237494		1	0.7807718611260723		1	0.7785540605249108		1	0.937111004753842		1	0.7586403452235446		1	0.8181305650669771		1	expression_driven
MouseBrainSerialSections	scanpy_seurat_v3_batch	500	scvi	0.7203854348749756		1	0.7640459553848801		1	0.7422156951299279		1	0.7381357039629827		1	0.8767474162873055		1	0.8074415601251441		1	0.9448446141891915		1	0.774828627627536		1	0.8315006231480879		1	expression_driven
MouseBrainSerialSections	scanpy_seurat_v3_batch	5000	cellcharter	0.6052907289922622		1	0.8454972539727761		1	0.7253939914825192		1	0.7787536166421253		1	0.8389425482149349		1	0.80884808242853		1	0.9508868298155462		1	0.7671210369555246		1	0.8283763012421984		1	expression_driven
MouseBrainSerialSections	scanpy_seurat_v3_batch	5000	scvi	0.18641388766122996		1	0.4886229994490948		1	0.33751844355516236		1	0.5818010160504175		1	0.37821767520650984		1	0.48000934562846365		1	0.75394031552916		1	0.408763894591813		1	0.5238227015709286		1	expression_driven
MouseBrainSerialSections	scry	100	cellcharter	0.5699382231583257		1	0.8128701917012825		1	0.6914042074298041		1	0.7600347316947436		1	0.8146942833759683		1	0.7873645075353559		1	0.9414478021863		1	0.73938435748258		1	0.8067388390504867		1	expression_driven
MouseBrainSerialSections	scry	100	scvi	0.6900554415067077		1	0.8327419219703921		1	0.7613986817385499		1	0.7131248574567731		1	0.8561137129527585		1	0.7846192852047658		1	0.9486578897875309		1	0.7730089834716578		1	0.831558618910282		1	expression_driven
MouseBrainSerialSections	scry	1000	cellcharter	0.5519541491827794		1	0.848398011987002		1	0.7001760805848907		1	0.7853528264549308		1	0.8065345478402512		1	0.795943687147591		1	0.9584405845292348		1	0.7480598838662409		1	0.8181867840872389		1	expression_driven
MouseBrainSerialSections	scry	1000	scvi	0.5460049486626503		1	0.7546384844041387		1	0.6503217165333945		1	0.7451286825873392		1	0.8323479965343419		1	0.7887383395608405		1	0.9073967276037754		1	0.7195300280471175		1	0.7821522612326701		1	expression_driven
MouseBrainSerialSections	scry	10000	cellcharter	0.5895944870618683		1	0.8130974430505296		1	0.701345965056199		1	0.768274526333388		1	0.7807341865173252		1	0.7745043564253566		1	0.9272517469516555		1	0.7379251607407777		1	0.8010340228110703		1	expression_driven
MouseBrainSerialSections	scry	10000	scvi	0.07835596673358565		1	0.5826371395079639		1	0.3304965531207748		1	0.6767782692460798		1	0.4654460332201773		1	0.5711121512331285		1	0.5512424606186717		1	0.4508043521769517		1	0.48428372165752503		1	expression_driven
MouseBrainSerialSections	scry	200	cellcharter	0.5496914859701383		1	0.8472429081054121		1	0.6984671970377752		1	0.7629860253563931		1	0.8281014738016714		1	0.7955437495790323		1	0.9384763724024888		1	0.7470054733084037		1	0.8108291063397655		1	expression_driven
MouseBrainSerialSections	scry	200	scvi	0.6734512705119988		1	0.8535972903565425		1	0.7635242804342707		1	0.732598431651743		1	0.8884541478962706		1	0.8105262897740069		1	0.9576540321174462		1	0.7870252851041388		1	0.8439015341085746		1	expression_driven
MouseBrainSerialSections	scry	2000	cellcharter	0.5776101725002483	0.010206986177355973	3	0.8681993358895427	0.02038927014149043	3	0.7229047541948955	0.014803327266440694	3	0.7765719688251657	0.0011395653065220694	3	0.8539567785463377	0.026402471655630415	3	0.8152643736857517	0.012716018757955997	3	0.9649846692516336	0.005678607523086234	3	0.7690845639403235	0.0016304078304780081	3	0.8343845990440936	0.002237342298144174	3	expression_driven
MouseBrainSerialSections	scry	2000	scvi	0.2417080108861985	0.09149934158862484	3	0.5279600286305242	0.09658722727460115	3	0.38483401975836135	0.015099342447240129	3	0.5665543568503985	0.10863811100436606	3	0.4127373429509625	0.10221727388717472	3	0.4896458499006804	0.10542654757822309	3	0.5677885391895645	0.24795436512374405	3	0.4372399348295209	0.054101144115747436	3	0.48075613628286873	0.04665652340779788	3	expression_driven
MouseBrainSerialSections	scry	500	cellcharter	0.5483612381628857		1	0.8286869149306749		1	0.6885240765467804		1	0.7805199096172245		1	0.8175417606181214		1	0.7990308351176729		1	0.9486491051421118		1	0.7437774558322267		1	0.8120680056021884		1	expression_driven
MouseBrainSerialSections	scry	500	scvi	0.610108048576484		1	0.7873660591646231		1	0.6987370538705535		1	0.7411070935669427		1	0.9365905790784114		1	0.838848836322677		1	0.9285622515348889		1	0.7687929450966153		1	0.8220493805760398		1	expression_driven
MouseBrainSerialSections	scry	5000	cellcharter	0.6035438475941066		1	0.8410803645048617		1	0.7223121060494841		1	0.7746213995588228		1	0.7991272393765878		1	0.7868743194677053		1	0.9428686018331245		1	0.7545932127585947		1	0.8173516757834379		1	expression_driven
MouseBrainSerialSections	scry	5000	scvi	0.12370433614174414		1	0.5840832287230893		1	0.3538937824324167		1	0.6993531498948262		1	0.453582538650941		1	0.5764678442728837		1	0.6616285137030959		1	0.46518081335265016		1	0.5306633801361321		1	expression_driven
MouseBrainSerialSections	scsegindex	100	cellcharter	0.9785019807957331		1	0.562479737735768		1	0.7704908592657506		1	0.12719988666274926		1	0.19484381497252018		1	0.1610218508176347		1	0.7478572475134009		1	0.46575635504169266		1	0.5597899858655954		1	control
MouseBrainSerialSections	scsegindex	100	scvi	0.9874339253325021		1	0.3984408986546052		1	0.6929374119935536		1	0.03065896157471668		1	0.021697963030526093		1	0.026178462302621386		1	0.7818003913894325		1	0.3595579371480875		1	0.5003054218952024		1	control
MouseBrainSerialSections	scsegindex	1000	cellcharter	0.618902125127862		1	0.6885590144891485		1	0.6537305698085052		1	0.572070646894027		1	0.33286620581870396		1	0.45246842635636547		1	0.849765575343657		1	0.5530994980824353		1	0.6519881905028425		1	control
MouseBrainSerialSections	scsegindex	1000	scvi	0.309683580382346		1	0.42356338736072124		1	0.36662348387153365		1	0.40552802087384293		1	0.223070521235894		1	0.31429927105486843		1	0.7765881588475533		1	0.34046137746320104		1	0.4858369712579851		1	control
MouseBrainSerialSections	scsegindex	10000	cellcharter	0.5702667538269288		1	0.8482630726949161		1	0.7092649132609224		1	0.7789329382008775		1	0.7967106529818803		1	0.7878217955913789		1	0.9340278006296098		1	0.7485433544261506		1	0.810371503160637		1	control
MouseBrainSerialSections	scsegindex	10000	scvi	0.055294480957938485		1	0.5729882825580419		1	0.3141413817579902		1	0.6854867989925713		1	0.4702005459138997		1	0.5778436724532354		1	0.16140945896422146		1	0.4459925271056128		1	0.35113150439181573		1	control
MouseBrainSerialSections	scsegindex	200	cellcharter	0.9650347863719579		1	0.6723218764604277		1	0.8186783314161928		1	0.3620645501531148		1	0.4456645326909373		1	0.40386454142202605		1	0.8000889945678282		1	0.6112714364191094		1	0.6742106224686824		1	control
MouseBrainSerialSections	scsegindex	200	scvi	0.9893402752596723		1	0.4482081662718428		1	0.7187742207657575		1	0.07762315680298411		1	0.10405791492065544		1	0.09084053586181978		1	0.8904142229572989		1	0.40480737831378866		1	0.566676326528292		1	control
MouseBrainSerialSections	scsegindex	500	cellcharter	0.8873111725873222	0.0050673904741582974	3	0.7636576241732705	0.002291298805009545	3	0.8254843983802963	0.0025088665280699183	3	0.6090736948840736	0.0029565021051256267	3	0.710713270224321	0.03647161582992681	3	0.6598934825541972	0.01825399402713331	3	0.8704023336686227	0.010222501378223055	3	0.7426889404672469	0.008898714023248676	3	0.7852600715343722	0.004971629383911588	3	control
MouseBrainSerialSections	scsegindex	500	scvi	0.9200608834171145	0.024923421101642976	3	0.4908920642859462	0.02171064516364573	3	0.7054764738515303	0.0016064706538610324	3	0.10285985440917338	0.027226879540439033	3	0.12925221402139797	0.0394258673746456	3	0.11605603421528567	0.03306485649840594	3	0.8992836784159776	0.020151218513685724	3	0.410766254033408	0.01705937440629733	3	0.5736053954942646	0.01001385706102667	3	control
MouseBrainSerialSections	scsegindex	5000	cellcharter	0.5693929350133555		1	0.8424821084091717		1	0.7059375217112636		1	0.6981677408569803		1	0.631473523751821		1	0.6648206323044006		1	0.9112541434545895		1	0.6853790770078321		1	0.7606707658234179		1	control
MouseBrainSerialSections	scsegindex	5000	scvi	0.04506985357225894		1	0.4872132206995		1	0.26614153713587946		1	0.6070186231784419		1	0.42259292555903477		1	0.5148057743687383		1	0.2706886761512711		1	0.39047365575230886		1	0.3505453292186296		1	control
MouseBrainSerialSections	seurat_disp	100	cellcharter	0.5792490241857309		1	0.7785371325032506		1	0.6788930783444908		1	0.7483341858595209		1	0.7224559509120595		1	0.7353950683857902		1	0.9216627801031866		1	0.7071440733651404		1	0.7786503089444891		1	expression_driven
MouseBrainSerialSections	seurat_disp	100	scvi	0.7355851407822428		1	0.7918886633379036		1	0.7637369020600733		1	0.6578796389056553		1	0.7920700916448171		1	0.7249748652752361		1	0.9285282249720304		1	0.7443558836676547		1	0.8057466641024466		1	expression_driven
MouseBrainSerialSections	seurat_disp	1000	cellcharter	0.5583060985380447		1	0.8415078670984917		1	0.6999069828182682		1	0.7621907553452437		1	0.7383921780111496		1	0.7502914666781967		1	0.9428083315652165		1	0.7250992247482324		1	0.7976689270205605		1	expression_driven
MouseBrainSerialSections	seurat_disp	1000	scvi	0.5089536902878056		1	0.7400438004786727		1	0.6244987453832391		1	0.6533420689110359		1	0.8760716715462151		1	0.7647068702286255		1	0.9106266735984794		1	0.6946028078059323		1	0.7666107630701147		1	expression_driven
MouseBrainSerialSections	seurat_disp	10000	cellcharter	0.5834812169514518		1	0.8346717993531174		1	0.7090765081522846		1	0.7752470207592886		1	0.8203502152689517		1	0.7977986180141201		1	0.9457097863459788		1	0.7534375630832024		1	0.8175283041707946		1	expression_driven
MouseBrainSerialSections	seurat_disp	10000	scvi	0.0764623791738567		1	0.5754671082496615		1	0.3259647437117591		1	0.681662123841028		1	0.4614540603017484		1	0.5715580920713882		1	0.24873938797731462		1	0.44876141789157364		1	0.38208740792015394		1	expression_driven
MouseBrainSerialSections	seurat_disp	200	cellcharter	0.583910736438435		1	0.8078382806023691		1	0.6958745085204021		1	0.7574032296696985		1	0.7725133511771236		1	0.7649582904234111		1	0.9455046591388783		1	0.7304163994719066		1	0.8021124860275638		1	expression_driven
MouseBrainSerialSections	seurat_disp	200	scvi	0.7100211391197249		1	0.8121401918329553		1	0.76108066547634		1	0.7118989319402509		1	0.8837384567110811		1	0.797818694325666		1	0.951742865388564		1	0.779449679901003		1	0.83688074173019		1	expression_driven
MouseBrainSerialSections	seurat_disp	2000	cellcharter	0.576139266441522	0.013073880148611506	3	0.8548213263589038	0.012636484262689008	3	0.7154802964002128	0.01079379993759847	3	0.7807176376917666	0.003924951867286578	3	0.7999436586221575	0.0073129788812213254	3	0.7903306481569622	0.004253810454117203	3	0.9705461439455038	0.00579812467281544	3	0.7529054722785876	0.004909228708901284	3	0.8254523628342264	0.002814432209330434	3	expression_driven
MouseBrainSerialSections	seurat_disp	2000	scvi	0.3397964073746708	0.11134282622488398	3	0.5968776038583855	0.12443922609476794	3	0.46833700561652813	0.11785705112908072	3	0.6075233356538283	0.08580821128178842	3	0.5770531512003262	0.20692618461048481	3	0.5922882434270772	0.14590346327076523	3	0.7646337998232751	0.13379622374191646	3	0.5303126245218027	0.13157036280712373	3	0.6084196829556269	0.13214248576111928	3	expression_driven
MouseBrainSerialSections	seurat_disp	500	cellcharter	0.5628677039793747		1	0.8153440718788226		1	0.6891058879290987		1	0.7706445214213815		1	0.8406485326091313		1	0.8056465270152564		1	0.9444815824411066		1	0.7473762074721775		1	0.8130779991284872		1	expression_driven
MouseBrainSerialSections	seurat_disp	500	scvi	0.6455309188946359		1	0.8050436024735469		1	0.7252872606840914		1	0.7505598545570719		1	0.8667255665293042		1	0.808642710543188		1	0.9388766461396874		1	0.7669649856136398		1	0.8242688724556556		1	expression_driven
MouseBrainSerialSections	seurat_disp	5000	cellcharter	0.5824717050739927		1	0.8763660414601897		1	0.7294188732670912		1	0.7729291736130678		1	0.872725603134149		1	0.8228273883736084		1	0.9495414288622925		1	0.7761231308203498		1	0.833929230167664		1	expression_driven
MouseBrainSerialSections	seurat_disp	5000	scvi	0.22620972196010963		1	0.47566405536780515		1	0.3509368886639574		1	0.5957435268810104		1	0.46758083227867464		1	0.5316621795798425		1	0.497194671642729		1	0.44129953412189993		1	0.45993124662884294		1	expression_driven
MouseBrainSerialSections	seurat_mvp	100	cellcharter	0.6897507705835966		1	0.7688393017582673		1	0.7292950361709319		1	0.7479171454290702		1	0.6903902698287065		1	0.7191537076288883		1	0.9287560112030369		1	0.7242243718999102		1	0.7924015850009525		1	expression_driven
MouseBrainSerialSections	seurat_mvp	100	scvi	0.7796535140790972		1	0.7065157870635185		1	0.7430846505713078		1	0.6663693708220084		1	0.7207598330162541		1	0.6935646019191313		1	0.9117298026314558		1	0.7183246262452195		1	0.782793018373965		1	expression_driven
MouseBrainSerialSections	seurat_mvp	1000	cellcharter	0.6896083144396737		1	0.811543830413836		1	0.750576072426755		1	0.7681634246009802		1	0.8001147827762944		1	0.7841391036886374		1	0.9440406197569482		1	0.7673575880576962		1	0.8262519319574468		1	expression_driven
MouseBrainSerialSections	seurat_mvp	1000	scvi	0.7095698512098069		1	0.7948309924753574		1	0.7522004218425822		1	0.7389347029450821		1	0.879706970789909		1	0.8093208368674956		1	0.9476868410610688		1	0.7807606293550389		1	0.8364026999237155		1	expression_driven
MouseBrainSerialSections	seurat_mvp	10000	cellcharter	0.6859990661988723		1	0.7953856408718271		1	0.7406923535353497		1	0.7776891261623889		1	0.7782556605325137		1	0.7779723933474514		1	0.9441475926776		1	0.7593323734414006		1	0.8209374465201337		1	expression_driven
MouseBrainSerialSections	seurat_mvp	10000	scvi	0.6965175564897138		1	0.7827171509645844		1	0.7396173537271491		1	0.741210638361065		1	0.8620565748905791		1	0.8016336066258221		1	0.9515141027359776		1	0.7706254801764856		1	0.8309216876963162		1	expression_driven
MouseBrainSerialSections	seurat_mvp	200	cellcharter	0.688469861616251		1	0.7750002119158294		1	0.7317350367660402		1	0.7610214667769144		1	0.7846896778218035		1	0.772855572299359		1	0.9372099342931959		1	0.7522953045326997		1	0.8139335144528651		1	expression_driven
MouseBrainSerialSections	seurat_mvp	200	scvi	0.7539862707514893		1	0.7259682178084783		1	0.7399772442799838		1	0.7058731613953128		1	0.8069862608321302		1	0.7564297111137215		1	0.9161045071763385		1	0.7482034776968527		1	0.804170487523348		1	expression_driven
MouseBrainSerialSections	seurat_mvp	2000	cellcharter	0.6719226862301974	0.014434796523483654	3	0.8048701079728735	0.016049489557935566	3	0.7383963971015354	0.010941450017943779	3	0.7738221376936026	0.003353882531824943	3	0.7812840898948225	0.005307021101422519	3	0.7775531137942125	0.002245111679280747	3	0.9573986048651998	0.01150289757577403	3	0.757974755447874	0.006593088997447136	3	0.824449371920316	0.005074041810854235	3	expression_driven
MouseBrainSerialSections	seurat_mvp	2000	scvi	0.6911859654505541	0.009549881109328374	3	0.7745903758465107	0.009150738292240453	3	0.7328881706485323	0.009188399019402188	3	0.7350640626059602	0.005738416071907125	3	0.8512320937252421	0.022850393399919077	3	0.7931480781656012	0.013640035988938719	3	0.9493866690653254	0.0020959713271656278	3	0.7630181244070667	0.006943773934970191	3	0.8251409726264862	0.005318500609701612	3	expression_driven
MouseBrainSerialSections	seurat_mvp	500	cellcharter	0.6870253478558843		1	0.7927376262323561		1	0.7398814870441202		1	0.7711310959805139		1	0.7921821956450183		1	0.7816566458127661		1	0.9498221017866004		1	0.7607690664284431		1	0.8237867448811622		1	expression_driven
MouseBrainSerialSections	seurat_mvp	500	scvi	0.7230048664931702		1	0.7666284433053449		1	0.7448166548992575		1	0.7285482762504377		1	0.8720250028564147		1	0.8002866395534263		1	0.9417983910743464		1	0.7725516472263418		1	0.8289672285090101		1	expression_driven
MouseBrainSerialSections	seurat_mvp	5000	cellcharter	0.6859990661988723		1	0.7953856408718271		1	0.7406923535353497		1	0.7776891261623889		1	0.7782556605325137		1	0.7779723933474514		1	0.9441475926776		1	0.7593323734414006		1	0.8209374465201337		1	expression_driven
MouseBrainSerialSections	seurat_mvp	5000	scvi	0.6965175564897138		1	0.7827171509645844		1	0.7396173537271491		1	0.741210638361065		1	0.8620565748905791		1	0.8016336066258221		1	0.9515141027359776		1	0.7706254801764856		1	0.8309216876963162		1	expression_driven
MouseBrainSerialSections	seurat_sct	100	cellcharter	0.6023670571583946		1	0.8103617679702844		1	0.7063644125643395		1	0.7634632062215037		1	0.7823597375919045		1	0.7729114719067041		1	0.9359483008919891		1	0.7396379422355217		1	0.8050747284543442		1	expression_driven
MouseBrainSerialSections	seurat_sct	100	scvi	0.7494235095499171		1	0.7795366198691038		1	0.7644800647095105		1	0.7228820132863224		1	0.816032900599009		1	0.7694574569426658		1	0.9442300275883211		1	0.7669687608260881		1	0.8260558497468325		1	expression_driven
MouseBrainSerialSections	seurat_sct	1000	cellcharter	0.610291677461218		1	0.8555124995924942		1	0.7329020885268561		1	0.7768450382866184		1	0.8305757529582986		1	0.8037103956224585		1	0.9550521257275177		1	0.7683062420746574		1	0.8305548699589442		1	expression_driven
MouseBrainSerialSections	seurat_sct	1000	scvi	0.6515261627083943		1	0.7943377661984117		1	0.7229319644534029		1	0.7421176086160409		1	0.8314305862718254		1	0.7867740974439332		1	0.9230901353569259		1	0.7548530309486681		1	0.8109320657514206		1	expression_driven
MouseBrainSerialSections	seurat_sct	10000	cellcharter	0.5961761703908446		1	0.838965103779924		1	0.7175706370853843		1	0.7545292443185777		1	0.8135747938183633		1	0.7840520190684706		1	0.9380365857915218		1	0.7508113280769274		1	0.8132197473151255		1	expression_driven
MouseBrainSerialSections	seurat_sct	10000	scvi	0.03244375824889569		1	0.5440037775825218		1	0.28822376791570875		1	0.6445136176416638		1	0.4914839605816612		1	0.5679987891116625		1	0.29132315714272405		1	0.4281112785136856		1	0.38251523805669835		1	expression_driven
MouseBrainSerialSections	seurat_sct	200	cellcharter	0.6128011624919196		1	0.8214502820243178		1	0.7171257222581187		1	0.7722923747305211		1	0.7995978302055522		1	0.7859451024680366		1	0.9388306450826569		1	0.7515354123630776		1	0.8139671566029373		1	expression_driven
MouseBrainSerialSections	seurat_sct	200	scvi	0.7235780515718154		1	0.7939262763329864		1	0.7587521639524009		1	0.7442591927395524		1	0.8729301799944703		1	0.8085946863670114		1	0.9458597358037181		1	0.7836734251597062		1	0.8377355287077101		1	expression_driven
MouseBrainSerialSections	seurat_sct	2000	cellcharter	0.5958966888970946	0.00950115625624761	3	0.8465845957996135	0.010183781444987152	3	0.721240642348354	0.0016796292596057629	3	0.7883701548227969	0.0008346878300643461	3	0.7931737624121342	0.016687427208480918	3	0.7907719586174656	0.00825228086621178	3	0.9662894311696322	0.00995647943178666	3	0.7560063004829098	0.004963285358892418	3	0.8261006773784839	0.006291749556369336	3	expression_driven
MouseBrainSerialSections	seurat_sct	2000	scvi	0.39283545185753993	0.11901910038767408	3	0.6841216961963914	0.05031438720352115	3	0.5384785740269656	0.08462245610047793	3	0.6721726507087569	0.08305580825307865	3	0.7238901905417797	0.144385833643954	3	0.6980314206252682	0.11315591354670054	3	0.8165984149578529	0.11318496966820986	3	0.618254997326117	0.09861810960163225	3	0.684369469870029	0.10307262681041486	3	expression_driven
MouseBrainSerialSections	seurat_sct	500	cellcharter	0.6161825329860271		1	0.8212633987695397		1	0.7187229658777834		1	0.77883787015745		1	0.7990043619118197		1	0.7889211160346348		1	0.9440883197882537		1	0.7538220409562091		1	0.8172441339002239		1	expression_driven
MouseBrainSerialSections	seurat_sct	500	scvi	0.6502355952296259		1	0.8055178870320401		1	0.727876741130833		1	0.7653091796531363		1	0.8684538198298629		1	0.8168814997414996		1	0.9570672591434309		1	0.7723791204361663		1	0.8339418333385878		1	expression_driven
MouseBrainSerialSections	seurat_sct	5000	cellcharter	0.6334009791454808		1	0.851908358955112		1	0.7426546690502964		1	0.7731477275156645		1	0.8163148542817096		1	0.794731290898687		1	0.9527941710100621		1	0.7686929799744917		1	0.8300600436530151		1	expression_driven
MouseBrainSerialSections	seurat_sct	5000	scvi	0.038708992594972756		1	0.5541844164109622		1	0.29644670450296745		1	0.6750670175521499		1	0.6739409351244666		1	0.6745039763383083		1	0.27208146431473995		1	0.4854753404206379		1	0.4143440483853386		1	expression_driven
MouseBrainSerialSections	seurat_vst	100	cellcharter	0.7150222075583081		1	0.7603579878014589		1	0.7376900976798835		1	0.7430690126136751		1	0.6321201407094682		1	0.6875945766615716		1	0.9166224202045675		1	0.7126423371707276		1	0.7806356981820075		1	expression_driven
MouseBrainSerialSections	seurat_vst	100	scvi	0.7729036481202504		1	0.6737570865798099		1	0.7233303673500302		1	0.6161558245202693		1	0.6570427875290414		1	0.6365993060246553		1	0.8890629989574232		1	0.6799648366873428		1	0.7496642241107029		1	expression_driven
MouseBrainSerialSections	seurat_vst	1000	cellcharter	0.7103501540448517		1	0.7950352700032773		1	0.7526927120240645		1	0.7855354948049039		1	0.7838408762650771		1	0.7846881855349905		1	0.9501351962686988		1	0.7686904487795275		1	0.829172031275918		1	expression_driven
MouseBrainSerialSections	seurat_vst	1000	scvi	0.7088049561437704		1	0.796299660829906		1	0.7525523084868382		1	0.7593446572965993		1	0.9067384491508916		1	0.8330415532237454		1	0.9418207522486781		1	0.7927969308552918		1	0.8424715379864205		1	expression_driven
MouseBrainSerialSections	seurat_vst	10000	cellcharter	0.5942145938357888		1	0.8398488151268249		1	0.7170317044813068		1	0.7771566343851228		1	0.8488208102038775		1	0.8129887222945001		1	0.9577881170362608		1	0.7650102133879035		1	0.8292695146040225		1	expression_driven
MouseBrainSerialSections	seurat_vst	10000	scvi	0.1503330395696041		1	0.6917882397911757		1	0.42106063968038987		1	0.7438888245035216		1	0.7889684483625259		1	0.7664286364330237		1	0.7753814263016872		1	0.5937446380567069		1	0.654290234138367		1	expression_driven
MouseBrainSerialSections	seurat_vst	200	cellcharter	0.7096660259982902		1	0.7654650193134183		1	0.7375655226558542		1	0.7628756178867864		1	0.7952854430474333		1	0.7790805304671098		1	0.9372443908312877		1	0.758323026561482		1	0.8179634813180838		1	expression_driven
MouseBrainSerialSections	seurat_vst	200	scvi	0.7455845952634328		1	0.7216569301622864		1	0.7336207627128596		1	0.6868401601788411		1	0.7280705129867105		1	0.7074553365827758		1	0.9094886234604269		1	0.7205380496478178		1	0.7835215742520208		1	expression_driven
MouseBrainSerialSections	seurat_vst	2000	cellcharter	0.6771244055770543	0.010446051223092903	3	0.7913104422543075	0.015980120371064853	3	0.7342174239156809	0.0029289619405592827	3	0.7862298450768295	0.003383314124627402	3	0.80455079461226	0.004276034572749124	3	0.7953903198445448	0.00351747581960633	3	0.9569038200382657	0.008682669770699201	3	0.7648038718801128	0.003220186863208178	3	0.8288371879328303	0.0013121993389820482	3	expression_driven
MouseBrainSerialSections	seurat_vst	2000	scvi	0.5921819167495489	0.1555662729526645	3	0.7707742872732862	0.02803770266454504	3	0.6814781020114177	0.09041823448944225	3	0.724438591479683	0.008395727349669365	3	0.7659580906617979	0.06720909202405391	3	0.7451983410707405	0.035501057436674144	3	0.926931904047739	0.03640852585696422	3	0.7133382215410791	0.06168871868686131	3	0.7845361157099656	0.0531281629660761	3	expression_driven
MouseBrainSerialSections	seurat_vst	500	cellcharter	0.7061147878115543		1	0.7875610036877361		1	0.7468378957496452		1	0.7756739889029375		1	0.8047814797157337		1	0.7902277343093356		1	0.9493971367735116		1	0.7685328150294903		1	0.8288209222774974		1	expression_driven
MouseBrainSerialSections	seurat_vst	500	scvi	0.7286575496982154		1	0.7721752008349602		1	0.7504163752665878		1	0.729692120544761		1	0.7850205656116038		1	0.7573563430781824		1	0.945781321893918		1	0.7538863591723851		1	0.8178513467462295		1	expression_driven
MouseBrainSerialSections	seurat_vst	5000	cellcharter	0.6118589263998341		1	0.8487240312602595		1	0.7302914788300467		1	0.7837846060426911		1	0.8141979854475697		1	0.7989912957451304		1	0.9538739243055112		1	0.7646413872875886		1	0.8277188996268962		1	expression_driven
MouseBrainSerialSections	seurat_vst	5000	scvi	0.2939533217976146		1	0.6285203867806926		1	0.46123685428915356		1	0.6121827501042719		1	0.5920042122923399		1	0.6020934811983059		1	0.859612073328541		1	0.5316651677437297		1	0.6409808029386669		1	expression_driven
MouseBrainSerialSections	singleCellHaystack	100	cellcharter	0.7241361747466508		1	0.7718607159371342		1	0.7479984453418925		1	0.759376389394379		1	0.8025466876739082		1	0.7809615385341436		1	0.9531176734677862		1	0.7644799919380181		1	0.8273592191146074		1	expression_driven
MouseBrainSerialSections	singleCellHaystack	100	scvi	0.699559420102818		1	0.641578609753654		1	0.670569014928236		1	0.6373795810184671		1	0.6409017034774698		1	0.6391406422479684		1	0.917555457406439		1	0.6548548285881022		1	0.7424217048608811		1	expression_driven
MouseBrainSerialSections	singleCellHaystack	1000	cellcharter	0.6426679966320689		1	0.8096230641218535		1	0.7261455303769612		1	0.7892866056561413		1	0.8439265909153266		1	0.816606598285734		1	0.947613229913308		1	0.7713760643313476		1	0.830121786192001		1	expression_driven
MouseBrainSerialSections	singleCellHaystack	1000	scvi	0.5566031439979928		1	0.6257049492270971		1	0.5911540466125449		1	0.7559798082762388		1	0.7133034091851411		1	0.73464160873069		1	0.9118104465281284		1	0.6628978276716174		1	0.7458687006237877		1	expression_driven
MouseBrainSerialSections	singleCellHaystack	10000	cellcharter	0.5920485229129508		1	0.8335835236059728		1	0.7128160232594618		1	0.779506006193139		1	0.7896995510405189		1	0.784602778616829		1	0.9422490729073552		1	0.7487094009381454		1	0.813222624927882		1	expression_driven
MouseBrainSerialSections	singleCellHaystack	10000	scvi	0.08198323289092549		1	0.6003695332025024		1	0.34117638304671394		1	0.7109811135872993		1	0.5166870464487672		1	0.6138340800180333		1	0.6773427626247518		1	0.4775052315323736		1	0.5441177418964996		1	expression_driven
MouseBrainSerialSections	singleCellHaystack	200	cellcharter	0.6989377698423875		1	0.7982268838323752		1	0.7485823268373814		1	0.7760868808462077		1	0.7931505585927533		1	0.7846187197194805		1	0.946682168670278		1	0.766600523278431		1	0.8266277384090467		1	expression_driven
MouseBrainSerialSections	singleCellHaystack	200	scvi	0.5942156516466824		1	0.6090220962088755		1	0.601618873927779		1	0.6621724509599548		1	0.6471431700503525		1	0.6546578105051537		1	0.9148345951063046		1	0.6281383422164664		1	0.7237037598464124		1	expression_driven
MouseBrainSerialSections	singleCellHaystack	2000	cellcharter	0.6316011492833475	0.013788030131534113	3	0.8045800120569266	0.00912864286274092	3	0.7180905806701371	0.0032987653239114085	3	0.7942134490643737	0.005125286083189049	3	0.8028206220738406	0.04473266360925119	3	0.7985170355691072	0.02359466692656248	3	0.9579679721061085	0.009665156271908434	3	0.7583038081196222	0.012685859970418423	3	0.8248585294484508	0.0057649887337729265	3	expression_driven
MouseBrainSerialSections	singleCellHaystack	2000	scvi	0.3733886219265857	0.20423454302089974	3	0.7086102652976015	0.04767910939225134	3	0.5409994436120936	0.11386471296797279	3	0.759654972858391	0.04227815099114913	3	0.7982646910283303	0.12421245561482579	3	0.7789598319433607	0.0830630951377064	3	0.8290934718305504	0.0580434396745255	3	0.6599796377777271	0.03817491427054757	3	0.7163509157953349	0.039624422424275774	3	expression_driven
MouseBrainSerialSections	singleCellHaystack	500	cellcharter	0.654392194248764		1	0.8067164591694918		1	0.7305543267091279		1	0.7942789902270477		1	0.8046627174410919		1	0.7994708538340698		1	0.9432638142026883		1	0.7650125902715988		1	0.8244296649152952		1	expression_driven
MouseBrainSerialSections	singleCellHaystack	500	scvi	0.6146425016782459		1	0.6509148701714458		1	0.6327786859248459		1	0.7178137964829534		1	0.6730360705923073		1	0.6954249335376304		1	0.9231239080781091		1	0.6641018097312381		1	0.7504425091801951		1	expression_driven
MouseBrainSerialSections	singleCellHaystack	5000	cellcharter	0.6098888804769039		1	0.8514825264893958		1	0.7306857034831499		1	0.7725862548207161		1	0.7771828881601706		1	0.7748845714904433		1	0.9461311615010597		1	0.7527851374867967		1	0.8172338121582176		1	expression_driven
MouseBrainSerialSections	singleCellHaystack	5000	scvi	0.07554187610182672		1	0.6409769935699452		1	0.35825943483588596		1	0.7470869930434105		1	0.663806912683994		1	0.7054469528637023		1	0.5746532845829271		1	0.5318531938497941		1	0.5461198907608384		1	expression_driven
MouseBrainSerialSections	somde	100	cellcharter	0.5503685346591156		1	0.8283822191766875		1	0.6893753769179016		1	0.7625093358925259		1	0.7883074934907067		1	0.7754084146916163		1	0.9463480946136625		1	0.7323918958047589		1	0.8037106287410601		1	spatially_informed
MouseBrainSerialSections	somde	100	scvi	0.6948368732361652		1	0.7908700712875185		1	0.7428534722618418		1	0.7602110404800864		1	0.8615638846763418		1	0.8108874625782141		1	0.9335244677253984		1	0.776870467420028		1	0.8290884675218182		1	spatially_informed
MouseBrainSerialSections	somde	1000	cellcharter	0.5329397000842357		1	0.8678533801901921		1	0.7003965401372139		1	0.786209567678048		1	0.8272652575031949		1	0.8067374125906215		1	0.9535881616215233		1	0.7535669763639177		1	0.8202407047831195		1	spatially_informed
MouseBrainSerialSections	somde	1000	scvi	0.609929282115329		1	0.8406362261780955		1	0.7252827541467123		1	0.7541718968883279		1	0.8945662699749122		1	0.82436908343162		1	0.9461690791523316		1	0.7748259187891662		1	0.831940305576888		1	spatially_informed
MouseBrainSerialSections	somde	10000	cellcharter	0.5744566991282472		1	0.8668025692244374		1	0.7206296341763423		1	0.7781403276002449		1	0.8035828211957975		1	0.7908615743980212		1	0.940549216276706		1	0.7557456042871817		1	0.8173468082836898		1	spatially_informed
MouseBrainSerialSections	somde	10000	scvi	0.007553782187131142		1	0.49260567965744323		1	0.2500797309222872		1	0.6659244928234848		1	0.5740925014091156		1	0.6200084971163002		1	0.2625809486350409		1	0.4350441140192937		1	0.3775563922245428		1	spatially_informed
MouseBrainSerialSections	somde	200	cellcharter	0.5085720957636624		1	0.8436104816312543		1	0.6760912886974584		1	0.7927852241409418		1	0.8163604544272206		1	0.8045728392840812		1	0.9429753220564976		1	0.7403320639907698		1	0.8078798166793457		1	spatially_informed
MouseBrainSerialSections	somde	200	scvi	0.6489328247039501		1	0.8456897701345383		1	0.7473112974192442		1	0.7665291033663819		1	0.8985870367065538		1	0.8325580700364679		1	0.9378302340585594		1	0.789934683727856		1	0.8392332005047572		1	spatially_informed
MouseBrainSerialSections	somde	2000	cellcharter	0.5603408659470811	0.008532017507117849	3	0.8690254335762102	0.010958348916722116	3	0.7146831497616457	0.009482639309839771	3	0.7881406096907634	0.0008920293268308927	3	0.8064321637125028	0.019780994836719946	3	0.7972863867016331	0.009465118952832736	3	0.961701818563086	0.003908801210982502	3	0.7559847682316394	0.009271788306895408	3	0.8245571183421215	0.005361633773308074	3	spatially_informed
MouseBrainSerialSections	somde	2000	scvi	0.31037069318639404	0.04371081427024684	3	0.6407593908060891	0.07286096583695245	3	0.47556504199624156	0.05198248635934083	3	0.5874510950355212	0.05302149866191731	3	0.46390071873340744	0.1362291163559414	3	0.5256759068844643	0.09449959426893917	3	0.7949864941489647	0.04946055891415767	3	0.500620474440353	0.07175389524787179	3	0.5987424810098901	0.041158064372408106	3	spatially_informed
MouseBrainSerialSections	somde	500	cellcharter	0.524339598359002		1	0.8523053667080259		1	0.6883224825335139		1	0.7873822228883024		1	0.8037849199407074		1	0.795583571414505		1	0.9452255385856565		1	0.7419530269740094		1	0.8097105308445585		1	spatially_informed
MouseBrainSerialSections	somde	500	scvi	0.6357203737862896		1	0.8422064587867526		1	0.7389634162865211		1	0.7622662943911434		1	0.8457287176928159		1	0.8039975060419796		1	0.9404791437798931		1	0.7714804611642503		1	0.8278133553694645		1	spatially_informed
MouseBrainSerialSections	somde	5000	cellcharter	0.5659804679578091		1	0.9043149023687518		1	0.7351476851632804		1	0.7737408112752052		1	0.8543158792265739		1	0.8140283452508896		1	0.9460942791046832		1	0.774588015207085		1	0.8317567698396178		1	spatially_informed
MouseBrainSerialSections	somde	5000	scvi	0.07052582155631483		1	0.5984117077569521		1	0.33446876465663344		1	0.6758971920981333		1	0.42637899733704404		1	0.5511380947175887		1	0.21665576943472512		1	0.44280342968711106		1	0.3674208762696491		1	spatially_informed
MouseBrainSerialSections	sparkx	100	cellcharter	0.5705252143643293		1	0.8181770973978248		1	0.6943511558810771		1	0.7697755762094681		1	0.7433546723985089		1	0.7565651243039886		1	0.9299262071878479		1	0.7254581400925328		1	0.7936141624576378		1	spatially_informed
MouseBrainSerialSections	sparkx	100	scvi	0.6707933852982946		1	0.8188437362021564		1	0.7448185607502256		1	0.7430815635086878		1	0.8421589818707883		1	0.792620272689738		1	0.9311119404544339		1	0.7687194167199818		1	0.8228502579647992		1	spatially_informed
MouseBrainSerialSections	sparkx	1000	cellcharter	0.5819159675694474		1	0.8505922496271412		1	0.7162541085982943		1	0.7923020707225349		1	0.8270132738278595		1	0.8096576722751971		1	0.9452224741822344		1	0.7629558904367457		1	0.8237114183519086		1	spatially_informed
MouseBrainSerialSections	sparkx	1000	scvi	0.36092950008727825		1	0.7298712545804581		1	0.5454003773338681		1	0.6812544030991939		1	0.6352462390302358		1	0.6582503210647148		1	0.8305681330994398		1	0.6018253491992915		1	0.6780729438326744		1	spatially_informed
MouseBrainSerialSections	sparkx	10000	cellcharter	0.5770042565291922		1	0.805242787151114		1	0.691123521840153		1	0.784529382112817		1	0.7793616573300699		1	0.7819455197214434		1	0.9412552380923165		1	0.7365345207807983		1	0.8047747598846376		1	spatially_informed
MouseBrainSerialSections	sparkx	10000	scvi	0.12360516163159403		1	0.573961643800627		1	0.3487834027161105		1	0.7114310241634106		1	0.4464885578358837		1	0.5789597909996471		1	0.5396679462881319		1	0.4638715968578788		1	0.4891370466679632		1	spatially_informed
MouseBrainSerialSections	sparkx	200	cellcharter	0.5671593530956085		1	0.8191826414361054		1	0.693170997265857		1	0.7858325506977476		1	0.8347046630331911		1	0.8102686068654694		1	0.9421848099449641		1	0.7517198020656632		1	0.8152081380254302		1	spatially_informed
MouseBrainSerialSections	sparkx	200	scvi	0.6317339510827673		1	0.7724585316056102		1	0.7020962413441887		1	0.7521583261629999		1	0.809921061357079		1	0.7810396937600395		1	0.9332737393737118		1	0.7415679675521141		1	0.8054698914926467		1	spatially_informed
MouseBrainSerialSections	sparkx	2000	cellcharter	0.5856846577401259	0.006410900655569662	3	0.8526535045227696	0.014770120530253603	3	0.7191690811314477	0.005215793903843778	3	0.7874367428727673	0.008299739551471955	3	0.8318105111550751	0.038420661980272164	3	0.8096236270139211	0.01609234404737555	3	0.9616892880306862	0.009066219116657614	3	0.7643963540726845	0.005984945735013534	3	0.8301606653920185	0.005692885537093924	3	spatially_informed
MouseBrainSerialSections	sparkx	2000	scvi	0.22237694164952204	0.10218492867520255	3	0.6306126083251876	0.06677072779553535	3	0.42649477498735483	0.02948326961372239	3	0.6514298452862044	0.1123492835584007	3	0.6034921441415481	0.14771790895345732	3	0.6274609947138763	0.12997353716637453	3	0.677861387268424	0.16394684991915645	3	0.5269778848506156	0.05544276898654151	3	0.5772723856565517	0.02484506225232051	3	spatially_informed
MouseBrainSerialSections	sparkx	500	cellcharter	0.5771662308582566		1	0.8571348689539662		1	0.7171505499061114		1	0.7903323424408644		1	0.793925177608011		1	0.7921287600244377		1	0.9490341275270064		1	0.7546396549652745		1	0.8194378124858518		1	spatially_informed
MouseBrainSerialSections	sparkx	500	scvi	0.6095649354976771		1	0.7774704348261474		1	0.6935176851619123		1	0.7595461768142204		1	0.8371279059307027		1	0.7983370413724615		1	0.9074929135966687		1	0.7459273632671869		1	0.7997825467103475		1	spatially_informed
MouseBrainSerialSections	sparkx	5000	cellcharter	0.56058969653778		1	0.8616511065878998		1	0.7111204015628398		1	0.7857236194229076		1	0.8445153489501177		1	0.8151194841865126		1	0.9448263416872364		1	0.7631199428746762		1	0.823688742478863		1	spatially_informed
MouseBrainSerialSections	sparkx	5000	scvi	0.030004799439908962		1	0.521045142400432		1	0.2755249709201705		1	0.6823898655880312		1	0.7862508960247169		1	0.7343203808063741		1	0.4787191791793256		1	0.5049226758632723		1	0.4961881769686234		1	spatially_informed
MouseBrainSerialSections	spatialde	100	cellcharter	0.5709400924135248		1	0.816709204777472		1	0.6938246485954984		1	0.7697453689249656		1	0.8260124685217858		1	0.7978789187233757		1	0.940219041643851		1	0.745851783659437		1	0.8106408696542416		1	spatially_informed
MouseBrainSerialSections	spatialde	100	scvi	0.6757570678381388		1	0.7700515044411905		1	0.7229042861396646		1	0.7378432384342698		1	0.9065812105405979		1	0.8222122244874339		1	0.9424684873796896		1	0.7725582553135493		1	0.8291949993355962		1	spatially_informed
MouseBrainSerialSections	spatialde	1000	cellcharter	0.5623284098394041		1	0.825783456776189		1	0.6940559333077966		1	0.7920968117111121		1	0.8343976054229063		1	0.8132472085670093		1	0.9538356862994524		1	0.753651570937403		1	0.8203796093914194		1	spatially_informed
MouseBrainSerialSections	spatialde	1000	scvi	0.3899642869016262		1	0.6930192380688798		1	0.541491762485253		1	0.6506834962953213		1	0.5880248924186506		1	0.619354194356986		1	0.8508435298447841		1	0.5804229784211195		1	0.6705631622290076		1	spatially_informed
MouseBrainSerialSections	spatialde	10000	cellcharter	0.5586700073210389		1	0.856682940710663		1	0.707676474015851		1	0.7729258976725818		1	0.7994384526414128		1	0.7861821751569973		1	0.939136649718981		1	0.7469293245864241		1	0.8109984329639431		1	spatially_informed
MouseBrainSerialSections	spatialde	10000	scvi	0.02464447916168195		1	0.5222201364560106		1	0.2734323078088463		1	0.7232521820955425		1	0.9297464042271195		1	0.8264992931613311		1	0.25788708471367394		1	0.5499658004850887		1	0.4526062285612838		1	spatially_informed
MouseBrainSerialSections	spatialde	200	cellcharter	0.5409013335591599		1	0.8457254049029324		1	0.6933133692310461		1	0.7801200464027205		1	0.8261215033281024		1	0.8031207748654114		1	0.9504079479951096		1	0.7482170720482288		1	0.8156140306971892		1	spatially_informed
MouseBrainSerialSections	spatialde	200	scvi	0.6475585059245292		1	0.7826421280973666		1	0.7151003170109479		1	0.7411927289886756		1	0.9263702190983145		1	0.833781474043495		1	0.9512674814078004		1	0.7744408955272215		1	0.8333830908207478		1	spatially_informed
MouseBrainSerialSections	spatialde	2000	cellcharter	0.5713182050508542	0.005856908500547118	3	0.8606553908338096	0.01165883334283833	3	0.7159867979423318	0.006677053745142905	3	0.7904522995987199	0.006600045026387065	3	0.7905088747872812	0.014246734901220321	3	0.7904805871930005	0.009798547482027277	3	0.9617822467968171	0.010993138964091403	3	0.7532336925676661	0.006840600681656694	3	0.8227498773107165	0.00329501011272683	3	spatially_informed
MouseBrainSerialSections	spatialde	2000	scvi	0.3350348111232724	0.15501621644917407	3	0.628351809306333	0.12179829804754014	3	0.4816933102148027	0.13428451605349365	3	0.6100935403052913	0.11941570197952939	3	0.5060126385700396	0.3042275660144162	3	0.5580530894376655	0.2095662084065554	3	0.7696618189768712	0.10696339033947898	3	0.5198731998262341	0.17144079551136895	3	0.6031360728764464	0.14994071046168306	3	spatially_informed
MouseBrainSerialSections	spatialde	500	cellcharter	0.5487466704454838		1	0.8502947198211581		1	0.6995206951333209		1	0.7914072879517525		1	0.8178618113365208		1	0.8046345496441367		1	0.9429889583955064		1	0.7520776223887289		1	0.8157147343909882		1	spatially_informed
MouseBrainSerialSections	spatialde	500	scvi	0.607393835072905		1	0.7662650228953984		1	0.6868294289841517		1	0.764414457056979		1	0.8601404966469051		1	0.8122774768519421		1	0.9135700006250884		1	0.7495534529180469		1	0.8042256354870606		1	spatially_informed
MouseBrainSerialSections	spatialde	5000	cellcharter	0.5772515278708468		1	0.8739680248228339		1	0.7256097763468403		1	0.7756067817729738		1	0.8015430746957151		1	0.7885749282343444		1	0.9444086251584713		1	0.7570923522905924		1	0.8195311099132186		1	spatially_informed
MouseBrainSerialSections	spatialde	5000	scvi	0.11434709239769186		1	0.5804032448919574		1	0.34737516864482465		1	0.6895079211996303		1	0.42604604401542556		1	0.557776982607528		1	0.5707230708929164		1	0.4525760756261763		1	0.4919584073817564		1	spatially_informed
MouseBrainSerialSections	statistic_mean	100	cellcharter	0.49271714919565457		1	0.8701202919188105		1	0.6814187205572325		1	0.7362577907347143		1	0.8434147116228958		1	0.7898362511788051		1	0.9332918992271242		1	0.7356274858680187		1	0.8015156236543873		1	expression_driven
MouseBrainSerialSections	statistic_mean	100	scvi	0.7402047769966983		1	0.7730111480753203		1	0.7566079625360094		1	0.5114832595165996		1	0.4959459159514312		1	0.5037145877340155		1	0.8856150026299358		1	0.6301612751350124		1	0.7153125176333202		1	expression_driven
MouseBrainSerialSections	statistic_mean	1000	cellcharter	0.5441647901658647		1	0.8941588848400148		1	0.7191618375029398		1	0.770536872978595		1	0.7914851834543319		1	0.7810110282164635		1	0.9442594952108012		1	0.7500864328597017		1	0.8148107869767349		1	expression_driven
MouseBrainSerialSections	statistic_mean	1000	scvi	0.2618453438791651		1	0.3901179357272062		1	0.3259816398031856		1	0.4671758753495813		1	0.3262091843842294		1	0.3966925298669054		1	0.5941337412967304		1	0.3613370848350455		1	0.43893597032227377		1	expression_driven
MouseBrainSerialSections	statistic_mean	10000	cellcharter	0.5922282260597943		1	0.8337117052955454		1	0.7129699656776698		1	0.7516637071478712		1	0.777717392919405		1	0.7646905500336381		1	0.9167777359664451		1	0.7388302578556539		1	0.7981460838925843		1	expression_driven
MouseBrainSerialSections	statistic_mean	10000	scvi	0.18935941022860828		1	0.5425256900649982		1	0.3659425501468032		1	0.5783568418386008		1	0.36501365973845834		1	0.4716852507885296		1	0.5604336399920775		1	0.4188139004676664		1	0.4660204803091368		1	expression_driven
MouseBrainSerialSections	statistic_mean	200	cellcharter	0.5172514081825824		1	0.8978434124922481		1	0.7075474103374153		1	0.7413321743900786		1	0.9149050068229696		1	0.828118590606524		1	0.9263812406832667		1	0.7678330004719697		1	0.8206824138757353		1	expression_driven
MouseBrainSerialSections	statistic_mean	200	scvi	0.5528435943124222		1	0.6978663271885447		1	0.6253549607504835		1	0.5066527498937355		1	0.46349087401686623		1	0.4850718119553009		1	0.8573619880795127		1	0.5552133863528922		1	0.6559295869284324		1	expression_driven
MouseBrainSerialSections	statistic_mean	2000	cellcharter	0.5590039610639507	0.011513349119621909	3	0.8689670150488281	0.02157350643241621	3	0.7139854880563895	0.015838851602885656	3	0.7737858317959126	0.011621453058937473	3	0.8219931695292605	0.05439234699110643	3	0.7978895006625866	0.023371907014345175	3	0.952083567537707	0.008115255835522837	3	0.755937494359488	0.0158158284477608	3	0.8213195187522276	0.00991860054116332	3	expression_driven
MouseBrainSerialSections	statistic_mean	2000	scvi	0.22624259377086262	0.10541790730347264	3	0.5006916209759891	0.07527052242233956	3	0.36346710737342586	0.02093856406652322	3	0.5696514446686676	0.12645354394637995	3	0.3887849338894349	0.08461766965969608	3	0.4792181892790513	0.10526640834760279	3	0.5974827693742535	0.09194641667675968	3	0.4213426483262386	0.04398168819892416	3	0.4800560220089101	0.04136845265765235	3	expression_driven
MouseBrainSerialSections	statistic_mean	500	cellcharter	0.5523021774815672		1	0.8734325677720235		1	0.7128673726267953		1	0.767934595407366		1	0.7647660356635052		1	0.7663503155354356		1	0.9365339104362354		1	0.7396088440811155		1	0.8052505328661553		1	expression_driven
MouseBrainSerialSections	statistic_mean	500	scvi	0.3972039328237441		1	0.7112331146531424		1	0.5542185237384433		1	0.50435209454341		1	0.4480613628373743		1	0.47620672869039216		1	0.7326578615098749		1	0.5152126262144177		1	0.5876943713129034		1	expression_driven
MouseBrainSerialSections	statistic_mean	5000	cellcharter	0.5781094037914997		1	0.8738493179403315		1	0.7259793608659155		1	0.7653544619637894		1	0.8021636501549295		1	0.7837590560593595		1	0.9389032105507624		1	0.7548692084626375		1	0.8162138758253459		1	expression_driven
MouseBrainSerialSections	statistic_mean	5000	scvi	0.19816952272735397		1	0.4706650803580253		1	0.3344173015426896		1	0.557025786210859		1	0.3402581850974066		1	0.44864198565413277		1	0.4255040910274043		1	0.3915296435984112		1	0.40285445940807557		1	expression_driven
MouseBrainSerialSections	statistic_variance	100	cellcharter	0.6159310787616072		1	0.8001620760248348		1	0.708046577393221		1	0.7656577767329801		1	0.8028709867498156		1	0.7842643817413979		1	0.9419946389541076		1	0.7461554795673094		1	0.8114351993629088		1	expression_driven
MouseBrainSerialSections	statistic_variance	100	scvi	0.7202992392621164		1	0.7622736945579676		1	0.741286466910042		1	0.6986332330259105		1	0.865395096727602		1	0.7820141648767562		1	0.9400606459401513		1	0.7616503158933992		1	0.8211204259089833		1	expression_driven
MouseBrainSerialSections	statistic_variance	1000	cellcharter	0.6012111759588379		1	0.8607645142983454		1	0.7309878451285916		1	0.7668263703017647		1	0.9657974255366907		1	0.8663118979192277		1	0.9489126878895964		1	0.7986498715239096		1	0.8487374769791386		1	expression_driven
MouseBrainSerialSections	statistic_variance	1000	scvi	0.3323456168181661		1	0.5678042447504477		1	0.4500749307843069		1	0.5240370619355359		1	0.4026328814919623		1	0.4633349717137491		1	0.5545923824185591		1	0.456704951249028		1	0.489334094972205		1	expression_driven
MouseBrainSerialSections	statistic_variance	10000	cellcharter	0.5631240842252999		1	0.8284627409358085		1	0.6957934125805543		1	0.7759308767279968		1	0.8120574042118931		1	0.7939941404699449		1	0.9300527855987784		1	0.7448937765252496		1	0.8066134462164257		1	expression_driven
MouseBrainSerialSections	statistic_variance	10000	scvi	0.013194187361331511		1	0.4838528493081231		1	0.2485235183347273		1	0.6780483854128557		1	0.692921695538849		1	0.6854850404758523		1	0.1357109449320829		1	0.4670042794052898		1	0.35657316791422083		1	expression_driven
MouseBrainSerialSections	statistic_variance	200	cellcharter	0.6327745514835104		1	0.8122477127617485		1	0.7225111321226294		1	0.7724780343181616		1	0.8253705784409271		1	0.7989243063795444		1	0.9510749589482256		1	0.7607177192510869		1	0.8241701324834665		1	expression_driven
MouseBrainSerialSections	statistic_variance	200	scvi	0.6836627182130015		1	0.7281595629030044		1	0.705911140558003		1	0.7408936996969636		1	0.8411014077944465		1	0.790997553745705		1	0.9316270736555992		1	0.748454347151854		1	0.8095119226531023		1	expression_driven
MouseBrainSerialSections	statistic_variance	2000	cellcharter	0.5991159364954357	0.007244678239654294	3	0.8591732976251681	0.0037522606665365875	3	0.7291446170603019	0.0019193883952934685	3	0.7717363636220336	0.001556428430791295	3	0.7982180854668903	0.0046163894190842485	3	0.7849772245444621	0.0015458578029011406	3	0.9655023528078622	0.005575156537293042	3	0.757060920802382	0.0008583407507675053	3	0.8265413981375419	0.002106118670011956	3	expression_driven
MouseBrainSerialSections	statistic_variance	2000	scvi	0.06802118727203589	0.024408571300557444	3	0.5468134477886601	0.059077521147066346	3	0.307417317530348	0.041327403315959556	3	0.6999352085475651	0.03271688051026239	3	0.6708961962916845	0.11789236580971185	3	0.6854157024196247	0.05749838428707319	3	0.3886649340551586	0.0747564134167892	3	0.4964165099749864	0.0352137359253193	3	0.46049931800171046	0.048341648382127865	3	expression_driven
MouseBrainSerialSections	statistic_variance	500	cellcharter	0.6270798481150806		1	0.8270918436686521		1	0.7270858458918663		1	0.7782361657224177		1	0.8268710786544595		1	0.8025536221884386		1	0.9515194960545057		1	0.7648197340401525		1	0.827052988044937		1	expression_driven
MouseBrainSerialSections	statistic_variance	500	scvi	0.5866743253436917		1	0.7186131083025564		1	0.652643716823124		1	0.7052135096550257		1	0.7864269717521095		1	0.7458202407035677		1	0.8680415003263104		1	0.6992319787633459		1	0.755501819284334		1	expression_driven
MouseBrainSerialSections	statistic_variance	5000	cellcharter	0.586144556418229		1	0.842856002479005		1	0.714500279448617		1	0.7787404681139521		1	0.7910950237281762		1	0.7849177459210641		1	0.9465909217497126		1	0.7497090126848406		1	0.8153363157064645		1	expression_driven
MouseBrainSerialSections	statistic_variance	5000	scvi	0.02781190923611462		1	0.5033526992241774		1	0.265582304230146		1	0.6462287033842687		1	0.4421398168758155		1	0.5441842601300422		1	0.24572197368020043		1	0.40488328218009406		1	0.3518295126801296		1	expression_driven
MouseBrainSerialSections	triku	100	cellcharter	0.7868508419533928		1	0.5949934352608789		1	0.6909221386071358		1	0.7164992050284353		1	0.43598641831566387		1	0.5762428116720496		1	0.8157850090752339		1	0.6335824751395926		1	0.6943166531181397		1	expression_driven
MouseBrainSerialSections	triku	100	scvi	0.6385842337294099		1	0.39688249845963275		1	0.5177333660945214		1	0.5080247778684721		1	0.1965067308343174		1	0.35226575435139473		1	0.668763587727208		1	0.43499956022295805		1	0.5129209027243747		1	expression_driven
MouseBrainSerialSections	triku	1000	cellcharter	0.677677910829191		1	0.8089218654444703		1	0.7432998881368307		1	0.781267614282022		1	0.7745267365336643		1	0.7778971754078432		1	0.936682126259055		1	0.7605985317723369		1	0.8192930632679096		1	expression_driven
MouseBrainSerialSections	triku	1000	scvi	0.720190094260047		1	0.7872117174279398		1	0.7537009058439934		1	0.7829463363044246		1	0.8983397068876229		1	0.8406430215960237		1	0.9376661459791474		1	0.7971719637200085		1	0.8440033578063882		1	expression_driven
MouseBrainSerialSections	triku	10000	cellcharter	0.563511700061617		1	0.8660610842018515		1	0.7147863921317342		1	0.7754700391826496		1	0.8140670948831363		1	0.794768567032893		1	0.9414137356153351		1	0.7547774795823137		1	0.8169895649266542		1	expression_driven
MouseBrainSerialSections	triku	10000	scvi	0.07831792784544392		1	0.6232627880905595		1	0.3507903579680017		1	0.7383426944878243		1	0.8169432526215459		1	0.777642973554685		1	0.4885950338616649		1	0.5642166657613433		1	0.5390094551281172		1	expression_driven
MouseBrainSerialSections	triku	200	cellcharter	0.7807583425912961		1	0.7053641866711737		1	0.7430612646312349		1	0.7445501684988747		1	0.6185256119889204		1	0.6815378902438975		1	0.8767900576333395		1	0.7122995774375662		1	0.767129737502824		1	expression_driven
MouseBrainSerialSections	triku	200	scvi	0.8133022357169815		1	0.5738146729807028		1	0.6935584543488421		1	0.5578232938810246		1	0.5206912984767449		1	0.5392572961788847		1	0.8968531627898289		1	0.6164078752638634		1	0.7098896377725185		1	expression_driven
MouseBrainSerialSections	triku	2000	cellcharter	0.6724236594460599	0.0035534170091000394	3	0.8106368907917512	0.012675555420019458	3	0.7415302751189055	0.00767829955500058	3	0.7879867092953335	0.004450541574347505	3	0.791443536007468	0.011325683848534109	3	0.7897151226514008	0.00782826374023876	3	0.9582005346913459	0.008877644858986046	3	0.7656226988851532	0.007719743406946803	3	0.8298153108205506	0.007471013396273745	3	expression_driven
MouseBrainSerialSections	triku	2000	scvi	0.6890241279963183	0.004426449405556464	3	0.8115698259209831	0.004221648947908479	3	0.7502969769586508	0.0043176082003170855	3	0.7686762146605228	0.012490939566978367	3	0.8835387504131349	0.05489584341455617	3	0.826107482536829	0.03360431187916263	3	0.9586190990395614	0.005488620174068058	3	0.7882022297477397	0.018467766641292103	3	0.8450078528450137	0.013437023063705042	3	expression_driven
MouseBrainSerialSections	triku	500	cellcharter	0.7156087734754519		1	0.7900397827130539		1	0.7528242780942529		1	0.7696467645431383		1	0.7256078052527084		1	0.7476272848979233		1	0.9224778664026843		1	0.7502257814960881		1	0.8076431431316201		1	expression_driven
MouseBrainSerialSections	triku	500	scvi	0.7583085783030249		1	0.7191898507291916		1	0.7387492145161083		1	0.7402543803732443		1	0.7190564582250694		1	0.7296554192991569		1	0.9301357283755389		1	0.7342023169076326		1	0.7995134540636014		1	expression_driven
MouseBrainSerialSections	triku	5000	cellcharter	0.6091090736749156		1	0.8388046859252873		1	0.7239568798001015		1	0.7875591587686553		1	0.7859701702188149		1	0.7867646644937352		1	0.9521816905473529		1	0.7553607721469183		1	0.8209677449470631		1	expression_driven
MouseBrainSerialSections	triku	5000	scvi	0.31700242646738325		1	0.6791487914395465		1	0.4980756089534649		1	0.6424063860288145		1	0.5273868932625818		1	0.5848966396456982		1	0.8044862219582327		1	0.5414861242995815		1	0.6291528235191319		1	expression_driven
MouseBrainSerialSections	wilcoxon	100	cellcharter	0.773067796463243		1	0.6178545120143812		1	0.695461154238812		1	0.7869840086455188		1	0.006770674620602552		1	0.39687734163306065		1	0.8452784213056357		1	0.5461692479359364		1	0.6458723057258361		1	label_informed
MouseBrainSerialSections	wilcoxon	100	scvi	0.16893741164411719		1	0.26355318128750815		1	0.21624529646581267		1	0.8577363403796211		1	0.006288894637532815		1	0.43201261750857695		1	0.6015726529390187		1	0.3241289569871948		1	0.41661018897113616		1	label_informed
MouseBrainSerialSections	wilcoxon	1000	cellcharter	0.556446428981793		1	0.7814252001774009		1	0.6689358145795969		1	0.7612738929293293		1	0.6773169287258549		1	0.7192954108275922		1	0.9412953490940974		1	0.6941156127035946		1	0.7765088581670955		1	label_informed
MouseBrainSerialSections	wilcoxon	1000	scvi	0.3894271217679546		1	0.5756498905172287		1	0.48253850614259164		1	0.46393304102549604		1	0.23389338711799912		1	0.3489132140717476		1	0.7954603965075878		1	0.4157258601071696		1	0.542304038907309		1	label_informed
MouseBrainSerialSections	wilcoxon	10000	cellcharter	0.5484414195979295		1	0.8674246211949636		1	0.7079330203964465		1	0.7820535092435601		1	0.8624106876251076		1	0.8222320984343339		1	0.9510677904266194		1	0.7650825594153902		1	0.8270776364191331		1	label_informed
MouseBrainSerialSections	wilcoxon	10000	scvi	0.24199107648248247		1	0.5798328319369686		1	0.4109119542097255		1	0.4827501988194191		1	0.30885513553929533		1	0.3958026671793572		1	0.6848762472542678		1	0.40335731069454134		1	0.4971969562144502		1	label_informed
MouseBrainSerialSections	wilcoxon	200	cellcharter	0.9550951403583021		1	0.5124208806455435		1	0.7337580105019228		1	0.2628264876481244		1	0.006871373538451388		1	0.1348489305932879		1	0.7699733917549292		1	0.4343034705476053		1	0.5461934442833799		1	label_informed
MouseBrainSerialSections	wilcoxon	200	scvi	0.6068814446741497		1	0.23759121674111838		1	0.42223633070763406		1	0.35048146044109396		1	0.001685665431088827		1	0.1760835629360914		1	0.6385904975140798		1	0.29915994682186275		1	0.4123034637192684		1	label_informed
MouseBrainSerialSections	wilcoxon	2000	cellcharter	0.5256843457414475	0.002001996642587888	3	0.8290128720842777	0.012434418249715376	3	0.6773486089128626	0.005650161631975262	3	0.7772115030629975	0.0056610851364701	3	0.7776813342165596	0.009118714350301652	3	0.7774464186397786	0.00343387156254789	3	0.960402964907695	0.006278342771238391	3	0.7273975137763206	0.0012726391373534271	3	0.8050659974867788	0.0015594774160435476	3	label_informed
MouseBrainSerialSections	wilcoxon	2000	scvi	0.47954882498811063	0.061664842843589016	3	0.6875622944906384	0.05551395893649252	3	0.5835555597393746	0.039394296092823515	3	0.6448134476579049	0.018873273580611048	3	0.5831998824809558	0.062033685352238827	3	0.6140066650694304	0.037177663804701055	3	0.8814432632751145	0.04360592234529749	3	0.5987811124044025	0.03751042877701087	3	0.6930018293613064	0.036979681112227644	3	label_informed
MouseBrainSerialSections	wilcoxon	500	cellcharter	0.8430610548202537		1	0.7543245924340652		1	0.7986928236271595		1	0.6787852008479766		1	0.5040380023674708		1	0.5914116016077237		1	0.867758437176621		1	0.6950522126174417		1	0.7526209541371681		1	label_informed
MouseBrainSerialSections	wilcoxon	500	scvi	0.864719852294667		1	0.47918944518324635		1	0.6719546487389567		1	0.39186433202018295		1	0.23069914171365036		1	0.3112817368669166		1	0.7917976636133819		1	0.49161819280293667		1	0.5916780164064184		1	label_informed
MouseBrainSerialSections	wilcoxon	5000	cellcharter	0.55260603353214		1	0.8647735065242171		1	0.7086897700281786		1	0.7859893992945985		1	0.8065890489121708		1	0.7962892241033847		1	0.9525129048178653		1	0.7524894970657816		1	0.8191639663164763		1	label_informed
MouseBrainSerialSections	wilcoxon	5000	scvi	0.35264433080986035		1	0.650500956333577		1	0.5015726435717187		1	0.6052342866334349		1	0.49065165681957634		1	0.5479429717265056		1	0.7878605457675644		1	0.5247578076491122		1	0.6124587203552628		1	label_informed
STOmics0212	Brennecke	100	cellcharter	0.03152892602738829		1	0.7949746708244835		1	0.4132517984259359		1	0.7315453710225932		1	0.7329478935970206		1	0.7322466323098069		1			0	0.5727492153678714		1			0	expression_driven
STOmics0212	Brennecke	100	scvi	0.3476162355324416		1	0.7021693524655084		1	0.5248927939989749		1	0.6182401221937833		1	0.5873216418727276		1	0.6027808820332554		1			0	0.5638368380161152		1			0	expression_driven
STOmics0212	Brennecke	1000	cellcharter	0.012932732426711701		1	0.7956969795117079		1	0.4043148559692098		1	0.7367802814942536		1	0.8678315042187106		1	0.8023058928564821		1			0	0.603310374412846		1			0	expression_driven
STOmics0212	Brennecke	1000	scvi	0.3771370949460953		1	0.7208005940109131		1	0.5489688444785042		1	0.6246731841384396		1	0.6508651692991207		1	0.6377691767187802		1			0	0.5933690105986422		1			0	expression_driven
STOmics0212	Brennecke	10000	cellcharter	0.31817022836945796		1	0.621902173507282		1	0.47003620093837		1	0.701640370719264		1	0.5687823686878694		1	0.6352113697035666		1			0	0.5526237853209683		1			0	expression_driven
STOmics0212	Brennecke	10000	scvi	0.2899774791696651		1	0.5498144392603418		1	0.41989595921500344		1	0.5849204975784802		1	0.5159254931592566		1	0.5504229953688684		1			0	0.4851594772919359		1			0	expression_driven
STOmics0212	Brennecke	200	cellcharter	0.009477735231034776		1	0.7991872446321996		1	0.4043324899316172		1	0.7354032691454694		1	0.8178409682828671		1	0.7766221187141682		1			0	0.5904773043228927		1			0	expression_driven
STOmics0212	Brennecke	200	scvi	0.35543764730334676		1	0.7189561375708735		1	0.5371968924371101		1	0.6180454410702393		1	0.6098429601381206		1	0.61394420060418		1			0	0.5755705465206451		1			0	expression_driven
STOmics0212	Brennecke	2000	cellcharter	0.033773715461600726	0.007872606028962	3	0.8092516190224757	0.020022823403030045	3	0.4215126672420382	0.012466986835332743	3	0.723747066361554	0.005895718127746625	3	0.6911337850458873	0.046804556444971654	3	0.7074404257037207	0.02555739207266437	3			0	0.5644765464728794	0.008703538111984556	3			0	expression_driven
STOmics0212	Brennecke	2000	scvi	0.3435178294508984	0.03052960698259056	3	0.666007009923738	0.024877468454724615	3	0.5047624196873183	0.02622238325307075	3	0.6102358028258456	0.020793259222200548	3	0.5372506200011589	0.021941500782393587	3	0.5737432114135022	0.021057155180786487	3			0	0.5392528155504102	0.007763053081628582	3			0	expression_driven
STOmics0212	Brennecke	500	cellcharter	0.028987586351537253		1	0.797452973800553		1	0.41322028007604517		1	0.7277051580437898		1	0.8539628890854345		1	0.7908340235646121		1			0	0.6020271518203286		1			0	expression_driven
STOmics0212	Brennecke	500	scvi	0.355241226254376		1	0.7194019375807617		1	0.5373215819175688		1	0.6287746464151882		1	0.5978048235878318		1	0.6132897350015101		1			0	0.5753056584595395		1			0	expression_driven
STOmics0212	Brennecke	5000	cellcharter	0.18157180555080224		1	0.7851746878864265		1	0.48337324671861437		1	0.7016496754853435		1	0.6330792919601792		1	0.6673644837227614		1			0	0.5753688652206879		1			0	expression_driven
STOmics0212	Brennecke	5000	scvi	0.3149213471754665		1	0.6035477306863426		1	0.45923453893090455		1	0.6045299493829223		1	0.49327130916527384		1	0.5489006292740981		1			0	0.5040675841025013		1			0	expression_driven
STOmics0212	TFs	2000	cellcharter	0.42755259256541517	0.01298570821491179	3	0.6811931681599553	0.005981951659291416	3	0.5543728803626853	0.0052397507220989055	3	0.6620424016889984	0.009617021851466763	3	0.5478887614271569	0.04296645589331513	3	0.6049655815580777	0.01861550662804042	3			0	0.5796692309603815	0.011863840937281806	3			0	control
STOmics0212	TFs	2000	scvi	0.6652375937374461	0.01126297110852881	3	0.40390850073241724	0.018668501311402474	3	0.5345730472349316	0.014942122935028723	3	0.3993412739486571	0.014614837343816422	3	0.3115589070703951	0.027056717032543517	3	0.3554500905095261	0.015938783173989262	3			0	0.44501156887222887	0.008944940490133033	3			0	control
STOmics0212	all_features	all	cellcharter	0.40792717028344283	0.014470690837676192	3	0.5206606037875607	0.005780691725148585	3	0.4642938870355018	0.005270763045137682	3	0.7047727804695834	0.006091076365218299	3	0.5523156284345361	0.013404240848841394	3	0.6285442044520597	0.00860307530327509	3			0	0.5464190457437808	0.006710496069824446	3			0	control
STOmics0212	all_features	all	scvi	0.2048099957010482	0.011634047642284226	3	0.5424948940792221	0.02619078825071992	3	0.3736524448901351	0.018898463885682813	3	0.6092863412439583	0.015079577720640894	3	0.5123842526637791	0.0009517007565826901	3	0.5608352969538687	0.007680847227070784	3			0	0.4672438709220019	0.010937514597524461	3			0	control
STOmics0212	anticor	100	cellcharter	0.1098672343470657		1	0.8781604185687277		1	0.4940138264578967		1	0.7062129479090382		1	0.8870056357719127		1	0.7966092918404755		1			0	0.645311559149186		1			0	expression_driven
STOmics0212	anticor	100	scvi	0.47630885152891456		1	0.6682643167409886		1	0.5722865841349516		1	0.5886166682396708		1	0.8057901111783519		1	0.6972033897090113		1			0	0.6347449869219814		1			0	expression_driven
STOmics0212	anticor	1000	cellcharter	0.12906288743139263		1	0.8024556685796819		1	0.46575927800553724		1	0.7264651367887535		1	0.6309205464507499		1	0.6786928416197517		1			0	0.5722260598126445		1			0	expression_driven
STOmics0212	anticor	1000	scvi	0.38210905177237564		1	0.6907344746430697		1	0.5364217632077226		1	0.6310341420369047		1	0.5933303077323859		1	0.6121822248846454		1			0	0.574301994046184		1			0	expression_driven
STOmics0212	anticor	10000	cellcharter	0.35862308409227195		1	0.6129693996561671		1	0.48579624187421955		1	0.7013060363524494		1	0.5405433499210048		1	0.6209246931367272		1			0	0.5533604675054733		1			0	expression_driven
STOmics0212	anticor	10000	scvi	0.2899111705401505		1	0.6043553604650476		1	0.447133265502599		1	0.5876562314880965		1	0.5390061813570044		1	0.5633312064225504		1			0	0.5052322359625747		1			0	expression_driven
STOmics0212	anticor	200	cellcharter	0.06831877166391472		1	0.8271586103240456		1	0.44773869099398017		1	0.7179448520724846		1	0.7165317797202134		1	0.717238315896349		1			0	0.5824885034451646		1			0	expression_driven
STOmics0212	anticor	200	scvi	0.43219722494552526		1	0.7009197894212007		1	0.566558507183363		1	0.6229980773538547		1	0.6662181654168289		1	0.6446081213853418		1			0	0.6055833142843524		1			0	expression_driven
STOmics0212	anticor	2000	cellcharter	0.217729461954238	0.02638191794817992	3	0.7557250139880934	0.01851420458572152	3	0.48672723797116574	0.011937963070052115	3	0.699791184451071	0.013174664044721325	3	0.6615262171338246	0.07032523974879139	3	0.6806587007924478	0.041734695905053486	3			0	0.5836929693818068	0.02581846723542181	3			0	expression_driven
STOmics0212	anticor	2000	scvi	0.39236471340726387	0.013701513931111159	3	0.6273559318547482	0.009504534653992732	3	0.5098603226310061	0.009777896098328204	3	0.629892757880012	0.013988888987460608	3	0.5536779275934308	0.02074002834162406	3	0.5917853427367213	0.01019288535205525	3			0	0.5508228326838637	0.009770210690076407	3			0	expression_driven
STOmics0212	anticor	500	cellcharter	0.08328770084859326		1	0.8113580749425701		1	0.44732288789558167		1	0.727407849791509		1	0.7822569399015541		1	0.7548323948465315		1			0	0.6010776413710566		1			0	expression_driven
STOmics0212	anticor	500	scvi	0.3783847283158789		1	0.7050915472026078		1	0.5417381377592434		1	0.6265789283549731		1	0.599277611083219		1	0.6129282697190961		1			0	0.5773332037391697		1			0	expression_driven
STOmics0212	anticor	5000	cellcharter	0.3474158381229288		1	0.6313127998747711		1	0.4893643189988499		1	0.7004215443397689		1	0.5687640033642871		1	0.6345927738520281		1			0	0.561978546425439		1			0	expression_driven
STOmics0212	anticor	5000	scvi	0.37984464290444525		1	0.49523853695329495		1	0.4375415899288701		1	0.5822334022823231		1	0.560494856010228		1	0.5713641291462755		1			0	0.5044528595375728		1			0	expression_driven
STOmics0212	dubstepr	100	cellcharter	0.025620745559733597		1	0.7703660516651772		1	0.3979933986124554		1	0.7304062869286176		1	0.8845021251474378		1	0.8074542060380276		1			0	0.6027238023252415		1			0	expression_driven
STOmics0212	dubstepr	100	scvi	0.34981940137264644		1	0.7303890459287772		1	0.5401042236507119		1	0.6243834318713796		1	0.5831382496478581		1	0.6037608407596189		1			0	0.5719325322051654		1			0	expression_driven
STOmics0212	dubstepr	1000	cellcharter	0.06850386552564718		1	0.8091852401522581		1	0.43884455283895263		1	0.7247971231597851		1	0.8379640129516306		1	0.7813805680557078		1			0	0.6101125604473302		1			0	expression_driven
STOmics0212	dubstepr	1000	scvi	0.4293861661952297		1	0.6220479369496144		1	0.525717051572422		1	0.6037797005291713		1	0.6581310596543917		1	0.6309553800917815		1			0	0.5783362158321017		1			0	expression_driven
STOmics0212	dubstepr	10000	cellcharter	0.1406891744471629		1	0.7989807832000305		1	0.4698349788235967		1	0.7169368633596903		1	0.7446932337244019		1	0.7308150485420462		1			0	0.6003250136828214		1			0	expression_driven
STOmics0212	dubstepr	10000	scvi	0.4302616148606382		1	0.6240330140830033		1	0.5271473144718207		1	0.5750484779722753		1	0.7208062321876545		1	0.6479273550799649		1			0	0.5875373347758928		1			0	expression_driven
STOmics0212	dubstepr	200	cellcharter	0.02152003581249618		1	0.7662005454322363		1	0.3938602906223662		1	0.7524117913386007		1	0.737443079100109		1	0.7449274352193549		1			0	0.5693938629208606		1			0	expression_driven
STOmics0212	dubstepr	200	scvi	0.3329088699213708		1	0.7441646666567935		1	0.5385367682890821		1	0.6328168829963042		1	0.7199737432814515		1	0.6763953131388778		1			0	0.60746604071398		1			0	expression_driven
STOmics0212	dubstepr	2000	cellcharter	0.13460016525584972	0.007435405521662625	3	0.792143390713503	0.0075331254011209055	3	0.4633717779846764	0.00747167910363365	3	0.7177601834382171	0.0014539731003987714	3	0.7425370430646688	0.012001348943964442	3	0.7301486132514431	0.006586500383982563	3			0	0.5967601956180597	0.0065310068385873955	3			0	expression_driven
STOmics0212	dubstepr	2000	scvi	0.4299233555213691	0.02019880747889767	3	0.6384188605556284	0.0411263115770981	3	0.5341711080384988	0.030311871679140002	3	0.5799125010918427	0.02387009880724332	3	0.7044476894901841	0.04318176069600853	3	0.6421800952910134	0.03252666155130157	3			0	0.588175601664756	0.0013431689159636498	3			0	expression_driven
STOmics0212	dubstepr	500	cellcharter	0.017879443286845466		1	0.761733963182091		1	0.3898067032344682		1	0.7398030182458637		1	0.877280478711939		1	0.8085417484789014		1			0	0.5991742258566848		1			0	expression_driven
STOmics0212	dubstepr	500	scvi	0.3661680740169046		1	0.6976212527472064		1	0.5318946633820555		1	0.6128370850993684		1	0.6321631926929615		1	0.622500138896165		1			0	0.5771974011391102		1			0	expression_driven
STOmics0212	dubstepr	5000	cellcharter	0.1406891744471629		1	0.7989807832000305		1	0.4698349788235967		1	0.7169368633596903		1	0.7446932337244019		1	0.7308150485420462		1			0	0.6003250136828214		1			0	expression_driven
STOmics0212	dubstepr	5000	scvi	0.4302616148606382		1	0.6240330140830033		1	0.5271473144718207		1	0.5750484779722753		1	0.7208062321876545		1	0.6479273550799649		1			0	0.5875373347758928		1			0	expression_driven
STOmics0212	hotspot	100	cellcharter	0.06649973569746857		1	0.8490160901618486		1	0.4577579129296586		1	0.698268515326896		1	0.6847892259510553		1	0.6915288706389757		1			0	0.5746433917843172		1			0	expression_driven
STOmics0212	hotspot	100	scvi	0.416311187457054		1	0.6010873504666508		1	0.5086992689618524		1	0.6275241497450638		1	0.6884227332421283		1	0.657973441493596		1			0	0.5833363552277242		1			0	expression_driven
STOmics0212	hotspot	1000	cellcharter	0.06888868943349567		1	0.8524946739455601		1	0.4606916816895279		1	0.7120712446735794		1	0.811574523964534		1	0.7618228843190566		1			0	0.6112572830042923		1			0	expression_driven
STOmics0212	hotspot	1000	scvi	0.38057979956125115		1	0.6843697780744514		1	0.5324747888178513		1	0.5992006527683351		1	0.6149806458322589		1	0.607090649300297		1			0	0.5697827190590741		1			0	expression_driven
STOmics0212	hotspot	10000	cellcharter	0.32734024294704195		1	0.6421983877854898		1	0.4847693153662659		1	0.7128287376222043		1	0.6180102103295502		1	0.6654194739758772		1			0	0.5750943946710716		1			0	expression_driven
STOmics0212	hotspot	10000	scvi	0.3196715314275089		1	0.5737988453908655		1	0.4467351884091872		1	0.6062796964198552		1	0.5669774403686865		1	0.5866285683942709		1			0	0.5166818784017291		1			0	expression_driven
STOmics0212	hotspot	200	cellcharter	0.0742171329885929		1	0.8781924357130979		1	0.4762047843508454		1	0.7042233994742094		1	0.6084214316007197		1	0.6563224155374645		1			0	0.566263599944155		1			0	expression_driven
STOmics0212	hotspot	200	scvi	0.43734635392205434		1	0.6166663168342598		1	0.5270063353781571		1	0.5759336195154434		1	0.5760656675793892		1	0.5759996435474163		1			0	0.5515029894627868		1			0	expression_driven
STOmics0212	hotspot	2000	cellcharter	0.10675989458491109	0.01093364264285816	3	0.8448566514501267	0.012503468024559114	3	0.4758082730175189	0.010924708639434351	3	0.7114334309894863	0.008915163632785786	3	0.7461867660707439	0.03549024761759979	3	0.728810098530115	0.021922624841689057	3			0	0.6023091857738169	0.007860793044245999	3			0	expression_driven
STOmics0212	hotspot	2000	scvi	0.40148743840581297	0.022305643382887787	3	0.6494286904599079	0.012625801993560639	3	0.5254580644328605	0.005748591520504613	3	0.592828074719557	0.007884549848538976	3	0.6509314913154174	0.04148199972095327	3	0.6218797830174871	0.016885976493942457	3			0	0.5736689237251738	0.00723195312443182	3			0	expression_driven
STOmics0212	hotspot	500	cellcharter	0.06370198540417985		1	0.8430217217977298		1	0.4533618536009548		1	0.6984925778163665		1	0.9033068012595706		1	0.8008996895379685		1			0	0.6271307715694616		1			0	expression_driven
STOmics0212	hotspot	500	scvi	0.40878901843078536		1	0.6360869108246814		1	0.5224379646277334		1	0.6097946734041125		1	0.6122155888367644		1	0.6110051311204385		1			0	0.5667215478740859		1			0	expression_driven
STOmics0212	hotspot	5000	cellcharter	0.20055824980336565		1	0.7536811980970635		1	0.47711972395021457		1	0.6998596166567109		1	0.6405527828940558		1	0.6702061997753834		1			0	0.573662961862799		1			0	expression_driven
STOmics0212	hotspot	5000	scvi	0.40632126574610244		1	0.5743326603060711		1	0.4903269630260868		1	0.6139224664793812		1	0.5374966652905477		1	0.5757095658849645		1			0	0.5330182644555257		1			0	expression_driven
STOmics0212	morans_i	100	cellcharter	0.15557719321123634		1	0.8378259433775551		1	0.4967015682943957		1	0.7084319459027771		1	0.6960250511645844		1	0.7022284985336807		1			0	0.5994650334140382		1			0	spatially_informed
STOmics0212	morans_i	100	scvi	0.5539442181783647		1	0.6671908226888543		1	0.6105675204336095		1	0.5755106620429872		1	0.6747309840193231		1	0.6251208230311551		1			0	0.6178441717323824		1			0	spatially_informed
STOmics0212	morans_i	1000	cellcharter	0.1628713979128474		1	0.8654687135916752		1	0.5141700557522613		1	0.6968435456051546		1	0.6556651110622884		1	0.6762543283337215		1			0	0.5952121920429914		1			0	spatially_informed
STOmics0212	morans_i	1000	scvi	0.4927757652441334		1	0.683437420915405		1	0.5881065930797692		1	0.6367888698575923		1	0.5619766808506137		1	0.599382775354103		1			0	0.593744684216936		1			0	spatially_informed
STOmics0212	morans_i	10000	cellcharter	0.3848609857275316		1	0.5706019804581405		1	0.47773148309283603		1	0.7161745895778		1	0.5746648863569984		1	0.6454197379673992		1			0	0.5615756105301176		1			0	spatially_informed
STOmics0212	morans_i	10000	scvi	0.287425817464864		1	0.5892511510984872		1	0.43833848428167566		1	0.5821462099845737		1	0.544215887946919		1	0.5631810489657463		1			0	0.5007597666237109		1			0	spatially_informed
STOmics0212	morans_i	200	cellcharter	0.13332771234918528		1	0.8625085247706417		1	0.49791811855991347		1	0.7052396724820221		1	0.7456151819254709		1	0.7254274272037465		1			0	0.61167277288183		1			0	spatially_informed
STOmics0212	morans_i	200	scvi	0.549512323194842		1	0.6811312508530634		1	0.6153217870239527		1	0.6017657904685847		1	0.6847856554659171		1	0.6432757229672509		1			0	0.6292987549956017		1			0	spatially_informed
STOmics0212	morans_i	2000	cellcharter	0.2171206650421477	0.009981079594071272	3	0.7987923053712785	0.019188372921471287	3	0.5079564852067131	0.014187233899051476	3	0.6899426074152865	0.0140072094471633	3	0.6485186990519874	0.021781583045581726	3	0.6692306532336371	0.0140682309454074	3			0	0.588593569220175	0.012612138078388627	3			0	spatially_informed
STOmics0212	morans_i	2000	scvi	0.4665035828559256	0.00717028482024371	3	0.6398397653392726	0.010115827875056027	3	0.553171674097599	0.0028285527478003965	3	0.5646901107228343	0.03791502995996121	3	0.5364297513133496	0.025261666412193	3	0.5505599310180919	0.01852076205275418	3			0	0.5518658025578455	0.008565905684324542	3			0	spatially_informed
STOmics0212	morans_i	500	cellcharter	0.12126104770905294		1	0.8225703545643621		1	0.47191570113670755		1	0.7124288370863024		1	0.7574671822645804		1	0.7349480096754415		1			0	0.6034318554060745		1			0	spatially_informed
STOmics0212	morans_i	500	scvi	0.47240523061181844		1	0.7341857653510021		1	0.6032954979814102		1	0.636295809198256		1	0.56203613390499		1	0.599165971551623		1			0	0.6012307347665167		1			0	spatially_informed
STOmics0212	morans_i	5000	cellcharter	0.28687925735201436		1	0.6907311834851		1	0.4888052204185572		1	0.6939308805325822		1	0.5957673377292294		1	0.6448491091309059		1			0	0.5668271647747315		1			0	spatially_informed
STOmics0212	morans_i	5000	scvi	0.4115870146067879		1	0.539627882230475		1	0.47560744841863145		1	0.5905273284479886		1	0.5660437782024218		1	0.5782855533252051		1			0	0.5269465008719183		1			0	spatially_informed
STOmics0212	nbumi	100	cellcharter	0.07907573700879407		1	0.6332857875102376		1	0.35618076225951584		1	0.7684519190134297		1	0.7867922646922967		1	0.7776220918528631		1			0	0.5669014270561895		1			0	expression_driven
STOmics0212	nbumi	100	scvi	0.33912332358304187		1	0.656270718839348		1	0.4976970212111949		1	0.6332436092863412		1	0.709168710315226		1	0.6712061598007836		1			0	0.5844515905059893		1			0	expression_driven
STOmics0212	nbumi	1000	cellcharter	0.11960900124967139		1	0.630544996203868		1	0.3750769987267697		1	0.7120995100098715		1	0.8153792063944821		1	0.7637393582021768		1			0	0.5694081784644732		1			0	expression_driven
STOmics0212	nbumi	1000	scvi	0.3651101206929691		1	0.6228854161899354		1	0.49399776844145227		1	0.5988025855265681		1	0.7319415264335953		1	0.6653720559800818		1			0	0.579684912210767		1			0	expression_driven
STOmics0212	nbumi	10000	cellcharter	0.33259517430549873		1	0.5544834584331516		1	0.4435393163693252		1	0.7139167181999729		1	0.5765167023054878		1	0.6452167102527304		1			0	0.5443780133110279		1			0	expression_driven
STOmics0212	nbumi	10000	scvi	0.24722358467876038		1	0.5109916592744854		1	0.3791076219766229		1	0.5802403896639888		1	0.6078301745270045		1	0.5940352820954966		1			0	0.4865714520360598		1			0	expression_driven
STOmics0212	nbumi	200	cellcharter	0.07615266219133046		1	0.6344879133742859		1	0.35532028778280816		1	0.7559839082398881		1	0.876637665684769		1	0.8163107869623285		1			0	0.5858155373725683		1			0	expression_driven
STOmics0212	nbumi	200	scvi	0.3331973857545451		1	0.6287962714187287		1	0.48099682858663695		1	0.6183667344387467		1	0.6862110743935614		1	0.6522889044161541		1			0	0.5666428665013955		1			0	expression_driven
STOmics0212	nbumi	2000	cellcharter	0.2458847594826797	0.018957157712142837	3	0.6846444744458443	0.028438577684056207	3	0.46526461696426197	0.0068563464634097135	3	0.7293446525346056	0.004975157200305607	3	0.8080848560548796	0.027902154229203117	3	0.7687147542947427	0.011993661872665191	3			0	0.6169896856295023	0.003378540998080911	3			0	expression_driven
STOmics0212	nbumi	2000	scvi	0.41752598176031236	0.05777536338376643	3	0.5889011642757235	0.054228346373443106	3	0.503213573018018	0.0035104696594031874	3	0.6226655179522965	0.015813345989760957	3	0.6282834617666632	0.051862312318375715	3	0.6254744898594798	0.019841260578813705	3			0	0.5643440314387488	0.008805891493026933	3			0	expression_driven
STOmics0212	nbumi	500	cellcharter	0.0935889340523924		1	0.6367114172639246		1	0.3651501756581585		1	0.7365459800844544		1	0.9679976136235378		1	0.8522717968539961		1			0	0.6087109862560773		1			0	expression_driven
STOmics0212	nbumi	500	scvi	0.2767294053683029		1	0.6728057590015109		1	0.4747675821849069		1	0.5989856636454053		1	0.7259615314596811		1	0.6624735975525432		1			0	0.5686205898687251		1			0	expression_driven
STOmics0212	nbumi	5000	cellcharter	0.3091593883779366		1	0.599338429575937		1	0.4542489089769368		1	0.7158982592666496		1	0.6976126789104662		1	0.7067554690885579		1			0	0.5805021890327473		1			0	expression_driven
STOmics0212	nbumi	5000	scvi	0.33658728924489917		1	0.5626395597863351		1	0.44961342451561714		1	0.5943600115519215		1	0.5652653614658609		1	0.5798126865088913		1			0	0.5147130555122542		1			0	expression_driven
STOmics0212	nnsvg	100	cellcharter	0.16228999274101208		1	0.8403032693840216		1	0.5012966310625169		1	0.6937048858568118		1	0.6326493372574711		1	0.6631771115571414		1			0	0.5822368713098292		1			0	spatially_informed
STOmics0212	nnsvg	100	scvi	0.6038931065481172		1	0.6422475803463137		1	0.6230703434472155		1	0.4985669748712553		1	0.6163372740566001		1	0.5574521244639277		1			0	0.5902612339555715		1			0	spatially_informed
STOmics0212	nnsvg	1000	cellcharter	0.15131834124943863		1	0.8118677408130464		1	0.4815930410312425		1	0.7084595649014359		1	0.6432840065818538		1	0.6758717857416449		1			0	0.5787324133864437		1			0	spatially_informed
STOmics0212	nnsvg	1000	scvi	0.4248218708487097		1	0.6999149217939351		1	0.5623683963213224		1	0.6176433456456505		1	0.6551125648607564		1	0.6363779552532034		1			0	0.5993731757872629		1			0	spatially_informed
STOmics0212	nnsvg	10000	cellcharter	0.3988953381561514		1	0.5848302334492204		1	0.4918627858026859		1	0.6990877997712404		1	0.572073411533026		1	0.6355806056521331		1			0	0.5637216957274095		1			0	spatially_informed
STOmics0212	nnsvg	10000	scvi	0.22579076534014125		1	0.5069190225840687		1	0.36635489396210497		1	0.6032805591976595		1	0.5499144061661376		1	0.5765974826818986		1			0	0.4714761883220018		1			0	spatially_informed
STOmics0212	nnsvg	200	cellcharter	0.13726338582812445		1	0.8798822063557087		1	0.5085727960919165		1	0.6920479320746824		1	0.7233272059252952		1	0.7076875689999889		1			0	0.6081301825459526		1			0	spatially_informed
STOmics0212	nnsvg	200	scvi	0.5570163487830417		1	0.6505954238156818		1	0.6038058862993618		1	0.5537586855080047		1	0.6754943509185953		1	0.6146265182132999		1			0	0.6092162022563309		1			0	spatially_informed
STOmics0212	nnsvg	2000	cellcharter	0.2241801945296439	0.012033440568055855	3	0.7946574577615921	0.014088526423517064	3	0.509418826145618	0.009218995720878656	3	0.6996928888672187	0.006295877672285542	3	0.6388511789916113	0.02481257442723249	3	0.6692720339294148	0.015547714528941126	3			0	0.5893454300375165	0.005070547997847049	3			0	spatially_informed
STOmics0212	nnsvg	2000	scvi	0.4240670321993721	0.0053877805688174185	3	0.6405687055391681	0.018137075903806105	3	0.5323178688692701	0.009874632185140559	3	0.5754088823667648	0.012027603706244849	3	0.578288386456057	0.03306992574052808	3	0.5768486344114109	0.017976109937349143	3			0	0.5545832516403405	0.011480765105558037	3			0	spatially_informed
STOmics0212	nnsvg	500	cellcharter	0.11615479606760556		1	0.843983575413567		1	0.4800691857405863		1	0.7188913450958901		1	0.6930307076965352		1	0.7059610263962126		1			0	0.5930151060683995		1			0	spatially_informed
STOmics0212	nnsvg	500	scvi	0.4841604536800971		1	0.7122383208704213		1	0.5981993872752591		1	0.5844906087794872		1	0.5094131174794952		1	0.5469518631294912		1			0	0.5725756252023751		1			0	spatially_informed
STOmics0212	nnsvg	5000	cellcharter	0.3025895021189519		1	0.6830454086885444		1	0.4928174554037481		1	0.6967378769519214		1	0.5939424150186698		1	0.6453401459852957		1			0	0.5690788006945219		1			0	spatially_informed
STOmics0212	nnsvg	5000	scvi	0.38634176910434614		1	0.5182863243609361		1	0.45231404673264114		1	0.6046659777236721		1	0.5398461363435247		1	0.5722560570335984		1			0	0.5122850518831198		1			0	spatially_informed
STOmics0212	osca	100	cellcharter	0.049100208954892095		1	0.7928732504347612		1	0.42098672969482664		1	0.7289960056224362		1	0.7698588740815923		1	0.7494274398520142		1			0	0.5852070847734204		1			0	expression_driven
STOmics0212	osca	100	scvi	0.45693513325610147		1	0.7212593487373758		1	0.5890972409967387		1	0.6212900698388087		1	0.6029196256421042		1	0.6121048477404565		1			0	0.6006010443685976		1			0	expression_driven
STOmics0212	osca	1000	cellcharter	0.06509391772186787		1	0.8081225868331013		1	0.4366082522774846		1	0.7191036149845914		1	0.7747933278544356		1	0.7469484714195135		1			0	0.5917783618484991		1			0	expression_driven
STOmics0212	osca	1000	scvi	0.41655968095256		1	0.7082857355450458		1	0.5624227082488029		1	0.5792585320592575		1	0.6406635165124588		1	0.6099610242858582		1			0	0.5861918662673306		1			0	expression_driven
STOmics0212	osca	10000	cellcharter	0.20395858238959785		1	0.730072167649063		1	0.46701537501933044		1	0.6997936874138863		1	0.5863503199032636		1	0.6430720036585749		1			0	0.5550436893389527		1			0	expression_driven
STOmics0212	osca	10000	scvi	0.38339269937153897		1	0.5696997063441086		1	0.4765462028578238		1	0.5850730048121217		1	0.5468157761410384		1	0.56594439047658		1			0	0.5212452966672019		1			0	expression_driven
STOmics0212	osca	200	cellcharter	0.03202325963112671		1	0.8001240196642523		1	0.4160736396476895		1	0.72599536064831		1	0.931084644954606		1	0.828540002801458		1			0	0.6223068212245737		1			0	expression_driven
STOmics0212	osca	200	scvi	0.40342496002837125		1	0.7668056997229891		1	0.5851153298756802		1	0.6242001474723234		1	0.6443245810423637		1	0.6342623642573435		1			0	0.6096888470665118		1			0	expression_driven
STOmics0212	osca	2000	cellcharter	0.10686244874680217	0.019476998959898347	3	0.8123849482518666	0.0035059688713469294	3	0.45962369849933443	0.008915360440032861	3	0.7106485716707863	0.006271931606069513	3	0.6866770126183949	0.1110918784027412	3	0.6986627921445906	0.05435426519830557	3			0	0.5791432453219625	0.02378528558491595	3			0	expression_driven
STOmics0212	osca	2000	scvi	0.4076492057201035	0.05089440570727827	3	0.641495361855765	0.019974300258650372	3	0.5245722837879342	0.015891706614188154	3	0.568605825735849	0.01537165809580931	3	0.6137463343863095	0.03285608452171002	3	0.5911760800610792	0.021806276668782508	3			0	0.5578741819245067	0.01856212970088408	3			0	expression_driven
STOmics0212	osca	500	cellcharter	0.027667873775950525		1	0.8025301548249323		1	0.4150990143004414		1	0.7350126378717294		1	0.8612587439285807		1	0.7981356909001551		1			0	0.6066173526002983		1			0	expression_driven
STOmics0212	osca	500	scvi	0.3720549176689789		1	0.703598892624414		1	0.5378269051466964		1	0.5606922472317512		1	0.614477697359581		1	0.5875849722956661		1			0	0.5627059387211812		1			0	expression_driven
STOmics0212	osca	5000	cellcharter	0.18175860257323997		1	0.7864727199212308		1	0.4841156612472354		1	0.6853292702046012		1	0.6400070949268353		1	0.6626681825657182		1			0	0.5733919219064768		1			0	expression_driven
STOmics0212	osca	5000	scvi	0.450445924115331		1	0.4948270325424188		1	0.4726364783288749		1	0.5914028153465538		1	0.5189707605899262		1	0.55518678796824		1			0	0.5139116331485574		1			0	expression_driven
STOmics0212	random	500	cellcharter	0.514764251490104	0.06517336093755213	3	0.7326501331329359	0.0569599092668276	3	0.6237071923115199	0.036543049557505744	3	0.6409229913265216	0.03772195682759532	3	0.5390872054845696	0.04604700297987184	3	0.5900050984055456	0.014987400587784196	3			0	0.6068561453585328	0.024983666010519708	3			0	control
STOmics0212	random	500	scvi	0.5990429182239869	0.153499271562061	3	0.3332926129230905	0.021473641704066702	3	0.4661677655735386	0.06720737965720826	3	0.3790901960207673	0.08749245586716073	3	0.2431652891165036	0.028555006662278136	3	0.31112774256863546	0.0552920683013954	3			0	0.3886477540710871	0.025906613711279444	3			0	control
STOmics0212	scPNMF	100	cellcharter	0.0489192868525275		1	0.7741471573527495		1	0.41153322210263854		1	0.7360393274276543		1	0.6903903453251943		1	0.7132148363764244		1			0	0.5623740292395314		1			0	expression_driven
STOmics0212	scPNMF	100	scvi	0.37883237689697163		1	0.7634372557978379		1	0.5711348163474048		1	0.6069966918266113		1	0.5736314464258683		1	0.5903140691262398		1			0	0.5807244427368223		1			0	expression_driven
STOmics0212	scPNMF	1000	cellcharter	0.0808999108391066		1	0.8255423526564463		1	0.45322113174777645		1	0.7170865813418983		1	0.8286551262771613		1	0.7728708538095298		1			0	0.6130459927786531		1			0	expression_driven
STOmics0212	scPNMF	1000	scvi	0.3890395008011478		1	0.6601907910903347		1	0.5246151459457413		1	0.5975771167333496		1	0.6604790485637793		1	0.6290280826485644		1			0	0.5768216142971528		1			0	expression_driven
STOmics0212	scPNMF	10000	cellcharter	0.2819656250745659		1	0.6276151922765913		1	0.45479040867557863		1	0.6997013043419896		1	0.5729342947990205		1	0.636317799570505		1			0	0.5455541041230418		1			0	expression_driven
STOmics0212	scPNMF	10000	scvi	0.30290386753391085		1	0.5683376426572772		1	0.435620755095594		1	0.5939135456656525		1	0.5312761280072333		1	0.5625948368364428		1			0	0.4991077959660184		1			0	expression_driven
STOmics0212	scPNMF	200	cellcharter	0.031395737339855574		1	0.789026886010163		1	0.4102113116750093		1	0.7276872448952473		1	0.8686506185377141		1	0.7981689317164806		1			0	0.6041901216957449		1			0	expression_driven
STOmics0212	scPNMF	200	scvi	0.40351113678170186		1	0.7834168155112061		1	0.593463976146454		1	0.5952304621435323		1	0.6050126815047836		1	0.6001215718241579		1			0	0.596792773985306		1			0	expression_driven
STOmics0212	scPNMF	2000	cellcharter	0.1180293633250521	0.039523768269252246	3	0.8035995415805574	0.019784860539219976	3	0.46081445245280467	0.023912564534077224	3	0.7023533322022583	0.012792044640969544	3	0.6980680544267998	0.009855016494490483	3	0.700210693314529	0.0015653714767778569	3			0	0.5805125728836669	0.011209400867238987	3			0	expression_driven
STOmics0212	scPNMF	2000	scvi	0.41185026225011345	0.08761114479223785	3	0.617896006073872	0.028448085902193634	3	0.5148731341619928	0.029884654739463154	3	0.5914954630566313	0.008358895517274713	3	0.6292463327981023	0.028451383301994253	3	0.6103708979273668	0.018299684827498247	3			0	0.5626220160446797	0.005815922677121358	3			0	expression_driven
STOmics0212	scPNMF	500	cellcharter	0.020127006151187014		1	0.7758559055511988		1	0.3979914558511929		1	0.7320516941437436		1	0.9706753139818696		1	0.8513635040628066		1			0	0.6246774799569997		1			0	expression_driven
STOmics0212	scPNMF	500	scvi	0.3418260602716509		1	0.6983488469471871		1	0.520087453609419		1	0.6450309684104741		1	0.5799868929442278		1	0.612508930677351		1			0	0.566298192143385		1			0	expression_driven
STOmics0212	scPNMF	5000	cellcharter	0.26828535078463195		1	0.71819424910841		1	0.493239799946521		1	0.7065613178327927		1	0.6516057084073485		1	0.6790835131200706		1			0	0.5861616565332959		1			0	expression_driven
STOmics0212	scPNMF	5000	scvi	0.40288210276127157		1	0.5192237420154189		1	0.4610529223883452		1	0.6178361258935966		1	0.6258901475526633		1	0.62186313672313		1			0	0.5414580295557376		1			0	expression_driven
STOmics0212	scanpy_cell_ranger	100	cellcharter	0.1589509773976086		1	0.7752314046794291		1	0.4670911910385188		1	0.7079637760110158		1	0.6180679436345079		1	0.6630158598227618		1			0	0.5650535254306404		1			0	expression_driven
STOmics0212	scanpy_cell_ranger	100	scvi	0.5761880104469803		1	0.567961933785333		1	0.5720749721161567		1	0.49649811796387455		1	0.3819639920968332		1	0.43923105503035387		1			0	0.5056530135732553		1			0	expression_driven
STOmics0212	scanpy_cell_ranger	1000	cellcharter	0.026886915344647606		1	0.7880554682742992		1	0.4074711918094734		1	0.7353976234926818		1	0.7417537871371822		1	0.738575705314932		1			0	0.5730234485622027		1			0	expression_driven
STOmics0212	scanpy_cell_ranger	1000	scvi	0.35690613386315717		1	0.7057536643667747		1	0.531329899114966		1	0.5675085482381118		1	0.5673065786522704		1	0.5674075634451912		1			0	0.5493687312800786		1			0	expression_driven
STOmics0212	scanpy_cell_ranger	10000	cellcharter	0.18295941772088659		1	0.8128525089415459		1	0.4979059633312163		1	0.7212841703226308		1	0.6848946408748886		1	0.7030894055987598		1			0	0.6004976844649881		1			0	expression_driven
STOmics0212	scanpy_cell_ranger	10000	scvi	0.3484559999245116		1	0.6081472413740454		1	0.4783016206492785		1	0.6191350964747566		1	0.608826705215789		1	0.6139809008452728		1			0	0.5461412607472756		1			0	expression_driven
STOmics0212	scanpy_cell_ranger	200	cellcharter	0.15256083570405862		1	0.7820413204918155		1	0.4673010780979371		1	0.7053737419326099		1	0.6453862222661854		1	0.6753799820993976		1			0	0.5713405300986674		1			0	expression_driven
STOmics0212	scanpy_cell_ranger	200	scvi	0.5322879497142893		1	0.6044483870328012		1	0.5683681683735453		1	0.4795884053774085		1	0.48667511334923363		1	0.4831317593633211		1			0	0.5257499638684332		1			0	expression_driven
STOmics0212	scanpy_cell_ranger	2000	cellcharter	0.03354558977362337	0.0180597186758831	3	0.7709332572950505	0.008273704065946352	3	0.40223942353433695	0.011630793438962419	3	0.7316493503487137	0.002647964278191011	3	0.7236710359651969	0.14726499615596364	3	0.7276601931569552	0.07248947557455006	3			0	0.564949808345646	0.03513194586785509	3			0	expression_driven
STOmics0212	scanpy_cell_ranger	2000	scvi	0.345357643824314	0.014198610349280133	3	0.7228793286335112	0.025195819879897077	3	0.5341184862289126	0.008061959330059628	3	0.5878134945463643	0.018437715128729472	3	0.5689783511347755	0.030537800794048043	3	0.5783959228405698	0.006439097400603273	3			0	0.5562572045347413	0.0061423975776904996	3			0	expression_driven
STOmics0212	scanpy_cell_ranger	500	cellcharter	0.0705452833228987		1	0.7880451432514736		1	0.4292952132871861		1	0.7067374813374704		1	0.6899074706825612		1	0.6983224760100157		1			0	0.5638088446486009		1			0	expression_driven
STOmics0212	scanpy_cell_ranger	500	scvi	0.45195088522403515		1	0.6970492588435019		1	0.5745000720337685		1	0.5715715492087644		1	0.5852731453419294		1	0.5784223472753469		1			0	0.5764612096545577		1			0	expression_driven
STOmics0212	scanpy_cell_ranger	5000	cellcharter	0.0660357081259293		1	0.7762276534245631		1	0.4211316807752462		1	0.7308763593522585		1	0.7838024192651378		1	0.7573393893086982		1			0	0.5892355350419722		1			0	expression_driven
STOmics0212	scanpy_cell_ranger	5000	scvi	0.36750663875221634		1	0.7123797073706495		1	0.5399431730614329		1	0.5936971370059118		1	0.677241551686137		1	0.6354693443460244		1			0	0.5877062587037287		1			0	expression_driven
STOmics0212	scanpy_cell_ranger_batch	100	cellcharter	0.2982019709116439		1	0.8048292021478664		1	0.5515155865297552		1	0.6589555292635674		1	0.5314146430600724		1	0.5951850861618199		1			0	0.5733503363457875		1			0	expression_driven
STOmics0212	scanpy_cell_ranger_batch	100	scvi	0.7026993744846144		1	0.5257927706071295		1	0.6142460725458719		1	0.3587481344891539		1	0.4760036611301197		1	0.4173758978096368		1			0	0.5158109851777544		1			0	expression_driven
STOmics0212	scanpy_cell_ranger_batch	1000	cellcharter	0.14999864725050513		1	0.8487978935624978		1	0.4993982704065015		1	0.6935493292582372		1	0.7383333384349111		1	0.7159413338465741		1			0	0.6076698021265378		1			0	expression_driven
STOmics0212	scanpy_cell_ranger_batch	1000	scvi	0.494344970590629		1	0.6767521653441231		1	0.585548567967376		1	0.5208846578757242		1	0.541245923914925		1	0.5310652908953246		1			0	0.5583069294313503		1			0	expression_driven
STOmics0212	scanpy_cell_ranger_batch	10000	cellcharter	0.20982907612571847		1	0.7561251979165966		1	0.4829771370211575		1	0.688014815758693		1	0.6737451341103342		1	0.6808799749345136		1			0	0.5819285559778355		1			0	expression_driven
STOmics0212	scanpy_cell_ranger_batch	10000	scvi	0.439997835832387		1	0.5556637548170509		1	0.49783079532471897		1	0.6168948286679198		1	0.6635271580957736		1	0.6402109933818467		1			0	0.5690208943532828		1			0	expression_driven
STOmics0212	scanpy_cell_ranger_batch	200	cellcharter	0.2296055673343618		1	0.8543467939668073		1	0.5419761806505846		1	0.6780149298800678		1	0.6482764758253428		1	0.6631457028527052		1			0	0.6025609417516449		1			0	expression_driven
STOmics0212	scanpy_cell_ranger_batch	200	scvi	0.6351453125418944		1	0.6332792624512154		1	0.6342122874965549		1	0.4762519675609282		1	0.6064510683129078		1	0.541351517936918		1			0	0.5877819027167365		1			0	expression_driven
STOmics0212	scanpy_cell_ranger_batch	2000	cellcharter	0.12255415752287396	0.008553255544250033	3	0.8465871591969397	0.011053631155728357	3	0.4845706583599069	0.008993542622177133	3	0.7173549655107938	0.006016067608837509	3	0.841748966920945	0.08923925635494394	3	0.7795519662158693	0.041624387499993865	3			0	0.6320613122878882	0.02340508475126623	3			0	expression_driven
STOmics0212	scanpy_cell_ranger_batch	2000	scvi	0.4891954482754028	0.025579037940941084	3	0.6912802706231181	0.0031893091842067757	3	0.5902378594492604	0.014260691066321256	3	0.5247500395451995	0.006083984515469103	3	0.6533897358826539	0.024695914427528904	3	0.5890698877139267	0.011541528065235993	3			0	0.5896538735815936	0.012896301631207403	3			0	expression_driven
STOmics0212	scanpy_cell_ranger_batch	500	cellcharter	0.17922819025456743		1	0.8705845436249978		1	0.5249063669397827		1	0.6832289017004197		1	0.6318159900773938		1	0.6575224458889067		1			0	0.5912144064143448		1			0	expression_driven
STOmics0212	scanpy_cell_ranger_batch	500	scvi	0.5532666811373641		1	0.6554891616759106		1	0.6043779214066374		1	0.5005634570031767		1	0.577173085850452		1	0.5388682714268144		1			0	0.5716230964167259		1			0	expression_driven
STOmics0212	scanpy_cell_ranger_batch	5000	cellcharter	0.11845762622365091		1	0.8807508661690596		1	0.49960424619635524		1	0.7114248022332398		1	0.7857440272332792		1	0.7485844147332594		1			0	0.6240943304648073		1			0	expression_driven
STOmics0212	scanpy_cell_ranger_batch	5000	scvi	0.48754579256469965		1	0.6816719769369066		1	0.5846088847508031		1	0.5496346774411015		1	0.589339315252264		1	0.5694869963466828		1			0	0.577047940548743		1			0	expression_driven
STOmics0212	scanpy_pearson	100	cellcharter	0.042471655010578764		1	0.8196853667691015		1	0.43107851088984017		1	0.7253917203995881		1	0.8929481557092956		1	0.8091699380544419		1			0	0.620124224472141		1			0	expression_driven
STOmics0212	scanpy_pearson	100	scvi	0.35574284675824863		1	0.71861383597723		1	0.5371783413677393		1	0.6146659406823675		1	0.5754831074607454		1	0.5950745240715565		1			0	0.5661264327196479		1			0	expression_driven
STOmics0212	scanpy_pearson	1000	cellcharter	0.03288409248696751		1	0.7837524049855877		1	0.40831824873627764		1	0.7320325662914655		1	0.9028629765632865		1	0.817447771427376		1			0	0.6128830100818268		1			0	expression_driven
STOmics0212	scanpy_pearson	1000	scvi	0.35136378225245335		1	0.6905693765059755		1	0.5209665793792144		1	0.6397715654151805		1	0.6444640672538278		1	0.6421178163345042		1			0	0.5815421978568593		1			0	expression_driven
STOmics0212	scanpy_pearson	10000	cellcharter	0.3046094720310117		1	0.6324773655143877		1	0.46854341877269967		1	0.7069682921521324		1	0.5843993346605927		1	0.6456838134063625		1			0	0.5571136160895311		1			0	expression_driven
STOmics0212	scanpy_pearson	10000	scvi	0.28608162237742724		1	0.5729936913058855		1	0.42953765684165635		1	0.5808914676549796		1	0.5516156256309045		1	0.566253546642942		1			0	0.4978956017422992		1			0	expression_driven
STOmics0212	scanpy_pearson	200	cellcharter	0.04101419457390033		1	0.8161463414029341		1	0.4285802679884172		1	0.7283622766275223		1	0.8955532449735941		1	0.8119577608005581		1			0	0.6202690143944877		1			0	expression_driven
STOmics0212	scanpy_pearson	200	scvi	0.35141303500487636		1	0.720023246083943		1	0.5357181405444097		1	0.6207701250518239		1	0.5702005075015226		1	0.5954853162766733		1			0	0.5656017284105415		1			0	expression_driven
STOmics0212	scanpy_pearson	2000	cellcharter	0.05293241650408597	0.009803516886610802	3	0.803660642230312	0.01687076852565838	3	0.428296529367199	0.013300431358503902	3	0.714817207482017	0.004816928576985584	3	0.7827397538078759	0.011366472390588828	3	0.7487784806449466	0.005828922969395685	3			0	0.5885375050060727	0.00770846927994048	3			0	expression_driven
STOmics0212	scanpy_pearson	2000	scvi	0.3539034986411979	0.026516176432725875	3	0.6665112198931663	0.018313360441462458	3	0.5102073592671821	0.020251100216074475	3	0.612089734791363	0.007536053896603129	3	0.649359315496818	0.032114629135977284	3	0.6307245251440905	0.012932036015579932	3			0	0.5704659422056363	0.0046254195477538175	3			0	expression_driven
STOmics0212	scanpy_pearson	500	cellcharter	0.04084418751389458		1	0.8020609989767752		1	0.4214525932453349		1	0.7303148469340434		1	0.9115528544966982		1	0.8209338507153707		1			0	0.6211932219803529		1			0	expression_driven
STOmics0212	scanpy_pearson	500	scvi	0.34417333267401173		1	0.7112870118291325		1	0.5277301722515721		1	0.5937408780756853		1	0.5594482487154104		1	0.5765945633955478		1			0	0.55216236782356		1			0	expression_driven
STOmics0212	scanpy_pearson	5000	cellcharter	0.15851707412451052		1	0.8038667676882151		1	0.4811919209063628		1	0.6994751967330868		1	0.6883961779743417		1	0.6939356873537142		1			0	0.5875638041300385		1			0	expression_driven
STOmics0212	scanpy_pearson	5000	scvi	0.30925419426324136		1	0.6068054351431298		1	0.4580298147031856		1	0.6217114238324428		1	0.6547701001467314		1	0.6382407619895871		1			0	0.5481352883463864		1			0	expression_driven
STOmics0212	scanpy_pearson_batch	100	cellcharter	0.04388136737504614		1	0.8249607133290177		1	0.4344210403520319		1	0.7253545793768033		1	0.9040640464717904		1	0.8147093129242968		1			0	0.6245651766381644		1			0	expression_driven
STOmics0212	scanpy_pearson_batch	100	scvi	0.4150407278606017		1	0.7511293165568905		1	0.5830850222087461		1	0.6180878932728014		1	0.6263916522240875		1	0.6222397727484446		1			0	0.6026623974785954		1			0	expression_driven
STOmics0212	scanpy_pearson_batch	1000	cellcharter	0.052024627430601836		1	0.7938358424233296		1	0.42293023492696574		1	0.7245077153747091		1	0.8278793304928361		1	0.7761935229337726		1			0	0.5995618789303692		1			0	expression_driven
STOmics0212	scanpy_pearson_batch	1000	scvi	0.34494279801787486		1	0.7450683873150993		1	0.5450055926664871		1	0.5849865491650018		1	0.6157415352848228		1	0.6003640422249124		1			0	0.5726848174456998		1			0	expression_driven
STOmics0212	scanpy_pearson_batch	10000	cellcharter	0.2889926401963027		1	0.6511454183044488		1	0.47006902925037575		1	0.7163788088668116		1	0.5677752030921004		1	0.642077005979456		1			0	0.5560730176149159		1			0	expression_driven
STOmics0212	scanpy_pearson_batch	10000	scvi	0.34155723572181845		1	0.5035454187760525		1	0.4225513272489355		1	0.5786296878448535		1	0.5387079290137666		1	0.5586688084293101		1			0	0.4906100678391228		1			0	expression_driven
STOmics0212	scanpy_pearson_batch	200	cellcharter	0.04986796153848682		1	0.8189634504985597		1	0.43441570601852325		1	0.7180429504761271		1	0.8616588002252128		1	0.7898508753506699		1			0	0.6121332906845965		1			0	expression_driven
STOmics0212	scanpy_pearson_batch	200	scvi	0.45817374961459045		1	0.7220213723436097		1	0.5900975609791002		1	0.6150042292077655		1	0.5885930788221361		1	0.6017986540149508		1			0	0.5959481074970254		1			0	expression_driven
STOmics0212	scanpy_pearson_batch	2000	cellcharter	0.09729098410437215	0.01316644094792786	3	0.8300281913960003	0.006039507902197312	3	0.4636595877501862	0.007445434493403867	3	0.7088551381864585	0.002663276498046419	3	0.6990137306800036	0.05241410050335524	3	0.703934434433231	0.02753864811561792	3			0	0.5837970110917087	0.016894608696885742	3			0	expression_driven
STOmics0212	scanpy_pearson_batch	2000	scvi	0.387861812037152	0.021942021833168013	3	0.6625586386135877	0.029514768681776427	3	0.5252102253253699	0.00873414855786475	3	0.5892484371237161	0.029590401162750236	3	0.6346346453378175	0.023689240900465897	3	0.6119415412307668	0.00719965292197994	3			0	0.5685758832780684	0.0009625292445825283	3			0	expression_driven
STOmics0212	scanpy_pearson_batch	500	cellcharter	0.0403187071820917		1	0.795099929125836		1	0.4177093181539639		1	0.7206704493074563		1	0.7588559097628017		1	0.7397631795351289		1			0	0.5787362488445464		1			0	expression_driven
STOmics0212	scanpy_pearson_batch	500	scvi	0.36927805148435344		1	0.7313126434355044		1	0.5502953474599289		1	0.5899122608534944		1	0.7461580718298184		1	0.6680351663416564		1			0	0.6091652569007926		1			0	expression_driven
STOmics0212	scanpy_pearson_batch	5000	cellcharter	0.21483718330766866		1	0.7623947272067828		1	0.48861595525722573		1	0.6935931017176511		1	0.6761410955896427		1	0.6848670986536469		1			0	0.5867415269554364		1			0	expression_driven
STOmics0212	scanpy_pearson_batch	5000	scvi	0.3886051903610106		1	0.5909161084261945		1	0.48976064939360253		1	0.6167928326925678		1	0.5771850593730984		1	0.596988946032833		1			0	0.5433747977132177		1			0	expression_driven
STOmics0212	scanpy_seurat	100	cellcharter	0.19204659775320987		1	0.8228021272101369		1	0.5074243624816734		1	0.7079405663017315		1	0.5466257058844348		1	0.6272831360930832		1			0	0.5673537492873784		1			0	expression_driven
STOmics0212	scanpy_seurat	100	scvi	0.5506726697135402		1	0.613144416517464		1	0.5819085431155021		1	0.5098704475296308		1	0.5537491966678372		1	0.531809822098734		1			0	0.5568591826071181		1			0	expression_driven
STOmics0212	scanpy_seurat	1000	cellcharter	0.030771822985234655		1	0.7655079536309835		1	0.39813988830810904		1	0.7298980345745664		1	0.6616354059048218		1	0.6957667202396941		1			0	0.5469533042739015		1			0	expression_driven
STOmics0212	scanpy_seurat	1000	scvi	0.27889281243375624		1	0.6471191049579144		1	0.4630059586958353		1	0.5964754173461128		1	0.5995270552312719		1	0.5980012362886924		1			0	0.5305035974922638		1			0	expression_driven
STOmics0212	scanpy_seurat	10000	cellcharter	0.21352203691743385		1	0.7518631183520401		1	0.482692577634737		1	0.6871226858388532		1	0.6176369415118448		1	0.6523798136753489		1			0	0.567536195655043		1			0	expression_driven
STOmics0212	scanpy_seurat	10000	scvi	0.36208290958666633		1	0.5036728652077169		1	0.43287788739719163		1	0.6257789008656277		1	0.6763165237267186		1	0.6510477122961731		1			0	0.5419627998466824		1			0	expression_driven
STOmics0212	scanpy_seurat	200	cellcharter	0.13478480167416604		1	0.7837782661951503		1	0.4592815339346582		1	0.7238354957112315		1	0.7353164178062377		1	0.7295759567587345		1			0	0.5944287453466963		1			0	expression_driven
STOmics0212	scanpy_seurat	200	scvi	0.43288418739644297		1	0.6476472192078239		1	0.5402657033021334		1	0.5847953082543415		1	0.5847322192067421		1	0.5847637637305418		1			0	0.5625147335163376		1			0	expression_driven
STOmics0212	scanpy_seurat	2000	cellcharter	0.03601534469298514	0.010749193674509865	3	0.7792881270492643	0.006733972831517621	3	0.40765173587112474	0.0081716505015937	3	0.7256910849754457	0.008221518459895638	3	0.7262023108197244	0.0885872924332321	3	0.7259466978975849	0.04830202945705856	3			0	0.5667992168843549	0.02443782864685596	3			0	expression_driven
STOmics0212	scanpy_seurat	2000	scvi	0.30448389044387847	0.02240450709403245	3	0.6647881734615402	0.017398520887346457	3	0.4846360319527094	0.002790023232411728	3	0.5905872840166079	0.012980193205293864	3	0.5256593348712397	0.019733076845827403	3	0.5581233094439239	0.015711886764958122	3			0	0.5213796706983166	0.009045135833393685	3			0	expression_driven
STOmics0212	scanpy_seurat	500	cellcharter	0.04239748619738389		1	0.7643637506923746		1	0.40338061844487927		1	0.729243512112873		1	0.7160965602672469		1	0.72267003619006		1			0	0.5630253273174697		1			0	expression_driven
STOmics0212	scanpy_seurat	500	scvi	0.37917690446304203		1	0.6544429147182474		1	0.5168099095906448		1	0.6176121600886918		1	0.5642675130230426		1	0.5909398365558671		1			0	0.5538748730732559		1			0	expression_driven
STOmics0212	scanpy_seurat	5000	cellcharter	0.11306332197908778		1	0.8212269730975834		1	0.4671451475383356		1	0.7178836329731811		1	0.6660592969547618		1	0.6919714649639714		1			0	0.5795583062511536		1			0	expression_driven
STOmics0212	scanpy_seurat	5000	scvi	0.39926715996798734		1	0.6299533393659714		1	0.5146102496669793		1	0.612560876520987		1	0.5953045310590288		1	0.603932703790008		1			0	0.5592714767284936		1			0	expression_driven
STOmics0212	scanpy_seurat_batch	100	cellcharter	0.15336524989001935		1	0.8049139718313013		1	0.4791396108606603		1	0.7013950108053916		1	0.6440406577099103		1	0.672717834257651		1			0	0.5759287225591556		1			0	expression_driven
STOmics0212	scanpy_seurat_batch	100	scvi	0.49918210445458056		1	0.6836465380575139		1	0.5914143212560472		1	0.5623568710495389		1	0.6775679012282709		1	0.619962386138905		1			0	0.6056883536974761		1			0	expression_driven
STOmics0212	scanpy_seurat_batch	1000	cellcharter	0.10747060766168189		1	0.842499978137546		1	0.47498529289961394		1	0.7189146671220804		1	0.7448771898774389		1	0.7318959284997597		1			0	0.6034406106996868		1			0	expression_driven
STOmics0212	scanpy_seurat_batch	1000	scvi	0.4284931992947384		1	0.6381617225051422		1	0.5333274608999403		1	0.5688382467455368		1	0.6397146556046309		1	0.6042764511750839		1			0	0.5688019560375122		1			0	expression_driven
STOmics0212	scanpy_seurat_batch	10000	cellcharter	0.23251555848480665		1	0.7236440820912924		1	0.4780798202880495		1	0.7105758201467887		1	0.677344807460861		1	0.6939603138038248		1			0	0.5860200670459372		1			0	expression_driven
STOmics0212	scanpy_seurat_batch	10000	scvi	0.3996808896429673		1	0.5294792420390941		1	0.46458006584103073		1	0.578325017372444		1	0.4629497387301561		1	0.5206373780513001		1			0	0.4926087219461654		1			0	expression_driven
STOmics0212	scanpy_seurat_batch	200	cellcharter	0.14408768677002068		1	0.8078400831121897		1	0.4759638849411052		1	0.7039529130441093		1	0.6686420267978723		1	0.6862974699209908		1			0	0.5811306774310481		1			0	expression_driven
STOmics0212	scanpy_seurat_batch	200	scvi	0.46518092294425695		1	0.685836958508274		1	0.5755089407262655		1	0.5635457223254111		1	0.5717168035035767		1	0.567631262914494		1			0	0.5715701018203797		1			0	expression_driven
STOmics0212	scanpy_seurat_batch	2000	cellcharter	0.08341854706538772	0.010065192943798835	3	0.8448414438634092	0.020511367375320097	3	0.4641299954643985	0.011638355701320472	3	0.722289353642673	0.010193078282651848	3	0.6876055075280282	0.06763752716712751	3	0.7049474305853506	0.03887993919212664	3			0	0.5845387130248745	0.013956239385137223	3			0	expression_driven
STOmics0212	scanpy_seurat_batch	2000	scvi	0.41399407742190714	0.028676472240020786	3	0.6889673087326136	0.031000234989756962	3	0.5514806930772603	0.026084731571931852	3	0.5880807779801506	0.010381230328471025	3	0.6106707037665225	0.02131986032893703	3	0.5993757408733366	0.009813138022454206	3			0	0.5754282169752984	0.008605682490845475	3			0	expression_driven
STOmics0212	scanpy_seurat_batch	500	cellcharter	0.11163700085038045		1	0.8409471483288665		1	0.47629207458962347		1	0.7106399551058779		1	0.8061278147490392		1	0.7583838849274585		1			0	0.617337979758541		1			0	expression_driven
STOmics0212	scanpy_seurat_batch	500	scvi	0.42417238206265273		1	0.6783297706170068		1	0.5512510763398297		1	0.5722885008039813		1	0.7450578782711739		1	0.6586731895375776		1			0	0.6049621329387036		1			0	expression_driven
STOmics0212	scanpy_seurat_batch	5000	cellcharter	0.14504897315161827		1	0.843873453983902		1	0.4944612135677601		1	0.7153863423932033		1	0.704374923126843		1	0.7098806327600231		1			0	0.6021709231638916		1			0	expression_driven
STOmics0212	scanpy_seurat_batch	5000	scvi	0.3820074297501248		1	0.5989805664772377		1	0.4904939981136813		1	0.6027790696802452		1	0.5511289554859088		1	0.576954012583077		1			0	0.5337240053483792		1			0	expression_driven
STOmics0212	scanpy_seurat_v3	100	cellcharter	0.1584957926551733		1	0.6008711552301289		1	0.3796834739426511		1	0.751126646596845		1	0.810591064824186		1	0.7808588557105155		1			0	0.5802711648265833		1			0	expression_driven
STOmics0212	scanpy_seurat_v3	100	scvi	0.43741183046958126		1	0.6041714288310759		1	0.5207916296503285		1	0.5728096749933427		1	0.5065024044497765		1	0.5396560397215595		1			0	0.530223834685944		1			0	expression_driven
STOmics0212	scanpy_seurat_v3	1000	cellcharter	0.05634473474818186		1	0.6617470351721143		1	0.3590458849601481		1	0.7560485746874365		1	0.8187608277740848		1	0.7874047012307606		1			0	0.5732252930954543		1			0	expression_driven
STOmics0212	scanpy_seurat_v3	1000	scvi	0.2913428211482034		1	0.6451429246188584		1	0.4682428728835309		1	0.6107351932702106		1	0.6985673818081141		1	0.6546512875391624		1			0	0.5614470802113466		1			0	expression_driven
STOmics0212	scanpy_seurat_v3	10000	cellcharter	0.24467820505732038		1	0.656942685262214		1	0.4508104451597672		1	0.7120037243105998		1	0.6870101301670266		1	0.6995069272388132		1			0	0.5751586861992902		1			0	expression_driven
STOmics0212	scanpy_seurat_v3	10000	scvi	0.3210828425776832		1	0.4946456747939836		1	0.4078642586858334		1	0.55118302437883		1	0.5289615967620431		1	0.5400723105704366		1			0	0.473968284628135		1			0	expression_driven
STOmics0212	scanpy_seurat_v3	200	cellcharter	0.1121872464953419		1	0.6312635898708434		1	0.3717254181830927		1	0.7629429264596355		1	0.5954716009748028		1	0.6792072637172191		1			0	0.5254663409501559		1			0	expression_driven
STOmics0212	scanpy_seurat_v3	200	scvi	0.36501950392296334		1	0.630737750806305		1	0.4978786273646342		1	0.6062346941055444		1	0.6967161055749168		1	0.6514753998402306		1			0	0.5746770136024324		1			0	expression_driven
STOmics0212	scanpy_seurat_v3	2000	cellcharter	0.09157861089421736	0.025178266793404836	3	0.7039410173975695	0.026134701875072202	3	0.3977598141458934	0.023818601044946406	3	0.7418862476764764	0.0030842745610409755	3	0.948741551691176	0.033034728759262624	3	0.8453138996838264	0.015609972448397944	3			0	0.6215368569148599	0.013241388381144543	3			0	expression_driven
STOmics0212	scanpy_seurat_v3	2000	scvi	0.2861788451710394	0.06694600869363723	3	0.6741493634557477	0.011905998510616274	3	0.48016410431339357	0.03916855828652221	3	0.6275622875965184	0.03761265621548973	3	0.6819464940238672	0.016388799952090728	3	0.6547543908101928	0.02096156398801703	3			0	0.5674592475617932	0.015581834342785398	3			0	expression_driven
STOmics0212	scanpy_seurat_v3	500	cellcharter	0.05107083519301864		1	0.6526277729794732		1	0.35184930408624593		1	0.747225478172608		1	0.8046917403276959		1	0.7759586092501519		1			0	0.5639039566681989		1			0	expression_driven
STOmics0212	scanpy_seurat_v3	500	scvi	0.28563827290593513		1	0.6911295427319444		1	0.48838390781893976		1	0.587234843862621		1	0.7012850460880029		1	0.6442599449753119		1			0	0.5663219263971259		1			0	expression_driven
STOmics0212	scanpy_seurat_v3	5000	cellcharter	0.17753622314945589		1	0.7185012992758509		1	0.4480187612126534		1	0.7141224528688214		1	0.756892904967493		1	0.7355076789181572		1			0	0.5917632200654053		1			0	expression_driven
STOmics0212	scanpy_seurat_v3	5000	scvi	0.24848647023648068		1	0.6534064741826553		1	0.45094647220956796		1	0.6355895997879596		1	0.654155142952813		1	0.6448723713703863		1			0	0.5479094217899771		1			0	expression_driven
STOmics0212	scanpy_seurat_v3_batch	100	cellcharter	0.09512876338771899		1	0.6280299939880348		1	0.36157937868787693		1	0.7572178633017947		1	0.7320585250126288		1	0.7446381941572118		1			0	0.5531087864225444		1			0	expression_driven
STOmics0212	scanpy_seurat_v3_batch	100	scvi	0.38462412971333415		1	0.5918436162135237		1	0.4882338729634289		1	0.5949647623652048		1	0.5226542463463488		1	0.5588095043557768		1			0	0.5235216886596028		1			0	expression_driven
STOmics0212	scanpy_seurat_v3_batch	1000	cellcharter	0.06404772762141497		1	0.735354303330101		1	0.399701015475758		1	0.7458960774262234		1	0.7329319110455619		1	0.7394139942358926		1			0	0.5695575048558252		1			0	expression_driven
STOmics0212	scanpy_seurat_v3_batch	1000	scvi	0.30823711336115817		1	0.7014061606609485		1	0.5048216370110533		1	0.6172224679441887		1	0.67341745294567		1	0.6453199604449293		1			0	0.5750707987279913		1			0	expression_driven
STOmics0212	scanpy_seurat_v3_batch	10000	cellcharter	0.30804970255635983		1	0.6201402381945468		1	0.46409497037545333		1	0.7098997055147335		1	0.6522616931612623		1	0.6810806993379979		1			0	0.5725878348567256		1			0	expression_driven
STOmics0212	scanpy_seurat_v3_batch	10000	scvi	0.3342542716028539		1	0.5718791908634697		1	0.4530667312331618		1	0.5804019962399815		1	0.5421071750346111		1	0.5612545856372964		1			0	0.5071606584352291		1			0	expression_driven
STOmics0212	scanpy_seurat_v3_batch	200	cellcharter	0.12408601652561359		1	0.6194149714448791		1	0.37175049398524634		1	0.7558537902913223		1	0.7551879762972107		1	0.7555208832942665		1			0	0.5636356886397564		1			0	expression_driven
STOmics0212	scanpy_seurat_v3_batch	200	scvi	0.4213195970440073		1	0.6063190257929757		1	0.5138193114184915		1	0.6087858155222488		1	0.6026437019638073		1	0.605714758743028		1			0	0.5597670350807598		1			0	expression_driven
STOmics0212	scanpy_seurat_v3_batch	2000	cellcharter	0.10307027410628355	0.015549874414247706	3	0.7525406303814534	0.03298703740919038	3	0.4278054522438685	0.024266948905259517	3	0.7286097045859301	0.011489496705436369	3	0.8252151973054495	0.05670957030176442	3	0.7769124509456898	0.027744706503680487	3			0	0.6023589515947791	0.012862059293773567	3			0	expression_driven
STOmics0212	scanpy_seurat_v3_batch	2000	scvi	0.35896963718634917	0.02493296006682991	3	0.6706829713143221	0.021280590794647093	3	0.5148263042503357	0.01771380543635567	3	0.6244403872693701	0.01642663481954354	3	0.6523179256404575	0.10265080762770229	3	0.6383791564549138	0.044964021077068345	3			0	0.5766027303526248	0.0302517443696954	3			0	expression_driven
STOmics0212	scanpy_seurat_v3_batch	500	cellcharter	0.09811385096342386		1	0.6868183920595357		1	0.39246612151147975		1	0.7482644747709241		1	0.7941455094418346		1	0.7712049921063793		1			0	0.5818355568089295		1			0	expression_driven
STOmics0212	scanpy_seurat_v3_batch	500	scvi	0.3177513964807184		1	0.6598616378491858		1	0.4888065171649521		1	0.6312322045682729		1	0.7725313766444502		1	0.7018817906063615		1			0	0.5953441538856568		1			0	expression_driven
STOmics0212	scanpy_seurat_v3_batch	5000	cellcharter	0.18232749924921682		1	0.7333081135350843		1	0.45781780639215053		1	0.7021996881886915		1	0.7272377249963244		1	0.714718706592508		1			0	0.5862682564923293		1			0	expression_driven
STOmics0212	scanpy_seurat_v3_batch	5000	scvi	0.3335382513289268		1	0.6179287122448236		1	0.4757334817868752		1	0.6375928287687115		1	0.6180335032026917		1	0.6278131659857016		1			0	0.5517733238862884		1			0	expression_driven
STOmics0212	scry	100	cellcharter	0.05405826449014725		1	0.8053059180776134		1	0.42968209128388035		1	0.7224283693827531		1	0.8566808181237512		1	0.7895545937532522		1			0	0.6096183425185663		1			0	expression_driven
STOmics0212	scry	100	scvi	0.4357112548434895		1	0.7848963842102892		1	0.6103038195268893		1	0.627755499047356		1	0.6362464751296559		1	0.6320009870885059		1			0	0.6211524033076976		1			0	expression_driven
STOmics0212	scry	1000	cellcharter	0.09462008710854261		1	0.825095430389955		1	0.45985775874924883		1	0.7106181503538274		1	0.7521118872527923		1	0.7313650188033098		1			0	0.5956113887762793		1			0	expression_driven
STOmics0212	scry	1000	scvi	0.46805073811857434		1	0.6856542494934568		1	0.5768524938060156		1	0.552349780156295		1	0.5923600091905283		1	0.5723548946734116		1			0	0.5746036942397136		1			0	expression_driven
STOmics0212	scry	10000	cellcharter	0.36515764595138345		1	0.5971584180737245		1	0.48115803201255397		1	0.7111136724944985		1	0.5791870286439103		1	0.6451503505692044		1			0	0.5631541912908792		1			0	expression_driven
STOmics0212	scry	10000	scvi	0.18858169451369367		1	0.4954666155834099		1	0.34202415504855177		1	0.6179517980167756		1	0.534369649187301		1	0.5761607236020383		1			0	0.45909243932529503		1			0	expression_driven
STOmics0212	scry	200	cellcharter	0.03572706565792216		1	0.7936850450100247		1	0.4147060553339734		1	0.7167490209311503		1	0.883873769212536		1	0.8003113950718432		1			0	0.6075087252029083		1			0	expression_driven
STOmics0212	scry	200	scvi	0.4039575469690325		1	0.7499336802565566		1	0.5769456136127946		1	0.6013247229694977		1	0.5911075931906768		1	0.5962161580800873		1			0	0.586580885846441		1			0	expression_driven
STOmics0212	scry	2000	cellcharter	0.1984726036001936	0.029988260113675013	3	0.7975574805390434	0.003235392361799173	3	0.4980150420696184	0.013639590546868577	3	0.6991239258322383	0.003815561217570791	3	0.6489125363815366	0.011090339588890613	3	0.6740182311068873	0.006179263874447309	3			0	0.5860166365882529	0.006233929802223921	3			0	expression_driven
STOmics0212	scry	2000	scvi	0.4338780584101783	0.01279272952332049	3	0.6431949857848259	0.019368901786738356	3	0.5385365220975021	0.010587665332287662	3	0.6113683056490045	0.016524426767557235	3	0.541360099008897	0.007956827945491239	3	0.5763642023289507	0.011741567328466186	3			0	0.5574503622132264	0.008102823443604154	3			0	expression_driven
STOmics0212	scry	500	cellcharter	0.039166333212599436		1	0.8013692283447258		1	0.4202677807786626		1	0.7225454947160167		1	0.7750918220719288		1	0.7488186583939728		1			0	0.5845432195863177		1			0	expression_driven
STOmics0212	scry	500	scvi	0.4224354189321806		1	0.7576493751019375		1	0.5900423970170591		1	0.6166418348234032		1	0.5878366871770033		1	0.6022392610002032		1			0	0.5961408290086312		1			0	expression_driven
STOmics0212	scry	5000	cellcharter	0.32218232105668393		1	0.6569030774232864		1	0.48954269923998517		1	0.706856854258923		1	0.5881891250508073		1	0.6475229896548651		1			0	0.5685328444474251		1			0	expression_driven
STOmics0212	scry	5000	scvi	0.4260544302747575		1	0.5582690061945677		1	0.4921617182346626		1	0.5914889867863136		1	0.5469931285021493		1	0.5692410576442315		1			0	0.5307013879394471		1			0	expression_driven
STOmics0212	scsegindex	100	cellcharter	0.815460908799629		1	0.4616075687179158		1	0.6385342387587724		1	0.3761787725344852		1	0.3186437432110006		1	0.34741125787274285		1			0	0.4929727483157576		1			0	control
STOmics0212	scsegindex	100	scvi	0.9434716657807457		1	0.3029540032811925		1	0.6232128345309691		1	0.02714293793691915		1	0.0		1	0.013571468968459574		1			0	0.31839215174971436		1			0	control
STOmics0212	scsegindex	1000	cellcharter	0.5429969545249854		1	0.5542915321670918		1	0.5486442433460386		1	0.6408397978403276		1	0.39633617554866873		1	0.5185879866944982		1			0	0.5336161150202684		1			0	control
STOmics0212	scsegindex	1000	scvi	0.536282414975154		1	0.2999612899966033		1	0.4181218524858787		1	0.5806829548552757		1	0.284985368065657		1	0.4328341614604663		1			0	0.4254780069731725		1			0	control
STOmics0212	scsegindex	10000	cellcharter	0.27143280434317985		1	0.7188694040817718		1	0.4951511042124758		1	0.7084257643829291		1	0.5591631921747441		1	0.6337944782788366		1			0	0.5644727912456562		1			0	control
STOmics0212	scsegindex	10000	scvi	0.35251332045735584		1	0.5293940640500899		1	0.4409536922537229		1	0.6466774814113497		1	0.6004298452715862		1	0.623553663341468		1			0	0.5322536777975955		1			0	control
STOmics0212	scsegindex	200	cellcharter	0.7682237505676617		1	0.5069287878759607		1	0.6375762692218112		1	0.5642637775342645		1	0.41595458720375705		1	0.4901091823690108		1			0	0.5638427257954111		1			0	control
STOmics0212	scsegindex	200	scvi	0.8913642743095631		1	0.308994165763203		1	0.600179220036383		1	0.14337749562651506		1	0.10174960868691524		1	0.12256355215671515		1			0	0.36137138609654906		1			0	control
STOmics0212	scsegindex	500	cellcharter	0.6040565279840256	0.0013383042880070934	3	0.5577673727593048	0.009848073158062746	3	0.5809119503716652	0.00430869101169569	3	0.6536332716223815	0.020392004083712285	3	0.46539895207094184	0.02822070960092489	3	0.5595161118466616	0.024266078686184276	3			0	0.5702140311091635	0.01045622498755788	3			0	control
STOmics0212	scsegindex	500	scvi	0.49521018793185706	0.005615593863654689	3	0.2111931712131129	0.03512034983010882	3	0.353201679572485	0.0181309170292965	3	0.3002153416869993	0.01091664926708393	3	0.23621680978086537	0.012869847141011253	3	0.2682160757339323	0.009603989534968662	3			0	0.31070887765320865	0.012677936169279556	3			0	control
STOmics0212	scsegindex	5000	cellcharter	0.27143280434317985		1	0.7188694040817718		1	0.4951511042124758		1	0.7084257643829291		1	0.5591631921747441		1	0.6337944782788366		1			0	0.5644727912456562		1			0	control
STOmics0212	scsegindex	5000	scvi	0.35251332045735584		1	0.5293940640500899		1	0.4409536922537229		1	0.6466774814113497		1	0.6004298452715862		1	0.623553663341468		1			0	0.5322536777975955		1			0	control
STOmics0212	seurat_disp	100	cellcharter	0.04298525663859519		1	0.7888375229118709		1	0.41591138977523306		1	0.7199161709276121		1	0.8180925421790521		1	0.7690043565533321		1			0	0.5924578731642826		1			0	expression_driven
STOmics0212	seurat_disp	100	scvi	0.3945780377664981		1	0.7308105984305995		1	0.5626943180985488		1	0.6177675918220945		1	0.6743615776127324		1	0.6460645847174135		1			0	0.6043794514079811		1			0	expression_driven
STOmics0212	seurat_disp	1000	cellcharter	0.0018745111497253592		1	0.7907594723655031		1	0.39631699175761426		1	0.7377234506044844		1	0.8597356151732551		1	0.7987295328888697		1			0	0.597523262323242		1			0	expression_driven
STOmics0212	seurat_disp	1000	scvi	0.34053908730846627		1	0.6513050520585306		1	0.49592206968349845		1	0.6469599212688053		1	0.6333629932117295		1	0.6401614572402674		1			0	0.568041763461883		1			0	expression_driven
STOmics0212	seurat_disp	10000	cellcharter	0.33766216640544366		1	0.6369926641720534		1	0.4873274152887485		1	0.6909766475740442		1	0.5827324113657925		1	0.6368545294699184		1			0	0.5620909723793335		1			0	expression_driven
STOmics0212	seurat_disp	10000	scvi	0.30797609176045104		1	0.538473396942074		1	0.4232247443512625		1	0.5742698155478817		1	0.5318750982765554		1	0.5530724569122185		1			0	0.4881486006317405		1			0	expression_driven
STOmics0212	seurat_disp	200	cellcharter	0.02086497803185502		1	0.8072577612062304		1	0.4140613696190427		1	0.7242158731836025		1	0.8835984060993245		1	0.8039071396414634		1			0	0.6089842546302531		1			0	expression_driven
STOmics0212	seurat_disp	200	scvi	0.3798538756468567		1	0.7486970140689738		1	0.5642754448579153		1	0.6053675426647208		1	0.6239290630774456		1	0.6146483028710832		1			0	0.5894618738644992		1			0	expression_driven
STOmics0212	seurat_disp	2000	cellcharter	0.05796665422347933	0.016893077103580015	3	0.8113207096837879	0.019225314979282395	3	0.4346436819536336	0.013497965282310405	3	0.7226296419339686	0.008770079679580392	3	0.6946939232710275	0.08702538540653554	3	0.7086617826024981	0.04789679908508796	3			0	0.5716527322780659	0.020596983698882135	3			0	expression_driven
STOmics0212	seurat_disp	2000	scvi	0.29541354174156953	0.026316792406058567	3	0.6700549023229915	0.010629774543090663	3	0.4827342220322805	0.018435171488409237	3	0.6172315043619824	0.004817204397510287	3	0.55986048332966	0.008909650448188266	3	0.5885459938458212	0.005474350721122551	3			0	0.5356401079390508	0.011759289487648601	3			0	expression_driven
STOmics0212	seurat_disp	500	cellcharter	0.015114481158454212		1	0.7930407091945755		1	0.40407759517651487		1	0.7239891979326224		1	0.9153489948574913		1	0.8196690963950568		1			0	0.6118733457857859		1			0	expression_driven
STOmics0212	seurat_disp	500	scvi	0.37175648983957144		1	0.7093934889632812		1	0.5405749894014263		1	0.614030827050411		1	0.45374458398045925		1	0.5338877055154352		1			0	0.5372313474584307		1			0	expression_driven
STOmics0212	seurat_disp	5000	cellcharter	0.21724750793170702		1	0.7585875308797079		1	0.48791751940570743		1	0.685414279050908		1	0.6270965879898425		1	0.6562554335203752		1			0	0.5720864764630413		1			0	expression_driven
STOmics0212	seurat_disp	5000	scvi	0.3004857961103199		1	0.6114888205583907		1	0.4559873083343553		1	0.6557738314035747		1	0.5498121355610917		1	0.6027929834823331		1			0	0.5293901459083442		1			0	expression_driven
STOmics0212	seurat_mvp	100	cellcharter	0.04996026408437074		1	0.7614807660644077		1	0.4057205150743892		1	0.7186410774250565		1	0.7150822637965952		1	0.7168616706108258		1			0	0.5612910928426076		1			0	expression_driven
STOmics0212	seurat_mvp	100	scvi	0.34018076584271156		1	0.7115929785447506		1	0.5258868721937311		1	0.5751980861742173		1	0.5572713306193263		1	0.5662347083967718		1			0	0.5460607902952515		1			0	expression_driven
STOmics0212	seurat_mvp	1000	cellcharter	0.043874719491170146		1	0.7731138442536369		1	0.40849428187240355		1	0.7232651507269666		1	0.7900782164464958		1	0.7566716835867312		1			0	0.5825829827295674		1			0	expression_driven
STOmics0212	seurat_mvp	1000	scvi	0.29079783358001776		1	0.6727785022559525		1	0.4817881679179851		1	0.5876595850257678		1	0.5813401840738772		1	0.5844998845498225		1			0	0.5331440262339038		1			0	expression_driven
STOmics0212	seurat_mvp	10000	cellcharter	0.011583993814909696		1	0.7775725205583724		1	0.3945782571866411		1	0.7291000351493423		1	0.749352913381901		1	0.7392264742656216		1			0	0.5669023657261314		1			0	expression_driven
STOmics0212	seurat_mvp	10000	scvi	0.32140956467325127		1	0.6738712519454436		1	0.4976404083093474		1	0.5822953164539229		1	0.6021788023786916		1	0.5922370594163072		1			0	0.5449387338628273		1			0	expression_driven
STOmics0212	seurat_mvp	200	cellcharter	0.04308886650176257		1	0.7914105112838851		1	0.4172496888928238		1	0.7269163799372015		1	0.8150808963806158		1	0.7709986381589087		1			0	0.5941241635258663		1			0	expression_driven
STOmics0212	seurat_mvp	200	scvi	0.30638644922513353		1	0.730798225345126		1	0.5185923372851298		1	0.5916348598240858		1	0.5751735757687626		1	0.5834042177964243		1			0	0.550998277540777		1			0	expression_driven
STOmics0212	seurat_mvp	2000	cellcharter	0.028335312771181728	0.016655086596351946	3	0.7693177927508645	0.008813101867810959	3	0.39882655276102313	0.0076155071691229835	3	0.731158666349715	0.015227977515141204	3	0.7722490606409282	0.022422825982097033	3	0.7517038634953216	0.016748423512532872	3			0	0.5752652081281724	0.007863996817023535	3			0	expression_driven
STOmics0212	seurat_mvp	2000	scvi	0.3038350778577885	0.01857678775342799	3	0.6774861531913964	0.004353223874065728	3	0.49066061552459245	0.007146934228275425	3	0.5980865529235021	0.015385674980531259	3	0.5554809030042204	0.04571610816223436	3	0.5767837279638611	0.01516570195471805	3			0	0.5337221717442268	0.011149841177289052	3			0	expression_driven
STOmics0212	seurat_mvp	500	cellcharter	0.03807871040757065		1	0.7847452517560038		1	0.4114119810817872		1	0.7211342371816084		1	0.8685065169350115		1	0.79482037705831		1			0	0.6031161790700486		1			0	expression_driven
STOmics0212	seurat_mvp	500	scvi	0.2764129125334125		1	0.7193203532825893		1	0.4978666329080009		1	0.5891450718747809		1	0.6987321608047417		1	0.6439386163397613		1			0	0.5709026246238811		1			0	expression_driven
STOmics0212	seurat_mvp	5000	cellcharter	0.011583993814909696		1	0.7775725205583724		1	0.3945782571866411		1	0.7291000351493423		1	0.749352913381901		1	0.7392264742656216		1			0	0.5669023657261314		1			0	expression_driven
STOmics0212	seurat_mvp	5000	scvi	0.32140956467325127		1	0.6738712519454436		1	0.4976404083093474		1	0.5822953164539229		1	0.6021788023786916		1	0.5922370594163072		1			0	0.5449387338628273		1			0	expression_driven
STOmics0212	seurat_sct	100	cellcharter	0.029105483603957014		1	0.7961046983186485		1	0.41260509096130277		1	0.7293505828949924		1	0.8588813584308665		1	0.7941159706629295		1			0	0.6033605308121162		1			0	expression_driven
STOmics0212	seurat_sct	100	scvi	0.33258892012873675		1	0.7084121588942038		1	0.5205005395114704		1	0.6134152995086516		1	0.6303378139635192		1	0.6218765567360853		1			0	0.5711885481237778		1			0	expression_driven
STOmics0212	seurat_sct	1000	cellcharter	0.04571992955718574		1	0.7971026281190415		1	0.42141127883811363		1	0.7114033641378983		1	0.7161392848055596		1	0.713771324471729		1			0	0.5675913016549213		1			0	expression_driven
STOmics0212	seurat_sct	1000	scvi	0.3920478666943811		1	0.7037668797043876		1	0.5479073731993843		1	0.5717667295780715		1	0.5855492368375623		1	0.5786579832078169		1			0	0.5632826782036007		1			0	expression_driven
STOmics0212	seurat_sct	10000	cellcharter	0.3403826802970845		1	0.5909255968563322		1	0.46565413857670834		1	0.7073427140327254		1	0.5854591499980678		1	0.6464009320153966		1			0	0.5560275352960524		1			0	expression_driven
STOmics0212	seurat_sct	10000	scvi	0.26215613844356334		1	0.5460264320745749		1	0.4040912852590691		1	0.6064860503253894		1	0.5084021475773199		1	0.5574440989513547		1			0	0.4807676921052119		1			0	expression_driven
STOmics0212	seurat_sct	200	cellcharter	0.029269168959484594		1	0.7840866635255365		1	0.40667791624251054		1	0.7237111542148735		1	0.8532859793513461		1	0.7884985667831098		1			0	0.5975882415128102		1			0	expression_driven
STOmics0212	seurat_sct	200	scvi	0.30177799266035504		1	0.7521879643338567		1	0.5269829784971058		1	0.6064469089595961		1	0.5368004392090946		1	0.5716236740843453		1			0	0.5493033262907256		1			0	expression_driven
STOmics0212	seurat_sct	2000	cellcharter	0.1162122364117712	0.00978254636458419	3	0.8202850226821218	0.015248868391957797	3	0.4682486295469464	0.008326233206267972	3	0.7107167779919271	0.005190888906837089	3	0.7258382518886682	0.021420635798415192	3	0.7182775149402977	0.008161442885416112	3			0	0.5932630722436221	0.003566008774779346	3			0	expression_driven
STOmics0212	seurat_sct	2000	scvi	0.4210990928933506	0.020969295439855394	3	0.6850837809231921	0.030655968473074665	3	0.5530914369082713	0.012757163277633668	3	0.6014596597751242	0.03139243410265018	3	0.6347735002549036	0.01992217936561402	3	0.6181165800150139	0.021144052650587667	3			0	0.5856040084616426	0.012213659475326072	3			0	expression_driven
STOmics0212	seurat_sct	500	cellcharter	0.018684821795414523		1	0.8029145411905773		1	0.4107996814929959		1	0.7441341031426824		1	0.747976042264783		1	0.7460550727037327		1			0	0.5784273770983643		1			0	expression_driven
STOmics0212	seurat_sct	500	scvi	0.3936250866678016		1	0.7152682171368937		1	0.5544466519023477		1	0.6233738132187076		1	0.5138508985589306		1	0.5686123558888191		1			0	0.5615295038955834		1			0	expression_driven
STOmics0212	seurat_sct	5000	cellcharter	0.25197248785417004		1	0.7179482935301336		1	0.4849603906921518		1	0.7036696870052405		1	0.5993323106497909		1	0.6515009988275157		1			0	0.5682306947598337		1			0	expression_driven
STOmics0212	seurat_sct	5000	scvi	0.43418636901927443		1	0.6084113611995424		1	0.5212988651094084		1	0.5902114372603012		1	0.5360557785211694		1	0.5631336078907353		1			0	0.5422162365000718		1			0	expression_driven
STOmics0212	seurat_vst	100	cellcharter	0.15813513837431137		1	0.6012778261838864		1	0.37970648227909887		1	0.7515441319581839		1	0.811550509301769		1	0.7815473206299764		1			0	0.5806269014545377		1			0	expression_driven
STOmics0212	seurat_vst	100	scvi	0.437986021853033		1	0.595160266351167		1	0.5165731441021		1	0.5759319417427313		1	0.5058150344404095		1	0.5408734880915704		1			0	0.5287233160968352		1			0	expression_driven
STOmics0212	seurat_vst	1000	cellcharter	0.05609526720657844		1	0.6630125560553022		1	0.3595539116309403		1	0.7474865524745109		1	0.8165535253855196		1	0.7820200389300153		1			0	0.5707869752804777		1			0	expression_driven
STOmics0212	seurat_vst	1000	scvi	0.292901809103205		1	0.6250572775877209		1	0.458979543345463		1	0.6111603047881996		1	0.6979526157476055		1	0.6545564602679026		1			0	0.5567680018066827		1			0	expression_driven
STOmics0212	seurat_vst	10000	cellcharter	0.24910973558472066		1	0.6559192574014566		1	0.4525144964930886		1	0.7067501744393822		1	0.7050814312030083		1	0.7059158028211951		1			0	0.5792151496571418		1			0	expression_driven
STOmics0212	seurat_vst	10000	scvi	0.359325804281578		1	0.5162504437487465		1	0.43778812401516226		1	0.5456128343056942		1	0.538786244102627		1	0.5421995392041605		1			0	0.48999383160966137		1			0	expression_driven
STOmics0212	seurat_vst	200	cellcharter	0.11163277089982783		1	0.6222471175475386		1	0.3669399442236832		1	0.7623080582262866		1	0.5967334005998172		1	0.6795207294130519		1			0	0.5232303368183675		1			0	expression_driven
STOmics0212	seurat_vst	200	scvi	0.3634244649319153		1	0.6396461719739329		1	0.5015353184529241		1	0.6136174814654108		1	0.6883975669424035		1	0.6510075242039072		1			0	0.5762714213284157		1			0	expression_driven
STOmics0212	seurat_vst	2000	cellcharter	0.09146356740432687	0.020040556679626155	3	0.6947198677553518	0.019460974959670856	3	0.39309171757983935	0.01602422436211699	3	0.7398689443616956	0.007470011579284423	3	0.9295948041689183	0.04028993396568028	3	0.8347318742653069	0.021798026764348093	3			0	0.6139117959225732	0.007477398532561377	3			0	expression_driven
STOmics0212	seurat_vst	2000	scvi	0.2904062524801076	0.07126555087639266	3	0.6710774678965045	0.004889619895240653	3	0.480741860188306	0.03767023417818287	3	0.6339513421511968	0.016477747310272146	3	0.6745114999006486	0.019044763892534417	3	0.6542314210259227	0.011459350411317957	3			0	0.5674866406071143	0.01609349798087135	3			0	expression_driven
STOmics0212	seurat_vst	500	cellcharter	0.05473707429227661		1	0.653528284101621		1	0.3541326791969488		1	0.7555307430408856		1	0.6400062946072388		1	0.6977685188240622		1			0	0.5259505990105056		1			0	expression_driven
STOmics0212	seurat_vst	500	scvi	0.29047998310772716		1	0.6933862872187282		1	0.4919331351632277		1	0.5632794078710569		1	0.6634391088770424		1	0.6133592583740497		1			0	0.5526461967686387		1			0	expression_driven
STOmics0212	seurat_vst	5000	cellcharter	0.17684600886267673		1	0.715833306456484		1	0.4463396576595804		1	0.7178433141814103		1	0.7642309472392969		1	0.7410371307103536		1			0	0.593688394184967		1			0	expression_driven
STOmics0212	seurat_vst	5000	scvi	0.2552128015621101		1	0.6332924734640374		1	0.44425263751307376		1	0.641789884044678		1	0.5381989105583268		1	0.5899943973015024		1			0	0.5171235174072881		1			0	expression_driven
STOmics0212	singleCellHaystack	100	cellcharter	0.6154905321836359		1	0.5944236652347147		1	0.6049570987091752		1	0.6819398757542016		1	0.28597300279396487		1	0.4839564392740832		1			0	0.5444567689916292		1			0	expression_driven
STOmics0212	singleCellHaystack	100	scvi	0.7964616410756871		1	0.38381113152556273		1	0.5901363863006249		1	0.4043825632170726		1	0.27818555057783423		1	0.34128405689745345		1			0	0.4657102215990392		1			0	expression_driven
STOmics0212	singleCellHaystack	1000	cellcharter	0.3236998896231022		1	0.6409303810680721		1	0.4823151353455871		1	0.7410616523690373		1	0.7101038680276874		1	0.7255827601983624		1			0	0.6039489477719748		1			0	expression_driven
STOmics0212	singleCellHaystack	1000	scvi	0.5991943824906986		1	0.5109700956228262		1	0.5550822390567625		1	0.524866151522576		1	0.5213969678432648		1	0.5231315596829205		1			0	0.5391068993698415		1			0	expression_driven
STOmics0212	singleCellHaystack	10000	cellcharter	0.34505405465273215		1	0.61903365018033		1	0.482043852416531		1	0.7115158163289664		1	0.6607184149547005		1	0.6861171156418335		1			0	0.5840804840291822		1			0	expression_driven
STOmics0212	singleCellHaystack	10000	scvi	0.3698353121047908		1	0.5744832094142098		1	0.4721592607595003		1	0.6477809609494277		1	0.585065326437862		1	0.6164231436936449		1			0	0.5442912022265727		1			0	expression_driven
STOmics0212	singleCellHaystack	200	cellcharter	0.5630401561007083		1	0.6262072127897385		1	0.5946236844452234		1	0.6811178273478175		1	0.6478732744804001		1	0.6644955509141088		1			0	0.6295596176796661		1			0	expression_driven
STOmics0212	singleCellHaystack	200	scvi	0.8251421065583413		1	0.39743863415039626		1	0.6112903703543688		1	0.449617711861535		1	0.3229174303475153		1	0.38626757110452514		1			0	0.498778970729447		1			0	expression_driven
STOmics0212	singleCellHaystack	2000	cellcharter	0.293317998010485	0.03536515272173583	3	0.6427713338607363	0.0066865148167746255	3	0.4680446659356107	0.016347039862852644	3	0.7444185494093688	0.004717145523971221	3	0.8166750090156358	0.07232295983681264	3	0.7805467792125023	0.03387449140945172	3			0	0.6242957225740565	0.024867820021993295	3			0	expression_driven
STOmics0212	singleCellHaystack	2000	scvi	0.5110410828342684	0.06675589911800027	3	0.5420581870963975	0.031472766983760336	3	0.526549634965333	0.021321294886893553	3	0.5781315078143064	0.011210333009451609	3	0.59034555854397	0.034515346694361064	3	0.5842385331791382	0.011681247558142357	3			0	0.5553940840722356	0.013999356507551512	3			0	expression_driven
STOmics0212	singleCellHaystack	500	cellcharter	0.47059644660667477		1	0.6382805888681575		1	0.5544385177374161		1	0.6992979808770148		1	0.7063228137866493		1	0.702810397331832		1			0	0.628624457534624		1			0	expression_driven
STOmics0212	singleCellHaystack	500	scvi	0.7594964142570828		1	0.4578344950887931		1	0.608665454672938		1	0.5144072098033196		1	0.46438069994598985		1	0.4893939548746547		1			0	0.5490297047737963		1			0	expression_driven
STOmics0212	singleCellHaystack	5000	cellcharter	0.31580780418732046		1	0.6450340865658536		1	0.480420945376587		1	0.7476775839158539		1	0.7300355922026821		1	0.738856588059268		1			0	0.6096387667179275		1			0	expression_driven
STOmics0212	singleCellHaystack	5000	scvi	0.3921222693331455		1	0.5494636796346408		1	0.4707929744838931		1	0.5990588750465408		1	0.753040850894188		1	0.6760498629703644		1			0	0.5734214187271287		1			0	expression_driven
STOmics0212	somde	100	cellcharter	0.1399350933324231		1	0.7506683396343293		1	0.44530171648337624		1	0.712022104674253		1	0.824605714953307		1	0.76831390981378		1			0	0.6068078131485781		1			0	spatially_informed
STOmics0212	somde	100	scvi	0.46729400798678905		1	0.6683317921328077		1	0.5678129000597983		1	0.599891451488097		1	0.5040535538995151		1	0.551972502693806		1			0	0.5598927013768022		1			0	spatially_informed
STOmics0212	somde	1000	cellcharter	0.1029541473829655		1	0.8561184431821116		1	0.47953629528253855		1	0.7071005514029948		1	0.6809333275511527		1	0.6940169394770737		1			0	0.5867766173798061		1			0	spatially_informed
STOmics0212	somde	1000	scvi	0.41542708707712817		1	0.6725609996955224		1	0.5439940433863253		1	0.6186014265522868		1	0.5741228611340765		1	0.5963621438431816		1			0	0.5701780936147535		1			0	spatially_informed
STOmics0212	somde	10000	cellcharter	0.3208071989655421		1	0.6135785925001493		1	0.4671928957328457		1	0.6930365637691134		1	0.6071760730437599		1	0.6501063184064366		1			0	0.5586496070696412		1			0	spatially_informed
STOmics0212	somde	10000	scvi	0.3288732440238922		1	0.5458905776163254		1	0.4373819108201088		1	0.5564930041654558		1	0.5470345350614152		1	0.5517637696134354		1			0	0.4945728402167721		1			0	spatially_informed
STOmics0212	somde	200	cellcharter	0.097212714050429		1	0.7868922240480767		1	0.4420524690492528		1	0.7196127809183771		1	0.8133286380469164		1	0.7664707094826467		1			0	0.6042615892659498		1			0	spatially_informed
STOmics0212	somde	200	scvi	0.4126310333903473		1	0.6582014814122341		1	0.5354162574012907		1	0.6094220131601085		1	0.554551832921983		1	0.5819869230410457		1			0	0.5587015902211683		1			0	spatially_informed
STOmics0212	somde	2000	cellcharter	0.14190876766254848	0.009572814060858111	3	0.82896776601226	0.007887807738487494	3	0.4854382668374042	0.007171279733470736	3	0.7005054536611229	0.005666812524503487	3	0.6751465225297256	0.02366171691069169	3	0.6878259880954243	0.01084877615935375	3			0	0.5866321274664142	0.008674079710968527	3			0	spatially_informed
STOmics0212	somde	2000	scvi	0.4144385985758275	0.029063468724638716	3	0.6477694569476117	0.04562549977702182	3	0.5311040277617196	0.032021779668236335	3	0.6014098811658625	0.016148968773967896	3	0.5605848300481361	0.010669659063317018	3	0.5809973556069993	0.005395898078498914	3			0	0.5560506916843595	0.016124520641868263	3			0	spatially_informed
STOmics0212	somde	500	cellcharter	0.1002266533234847		1	0.8184070974708789		1	0.4593168753971818		1	0.7068352122932576		1	0.7519206993757077		1	0.7293779558344826		1			0	0.5943474156158322		1			0	spatially_informed
STOmics0212	somde	500	scvi	0.4317934315748406		1	0.7168603715038251		1	0.5743269015393329		1	0.5988996818333291		1	0.5731969534988105		1	0.5860483176660698		1			0	0.5801876096027013		1			0	spatially_informed
STOmics0212	somde	5000	cellcharter	0.2421631597972383		1	0.7522528994113195		1	0.4972080296042789		1	0.70616860442995		1	0.6654474600353979		1	0.685808032232674		1			0	0.5915080309184764		1			0	spatially_informed
STOmics0212	somde	5000	scvi	0.3727389886377517		1	0.5514300829794334		1	0.46208453580859254		1	0.5948699250146162		1	0.5627972200951474		1	0.5788335725548819		1			0	0.5204590541817372		1			0	spatially_informed
STOmics0212	sparkx	100	cellcharter	0.4205122012998411		1	0.7898036854512006		1	0.6051579433755209		1	0.6521584320022061		1	0.6545731856854793		1	0.6533658088438428		1			0	0.6292618761096818		1			0	spatially_informed
STOmics0212	sparkx	100	scvi	0.6878952650573716		1	0.4218561621227632		1	0.5548757135900675		1	0.46583226739800226		1	0.41613315204851364		1	0.4409827097232579		1			0	0.4979292116566627		1			0	spatially_informed
STOmics0212	sparkx	1000	cellcharter	0.37929373744592476		1	0.6459803187394311		1	0.512637028092678		1	0.6968853936780204		1	0.5991833780130458		1	0.6480343858455331		1			0	0.5803357069691055		1			0	spatially_informed
STOmics0212	sparkx	1000	scvi	0.39628555774072577		1	0.5571231176938483		1	0.47670433771728704		1	0.5642674584051798		1	0.5031770431196968		1	0.5337222507624383		1			0	0.5052132942398626		1			0	spatially_informed
STOmics0212	sparkx	10000	cellcharter	0.412108647905421		1	0.5633335900898104		1	0.4877211189976157		1	0.7130660897070887		1	0.558316766627512		1	0.6356914281673003		1			0	0.5617062735824581		1			0	spatially_informed
STOmics0212	sparkx	10000	scvi	0.24869877989615846		1	0.5175260446091903		1	0.38311241225267434		1	0.5840901078717815		1	0.5438084799920326		1	0.5639492939319071		1			0	0.4735308530922907		1			0	spatially_informed
STOmics0212	sparkx	200	cellcharter	0.36473872968440674		1	0.7691420320261997		1	0.5669403808553032		1	0.683500053795294		1	0.6876928840856382		1	0.6855964689404661		1			0	0.6262684248978847		1			0	spatially_informed
STOmics0212	sparkx	200	scvi	0.6158826869101959		1	0.4115791719585279		1	0.5137309294343619		1	0.4977636202337667		1	0.45746759653267		1	0.47761560838321837		1			0	0.49567326890879015		1			0	spatially_informed
STOmics0212	sparkx	2000	cellcharter	0.3929918650790709	0.013122490976857871	3	0.6266445125185366	0.0064852679422768905	3	0.5098181887988037	0.00436972513109668	3	0.6937882113079175	0.011950887033898199	3	0.5898946071438873	0.01388983125788326	3	0.6418414092259024	0.010303267261159566	3			0	0.575829799012353	0.004666918972452436	3			0	spatially_informed
STOmics0212	sparkx	2000	scvi	0.4020349730286384	0.0738834641116145	3	0.542300412837034	0.07753269373438605	3	0.4721676929328362	0.04900417643812682	3	0.570082898356099	0.017229855643337448	3	0.5211091050467034	0.012857701729391215	3	0.5455960017014011	0.0038412896517204535	3			0	0.5088818473171187	0.02279575702124967	3			0	spatially_informed
STOmics0212	sparkx	500	cellcharter	0.36453126982190037		1	0.7091954262785984		1	0.5368633480502494		1	0.6845929100425779		1	0.5735396124784617		1	0.6290662612605198		1			0	0.5829648046553846		1			0	spatially_informed
STOmics0212	sparkx	500	scvi	0.5263887551935761		1	0.47440583558271543		1	0.5003972953881457		1	0.554300275192377		1	0.5660754161474957		1	0.5601878456699363		1			0	0.530292570529041		1			0	spatially_informed
STOmics0212	sparkx	5000	cellcharter	0.41367094626205325		1	0.5801484016832302		1	0.49690967397264174		1	0.7069011731719806		1	0.557532861959513		1	0.6322170175657469		1			0	0.5645633457691943		1			0	spatially_informed
STOmics0212	sparkx	5000	scvi	0.2308593609143597		1	0.5358198632653296		1	0.3833396120898447		1	0.5806142328377913		1	0.5493995714236366		1	0.565006902130714		1			0	0.47417325711027936		1			0	spatially_informed
STOmics0212	spatialde	100	cellcharter	0.16390828686604375		1	0.8143517633582344		1	0.4891300251121391		1	0.6928443749364299		1	0.6627713789494125		1	0.6778078769429212		1			0	0.5834689510275302		1			0	spatially_informed
STOmics0212	spatialde	100	scvi	0.5793066874787276		1	0.6621188563739262		1	0.6207127719263269		1	0.5192212457914901		1	0.5382706868670377		1	0.528745966329264		1			0	0.5747293691277955		1			0	spatially_informed
STOmics0212	spatialde	1000	cellcharter	0.14916544512604699		1	0.8144263827826224		1	0.4817959139543347		1	0.7050042075365006		1	0.7003982449335591		1	0.7027012262350298		1			0	0.5922485700946822		1			0	spatially_informed
STOmics0212	spatialde	1000	scvi	0.5195498288200867		1	0.6485920754704141		1	0.5840709521452504		1	0.586294418188		1	0.45852656030132477		1	0.5224104892446624		1			0	0.5532407206949563		1			0	spatially_informed
STOmics0212	spatialde	10000	cellcharter	0.395770623668087		1	0.5987952416441732		1	0.4972829326561301		1	0.7034526227557659		1	0.5507852651335385		1	0.6271189439446523		1			0	0.5622009383003912		1			0	spatially_informed
STOmics0212	spatialde	10000	scvi	0.2678704428855938		1	0.5707509151214119		1	0.41931067900350283		1	0.5881028131380638		1	0.5118401051560133		1	0.5499714591470386		1			0	0.4846410690752707		1			0	spatially_informed
STOmics0212	spatialde	200	cellcharter	0.14597858385408383		1	0.8257992154597015		1	0.48588889965689264		1	0.6950204356845401		1	0.7028718575017723		1	0.6989461465931561		1			0	0.5924175231250244		1			0	spatially_informed
STOmics0212	spatialde	200	scvi	0.5534804501715243		1	0.6944829544104278		1	0.623981702290976		1	0.5402083536987894		1	0.6352603345968832		1	0.5877343441478363		1			0	0.6058580232194062		1			0	spatially_informed
STOmics0212	spatialde	2000	cellcharter	0.2314412639601741	0.02316176811597042	3	0.7877396193072442	0.0172178914204199	3	0.509590441633709	0.004154754297080069	3	0.6965091241079749	0.0039921518570374594	3	0.6356337902712594	0.03326665312120362	3	0.6660714571896172	0.0180211511287476	3			0	0.5878309494116633	0.0074183190595726155	3			0	spatially_informed
STOmics0212	spatialde	2000	scvi	0.45001817316815057	0.0013789684549811757	3	0.6262278848376955	0.061527353998398523	3	0.5381230290029231	0.030298151135202872	3	0.6183758254274023	0.024604414447925386	3	0.5464110981588067	0.04400944319017672	3	0.5823934617931045	0.01797039701325354	3			0	0.5602582453980137	0.023918605016361786	3			0	spatially_informed
STOmics0212	spatialde	500	cellcharter	0.10557402486297798		1	0.8259403071561469		1	0.4657571660095624		1	0.713760381831662		1	0.739946087074276		1	0.726853234452969		1			0	0.5963052002312657		1			0	spatially_informed
STOmics0212	spatialde	500	scvi	0.45307587522021653		1	0.7311527481395048		1	0.5921143116798606		1	0.5972453595726527		1	0.5288904734326413		1	0.563067916502647		1			0	0.5775911140912537		1			0	spatially_informed
STOmics0212	spatialde	5000	cellcharter	0.3243110108146668		1	0.6388395646269444		1	0.4815752877208056		1	0.7034247070033084		1	0.565781683396291		1	0.6346031951997997		1			0	0.5580892414603027		1			0	spatially_informed
STOmics0212	spatialde	5000	scvi	0.42124341916492564		1	0.5510806290394861		1	0.4861620241022059		1	0.5950395323484706		1	0.5422572231740169		1	0.5686483777612438		1			0	0.5274052009317248		1			0	spatially_informed
STOmics0212	statistic_mean	100	cellcharter	0.2502073846798441		1	0.8479321244854254		1	0.5490697545826347		1	0.6655905824494908		1	0.7389608900393649		1	0.7022757362444279		1			0	0.6256727454135314		1			0	expression_driven
STOmics0212	statistic_mean	100	scvi	0.62586146457453		1	0.5349067669381122		1	0.5803841157563211		1	0.5616758910349552		1	0.5841098352466336		1	0.5728928631407944		1			0	0.5766384894485577		1			0	expression_driven
STOmics0212	statistic_mean	1000	cellcharter	0.1820913746551862		1	0.8371320197807184		1	0.5096116972179523		1	0.7055887231771255		1	0.6490316981542359		1	0.6773102106656808		1			0	0.5934609539418165		1			0	expression_driven
STOmics0212	statistic_mean	1000	scvi	0.48619456582040704		1	0.6404852779908299		1	0.5633399219056184		1	0.5828085913200329		1	0.4877366165867403		1	0.5352726039533866		1			0	0.5493062629295025		1			0	expression_driven
STOmics0212	statistic_mean	10000	cellcharter	0.36288560321343677		1	0.6047335963812341		1	0.48380959979733545		1	0.7043722858687923		1	0.5829655230238642		1	0.6436689044463282		1			0	0.5637392521218318		1			0	expression_driven
STOmics0212	statistic_mean	10000	scvi	0.22344928900769653		1	0.550693888624137		1	0.3870715888159168		1	0.6111008739532754		1	0.5366923502240364		1	0.5738966120886559		1			0	0.4804841004522864		1			0	expression_driven
STOmics0212	statistic_mean	200	cellcharter	0.07508626080738184		1	0.7972848712247442		1	0.43618556601606306		1	0.734883010499524		1	0.7283079822066527		1	0.7315954963530884		1			0	0.5838905311845757		1			0	expression_driven
STOmics0212	statistic_mean	200	scvi	0.4896892350095163		1	0.6716519859347417		1	0.580670610472129		1	0.6099267441386464		1	0.5554113251487829		1	0.5826690346437147		1			0	0.5816698225579218		1			0	expression_driven
STOmics0212	statistic_mean	2000	cellcharter	0.2300453528156251	0.02923616876892344	3	0.7804872758932553	0.012038360589518122	3	0.5052663143544401	0.011668541342267504	3	0.6955971528982392	0.007463870094961565	3	0.6285454143837733	0.055229294807721784	3	0.6620712836410063	0.028540719090958698	3			0	0.5836687989977233	0.013220039189901353	3			0	expression_driven
STOmics0212	statistic_mean	2000	scvi	0.4772081191734375	0.024911182177430956	3	0.6211612275016783	0.024408018284447955	3	0.5491846733375579	0.019475197267765858	3	0.5866414940875201	0.019553117291456486	3	0.4941471293314001	0.07265632019469877	3	0.5403943117094601	0.02723298329975616	3			0	0.544789492523509	0.013024119275344827	3			0	expression_driven
STOmics0212	statistic_mean	500	cellcharter	0.10194965302658887		1	0.8332078071792991		1	0.467578730102944		1	0.7138732036037719		1	0.7676876556476241		1	0.740780429625698		1			0	0.604179579864321		1			0	expression_driven
STOmics0212	statistic_mean	500	scvi	0.4575448121398754		1	0.7127006034571336		1	0.5851227077985045		1	0.6025024095827717		1	0.5970083324756484		1	0.5997553710292101		1			0	0.5924390394138572		1			0	expression_driven
STOmics0212	statistic_mean	5000	cellcharter	0.30530941073988654		1	0.6544532555604989		1	0.47988133315019277		1	0.7011723464532927		1	0.5812145881302895		1	0.6411934672917912		1			0	0.560537400220992		1			0	expression_driven
STOmics0212	statistic_mean	5000	scvi	0.3926483928460507		1	0.4923745712375145		1	0.4425114820417826		1	0.577948355324232		1	0.5406884313004365		1	0.5593183933123342		1			0	0.5009149376770584		1			0	expression_driven
STOmics0212	statistic_variance	100	cellcharter	0.050363722724961243		1	0.8015711850082061		1	0.4259674538665837		1	0.7230185259977415		1	0.8388073069641053		1	0.7809129164809234		1			0	0.6034401851737535		1			0	expression_driven
STOmics0212	statistic_variance	100	scvi	0.40247254846774316		1	0.7261542225292456		1	0.5643133854984943		1	0.6117831038244322		1	0.6822944495765284		1	0.6470387767004804		1			0	0.6056760810994873		1			0	expression_driven
STOmics0212	statistic_variance	1000	cellcharter	0.13974037923513824		1	0.8335788580018932		1	0.48665961861851575		1	0.7053216829136489		1	0.6313583161135969		1	0.668339999513623		1			0	0.5774998090660693		1			0	expression_driven
STOmics0212	statistic_variance	1000	scvi	0.4271919087756899		1	0.6579469160475466		1	0.5425694124116183		1	0.5851348180561246		1	0.5924020067823643		1	0.5887684124192445		1			0	0.5656689124154314		1			0	expression_driven
STOmics0212	statistic_variance	10000	cellcharter	0.354841024495579		1	0.5817062399914538		1	0.46827363224351637		1	0.7097927976899977		1	0.5923237287949968		1	0.6510582632424973		1			0	0.5596659477430068		1			0	expression_driven
STOmics0212	statistic_variance	10000	scvi	0.29837612095864174		1	0.5442621656390733		1	0.4213191432988575		1	0.5765375055862458		1	0.5430331018060013		1	0.5597853036961236		1			0	0.4905522234974905		1			0	expression_driven
STOmics0212	statistic_variance	200	cellcharter	0.05114751521821532		1	0.8350368722223954		1	0.4430921937203054		1	0.7292181103527176		1	0.7638220010918038		1	0.7465200557222607		1			0	0.594806124721283		1			0	expression_driven
STOmics0212	statistic_variance	200	scvi	0.48316190803870274		1	0.7359902043297308		1	0.6095760561842167		1	0.5916548253266035		1	0.677129024087602		1	0.6343919247071028		1			0	0.6219839904456598		1			0	expression_driven
STOmics0212	statistic_variance	2000	cellcharter	0.2151152867259346	0.017156140112807427	3	0.7936611325804019	0.015482400653636706	3	0.5043882096531682	0.007471962601730677	3	0.6965372660903936	0.00559513510897952	3	0.619984914899456	0.04520896943906269	3	0.6582610904949248	0.02319690819540083	3			0	0.5813246500740464	0.015333668314438298	3			0	expression_driven
STOmics0212	statistic_variance	2000	scvi	0.4469307182377582	0.019609200756374512	3	0.6038065550195775	0.02565690321449562	3	0.5253686366286678	0.005455419897023338	3	0.5676376197228046	0.007293996747479148	3	0.4935621632240723	0.020517150746153172	3	0.5305998914734384	0.012357671393703452	3			0	0.5279842640510531	0.006157643583963096	3			0	expression_driven
STOmics0212	statistic_variance	500	cellcharter	0.04381584493769267		1	0.8055011971914877		1	0.4246585210645902		1	0.7194171070439895		1	0.8428545930149437		1	0.7811358500294666		1			0	0.6028971855470284		1			0	expression_driven
STOmics0212	statistic_variance	500	scvi	0.405270014612037		1	0.7521585678162526		1	0.5787142912141447		1	0.6254242888981293		1	0.5503867602648056		1	0.5879055245814675		1			0	0.5833099078978061		1			0	expression_driven
STOmics0212	statistic_variance	5000	cellcharter	0.32163353677687506		1	0.6544743178128881		1	0.4880539272948816		1	0.6952252157205114		1	0.5888058381203053		1	0.6420155269204084		1			0	0.565034727107645		1			0	expression_driven
STOmics0212	statistic_variance	5000	scvi	0.3973236333892655		1	0.5380072357210934		1	0.4676654345551795		1	0.6223085809653689		1	0.6054855614346584		1	0.6138970712000136		1			0	0.5407812528775966		1			0	expression_driven
STOmics0212	triku	100	cellcharter	0.3245191027405945		1	0.5712821271205104		1	0.44790061493055244		1	0.7117423506625098		1	0.41844539476784437		1	0.5650938727151771		1			0	0.5064972438228648		1			0	expression_driven
STOmics0212	triku	100	scvi	0.47821231405493225		1	0.3928354769913182		1	0.4355238955231252		1	0.5190959277806083		1	0.39062822854273005		1	0.4548620781616692		1			0	0.44519298684239716		1			0	expression_driven
STOmics0212	triku	1000	cellcharter	0.04217120001422897		1	0.7689389986454586		1	0.4055550993298438		1	0.7300652584756809		1	0.9261195844324603		1	0.8280924214540706		1			0	0.6168237603919572		1			0	expression_driven
STOmics0212	triku	1000	scvi	0.31970889506751865		1	0.7429956292229126		1	0.5313522621452156		1	0.5965559398500946		1	0.6309754779898823		1	0.6137657089199884		1			0	0.572558985532602		1			0	expression_driven
STOmics0212	triku	10000	cellcharter	0.23169844598762837		1	0.6736340999249355		1	0.4526662729562819		1	0.7170361284777539		1	0.6777856074601651		1	0.6974108679689595		1			0	0.5750385704626206		1			0	expression_driven
STOmics0212	triku	10000	scvi	0.35127160428945153		1	0.5055901200473402		1	0.4284308621683959		1	0.5542781748859026		1	0.5543513962287532		1	0.5543147855573278		1			0	0.49137282386286185		1			0	expression_driven
STOmics0212	triku	200	cellcharter	0.11854332905209708		1	0.730306435172987		1	0.42442488211254203		1	0.7719678792211168		1	0.6001684975587541		1	0.6860681883899354		1			0	0.5552465352512388		1			0	expression_driven
STOmics0212	triku	200	scvi	0.44472469713417884		1	0.5789211168239872		1	0.511822906979083		1	0.5815544310914907		1	0.49182138852283563		1	0.5366879098071632		1			0	0.524255408393123		1			0	expression_driven
STOmics0212	triku	2000	cellcharter	0.06636023128111636	0.0023021882313737324	3	0.7919611881780408	0.005796218025553153	3	0.42916070972957865	0.004039331410219434	3	0.7364354630600136	0.0022287486824782558	3	0.7155558846338753	0.012806903623837337	3	0.7259956738469443	0.005942604970387369	3			0	0.5775781917882615	0.003785945681425428	3			0	expression_driven
STOmics0212	triku	2000	scvi	0.35649406946741724	0.025627191928328043	3	0.7177718666943335	0.012936238749968033	3	0.5371329680808753	0.00927678806563528	3	0.6147203744093671	0.0269859236981032	3	0.6465932778090249	0.03411980883704089	3	0.630656826109196	0.005658019974250744	3			0	0.5838948970950356	0.005585376853246276	3			0	expression_driven
STOmics0212	triku	500	cellcharter	0.014809695578072355		1	0.7588199336308721		1	0.3868148146044722		1	0.7291879759267853		1	0.8753448712400429		1	0.802266423583414		1			0	0.5945406190939431		1			0	expression_driven
STOmics0212	triku	500	scvi	0.33200147873109187		1	0.7153398236152426		1	0.5236706511731672		1	0.6378807800828309		1	0.7564272237342924		1	0.6971540019085616		1			0	0.6104123265408644		1			0	expression_driven
STOmics0212	triku	5000	cellcharter	0.14847153706186314		1	0.7711572157721246		1	0.45981437641699385		1	0.7009139753639267		1	0.7169208219096896		1	0.7089173986368082		1			0	0.5843658875269011		1			0	expression_driven
STOmics0212	triku	5000	scvi	0.410599255423234		1	0.6134189466317052		1	0.5120091010274695		1	0.6276988572753314		1	0.7188271491685124		1	0.6732630032219219		1			0	0.5926360521246957		1			0	expression_driven
STOmics0212	wilcoxon	100	cellcharter	0.4021058461353286		1	0.5952870458419877		1	0.49869644598865814		1	0.6163799912204717		1	0.24396994962808866		1	0.4301749704242802		1			0	0.4644357082064692		1			0	label_informed
STOmics0212	wilcoxon	100	scvi	0.2088707718990831		1	0.34825966547329873		1	0.2785652186861909		1	0.8511570141403467		1	0.13858145085899432		1	0.4948692324996705		1			0	0.3867172255929307		1			0	label_informed
STOmics0212	wilcoxon	1000	cellcharter	0.08519323462078739		1	0.8182881823157182		1	0.4517407084682528		1	0.696592681203124		1	0.7818918360699739		1	0.739242258636549		1			0	0.5954914835524009		1			0	label_informed
STOmics0212	wilcoxon	1000	scvi	0.3444704018441185		1	0.6268244563989238		1	0.48564742912152115		1	0.6012968843857683		1	0.662549024458588		1	0.6319229544221782		1			0	0.5587851917718496		1			0	label_informed
STOmics0212	wilcoxon	10000	cellcharter	0.21572320802984946		1	0.708165331841626		1	0.46194426993573773		1	0.7004915091222661		1	0.6152566089869362		1	0.6578740590546012		1			0	0.5599091644951695		1			0	label_informed
STOmics0212	wilcoxon	10000	scvi	0.3541493259338244		1	0.5493423503360484		1	0.4517458381349364		1	0.6496059831169089		1	0.5782809961637323		1	0.6139434896403206		1			0	0.5328446638876285		1			0	label_informed
STOmics0212	wilcoxon	200	cellcharter	0.37015350176656436		1	0.6436943487216725		1	0.5069239252441184		1	0.6139879372166362		1	0.4498475522315527		1	0.5319177447240945		1			0	0.5194208349841065		1			0	label_informed
STOmics0212	wilcoxon	200	scvi	0.6824239315143052		1	0.39710968776258626		1	0.5397668096384458		1	0.16364126467132492		1	0.09807812189879464		1	0.13085969328505978		1			0	0.3353132514617528		1			0	label_informed
STOmics0212	wilcoxon	2000	cellcharter	0.07297454988901393	0.025744207245963758	3	0.8430951001824933	0.010690211150874934	3	0.4580348250357536	0.017286747913142716	3	0.7067310005166499	0.0035724782221904115	3	0.8330018833625227	0.07052031436372039	3	0.7698664419395862	0.035179447574762934	3			0	0.6139506334876699	0.026052451122282622	3			0	label_informed
STOmics0212	wilcoxon	2000	scvi	0.3727479797637228	0.023011576142429584	3	0.6402741929718944	0.028032897134912225	3	0.5065110863678086	0.018265447351527644	3	0.6286442793189414	0.016456219432319615	3	0.6713445066770941	0.02169188492042905	3	0.6499943929980178	0.018535385810078027	3			0	0.5782527396829131	0.0022173165208525286	3			0	label_informed
STOmics0212	wilcoxon	500	cellcharter	0.1565095438981073		1	0.8179402119481933		1	0.48722487792315033		1	0.6838957534915887		1	0.6445992040900324		1	0.6642474787908106		1			0	0.5757361783569804		1			0	label_informed
STOmics0212	wilcoxon	500	scvi	0.4988420184263239		1	0.5630820625042177		1	0.5309620404652708		1	0.5532760130555066		1	0.5337608599744443		1	0.5435184365149754		1			0	0.5372402384901231		1			0	label_informed
STOmics0212	wilcoxon	5000	cellcharter	0.12988051926569713		1	0.8187450569517881		1	0.4743127881087426		1	0.7124170202276879		1	0.7594534477293953		1	0.7359352339785417		1			0	0.6051240110436421		1			0	label_informed
STOmics0212	wilcoxon	5000	scvi	0.3380372589574542		1	0.5812377664429372		1	0.4596375127001957		1	0.6322690365902154		1	0.6373570697720699		1	0.6348130531811427		1			0	0.5472252829406692		1			0	label_informed
STOmics0218	Brennecke	100	cellcharter	0.6494042971582716		1	0.7787405009028553		1	0.7140723990305635		1	0.6363303836555328		1	0.6552836261733452		1	0.6458070049144391		1			0	0.6799397019725013		1			0	expression_driven
STOmics0218	Brennecke	100	scvi	0.8959256144173482		1	0.5251119096549534		1	0.7105187620361508		1	0.2894060682178365		1	0.3934790384098694		1	0.341442553313853		1			0	0.5259806576750019		1			0	expression_driven
STOmics0218	Brennecke	1000	cellcharter	0.6048328417175993		1	0.9244346801087069		1	0.764633760913153		1	0.7149573673022175		1	0.7780852970135332		1	0.7465213321578754		1			0	0.7555775465355142		1			0	expression_driven
STOmics0218	Brennecke	1000	scvi	0.8075658303924043		1	0.7246977632487872		1	0.7661317968205957		1	0.6369252619524832		1	0.7831415414479281		1	0.7100334017002057		1			0	0.7380825992604008		1			0	expression_driven
STOmics0218	Brennecke	10000	cellcharter	0.6400606809598061		1	0.8619804206790368		1	0.7510205508194214		1	0.7247738206528215		1	0.7434517779511103		1	0.7341127993019658		1			0	0.7425666750606936		1			0	expression_driven
STOmics0218	Brennecke	10000	scvi	0.7519184276726567		1	0.6847441875124352		1	0.7183313075925459		1	0.6313280756715973		1	0.801682050501443		1	0.7165050630865202		1			0	0.717418185339533		1			0	expression_driven
STOmics0218	Brennecke	200	cellcharter	0.6363245199612871		1	0.8637555359496554		1	0.7500400279554713		1	0.656038615051448		1	0.7525106457674613		1	0.7042746304094547		1			0	0.727157329182463		1			0	expression_driven
STOmics0218	Brennecke	200	scvi	0.8565947346785067		1	0.6311735229713589		1	0.7438841288249327		1	0.44552733011897533		1	0.6533564859703153		1	0.5494419080446453		1			0	0.646663018434789		1			0	expression_driven
STOmics0218	Brennecke	2000	cellcharter	0.6147373743637928	0.013831499332737114	3	0.8834875437990455	0.00904099897389344	3	0.7491124590814192	0.010935480459424503	3	0.724168742365937	0.003275859745254493	3	0.7546329132122841	0.020221523227752638	3	0.7394008277891105	0.008756489634777412	3			0	0.744256643435265	0.003526282038124765	3			0	expression_driven
STOmics0218	Brennecke	2000	scvi	0.8304096862467079	0.010952571857204647	3	0.698773959498662	0.010587244026258028	3	0.7645918228726849	0.01030071822026734	3	0.6422913247338287	0.03556821539182333	3	0.7783787015712539	0.03462986321078899	3	0.7103350131525413	0.03273002457370622	3			0	0.7374634180126131	0.01121589389441657	3			0	expression_driven
STOmics0218	Brennecke	500	cellcharter	0.5946297127840806		1	0.9197752487816883		1	0.7572024807828844		1	0.6988083343165128		1	0.7532276395446094		1	0.7260179869305611		1			0	0.7416102338567228		1			0	expression_driven
STOmics0218	Brennecke	500	scvi	0.8327726107919885		1	0.7314052152268354		1	0.782088913009412		1	0.5585130706362024		1	0.7791553540257892		1	0.6688342123309958		1			0	0.7254615626702039		1			0	expression_driven
STOmics0218	Brennecke	5000	cellcharter	0.6157169316502629		1	0.8729787467050243		1	0.7443478391776436		1	0.7303238365951051		1	0.7162926894251325		1	0.7233082630101189		1			0	0.7338280510938813		1			0	expression_driven
STOmics0218	Brennecke	5000	scvi	0.8142431413575442		1	0.6837900151300661		1	0.7490165782438052		1	0.6559823485633822		1	0.8141407738418804		1	0.7350615612026313		1			0	0.7420390697232182		1			0	expression_driven
STOmics0218	TFs	2000	cellcharter	0.7586800965186828	0.004752191563109517	3	0.7722448356878172	0.007721869214918463	3	0.7654624661032501	0.003441172894589697	3	0.686274970271084	0.011427969554498084	3	0.774653806387	0.04050275018915046	3	0.7304643883290419	0.023595060585990226	3			0	0.7479634272161461	0.012704639348120137	3			0	control
STOmics0218	TFs	2000	scvi	0.8798583845649355	0.015578772220421264	3	0.582174345958914	0.019969125399512493	3	0.7310163652619247	0.016387056064817326	3	0.5364850787241369	0.0104156486471628	3	0.7432621828030198	0.03179146835084126	3	0.6398736307635783	0.011287388088850507	3			0	0.6854449980127515	0.012561515309844746	3			0	control
STOmics0218	all_features	all	cellcharter	0.6397666073257628	0.008024261441508649	3	0.8361144292933954	0.005331097239568881	3	0.7379405183095792	0.004165735175668004	3	0.7027686366349352	0.016401258520624084	3	0.7694405096075024	0.03143931628817139	3	0.7361045731212189	0.012356772542499488	3			0	0.737022545715399	0.008227774920229445	3			0	control
STOmics0218	all_features	all	scvi	0.5129977978442845	0.10969717675035483	3	0.596152021631444	0.11700572571159654	3	0.5545749097378643	0.11334747332048906	3	0.47721959995304636	0.10870874946232496	3	0.6235730091343022	0.2039545162851931	3	0.5503963045436743	0.1563066753812284	3			0	0.5524856071407692	0.1341415466393277	3			0	control
STOmics0218	anticor	100	cellcharter	0.7522772255448333		1	0.8006378662479208		1	0.776457545896377		1	0.6680926959215331		1	0.7388778777975626		1	0.7034852868595478		1			0	0.7399714163779625		1			0	expression_driven
STOmics0218	anticor	100	scvi	0.8834651543859041		1	0.5804704192508297		1	0.7319677868183669		1	0.5116359152183968		1	0.7400659854602021		1	0.6258509503392995		1			0	0.6789093685788332		1			0	expression_driven
STOmics0218	anticor	1000	cellcharter	0.600902936607564		1	0.8773070878518003		1	0.7391050122296822		1	0.7371713507119421		1	0.7581525202586541		1	0.747661935485298		1			0	0.74338347385749		1			0	expression_driven
STOmics0218	anticor	1000	scvi	0.8282554696935727		1	0.6614665052622265		1	0.7448609874778995		1	0.6545744115547931		1	0.8266132068697922		1	0.7405938092122927		1			0	0.7427273983450962		1			0	expression_driven
STOmics0218	anticor	10000	cellcharter	0.6351514933529109		1	0.849818611326959		1	0.7424850523399349		1	0.7302404103760954		1	0.7967713056850314		1	0.7635058580305634		1			0	0.7529954551852491		1			0	expression_driven
STOmics0218	anticor	10000	scvi	0.7088817064932431		1	0.7408268810235342		1	0.7248542937583886		1	0.606017092813189		1	0.8954122756364205		1	0.7507146842248047		1			0	0.7377844889915967		1			0	expression_driven
STOmics0218	anticor	200	cellcharter	0.6790721619931681		1	0.820410969885942		1	0.749741565939555		1	0.7145560693363389		1	0.7003226198901036		1	0.7074393446132212		1			0	0.7285904552763881		1			0	expression_driven
STOmics0218	anticor	200	scvi	0.8607666865388883		1	0.6615218121837008		1	0.7611442493612945		1	0.5274339442507906		1	0.7329761578747872		1	0.6302050510627889		1			0	0.6956746502120417		1			0	expression_driven
STOmics0218	anticor	2000	cellcharter	0.6244384643072441	0.01544499211418134	3	0.8768891738229541	0.003970532218774349	3	0.750663819065099	0.007262999270070772	3	0.7465994218888546	0.0075182021492915365	3	0.731492841728016	0.006440530098373314	3	0.7390461318084354	0.000583616621311853	3			0	0.7448549754367672	0.0033408526579145103	3			0	expression_driven
STOmics0218	anticor	2000	scvi	0.8210287594615421	0.006707392723271495	3	0.6864192541109224	0.012949754887494683	3	0.7537240067862322	0.0093658772961162	3	0.6562814155598042	0.014982163469278121	3	0.8373864931456222	0.006780336014394035	3	0.7468339543527133	0.005612752916504695	3			0	0.7502789805694728	0.002697125450656602	3			0	expression_driven
STOmics0218	anticor	500	cellcharter	0.6094388685977099		1	0.8695133947109311		1	0.7394761316543206		1	0.7226310717231909		1	0.7621711827293736		1	0.7424011272262823		1			0	0.7409386294403014		1			0	expression_driven
STOmics0218	anticor	500	scvi	0.8316678835020773		1	0.6012397118217185		1	0.7164537976618979		1	0.6228410383544424		1	0.7475422099727483		1	0.6851916241635954		1			0	0.7008227109127466		1			0	expression_driven
STOmics0218	anticor	5000	cellcharter	0.6498548725617581		1	0.8671564049428899		1	0.758505638752324		1	0.7211988324074681		1	0.7351843783346359		1	0.728191605371052		1			0	0.7433486220616881		1			0	expression_driven
STOmics0218	anticor	5000	scvi	0.8040691368589483		1	0.6594120718905825		1	0.7317406043747654		1	0.6498570274280864		1	0.8353892508839404		1	0.7426231391560134		1			0	0.7371818717653894		1			0	expression_driven
STOmics0218	dubstepr	100	cellcharter	0.6461620916854361		1	0.837957480288869		1	0.7420597859871525		1	0.6939727250623223		1	0.7299962858468677		1	0.711984505454595		1			0	0.7270221457208738		1			0	expression_driven
STOmics0218	dubstepr	100	scvi	0.863911914546926		1	0.6382857433370265		1	0.7510988289419762		1	0.5370614700157202		1	0.7298444044643275		1	0.6334529372400239		1			0	0.6922758830910001		1			0	expression_driven
STOmics0218	dubstepr	1000	cellcharter	0.6065037046119158		1	0.8941465953068068		1	0.7503251499593613		1	0.7273516223100732		1	0.8028016603788584		1	0.7650766413444658		1			0	0.7577008956519136		1			0	expression_driven
STOmics0218	dubstepr	1000	scvi	0.8045740112149695		1	0.7016964445643806		1	0.753135227889675		1	0.6956135011176204		1	0.801260274196605		1	0.7484368876571127		1			0	0.7507860577733938		1			0	expression_driven
STOmics0218	dubstepr	10000	cellcharter	0.6172086478253372		1	0.8670217170706866		1	0.7421151824480119		1	0.7315114044391846		1	0.7388383932613978		1	0.7351748988502912		1			0	0.7386450406491516		1			0	expression_driven
STOmics0218	dubstepr	10000	scvi	0.8057598035233027		1	0.6874058761481725		1	0.7465828398357376		1	0.6678491325565656		1	0.7882119108474146		1	0.7280305217019901		1			0	0.7373066807688639		1			0	expression_driven
STOmics0218	dubstepr	200	cellcharter	0.6422573677077751		1	0.8743017603509209		1	0.758279564029348		1	0.7122994191285591		1	0.741606872008058		1	0.7269531455683085		1			0	0.7426163547988283		1			0	expression_driven
STOmics0218	dubstepr	200	scvi	0.8436512509434704		1	0.6539959339785506		1	0.7488235924610105		1	0.5780142604986		1	0.7875222387553519		1	0.682768249626976		1			0	0.7157959210439933		1			0	expression_driven
STOmics0218	dubstepr	2000	cellcharter	0.6114128621268454	0.010240285310623428	3	0.8746866760759681	0.006932349699075361	3	0.7430497691014066	0.0020143851432739574	3	0.7409429870032955	0.0063491970369195065	3	0.7523117518497952	0.020430690962682473	3	0.7466273694265454	0.010128040028646536	3			0	0.7448385692639761	0.005833201200596717	3			0	expression_driven
STOmics0218	dubstepr	2000	scvi	0.8092141759760662	0.0030160565449293773	3	0.6893307677199445	0.01935058713281994	3	0.7492724718480054	0.01113352315264938	3	0.6658448627257632	0.013794410100618182	3	0.8153971816210052	0.030251399606898252	3	0.7406210221733843	0.0179532044603977	3			0	0.7449467470106947	0.010276678277062952	3			0	expression_driven
STOmics0218	dubstepr	500	cellcharter	0.5850666254091604		1	0.8986198186056051		1	0.7418432220073827		1	0.7300740767268157		1	0.7468839017408935		1	0.7384789892338546		1			0	0.7401611056206187		1			0	expression_driven
STOmics0218	dubstepr	500	scvi	0.8257173193569673		1	0.6969070453273182		1	0.7613121823421427		1	0.6670150290640676		1	0.7737528571255092		1	0.7203839430947885		1			0	0.7408480627184656		1			0	expression_driven
STOmics0218	dubstepr	5000	cellcharter	0.6172086478253372		1	0.8670217170706866		1	0.7421151824480119		1	0.7315114044391846		1	0.7388383932613978		1	0.7351748988502912		1			0	0.7386450406491516		1			0	expression_driven
STOmics0218	dubstepr	5000	scvi	0.8057598035233027		1	0.6874058761481725		1	0.7465828398357376		1	0.6678491325565656		1	0.7882119108474146		1	0.7280305217019901		1			0	0.7373066807688639		1			0	expression_driven
STOmics0218	hotspot	100	cellcharter	0.5834528168845841		1	0.8504048304403773		1	0.7169288236624807		1	0.6549272979855991		1	0.7519070321032324		1	0.7034171650444158		1			0	0.7101729943534483		1			0	expression_driven
STOmics0218	hotspot	100	scvi	0.8533311578977918		1	0.6388525759254615		1	0.7460918669116267		1	0.5154775950770466		1	0.8017400714886199		1	0.6586088332828333		1			0	0.7023503500972299		1			0	expression_driven
STOmics0218	hotspot	1000	cellcharter	0.5902792656779717		1	0.8839642887059326		1	0.7371217771919522		1	0.725552316476992		1	0.787628556874749		1	0.7565904366758704		1			0	0.7468561069339112		1			0	expression_driven
STOmics0218	hotspot	1000	scvi	0.8202547395340003		1	0.6469703341626688		1	0.7336125368483346		1	0.652750094718409		1	0.7434403720508718		1	0.6980952333846404		1			0	0.7158538851164875		1			0	expression_driven
STOmics0218	hotspot	10000	cellcharter	0.6411589888875119		1	0.8384072104275408		1	0.7397830996575263		1	0.7243277087725523		1	0.7678415508928723		1	0.7460846298327123		1			0	0.7429338647451194		1			0	expression_driven
STOmics0218	hotspot	10000	scvi	0.7072383586817674		1	0.7427709744490908		1	0.7250046665654291		1	0.6157945768711631		1	0.7768013459152918		1	0.6962979613932274		1			0	0.7106513139793282		1			0	expression_driven
STOmics0218	hotspot	200	cellcharter	0.5878397072888666		1	0.854817216214924		1	0.7213284617518954		1	0.7067507217506667		1	0.751872901768331		1	0.7293118117594988		1			0	0.7253201367556971		1			0	expression_driven
STOmics0218	hotspot	200	scvi	0.8533642396350022		1	0.6253013006522453		1	0.7393327701436238		1	0.5733287929686982		1	0.7759717582141862		1	0.6746502755914422		1			0	0.706991522867533		1			0	expression_driven
STOmics0218	hotspot	2000	cellcharter	0.6331909669476956	0.006744688220232796	3	0.8507141806046281	0.0022073841425758493	3	0.7419525737761618	0.003103652193994022	3	0.7456163876140302	0.008903173717876326	3	0.7912159074201798	0.05966834322196681	3	0.768416147517105	0.025412537233658168	3			0	0.7551843606466333	0.014257060910852416	3			0	expression_driven
STOmics0218	hotspot	2000	scvi	0.8237447113675516	0.005696650802999361	3	0.6624946075754211	0.01534423951990027	3	0.7431196594714863	0.009949669058485672	3	0.6651815501448451	0.009370161078214779	3	0.7864673546182613	0.0351854142653745	3	0.7258244523815532	0.01600637965387111	3			0	0.7344720559265197	0.005645152051156718	3			0	expression_driven
STOmics0218	hotspot	500	cellcharter	0.5552429456448268		1	0.8992347213072899		1	0.7272388334760583		1	0.7319175824688241		1	0.7927494099898464		1	0.7623334962293353		1			0	0.7447861648526968		1			0	expression_driven
STOmics0218	hotspot	500	scvi	0.8190666603731086		1	0.6679239946195421		1	0.7434953274963254		1	0.6784952172753652		1	0.7890156176132416		1	0.7337554174443034		1			0	0.7386253724703145		1			0	expression_driven
STOmics0218	hotspot	5000	cellcharter	0.6325482689083506		1	0.8423007478534426		1	0.7374245083808966		1	0.7398167947742859		1	0.703933021831594		1	0.7218749083029399		1			0	0.7296497083419182		1			0	expression_driven
STOmics0218	hotspot	5000	scvi	0.7270894944213971		1	0.7164062472574725		1	0.7217478708394348		1	0.6201168169973463		1	0.7979885199778856		1	0.709052668487616		1			0	0.7154002696635253		1			0	expression_driven
STOmics0218	morans_i	100	cellcharter	0.6622690114335884		1	0.83856397043812		1	0.7504164909358542		1	0.725992448178626		1	0.7321513375258657		1	0.7290718928522458		1			0	0.7397441918940499		1			0	spatially_informed
STOmics0218	morans_i	100	scvi	0.8268050030131433		1	0.7083118420123393		1	0.7675584225127413		1	0.6852429742650155		1	0.7679424128873815		1	0.7265926935761985		1			0	0.7470755580444699		1			0	spatially_informed
STOmics0218	morans_i	1000	cellcharter	0.6393553979021116		1	0.8485728405511561		1	0.7439641192266339		1	0.7414292254223381		1	0.7905638388475221		1	0.7659965321349301		1			0	0.754980325680782		1			0	spatially_informed
STOmics0218	morans_i	1000	scvi	0.7928919001762831		1	0.6841002778803933		1	0.7384960890283382		1	0.6886107170796135		1	0.7152060500989368		1	0.7019083835892752		1			0	0.7202022363088068		1			0	spatially_informed
STOmics0218	morans_i	10000	cellcharter	0.6502051666485356		1	0.833618591606843		1	0.7419118791276893		1	0.7250635919317839		1	0.7363268624267658		1	0.7306952271792748		1			0	0.7363035531534821		1			0	spatially_informed
STOmics0218	morans_i	10000	scvi	0.6417332983593258		1	0.7042466370716046		1	0.6729899677154652		1	0.5579354337223589		1	0.7835208950708266		1	0.6707281643965928		1			0	0.671859066056029		1			0	spatially_informed
STOmics0218	morans_i	200	cellcharter	0.653464188741004		1	0.8575548451054519		1	0.755509516923228		1	0.7365456710201786		1	0.7251078056640787		1	0.7308267383421287		1			0	0.7431681276326784		1			0	spatially_informed
STOmics0218	morans_i	200	scvi	0.8271827284532163		1	0.698678481805745		1	0.7629306051294806		1	0.6804495144461592		1	0.8250992949172021		1	0.7527744046816807		1			0	0.7578525049055806		1			0	spatially_informed
STOmics0218	morans_i	2000	cellcharter	0.6490830007723772	0.004518456586364993	3	0.8517782160562991	0.007504677721782039	3	0.7504306084143382	0.00560662383491559	3	0.73914124027235	0.013242320621411056	3	0.7642456021597398	0.041754053073881206	3	0.751693421216045	0.0157816813883193	3			0	0.7510620148151915	0.00989588963939185	3			0	spatially_informed
STOmics0218	morans_i	2000	scvi	0.808284775370597	0.012135514201087617	3	0.6917411482134724	0.015661050801737197	3	0.7500129617920347	0.01381862395678562	3	0.6797831166500835	0.02077174611506855	3	0.7867847599545944	0.025493323040008793	3	0.7332839383023391	0.014327669575341017	3			0	0.7416484500471868	0.007514133291299018	3			0	spatially_informed
STOmics0218	morans_i	500	cellcharter	0.6431157273824091		1	0.8445322773039043		1	0.7438240023431567		1	0.7403017518195605		1	0.7894439465310472		1	0.7648728491753038		1			0	0.7543484257592303		1			0	spatially_informed
STOmics0218	morans_i	500	scvi	0.8101598367240977		1	0.6997735848082602		1	0.754966710766179		1	0.6902368786402692		1	0.7893974324209161		1	0.7398171555305926		1			0	0.7473919331483858		1			0	spatially_informed
STOmics0218	morans_i	5000	cellcharter	0.6446603733458626		1	0.8477582745229946		1	0.7462093239344285		1	0.7407838235895818		1	0.7939979210212025		1	0.7673908723053922		1			0	0.7568000981199103		1			0	spatially_informed
STOmics0218	morans_i	5000	scvi	0.7772861452913236		1	0.7098116124237842		1	0.7435488788575539		1	0.6536294027211864		1	0.8105527996095152		1	0.7320911011653508		1			0	0.7378199900114524		1			0	spatially_informed
STOmics0218	nbumi	100	cellcharter	0.6023427172371172		1	0.8691243093068479		1	0.7357335132719826		1	0.7127797561241183		1	0.9037714281906936		1	0.8082755921574059		1			0	0.7720045527146941		1			0	expression_driven
STOmics0218	nbumi	100	scvi	0.8290700438167635		1	0.7247906254142034		1	0.7769303346154834		1	0.6176140033233408		1	0.7889101303488875		1	0.7032620668361141		1			0	0.7400962007257987		1			0	expression_driven
STOmics0218	nbumi	1000	cellcharter	0.6296172541647355		1	0.8810381413884845		1	0.7553276977766099		1	0.733517074092657		1	0.8183762001717061		1	0.7759466371321815		1			0	0.7656371674543957		1			0	expression_driven
STOmics0218	nbumi	1000	scvi	0.8301787766771258		1	0.6976596405748482		1	0.763919208625987		1	0.6709493640755287		1	0.8084336393947118		1	0.7396915017351202		1			0	0.7518053551805536		1			0	expression_driven
STOmics0218	nbumi	10000	cellcharter	0.6295153851791657		1	0.8605507705706843		1	0.745033077874925		1	0.7202320373839829		1	0.7770403907448389		1	0.7486362140644109		1			0	0.746834645969668		1			0	expression_driven
STOmics0218	nbumi	10000	scvi	0.7226686192988977		1	0.7349937458660357		1	0.7288311825824667		1	0.6279066560440869		1	0.8599340775155436		1	0.7439203667798153		1			0	0.736375774681141		1			0	expression_driven
STOmics0218	nbumi	200	cellcharter	0.614712834656737		1	0.8893886570480293		1	0.7520507458523831		1	0.7238613179557055		1	0.6733323874980333		1	0.6985968527268693		1			0	0.7253237992896262		1			0	expression_driven
STOmics0218	nbumi	200	scvi	0.8339982013060734		1	0.7234102109654807		1	0.7787042061357771		1	0.6418366239732253		1	0.7398606441222396		1	0.6908486340477324		1			0	0.7347764200917548		1			0	expression_driven
STOmics0218	nbumi	2000	cellcharter	0.6170300202627371	0.006232811667600984	3	0.8688113923387181	0.0073494755472792266	3	0.7429207063007276	0.0029535800579766013	3	0.7357306524749384	0.0018230725767891304	3	0.7871985748250893	0.029052435032307675	3	0.7614646136500137	0.0154342597544245	3			0	0.7521926599753707	0.007823134650603455	3			0	expression_driven
STOmics0218	nbumi	2000	scvi	0.8299247568750636	0.011252378127621174	3	0.6865395130985993	0.017423840776801324	3	0.7582321349868314	0.013256382913164541	3	0.6738298459506128	0.008718344084196599	3	0.7772917584751621	0.0407493366328176	3	0.7255608022128874	0.024301731359602174	3			0	0.7418964685998595	0.016215332774898242	3			0	expression_driven
STOmics0218	nbumi	500	cellcharter	0.6307209472361791		1	0.8629684290074753		1	0.7468446881218271		1	0.7291666359115747		1	0.70696728576645		1	0.7180669608390123		1			0	0.7324558244804198		1			0	expression_driven
STOmics0218	nbumi	500	scvi	0.8312092002631795		1	0.7058444675227948		1	0.7685268338929871		1	0.6721343959061027		1	0.7753091168197015		1	0.7237217563629021		1			0	0.7461242951279446		1			0	expression_driven
STOmics0218	nbumi	5000	cellcharter	0.6471991964553958		1	0.8514806863959676		1	0.7493399414256817		1	0.7390354015650294		1	0.7071244041466012		1	0.7230799028558152		1			0	0.7362099221407485		1			0	expression_driven
STOmics0218	nbumi	5000	scvi	0.7849049590626428		1	0.7008416467168255		1	0.7428733028897341		1	0.6756710304962171		1	0.8389221340612285		1	0.7572965822787228		1			0	0.7500849425842284		1			0	expression_driven
STOmics0218	nnsvg	100	cellcharter	0.5606825106924364		1	0.8740241624869189		1	0.7173533365896776		1	0.7201503160417166		1	0.8037957816234078		1	0.7619730488325622		1			0	0.7396631927111199		1			0	spatially_informed
STOmics0218	nnsvg	100	scvi	0.8014709912668283		1	0.7197475990369646		1	0.7606092951518965		1	0.6568547282043311		1	0.7317309135178001		1	0.6942928208610656		1			0	0.727451058006481		1			0	spatially_informed
STOmics0218	nnsvg	1000	cellcharter	0.6149003289292324		1	0.8827485545694915		1	0.7488244417493619		1	0.7344225226994383		1	0.7226549850872318		1	0.728538753893335		1			0	0.7386815978213485		1			0	spatially_informed
STOmics0218	nnsvg	1000	scvi	0.8095606396967245		1	0.6709602180678625		1	0.7402604288822936		1	0.6705587242479606		1	0.7403155372066044		1	0.7054371307272824		1			0	0.722848779804788		1			0	spatially_informed
STOmics0218	nnsvg	10000	cellcharter	0.628961123106738		1	0.8571669134230966		1	0.7430640182649173		1	0.7321275536748533		1	0.783651535970173		1	0.7578895448225131		1			0	0.7504767815437152		1			0	spatially_informed
STOmics0218	nnsvg	10000	scvi	0.7891996808807511		1	0.6632460815095135		1	0.7262228811951323		1	0.6591798123110003		1	0.841404167676729		1	0.7502919899938647		1			0	0.7382574355944985		1			0	spatially_informed
STOmics0218	nnsvg	200	cellcharter	0.5881250077479344		1	0.8785135876304084		1	0.7333192976891714		1	0.731397463739397		1	0.7230484949517211		1	0.727222979345559		1			0	0.7302711385173652		1			0	spatially_informed
STOmics0218	nnsvg	200	scvi	0.8172018448474911		1	0.7024760321973558		1	0.7598389385224235		1	0.6754037754767817		1	0.769959547741746		1	0.7226816616092638		1			0	0.7412603000658436		1			0	spatially_informed
STOmics0218	nnsvg	2000	cellcharter	0.6302958170891586	0.012483281215556646	3	0.8651068740311109	0.007570808596531291	3	0.7477013455601348	0.003943212258858483	3	0.7325891011464963	0.004227631060704407	3	0.7771553671453514	0.046173000559328714	3	0.7548722341459239	0.021376596495795385	3			0	0.7512867898530292	0.009797610201411755	3			0	spatially_informed
STOmics0218	nnsvg	2000	scvi	0.8238962420432429	0.013335876157782556	3	0.6742421976052991	0.01984637988944114	3	0.7490692198242709	0.014440151357460027	3	0.6789210481434763	0.015308507730097044	3	0.8258551676501975	0.010666922174370793	3	0.752388107896837	0.0077915453084351945	3			0	0.750728663860554	0.0036800664621439217	3			0	spatially_informed
STOmics0218	nnsvg	500	cellcharter	0.6210078529903537		1	0.8436120793416374		1	0.7323099661659955		1	0.7346016525024192		1	0.7197696239129002		1	0.7271856382076597		1			0	0.7297478021868276		1			0	spatially_informed
STOmics0218	nnsvg	500	scvi	0.8033070266815475		1	0.709688847920915		1	0.7564979373012313		1	0.6848748460259539		1	0.81289001999999		1	0.748882433012972		1			0	0.7526901851571016		1			0	spatially_informed
STOmics0218	nnsvg	5000	cellcharter	0.6402668755462164		1	0.8618690517609917		1	0.7510679636536041		1	0.7344893863495091		1	0.7624892453714728		1	0.748489315860491		1			0	0.7497786397570475		1			0	spatially_informed
STOmics0218	nnsvg	5000	scvi	0.8019921138761701		1	0.6372286072432252		1	0.7196103605596976		1	0.6665759712873914		1	0.7855178882147721		1	0.7260469297510818		1			0	0.7228286451553897		1			0	spatially_informed
STOmics0218	osca	100	cellcharter	0.5268439261313811		1	0.9321412593776612		1	0.7294925927545212		1	0.7185143690202235		1	0.7731703859992882		1	0.7458423775097558		1			0	0.7376674851321385		1			0	expression_driven
STOmics0218	osca	100	scvi	0.8262073947591473		1	0.7238090541554241		1	0.7750082244572857		1	0.5564607622406558		1	0.7367467675630459		1	0.6466037649018508		1			0	0.7108059946795682		1			0	expression_driven
STOmics0218	osca	1000	cellcharter	0.6276856538505806		1	0.8715443585852962		1	0.7496150062179384		1	0.7166011234927755		1	0.8234570313445426		1	0.7700290774186591		1			0	0.7598220418182988		1			0	expression_driven
STOmics0218	osca	1000	scvi	0.8225583396340707		1	0.6903162534826377		1	0.7564372965583541		1	0.6828527063592541		1	0.844734394247282		1	0.763793550303268		1			0	0.7601154234308111		1			0	expression_driven
STOmics0218	osca	10000	cellcharter	0.6651568372975214		1	0.8481218387134725		1	0.756639338005497		1	0.7381161138305822		1	0.7353537650389116		1	0.7367349394347469		1			0	0.7466871387201219		1			0	expression_driven
STOmics0218	osca	10000	scvi	0.7997151778369054		1	0.659300441500412		1	0.7295078096686587		1	0.6475601217189725		1	0.7894999980563217		1	0.7185300598876471		1			0	0.7240189347781529		1			0	expression_driven
STOmics0218	osca	200	cellcharter	0.5563377615243554		1	0.9167463075607971		1	0.7365420345425763		1	0.7179397840962806		1	0.7232385322026635		1	0.7205891581494721		1			0	0.7285655963460242		1			0	expression_driven
STOmics0218	osca	200	scvi	0.828036516057822		1	0.7377615105417831		1	0.7828990132998026		1	0.6379918564355561		1	0.8716708799448715		1	0.7548313681902138		1			0	0.7688651907450081		1			0	expression_driven
STOmics0218	osca	2000	cellcharter	0.6585413697223589	0.018456845070708824	3	0.860741107173089	0.004461779119010162	3	0.759641238447724	0.009641909744568697	3	0.7392189289795517	0.006541335850466632	3	0.7981619063138986	0.017528372581283532	3	0.7686904176467252	0.008769652721577792	3			0	0.7641658280472244	0.008850697770020607	3			0	expression_driven
STOmics0218	osca	2000	scvi	0.8418834922219246	0.01163058353684507	3	0.6928688483789168	0.006351455207671636	3	0.7673761703004208	0.005327315715667476	3	0.676258454339418	0.0042563342172096535	3	0.7819152986501813	0.02909242799417051	3	0.7290868764947996	0.014789460778949274	3			0	0.7482315233976102	0.004849971694551818	3			0	expression_driven
STOmics0218	osca	500	cellcharter	0.6028657174562653		1	0.9034819554081694		1	0.7531738364322174		1	0.7299188451689177		1	0.8184231330285212		1	0.7741709890987194		1			0	0.7636724127654684		1			0	expression_driven
STOmics0218	osca	500	scvi	0.8338517466038285		1	0.7248060369132681		1	0.7793288917585484		1	0.6722649967938376		1	0.7968408338378619		1	0.7345529153158497		1			0	0.756940903537199		1			0	expression_driven
STOmics0218	osca	5000	cellcharter	0.6612730635837648		1	0.8536435348028601		1	0.7574582991933125		1	0.7381057327269828		1	0.8072510136250951		1	0.7726783731760389		1			0	0.7650683361846757		1			0	expression_driven
STOmics0218	osca	5000	scvi	0.8289937846084989		1	0.6702732242931		1	0.7496335044507995		1	0.6639049526142384		1	0.8069422994288792		1	0.7354236260215588		1			0	0.742528565236179		1			0	expression_driven
STOmics0218	random	500	cellcharter	0.7762724550169526	0.021049376443861817	3	0.7303895387028306	0.028310787727479438	3	0.7533309968598917	0.004774601209522822	3	0.6231011840198689	0.03416154747912189	3	0.8179480276514782	0.17747273641264785	3	0.7205246058356737	0.10530362536448208	3			0	0.7369278013477826	0.05501035648105797	3			0	control
STOmics0218	random	500	scvi	0.9349851222371282	0.008558394106097458	3	0.41762169384027104	0.04824975356346023	3	0.6763034080386996	0.022521236524521024	3	0.3158777277117504	0.01427086791536173	3	0.5365817625186438	0.06668322666317268	3	0.4262297451151971	0.036680945848403756	3			0	0.5512665765769483	0.02508831637016503	3			0	control
STOmics0218	scPNMF	100	cellcharter	0.5091735889670012		1	0.8771952146252909		1	0.693184401796146		1	0.6865706725930615		1	0.7345685085252197		1	0.7105695905591406		1			0	0.7018769961776433		1			0	expression_driven
STOmics0218	scPNMF	100	scvi	0.8423614096540257		1	0.6906242625809564		1	0.7664928361174911		1	0.5607042557483443		1	0.7295500339949392		1	0.6451271448716418		1			0	0.7058099904945665		1			0	expression_driven
STOmics0218	scPNMF	1000	cellcharter	0.5757517161553445		1	0.8956962824577347		1	0.7357239993065396		1	0.7203325894901932		1	0.7397310531443353		1	0.7300318213172643		1			0	0.732877910311902		1			0	expression_driven
STOmics0218	scPNMF	1000	scvi	0.8195551016857778		1	0.6820145886653638		1	0.7507848451755708		1	0.6261117280996791		1	0.7901010647488862		1	0.7081063964242826		1			0	0.7294456207999267		1			0	expression_driven
STOmics0218	scPNMF	10000	cellcharter	0.6265379907849247		1	0.8598118686528429		1	0.7431749297188838		1	0.7329567183160335		1	0.7280287943084498		1	0.7304927563122416		1			0	0.7368338430155628		1			0	expression_driven
STOmics0218	scPNMF	10000	scvi	0.7763147429907009		1	0.6962737006322528		1	0.7362942218114769		1	0.6321753144139878		1	0.8093875697393694		1	0.7207814420766786		1			0	0.7285378319440777		1			0	expression_driven
STOmics0218	scPNMF	200	cellcharter	0.5413037832519942		1	0.8968512747748536		1	0.7190775290134239		1	0.7010715537465071		1	0.7538719172075963		1	0.7274717354770517		1			0	0.7232746322452378		1			0	expression_driven
STOmics0218	scPNMF	200	scvi	0.8186942150882293		1	0.7249110835187279		1	0.7718026493034786		1	0.5857544708934714		1	0.841349565017143		1	0.7135520179553072		1			0	0.7426773336293929		1			0	expression_driven
STOmics0218	scPNMF	2000	cellcharter	0.6062063438165475	0.019793592118640426	3	0.8814199707627014	0.010289640367618622	3	0.7438131572896244	0.009341494065440973	3	0.731689091639138	0.004173999592921771	3	0.7577492999680406	0.027795478047076213	3	0.7447191958035893	0.011868763442378688	3			0	0.7442661765466068	0.004408033820611521	3			0	expression_driven
STOmics0218	scPNMF	2000	scvi	0.8255678962027594	0.019196271513268234	3	0.6819591044608279	0.025387433449449062	3	0.7537635003317935	0.016162141020983383	3	0.6428371306853976	0.00978659918002969	3	0.7897544350576858	0.009093208279957216	3	0.7162957828715418	0.004372033999243401	3			0	0.7350296416016677	0.008081425910510543	3			0	expression_driven
STOmics0218	scPNMF	500	cellcharter	0.5674725101983998		1	0.9069929521194041		1	0.737232731158902		1	0.7161011584463299		1	0.7882034986681927		1	0.7521523285572613		1			0	0.7446925298580817		1			0	expression_driven
STOmics0218	scPNMF	500	scvi	0.8112343619476243		1	0.7213774058888409		1	0.7663058839182326		1	0.6324961521449995		1	0.774131594778148		1	0.7033138734615738		1			0	0.7348098786899032		1			0	expression_driven
STOmics0218	scPNMF	5000	cellcharter	0.6159279019523456		1	0.8632208821250827		1	0.7395743920387141		1	0.7280886252443439		1	0.7814553604222658		1	0.7547719928333049		1			0	0.7471731924360094		1			0	expression_driven
STOmics0218	scPNMF	5000	scvi	0.7899171751517468		1	0.6919094068790999		1	0.7409132910154232		1	0.6596384415781897		1	0.8071993818346913		1	0.7334189117064405		1			0	0.7371661013609319		1			0	expression_driven
STOmics0218	scanpy_cell_ranger	100	cellcharter	0.6124038439858426		1	0.8544736731944853		1	0.7334387585901639		1	0.7079253993084453		1	0.7046585296285692		1	0.7062919644685073		1			0	0.7198653615293356		1			0	expression_driven
STOmics0218	scanpy_cell_ranger	100	scvi	0.8308310957770375		1	0.712436453070557		1	0.7716337744237973		1	0.5312875294456997		1	0.6625857111242689		1	0.5969366202849843		1			0	0.6842851973543909		1			0	expression_driven
STOmics0218	scanpy_cell_ranger	1000	cellcharter	0.6793197866452166		1	0.8345112050123298		1	0.7569154958287732		1	0.7162843056937502		1	0.7480428607529623		1	0.7321635832233563		1			0	0.7445395395260648		1			0	expression_driven
STOmics0218	scanpy_cell_ranger	1000	scvi	0.8474737234134933		1	0.683994274445368		1	0.7657339989294306		1	0.6351894659480143		1	0.8252801252329142		1	0.7302347955904642		1			0	0.7479843972599474		1			0	expression_driven
STOmics0218	scanpy_cell_ranger	10000	cellcharter	0.6609414950936694		1	0.8562888138178639		1	0.7586151544557667		1	0.7459632878676951		1	0.7308866605336395		1	0.7384249742006672		1			0	0.7485200643282169		1			0	expression_driven
STOmics0218	scanpy_cell_ranger	10000	scvi	0.8271197181287114		1	0.6647468074760934		1	0.7459332628024025		1	0.6530720460616517		1	0.7829215009465347		1	0.7179967735040932		1			0	0.7319650181532478		1			0	expression_driven
STOmics0218	scanpy_cell_ranger	200	cellcharter	0.6035889254263144		1	0.8613728239751537		1	0.7324808747007341		1	0.7127356931029499		1	0.7754348604474308		1	0.7440852767751904		1			0	0.7382830757379623		1			0	expression_driven
STOmics0218	scanpy_cell_ranger	200	scvi	0.836367626169326		1	0.7101665826433048		1	0.7732671044063154		1	0.5538358397863998		1	0.778106514630625		1	0.6659711772085124		1			0	0.719619140807414		1			0	expression_driven
STOmics0218	scanpy_cell_ranger	2000	cellcharter	0.6639125336931918	0.00618532493173225	3	0.8479245133208116	0.006562045344274604	3	0.7559185235070017	0.0024711377786312124	3	0.7281655116233182	0.005774907754974371	3	0.7564606787102673	0.05835296666751028	3	0.7423130951667928	0.0285737945943112	3			0	0.7491158093368973	0.015285179023076032	3			0	expression_driven
STOmics0218	scanpy_cell_ranger	2000	scvi	0.8533921827912804	0.011117548893953662	3	0.6878428792157459	0.010065867964379605	3	0.7706175310035132	0.010298677057676632	3	0.6652099525099483	0.015818335057969566	3	0.7609232389294381	0.07759451943340491	3	0.7130665957196932	0.04588520075403213	3			0	0.7418420633616032	0.02795681702312926	3			0	expression_driven
STOmics0218	scanpy_cell_ranger	500	cellcharter	0.6371216213996616		1	0.852149651054039		1	0.7446356362268503		1	0.7129267625498114		1	0.854941453642017		1	0.7839341080959141		1			0	0.7642848721613822		1			0	expression_driven
STOmics0218	scanpy_cell_ranger	500	scvi	0.8466418698436902		1	0.6922596198844146		1	0.7694507448640524		1	0.6165018578408867		1	0.8393265603781974		1	0.7279142091095421		1			0	0.7486824769867972		1			0	expression_driven
STOmics0218	scanpy_cell_ranger	5000	cellcharter	0.6827833881727114		1	0.8487571974129405		1	0.765770292792826		1	0.7248532589041211		1	0.7677767973309966		1	0.7463150281175588		1			0	0.7560426604551924		1			0	expression_driven
STOmics0218	scanpy_cell_ranger	5000	scvi	0.8409119587612003		1	0.694151165414612		1	0.7675315620879062		1	0.6709827316266249		1	0.8200373974228826		1	0.7455100645247538		1			0	0.7565208133063299		1			0	expression_driven
STOmics0218	scanpy_cell_ranger_batch	100	cellcharter	0.6425140886049028		1	0.8632631753568213		1	0.7528886319808621		1	0.68921916197954		1	0.776216708149471		1	0.7327179350645054		1			0	0.7428032835226838		1			0	expression_driven
STOmics0218	scanpy_cell_ranger_batch	100	scvi	0.8499132527307425		1	0.7104762056589575		1	0.78019472919485		1	0.5074350542732237		1	0.7293391415855917		1	0.6183870979294077		1			0	0.6992909135621288		1			0	expression_driven
STOmics0218	scanpy_cell_ranger_batch	1000	cellcharter	0.6736594406382804		1	0.8561549068617357		1	0.764907173750008		1	0.710956829272985		1	0.7845758778975449		1	0.747766353585265		1			0	0.7563367636676366		1			0	expression_driven
STOmics0218	scanpy_cell_ranger_batch	1000	scvi	0.853803973202299		1	0.699957287331468		1	0.7768806302668835		1	0.6022067770540082		1	0.716835043210565		1	0.6595209101322865		1			0	0.718200770199585		1			0	expression_driven
STOmics0218	scanpy_cell_ranger_batch	10000	cellcharter	0.6756639746208379		1	0.8387575701708301		1	0.757210772395834		1	0.7284869774241628		1	0.827912826964839		1	0.778199902194501		1			0	0.7677053372951674		1			0	expression_driven
STOmics0218	scanpy_cell_ranger_batch	10000	scvi	0.8268773231650177		1	0.6704623666147485		1	0.7486698448898831		1	0.6545721415033993		1	0.8238017986700079		1	0.7391869700867035		1			0	0.7439284074882933		1			0	expression_driven
STOmics0218	scanpy_cell_ranger_batch	200	cellcharter	0.6236962011278766		1	0.8714655779433647		1	0.7475808895356206		1	0.7045414756535617		1	0.7351759552647523		1	0.719858715459157		1			0	0.7337198024973888		1			0	expression_driven
STOmics0218	scanpy_cell_ranger_batch	200	scvi	0.8436276129375173		1	0.7260863322082721		1	0.7848569725728947		1	0.5789377800114758		1	0.7370976684224618		1	0.6580177242169688		1			0	0.7214373483949317		1			0	expression_driven
STOmics0218	scanpy_cell_ranger_batch	2000	cellcharter	0.6831632724731938	0.00588921696318016	3	0.8361440780210642	0.01739043718563019	3	0.7596536752471289	0.01163737588333214	3	0.7273678265563808	0.007782726280340963	3	0.7377632735064991	0.006393736548170939	3	0.73256555003144	0.003617635047276199	3			0	0.7461096126392844	0.004159494821922314	3			0	expression_driven
STOmics0218	scanpy_cell_ranger_batch	2000	scvi	0.8514321866998397	0.006543606948291505	3	0.6913649956146465	0.013690586904134558	3	0.7713985911572431	0.007530855432292943	3	0.6664590046909789	0.013067052978604604	3	0.7744486023666514	0.022219121786482856	3	0.7204538035288152	0.006001116757431637	3			0	0.7459261973430292	0.005559012493227992	3			0	expression_driven
STOmics0218	scanpy_cell_ranger_batch	500	cellcharter	0.6476665551543815		1	0.8653757479077786		1	0.7565211515310801		1	0.7207179712275806		1	0.6991523887509306		1	0.7099351799892556		1			0	0.7332281657601678		1			0	expression_driven
STOmics0218	scanpy_cell_ranger_batch	500	scvi	0.8502565793841095		1	0.7044353578070595		1	0.7773459685955845		1	0.6287656041025742		1	0.8294247013799673		1	0.7290951527412708		1			0	0.7532205606684277		1			0	expression_driven
STOmics0218	scanpy_cell_ranger_batch	5000	cellcharter	0.6947786970725681		1	0.8394974709997818		1	0.767138084036175		1	0.7296191649964284		1	0.793854867594947		1	0.7617370162956877		1			0	0.7644375501659313		1			0	expression_driven
STOmics0218	scanpy_cell_ranger_batch	5000	scvi	0.8374299778345515		1	0.6947188138779605		1	0.766074395856256		1	0.6727686011043957		1	0.8116780580850702		1	0.7422233295947329		1			0	0.7541488627254944		1			0	expression_driven
STOmics0218	scanpy_pearson	100	cellcharter	0.5430922473349739		1	0.9204324038535806		1	0.7317623255942772		1	0.6991482338793246		1	0.7421985577873111		1	0.7206733958333178		1			0	0.7262178607137975		1			0	expression_driven
STOmics0218	scanpy_pearson	100	scvi	0.8191225220686159		1	0.7319769147071913		1	0.7755497183879037		1	0.5602036252307477		1	0.7915043026252647		1	0.6758539639280062		1			0	0.725701841157955		1			0	expression_driven
STOmics0218	scanpy_pearson	1000	cellcharter	0.5815387834947208		1	0.8898576088505843		1	0.7356981961726525		1	0.7383882713058775		1	0.8032281757288953		1	0.7708082235173863		1			0	0.7532532098450194		1			0	expression_driven
STOmics0218	scanpy_pearson	1000	scvi	0.814870520956564		1	0.6873883879059685		1	0.7511294544312662		1	0.6377072614423654		1	0.7786676557326153		1	0.7081874585874903		1			0	0.7296584565093782		1			0	expression_driven
STOmics0218	scanpy_pearson	10000	cellcharter	0.6492114213319526		1	0.8472068311394939		1	0.7482091262357233		1	0.7335994196723656		1	0.7646354498543806		1	0.7491174347633731		1			0	0.7486632804995482		1			0	expression_driven
STOmics0218	scanpy_pearson	10000	scvi	0.6928403230049096		1	0.7448073701503437		1	0.7188238465776267		1	0.5758631734933496		1	0.8153153978091686		1	0.6955892856512591		1			0	0.7072065661144429		1			0	expression_driven
STOmics0218	scanpy_pearson	200	cellcharter	0.5480228437488948		1	0.9264616333169413		1	0.737242238532918		1	0.7198860301112684		1	0.7965862069159699		1	0.7582361185136192		1			0	0.7477391785232685		1			0	expression_driven
STOmics0218	scanpy_pearson	200	scvi	0.8109413875798954		1	0.702280935609845		1	0.7566111615948702		1	0.611416413725274		1	0.7572140367909328		1	0.6843152252581034		1			0	0.7204631934264868		1			0	expression_driven
STOmics0218	scanpy_pearson	2000	cellcharter	0.6228815548164243	0.015600951038089474	3	0.8642385621987616	0.017829354964953095	3	0.7435600585075929	0.011149378689013244	3	0.7357527451754766	0.010055978642144213	3	0.7439350994977764	0.02077475343296669	3	0.7398439223366265	0.005469856671841599	3			0	0.7417019904221097	0.007589338655302186	3			0	expression_driven
STOmics0218	scanpy_pearson	2000	scvi	0.8215302139573587	0.007974910291568531	3	0.6911710852150601	0.011266659633780925	3	0.7563506495862095	0.009597927090829714	3	0.6688094646796395	0.0047044045207172095	3	0.7976930559404573	0.02727144181759014	3	0.7332512603100483	0.01515303832829905	3			0	0.7448009549481288	0.0030665988546955676	3			0	expression_driven
STOmics0218	scanpy_pearson	500	cellcharter	0.572669974195464		1	0.9166847297899692		1	0.7446773519927166		1	0.7253191525960537		1	0.7253526579455334		1	0.7253359052707935		1			0	0.735006628631755		1			0	expression_driven
STOmics0218	scanpy_pearson	500	scvi	0.8121429526573596		1	0.6753542471010768		1	0.7437485998792182		1	0.6478522900967169		1	0.784520728725932		1	0.7161865094113244		1			0	0.7299675546452713		1			0	expression_driven
STOmics0218	scanpy_pearson	5000	cellcharter	0.611112311616397		1	0.8813481133104942		1	0.7462302124634457		1	0.7448192986206693		1	0.7913097985824531		1	0.7680645486015611		1			0	0.7571473805325034		1			0	expression_driven
STOmics0218	scanpy_pearson	5000	scvi	0.7895001184321295		1	0.7147895318687494		1	0.7521448251504395		1	0.6138410461464988		1	0.9034254918673381		1	0.7586332690069184		1			0	0.7553890470786789		1			0	expression_driven
STOmics0218	scanpy_pearson_batch	100	cellcharter	0.5511185345533778		1	0.9154339255019989		1	0.7332762300276883		1	0.7201704486311712		1	0.8034923757876011		1	0.7618314122093861		1			0	0.7475538211185372		1			0	expression_driven
STOmics0218	scanpy_pearson_batch	100	scvi	0.8220123378242317		1	0.7283980734486464		1	0.775205205636439		1	0.5780238840778642		1	0.8379874629085184		1	0.7080056734931913		1			0	0.7416054395648152		1			0	expression_driven
STOmics0218	scanpy_pearson_batch	1000	cellcharter	0.6101812750618566		1	0.889804788429251		1	0.7499930317455539		1	0.7380666570722676		1	0.8280880259187504		1	0.783077341495509		1			0	0.7665351866205314		1			0	expression_driven
STOmics0218	scanpy_pearson_batch	1000	scvi	0.8098022547058793		1	0.700198075333341		1	0.7550001650196101		1	0.6732510031216773		1	0.8002418417499162		1	0.7367464224357967		1			0	0.7458732937277034		1			0	expression_driven
STOmics0218	scanpy_pearson_batch	10000	cellcharter	0.63180446458172		1	0.8598501100234767		1	0.7458272873025984		1	0.7409654142896525		1	0.7463837172188104		1	0.7436745657542314		1			0	0.7447509265284149		1			0	expression_driven
STOmics0218	scanpy_pearson_batch	10000	scvi	0.7899462465439397		1	0.6799515555617823		1	0.734948901052861		1	0.6555158934738406		1	0.8559876563435824		1	0.7557517749087115		1			0	0.7453503379807862		1			0	expression_driven
STOmics0218	scanpy_pearson_batch	200	cellcharter	0.6108209668227571		1	0.8948928833647087		1	0.7528569250937329		1	0.7142157320683612		1	0.7372252967932515		1	0.7257205144308063		1			0	0.7392887197622696		1			0	expression_driven
STOmics0218	scanpy_pearson_batch	200	scvi	0.8309360653556176		1	0.7298926286712102		1	0.780414347013414		1	0.6186691193540852		1	0.8682057180745593		1	0.7434374187143222		1			0	0.7619258828638681		1			0	expression_driven
STOmics0218	scanpy_pearson_batch	2000	cellcharter	0.6272248333000391	0.01448493433979147	3	0.8882095284532351	0.017519416019554798	3	0.7577171808766371	0.0019251988938962284	3	0.7371216031996232	0.0061566769174647125	3	0.7646235818745916	0.042417018410607264	3	0.7508725925371075	0.022349978182481606	3			0	0.7542948867068722	0.011935009155549165	3			0	expression_driven
STOmics0218	scanpy_pearson_batch	2000	scvi	0.8257904626664817	0.008276965632137367	3	0.6994167530075358	0.012778492687502975	3	0.7626036078370086	0.008796304512035431	3	0.6587916468771399	0.007920782857282285	3	0.8170928798243371	0.024437109614534873	3	0.7379422633507385	0.01542044937501457	3			0	0.7502729355938736	0.0035889218414204946	3			0	expression_driven
STOmics0218	scanpy_pearson_batch	500	cellcharter	0.6092666948270393		1	0.8911723973577024		1	0.7502195460923708		1	0.7284425385800414		1	0.7383343195373435		1	0.7333884290586925		1			0	0.7418039875755317		1			0	expression_driven
STOmics0218	scanpy_pearson_batch	500	scvi	0.8135624924054704		1	0.6801128750393719		1	0.7468376837224211		1	0.6431266003517635		1	0.8048875545514925		1	0.7240070774516281		1			0	0.7354223805870246		1			0	expression_driven
STOmics0218	scanpy_pearson_batch	5000	cellcharter	0.6286375183416419		1	0.8736076950235303		1	0.7511226066825861		1	0.7416864894314766		1	0.7302068081353492		1	0.735946648783413		1			0	0.7435346277329995		1			0	expression_driven
STOmics0218	scanpy_pearson_batch	5000	scvi	0.804215887138672		1	0.689519137893424		1	0.746867512516048		1	0.6500009956681484		1	0.785184271443141		1	0.7175926335556446		1			0	0.7322300730358463		1			0	expression_driven
STOmics0218	scanpy_seurat	100	cellcharter	0.698912846653604		1	0.6537436730995544		1	0.6763282598765792		1	0.47663696865483135		1	0.4923051385325169		1	0.48447105359367415		1			0	0.5803996567351266		1			0	expression_driven
STOmics0218	scanpy_seurat	100	scvi	0.954124147049455		1	0.38311004596601683		1	0.6686170965077359		1	0.15329351434035474		1	0.24485478726242121		1	0.19907415080138796		1			0	0.4338456236545619		1			0	expression_driven
STOmics0218	scanpy_seurat	1000	cellcharter	0.5864587524743894		1	0.8894556512478851		1	0.7379572018611372		1	0.698623457078163		1	0.8331625834764251		1	0.765893020277294		1			0	0.7519251110692156		1			0	expression_driven
STOmics0218	scanpy_seurat	1000	scvi	0.8222284299877076		1	0.7090332668069169		1	0.7656308483973122		1	0.5656184833530415		1	0.7227786202981761		1	0.6441985518256088		1			0	0.7049147001114605		1			0	expression_driven
STOmics0218	scanpy_seurat	10000	cellcharter	0.6524627849439677		1	0.8578733619695431		1	0.7551680734567554		1	0.7457898493931124		1	0.7434394042589668		1	0.7446146268260396		1			0	0.7498913501413975		1			0	expression_driven
STOmics0218	scanpy_seurat	10000	scvi	0.8038012881138346		1	0.6996672889566083		1	0.7517342885352214		1	0.6489933479735263		1	0.8021558304684688		1	0.7255745892209975		1			0	0.7386544388781094		1			0	expression_driven
STOmics0218	scanpy_seurat	200	cellcharter	0.6791177245927207		1	0.7498900829252642		1	0.7145039037589924		1	0.5860393408680148		1	0.7222146280192987		1	0.6541269844436568		1			0	0.6843154441013246		1			0	expression_driven
STOmics0218	scanpy_seurat	200	scvi	0.9320631943883539		1	0.4727863020808422		1	0.7024247482345981		1	0.2370530598909563		1	0.3721158397830139		1	0.30458444983698507		1			0	0.5035045990357916		1			0	expression_driven
STOmics0218	scanpy_seurat	2000	cellcharter	0.603575849585421	0.02307521932719494	3	0.8847425189497198	0.015367059609777356	3	0.7441591842675704	0.005505509023446	3	0.7237005069020409	0.006601050499029879	3	0.7597562891878984	0.047391850136338835	3	0.7417283980449696	0.020445495311226074	3			0	0.7429437911562701	0.0125430062807432	3			0	expression_driven
STOmics0218	scanpy_seurat	2000	scvi	0.8413470727229276	0.006545394043277786	3	0.7152112665974087	0.01805752180620985	3	0.7782791696601682	0.012208173986180789	3	0.6153093404273781	0.016916104840724117	3	0.7806142548456049	0.029602675834185858	3	0.6979617976364914	0.01786648753900053	3			0	0.7381204836483298	0.014336263517393373	3			0	expression_driven
STOmics0218	scanpy_seurat	500	cellcharter	0.6016055143770473		1	0.8727588567488923		1	0.7371821855629699		1	0.672445199638941		1	0.7773346244974633		1	0.7248899120682022		1			0	0.731036048815586		1			0	expression_driven
STOmics0218	scanpy_seurat	500	scvi	0.8357156788249844		1	0.6901114721073649		1	0.7629135754661747		1	0.4766193225129934		1	0.7491974609404627		1	0.6129083917267281		1			0	0.6879109835964514		1			0	expression_driven
STOmics0218	scanpy_seurat	5000	cellcharter	0.6329428884766679		1	0.8657133749254838		1	0.7493281317010758		1	0.7213411347686806		1	0.7905006877964463		1	0.7559209112825634		1			0	0.7526245214918197		1			0	expression_driven
STOmics0218	scanpy_seurat	5000	scvi	0.8210535422621732		1	0.6768776624808713		1	0.7489656023715223		1	0.6526552687340778		1	0.8312111924196639		1	0.7419332305768709		1			0	0.7454494164741966		1			0	expression_driven
STOmics0218	scanpy_seurat_batch	100	cellcharter	0.6067999849443968		1	0.8612885401967219		1	0.7340442625705593		1	0.6782627514560674		1	0.8035794398631781		1	0.7409210956596228		1			0	0.737482679115091		1			0	expression_driven
STOmics0218	scanpy_seurat_batch	100	scvi	0.8552228625439647		1	0.7105074675659979		1	0.7828651650549814		1	0.4641705503575159		1	0.6460306765401426		1	0.5551006134488292		1			0	0.6689828892519053		1			0	expression_driven
STOmics0218	scanpy_seurat_batch	1000	cellcharter	0.6213100297675056		1	0.856028969213637		1	0.7386694994905714		1	0.7280779679979902		1	0.7135329372355632		1	0.7208054526167766		1			0	0.729737476053674		1			0	expression_driven
STOmics0218	scanpy_seurat_batch	1000	scvi	0.8389796613875435		1	0.6972461059694977		1	0.7681128836785206		1	0.6557409838922573		1	0.8024119073517286		1	0.7290764456219929		1			0	0.7485946646502568		1			0	expression_driven
STOmics0218	scanpy_seurat_batch	10000	cellcharter	0.6757915344288181		1	0.8599167549632775		1	0.7678541446960478		1	0.742312375966912		1	0.7868852329892846		1	0.7645988044780982		1			0	0.766226474587073		1			0	expression_driven
STOmics0218	scanpy_seurat_batch	10000	scvi	0.8118111505132142		1	0.6833335978092203		1	0.7475723741612172		1	0.6581531511275677		1	0.7892941501934867		1	0.7237236506605271		1			0	0.7356480124108722		1			0	expression_driven
STOmics0218	scanpy_seurat_batch	200	cellcharter	0.6119147756304915		1	0.8729822224565863		1	0.7424484990435389		1	0.6988333003098229		1	0.7718487457226518		1	0.7353410230162374		1			0	0.7388947610298882		1			0	expression_driven
STOmics0218	scanpy_seurat_batch	200	scvi	0.8342193725799629		1	0.708728825908236		1	0.7714740992440995		1	0.494045673469655		1	0.6926961584537017		1	0.5933709159616783		1			0	0.6824225076028889		1			0	expression_driven
STOmics0218	scanpy_seurat_batch	2000	cellcharter	0.6546324554098397	0.0159743771878857	3	0.8631194028739461	0.00881345738541118	3	0.758875929141893	0.004145007010532014	3	0.732929284943789	0.0027240650249386986	3	0.7698793391805676	0.03513935457119972	3	0.7514043120621783	0.01621964571210011	3			0	0.7551401206020355	0.0064881173273242535	3			0	expression_driven
STOmics0218	scanpy_seurat_batch	2000	scvi	0.835533553079227	0.011544875336947225	3	0.6963958304835822	0.016301991706454667	3	0.7659646917814046	0.011594390410395903	3	0.6512062071781176	0.02831553014501404	3	0.7747520577344531	0.010828598968952564	3	0.7129791324562854	0.008776379715536294	3			0	0.739471912118845	0.0017338455950368654	3			0	expression_driven
STOmics0218	scanpy_seurat_batch	500	cellcharter	0.590105760702671		1	0.8734513421572785		1	0.7317785514299747		1	0.7185020454122751		1	0.8404631417557707		1	0.7794825935840229		1			0	0.7556305725069988		1			0	expression_driven
STOmics0218	scanpy_seurat_batch	500	scvi	0.8373560565883096		1	0.7026715722854804		1	0.770013814436895		1	0.6110133421529652		1	0.7930585868927296		1	0.7020359645228473		1			0	0.7360248894798711		1			0	expression_driven
STOmics0218	scanpy_seurat_batch	5000	cellcharter	0.6762477912435565		1	0.853770814996918		1	0.7650093031202372		1	0.7319546424414108		1	0.7329257724165781		1	0.7324402074289944		1			0	0.7487247552746158		1			0	expression_driven
STOmics0218	scanpy_seurat_batch	5000	scvi	0.8212223329262925		1	0.6811756061697765		1	0.7511989695480346		1	0.632665425696298		1	0.8383704861522963		1	0.7355179559242971		1			0	0.7433584627361658		1			0	expression_driven
STOmics0218	scanpy_seurat_v3	100	cellcharter	0.5832093243485541		1	0.9061023829542776		1	0.7446558536514158		1	0.6842697543035424		1	0.7755164929774339		1	0.7298931236404882		1			0	0.737274488645952		1			0	expression_driven
STOmics0218	scanpy_seurat_v3	100	scvi	0.8128972680226487		1	0.7113003655551703		1	0.7620988167889096		1	0.5022312234343866		1	0.7096535088584508		1	0.6059423661464187		1			0	0.6840205914676641		1			0	expression_driven
STOmics0218	scanpy_seurat_v3	1000	cellcharter	0.6525091571482775		1	0.8685119576483635		1	0.7605105573983205		1	0.7357021812960975		1	0.7665766212235237		1	0.7511394012598106		1			0	0.7558249793290656		1			0	expression_driven
STOmics0218	scanpy_seurat_v3	1000	scvi	0.8244864958168409		1	0.6971772477119123		1	0.7608318717643765		1	0.6612045642751121		1	0.7517409819265567		1	0.7064727731008345		1			0	0.7336523224326055		1			0	expression_driven
STOmics0218	scanpy_seurat_v3	10000	cellcharter	0.6767268558533024		1	0.850238839154392		1	0.7634828475038472		1	0.740230737866729		1	0.8111186075648984		1	0.7756746727158137		1			0	0.7695787601098305		1			0	expression_driven
STOmics0218	scanpy_seurat_v3	10000	scvi	0.8147159551621297		1	0.6514988446433847		1	0.7331073999027572		1	0.6807815034161503		1	0.8034596732738603		1	0.7421205883450053		1			0	0.7376139941238813		1			0	expression_driven
STOmics0218	scanpy_seurat_v3	200	cellcharter	0.6044513357329518		1	0.8841983878151642		1	0.7443248617740581		1	0.713030130335205		1	0.780421859901369		1	0.746725995118287		1			0	0.7455254284461725		1			0	expression_driven
STOmics0218	scanpy_seurat_v3	200	scvi	0.8335050069268641		1	0.7260457547022244		1	0.7797753808145442		1	0.6138094392447103		1	0.8117077548115601		1	0.7127585970281352		1			0	0.7462669889213397		1			0	expression_driven
STOmics0218	scanpy_seurat_v3	2000	cellcharter	0.6575482747169835	0.01270241664038566	3	0.8578344884030334	0.00842870310686763	3	0.7576913815600084	0.008128050122924672	3	0.7400232758127704	0.00296041567533964	3	0.7474545363952028	0.05684541175352669	3	0.7437389061039866	0.02739292747783944	3			0	0.7507151438319974	0.010884171309542393	3			0	expression_driven
STOmics0218	scanpy_seurat_v3	2000	scvi	0.8358571168416492	0.01640501454602444	3	0.6844785623031525	0.020889478571525982	3	0.760167839572401	0.01620763245952261	3	0.6755471066430552	0.019620785202818274	3	0.7602815646952122	0.031444101444258875	3	0.7179143356691338	0.012345914318569273	3			0	0.7390410876207673	0.006947102477094847	3			0	expression_driven
STOmics0218	scanpy_seurat_v3	500	cellcharter	0.6401534393544349		1	0.8649685143726192		1	0.7525609768635271		1	0.7257279175919255		1	0.7130954560544382		1	0.7194116868231819		1			0	0.7359863318433545		1			0	expression_driven
STOmics0218	scanpy_seurat_v3	500	scvi	0.8257808776227151		1	0.6857590298500674		1	0.7557699537363913		1	0.643663192116591		1	0.7947490787013463		1	0.7192061354089686		1			0	0.7374880445726799		1			0	expression_driven
STOmics0218	scanpy_seurat_v3	5000	cellcharter	0.6751366059903361		1	0.8430746895610587		1	0.7591056477756974		1	0.7446447234087522		1	0.7984502690432654		1	0.7715474962260088		1			0	0.7653265720008531		1			0	expression_driven
STOmics0218	scanpy_seurat_v3	5000	scvi	0.8262700262169098		1	0.6723502784407156		1	0.7493101523288127		1	0.7007036656683537		1	0.7721203402612282		1	0.7364120029647909		1			0	0.7428610776468019		1			0	expression_driven
STOmics0218	scanpy_seurat_v3_batch	100	cellcharter	0.5934891944148599		1	0.8876903902015794		1	0.7405897923082196		1	0.6845851211106192		1	0.696855984514366		1	0.6907205528124927		1			0	0.7156551725603562		1			0	expression_driven
STOmics0218	scanpy_seurat_v3_batch	100	scvi	0.8367949798694312		1	0.7046121488009465		1	0.7707035643351888		1	0.5039904628009141		1	0.7075527270928446		1	0.6057715949468794		1			0	0.688237579641034		1			0	expression_driven
STOmics0218	scanpy_seurat_v3_batch	1000	cellcharter	0.6601796439472747		1	0.8226884234216832		1	0.7414340336844789		1	0.732183147383218		1	0.7265877951469437		1	0.7293854712650809		1			0	0.7354097524747799		1			0	expression_driven
STOmics0218	scanpy_seurat_v3_batch	1000	scvi	0.8350355247620012		1	0.6790501724537515		1	0.7570428486078764		1	0.6618116604900658		1	0.7645124613833201		1	0.7131620609366929		1			0	0.7351024547722846		1			0	expression_driven
STOmics0218	scanpy_seurat_v3_batch	10000	cellcharter	0.673620298433283		1	0.8503406966041013		1	0.7619804975186921		1	0.743159403037006		1	0.7935065329661559		1	0.7683329680015809		1			0	0.7651567327601365		1			0	expression_driven
STOmics0218	scanpy_seurat_v3_batch	10000	scvi	0.8070451193517427		1	0.6816436006908148		1	0.7443443600212787		1	0.6705599575245357		1	0.8123929067177263		1	0.741476432121131		1			0	0.7429103960712049		1			0	expression_driven
STOmics0218	scanpy_seurat_v3_batch	200	cellcharter	0.6138494552183619		1	0.8812816485300798		1	0.7475655518742208		1	0.7214750436176711		1	0.7975197832289989		1	0.759497413423335		1			0	0.7535314826487779		1			0	expression_driven
STOmics0218	scanpy_seurat_v3_batch	200	scvi	0.8192508733291461		1	0.741023306206645		1	0.7801370897678956		1	0.6120048605066462		1	0.7724746143770546		1	0.6922397374418503		1			0	0.736188413604873		1			0	expression_driven
STOmics0218	scanpy_seurat_v3_batch	2000	cellcharter	0.664174611628725	0.013639617279695773	3	0.846774585650868	0.009256372885131196	3	0.7554745986397965	0.0038225032339074196	3	0.7344038000016523	0.007890753675427131	3	0.7436345488888579	0.04412622576959101	3	0.7390191744452551	0.023684563101093615	3			0	0.7472468865425258	0.00999045642843011	3			0	expression_driven
STOmics0218	scanpy_seurat_v3_batch	2000	scvi	0.8417668619282939	0.010822607807335117	3	0.6820508513785549	0.014559467142428228	3	0.7619088566534243	0.006034842592419651	3	0.6782069880783309	0.018105165873880908	3	0.7598654767614256	0.0387649376255018	3	0.7190362324198784	0.027350958607363605	3			0	0.7404725445366513	0.015196867396137079	3			0	expression_driven
STOmics0218	scanpy_seurat_v3_batch	500	cellcharter	0.5915793174651724		1	0.8749222186657584		1	0.7332507680654654		1	0.7210405105143097		1	0.7370733523458035		1	0.7290569314300566		1			0	0.731153849747761		1			0	expression_driven
STOmics0218	scanpy_seurat_v3_batch	500	scvi	0.837979644293832		1	0.7049725780245194		1	0.7714761111591757		1	0.6371353607951188		1	0.6888234983420884		1	0.6629794295686036		1			0	0.7172277703638896		1			0	expression_driven
STOmics0218	scanpy_seurat_v3_batch	5000	cellcharter	0.6544283748559299		1	0.860106151631082		1	0.7572672632435059		1	0.741509422682228		1	0.7504099708384402		1	0.7459596967603341		1			0	0.7516134800019201		1			0	expression_driven
STOmics0218	scanpy_seurat_v3_batch	5000	scvi	0.819172465715988		1	0.6753283408253322		1	0.7472504032706602		1	0.6947700723104567		1	0.7683572075066384		1	0.7315636399085476		1			0	0.7394070215896038		1			0	expression_driven
STOmics0218	scry	100	cellcharter	0.526796549441313		1	0.9360610275937945		1	0.7314287885175538		1	0.7035895168904008		1	0.7535682044136405		1	0.7285788606520207		1			0	0.7300038245847873		1			0	expression_driven
STOmics0218	scry	100	scvi	0.8214286094390751		1	0.7368753310749385		1	0.7791519702570069		1	0.5722556640158408		1	0.788419287927563		1	0.6803374759717019		1			0	0.7297447231143543		1			0	expression_driven
STOmics0218	scry	1000	cellcharter	0.5835118118785809		1	0.89092819320431		1	0.7372200025414455		1	0.7206974836140144		1	0.743715007613059		1	0.7322062456135368		1			0	0.7347131240774911		1			0	expression_driven
STOmics0218	scry	1000	scvi	0.8088751544660668		1	0.6783862682476769		1	0.7436307113568719		1	0.6484771215108679		1	0.7589179823245207		1	0.7036975519176942		1			0	0.723664131637283		1			0	expression_driven
STOmics0218	scry	10000	cellcharter	0.6378334563582819		1	0.8433323261701808		1	0.7405828912642314		1	0.7239141370782312		1	0.7283584686147537		1	0.7261363028464924		1			0	0.7333595970553619		1			0	expression_driven
STOmics0218	scry	10000	scvi	0.6968325765970054		1	0.7293782511383327		1	0.713105413867669		1	0.5673412137747581		1	0.8004038207290647		1	0.6838725172519113		1			0	0.6984889655597901		1			0	expression_driven
STOmics0218	scry	200	cellcharter	0.5352510412929762		1	0.9451142464927448		1	0.7401826438928605		1	0.7208848047081338		1	0.7360480375592912		1	0.7284664211337124		1			0	0.7343245325132864		1			0	expression_driven
STOmics0218	scry	200	scvi	0.8183081153619935		1	0.7287018134723284		1	0.773504964417161		1	0.6061703967599232		1	0.7883335034262877		1	0.6972519500931055		1			0	0.7353784572551332		1			0	expression_driven
STOmics0218	scry	2000	cellcharter	0.6145518130470901	0.010464276391174426	3	0.8726204332731662	0.0025946462192706935	3	0.7435861231601281	0.004277201935552507	3	0.7419133116309392	0.005590475211576559	3	0.7518803579140151	0.04024579751414117	3	0.746896834772477	0.02002656808765337	3			0	0.7452414789663027	0.009822369912814443	3			0	expression_driven
STOmics0218	scry	2000	scvi	0.8185660654861918	0.006522444031351776	3	0.647014592107931	0.008021031272487952	3	0.7327903287970615	0.0062900000907152274	3	0.6464119763775814	0.018237030904135854	3	0.8235061208371884	0.007929839754067062	3	0.734959048607385	0.00880014755538719	3			0	0.733874688702223	0.007516408218924809	3			0	expression_driven
STOmics0218	scry	500	cellcharter	0.5879074952377732		1	0.8969535188679872		1	0.7424305070528803		1	0.7310151556851929		1	0.7213910642709014		1	0.7262031099780472		1			0	0.7343168085154637		1			0	expression_driven
STOmics0218	scry	500	scvi	0.8201455584749021		1	0.7372172048886905		1	0.7786813816817963		1	0.6197359922466892		1	0.7627164689808905		1	0.6912262306137898		1			0	0.7349538061477932		1			0	expression_driven
STOmics0218	scry	5000	cellcharter	0.618562200877209		1	0.8323167406550653		1	0.7254394707661371		1	0.7169862194508192		1	0.7201417982471576		1	0.7185640088489884		1			0	0.7220017398075628		1			0	expression_driven
STOmics0218	scry	5000	scvi	0.7936615950029436		1	0.6944778471598024		1	0.744069721081373		1	0.6347024024814759		1	0.8003262533514502		1	0.7175143279164631		1			0	0.7307920244989181		1			0	expression_driven
STOmics0218	scsegindex	100	cellcharter	0.6758528046933149		1	0.4410844314528662		1	0.5584686180730906		1	0.2651560675456767		1	0.2712897890722239		1	0.26822292830895034		1			0	0.41334577319102045		1			0	control
STOmics0218	scsegindex	100	scvi	0.9938136615743889		1	0.18612414794037213		1	0.5899689047573805		1	0.017751822447820666		1	0.13679657611375673		1	0.0772741992807887		1			0	0.3336215520190846		1			0	control
STOmics0218	scsegindex	1000	cellcharter	0.6267822786001098		1	0.7396659660464928		1	0.6832241223233013		1	0.6323356995605643		1	0.65392652764502		1	0.6431311136027922		1			0	0.6631776179630468		1			0	control
STOmics0218	scsegindex	1000	scvi	0.8572078688056538		1	0.46463962673785686		1	0.6609237477717553		1	0.45248982616118943		1	0.7438433915622453		1	0.5981666088617174		1			0	0.6295451783167363		1			0	control
STOmics0218	scsegindex	10000	cellcharter	0.6342788660163575		1	0.8390986612519111		1	0.7366887636341344		1	0.7159298253514307		1	0.7757593911937897		1	0.7458446082726102		1			0	0.7412666859533723		1			0	control
STOmics0218	scsegindex	10000	scvi	0.7464805080474708		1	0.697683639783757		1	0.722082073915614		1	0.5902127022262486		1	0.7893100518072249		1	0.6897613770167368		1			0	0.7059217254661754		1			0	control
STOmics0218	scsegindex	200	cellcharter	0.684808365735049		1	0.5723759911159402		1	0.6285921784254946		1	0.5902919396262493		1	0.9728802732772123		1	0.7815861064517308		1			0	0.7050891424386128		1			0	control
STOmics0218	scsegindex	200	scvi	0.9963011182789654		1	0.28729481733267936		1	0.6417979678058223		1	0.09561198356901095		1	0.3007756625443032		1	0.1981938230566571		1			0	0.4199958954312397		1			0	control
STOmics0218	scsegindex	500	cellcharter	0.7567717177571031	0.0060337592950716265	3	0.7453706971948337	0.0015109010956783004	3	0.7510712074759684	0.0022764842551739927	3	0.6343783123793978	0.0062590836673473964	3	0.6665351903894772	0.15455159379439384	3	0.6504567513844375	0.08040525921172703	3			0	0.700763979430203	0.040989253059721786	3			0	control
STOmics0218	scsegindex	500	scvi	0.8074826669533471	0.14320784648807242	3	0.37688601291384655	0.03747946982015832	3	0.5921843399335969	0.08948125554147507	3	0.2295304496604904	0.12639575086133395	3	0.4510188565080802	0.24087983891504314	3	0.3402746530842853	0.18315292181580287	3			0	0.46622949650894113	0.1355881154363825	3			0	control
STOmics0218	scsegindex	5000	cellcharter	0.6115552751217292		1	0.8089287079001357		1	0.7102419915109325		1	0.6830050697353673		1	0.6719342446369192		1	0.6774696571861433		1			0	0.6938558243485379		1			0	control
STOmics0218	scsegindex	5000	scvi	0.7970625576549448		1	0.6842608376965937		1	0.7406616976757693		1	0.5380341440609263		1	0.8134483092646505		1	0.6757412266627885		1			0	0.7082014621692789		1			0	control
STOmics0218	seurat_disp	100	cellcharter	0.6073555041053988		1	0.9071992286981454		1	0.7572773664017721		1	0.6492176364291221		1	0.7135074501537884		1	0.6813625432914552		1			0	0.7193199548466136		1			0	expression_driven
STOmics0218	seurat_disp	100	scvi	0.8011214116113786		1	0.6866725801545982		1	0.7438969958829884		1	0.4636795582577298		1	0.6739251434727314		1	0.5688023508652306		1			0	0.6563496733741094		1			0	expression_driven
STOmics0218	seurat_disp	1000	cellcharter	0.5784883801519195		1	0.9095002859178568		1	0.7439943330348882		1	0.7244744503367332		1	0.7662270832721241		1	0.7453507668044286		1			0	0.7446725499196584		1			0	expression_driven
STOmics0218	seurat_disp	1000	scvi	0.8032505200978848		1	0.7314065608646217		1	0.7673285404812533		1	0.6009968634182029		1	0.809910491242406		1	0.7054536773303044		1			0	0.7363911089057789		1			0	expression_driven
STOmics0218	seurat_disp	10000	cellcharter	0.627412958797669		1	0.8455538256711406		1	0.7364833922344047		1	0.7358965903602747		1	0.7742232961964823		1	0.7550599432783784		1			0	0.7457716677563916		1			0	expression_driven
STOmics0218	seurat_disp	10000	scvi	0.7434329226380301		1	0.7322034765590555		1	0.7378181995985428		1	0.5999744395194735		1	0.8770958827287149		1	0.7385351611240942		1			0	0.7381766803613186		1			0	expression_driven
STOmics0218	seurat_disp	200	cellcharter	0.6050780164604599		1	0.9076216962337397		1	0.7563498563470998		1	0.6757696687625715		1	0.8736956842476139		1	0.7747326765050927		1			0	0.7655412664260963		1			0	expression_driven
STOmics0218	seurat_disp	200	scvi	0.8106160037358461		1	0.7149818027907572		1	0.7627989032633016		1	0.4999300994462632		1	0.7774600312002388		1	0.638695065323251		1			0	0.7007469842932763		1			0	expression_driven
STOmics0218	seurat_disp	2000	cellcharter	0.6046988518414523	0.0056836417617913805	3	0.8887770995029726	0.013990357902021805	3	0.7467379756722125	0.008683291871194859	3	0.7282329396923525	0.001891641387204485	3	0.7544635931620297	0.013282576193789293	3	0.7413482664271912	0.007423540749178378	3			0	0.7440431210497018	0.0012279612382280292	3			0	expression_driven
STOmics0218	seurat_disp	2000	scvi	0.8103159417953649	0.010150697530827169	3	0.719514167978435	0.005688858671432522	3	0.7649150548869	0.003380443669085369	3	0.6298969095273459	0.022066466212564608	3	0.8196127990586554	0.028890384354866308	3	0.7247548542930007	0.004578207096466619	3			0	0.7448349545899503	0.002852911610892665	3			0	expression_driven
STOmics0218	seurat_disp	500	cellcharter	0.5851443152209443		1	0.9181509204218615		1	0.7516476178214029		1	0.7207698609851838		1	0.7520958042778143		1	0.7364328326314991		1			0	0.744040225226451		1			0	expression_driven
STOmics0218	seurat_disp	500	scvi	0.8122048856101759		1	0.7383736657742385		1	0.7752892756922072		1	0.5917179733735991		1	0.760688249520922		1	0.6762031114472605		1			0	0.7257461935697338		1			0	expression_driven
STOmics0218	seurat_disp	5000	cellcharter	0.6253406889550792		1	0.862490097240849		1	0.7439153930979641		1	0.7374094053658397		1	0.7403422370016619		1	0.7388758211837507		1			0	0.7413956071408574		1			0	expression_driven
STOmics0218	seurat_disp	5000	scvi	0.8006999935724934		1	0.6849368751470564		1	0.7428184343597749		1	0.6336762687473718		1	0.7972760323613544		1	0.7154761505543631		1			0	0.729147292457069		1			0	expression_driven
STOmics0218	seurat_mvp	100	cellcharter	0.6325672832382323		1	0.8929627642596993		1	0.7627650237489658		1	0.6701128127932954		1	0.757906233349554		1	0.7140095230714247		1			0	0.7383872734101953		1			0	expression_driven
STOmics0218	seurat_mvp	100	scvi	0.8172350681665799		1	0.6719700436810623		1	0.7446025559238211		1	0.427098066190198		1	0.6560749648643885		1	0.5415865155272933		1			0	0.6430945357255572		1			0	expression_driven
STOmics0218	seurat_mvp	1000	cellcharter	0.6196707437833981		1	0.8866069415463698		1	0.753138842664884		1	0.7185702305780746		1	0.7426159044098593		1	0.7305930674939669		1			0	0.7418659550794254		1			0	expression_driven
STOmics0218	seurat_mvp	1000	scvi	0.8348666860650665		1	0.7286714339561702		1	0.7817690600106184		1	0.6174671676913522		1	0.7657739176318236		1	0.6916205426615879		1			0	0.7366948013361032		1			0	expression_driven
STOmics0218	seurat_mvp	10000	cellcharter	0.629106250378582		1	0.8770984487238035		1	0.7531023495511928		1	0.720620672832231		1	0.8485566749658406		1	0.7845886738990357		1			0	0.7688455117251143		1			0	expression_driven
STOmics0218	seurat_mvp	10000	scvi	0.8358387127187064		1	0.712094458274381		1	0.7739665854965436		1	0.6341031638464657		1	0.7508129466769877		1	0.6924580552617268		1			0	0.7332123203791352		1			0	expression_driven
STOmics0218	seurat_mvp	200	cellcharter	0.641090358895901		1	0.8801294937472517		1	0.7606099263215764		1	0.6817536326250776		1	0.7616847917721232		1	0.7217192121986005		1			0	0.7411645692600884		1			0	expression_driven
STOmics0218	seurat_mvp	200	scvi	0.8398386428547896		1	0.71428720363121		1	0.7770629232429997		1	0.4664629102109033		1	0.7047434810754761		1	0.5856031956431897		1			0	0.6813330594430947		1			0	expression_driven
STOmics0218	seurat_mvp	2000	cellcharter	0.6234278516278181	0.005148682836722339	3	0.8710835024326341	0.009311386521777345	3	0.7472556770302261	0.006855369329364245	3	0.722886040175263	0.012827195021131438	3	0.801219145992167	0.053198746923505964	3	0.7620525930837151	0.022216195631241	3			0	0.7546541350569705	0.014459433893153302	3			0	expression_driven
STOmics0218	seurat_mvp	2000	scvi	0.841181116995596	0.009654127520198782	3	0.7117067097526645	0.00039375811976037747	3	0.7764439133741301	0.004840833540278477	3	0.6326134130054101	0.0028126649593795726	3	0.7715542444610598	0.0277140108442453	3	0.7020838287332349	0.014449253988449784	3			0	0.7392638710536824	0.00643340530529316	3			0	expression_driven
STOmics0218	seurat_mvp	500	cellcharter	0.5968510693462061		1	0.876107369566912		1	0.736479219456559		1	0.712945381103049		1	0.7285235095843574		1	0.7207344453437032		1			0	0.7286068324001311		1			0	expression_driven
STOmics0218	seurat_mvp	500	scvi	0.8274204121513297		1	0.7161413959042099		1	0.7717809040277698		1	0.6253114835345511		1	0.821976178984998		1	0.7236438312597746		1			0	0.7477123676437722		1			0	expression_driven
STOmics0218	seurat_mvp	5000	cellcharter	0.629106250378582		1	0.8770984487238035		1	0.7531023495511928		1	0.720620672832231		1	0.8485566749658406		1	0.7845886738990357		1			0	0.7688455117251143		1			0	expression_driven
STOmics0218	seurat_mvp	5000	scvi	0.8358387127187064		1	0.712094458274381		1	0.7739665854965436		1	0.6341031638464657		1	0.7508129466769877		1	0.6924580552617268		1			0	0.7332123203791352		1			0	expression_driven
STOmics0218	seurat_sct	100	cellcharter	0.5223711283617374		1	0.9302566824478055		1	0.7263139054047714		1	0.7106971722224644		1	0.7778129809656178		1	0.7442550765940411		1			0	0.7352844909994063		1			0	expression_driven
STOmics0218	seurat_sct	100	scvi	0.8391916392803285		1	0.7297324945834485		1	0.7844620669318885		1	0.557187769878333		1	0.8087286929933768		1	0.6829582314358549		1			0	0.7337101491838717		1			0	expression_driven
STOmics0218	seurat_sct	1000	cellcharter	0.6184900130594366		1	0.8892594150151907		1	0.7538747140373137		1	0.7254549158476186		1	0.8095854224500967		1	0.7675201691488576		1			0	0.7606974415930856		1			0	expression_driven
STOmics0218	seurat_sct	1000	scvi	0.8100288267531399		1	0.6917651092139995		1	0.7508969679835698		1	0.6829335787045383		1	0.7986437700840826		1	0.7407886743943104		1			0	0.7458428211889401		1			0	expression_driven
STOmics0218	seurat_sct	10000	cellcharter	0.626225270064097		1	0.86359966025644		1	0.7449124651602685		1	0.7245192992457365		1	0.7744793521018462		1	0.7494993256737914		1			0	0.74720589541703		1			0	expression_driven
STOmics0218	seurat_sct	10000	scvi	0.7460090051721857		1	0.7150845993684524		1	0.730546802270319		1	0.6097516287952364		1	0.83553177597312		1	0.7226417023841782		1			0	0.7265942523272486		1			0	expression_driven
STOmics0218	seurat_sct	200	cellcharter	0.5822983933267343		1	0.9012633596635		1	0.7417808764951171		1	0.7127215874028366		1	0.8051213844018866		1	0.7589214859023616		1			0	0.7503511811987393		1			0	expression_driven
STOmics0218	seurat_sct	200	scvi	0.8257796267073134		1	0.7217031191333272		1	0.7737413729203203		1	0.6099887934998215		1	0.7894000093153197		1	0.6996944014075706		1			0	0.7367178871639455		1			0	expression_driven
STOmics0218	seurat_sct	2000	cellcharter	0.6293057255733892	0.005704024065339826	3	0.8608140665264828	0.008497616425851427	3	0.7450598960499359	0.003683882807662528	3	0.7388750438031333	0.0038700616666550785	3	0.7350153115184459	0.014623484074316677	3	0.7369451776607896	0.006970300095267751	3			0	0.7410025368553628	0.004749085100935595	3			0	expression_driven
STOmics0218	seurat_sct	2000	scvi	0.8296176622661541	0.01005871991100335	3	0.6918748381677142	0.019648986281388506	3	0.7607462502169341	0.014546153030083294	3	0.6644013896675225	0.02095316252141966	3	0.7899337793172942	0.020507139661337277	3	0.7271675844924084	0.014513717904303712	3			0	0.7439569173546712	0.003098611989032833	3			0	expression_driven
STOmics0218	seurat_sct	500	cellcharter	0.5768746227807305		1	0.8800506055941022		1	0.7284626141874164		1	0.7261777779524419		1	0.7749231345541019		1	0.7505504562532719		1			0	0.7395065352203442		1			0	expression_driven
STOmics0218	seurat_sct	500	scvi	0.8242157120361706		1	0.6968718957660638		1	0.7605438039011172		1	0.6448070196146091		1	0.8334772894800236		1	0.7391421545473164		1			0	0.7498429792242167		1			0	expression_driven
STOmics0218	seurat_sct	5000	cellcharter	0.6496807201722917		1	0.8743834353782057		1	0.7620320777752487		1	0.7351152373000645		1	0.8002620692652491		1	0.7676886532826568		1			0	0.7648603655289528		1			0	expression_driven
STOmics0218	seurat_sct	5000	scvi	0.7807391359921101		1	0.7004115731669749		1	0.7405753545795425		1	0.6544139922080494		1	0.8061086318541084		1	0.7302613120310789		1			0	0.7354183333053107		1			0	expression_driven
STOmics0218	seurat_vst	100	cellcharter	0.5841037087466027		1	0.9067525737476203		1	0.7454281412471115		1	0.6873721536218859		1	0.8473974482760914		1	0.7673848009489886		1			0	0.75640647109805		1			0	expression_driven
STOmics0218	seurat_vst	100	scvi	0.8153889911793069		1	0.7145687013661788		1	0.7649788462727428		1	0.49606441539377083		1	0.6788838410516893		1	0.58747412822273		1			0	0.6762264872477364		1			0	expression_driven
STOmics0218	seurat_vst	1000	cellcharter	0.6523609785664418		1	0.8710042580865611		1	0.7616826183265015		1	0.7425113396568612		1	0.7950635135901534		1	0.7687874266235073		1			0	0.7652350224750044		1			0	expression_driven
STOmics0218	seurat_vst	1000	scvi	0.8221401482417436		1	0.6959209639168558		1	0.7590305560792997		1	0.6540802113687808		1	0.8118604504180897		1	0.7329703308934352		1			0	0.7460004434863674		1			0	expression_driven
STOmics0218	seurat_vst	10000	cellcharter	0.6759594496231601		1	0.8525647601068445		1	0.7642621048650022		1	0.7382721168834805		1	0.7499895126245535		1	0.744130814754017		1			0	0.7541964598095097		1			0	expression_driven
STOmics0218	seurat_vst	10000	scvi	0.8163090467022289		1	0.6526712764454969		1	0.7344901615738629		1	0.6912812115033086		1	0.7671870929638244		1	0.7292341522335665		1			0	0.7318621569037147		1			0	expression_driven
STOmics0218	seurat_vst	200	cellcharter	0.60496430349068		1	0.8891320178562689		1	0.7470481606734745		1	0.7177535360939161		1	0.7994748368343508		1	0.7586141864641335		1			0	0.752831173568804		1			0	expression_driven
STOmics0218	seurat_vst	200	scvi	0.8341209679024416		1	0.7256944098176223		1	0.779907688860032		1	0.6017913232794366		1	0.7837072334183808		1	0.6927492783489086		1			0	0.7363284836044703		1			0	expression_driven
STOmics0218	seurat_vst	2000	cellcharter	0.6573902335222916	0.012822247215203893	3	0.8574494167051321	0.007318913899598496	3	0.7574198251137118	0.008136428659523454	3	0.7358259733887035	0.007379260320625755	3	0.77379201286047	0.04520706658613993	3	0.7548089931245867	0.026237438603966396	3			0	0.7561144091191493	0.011425754648422819	3			0	expression_driven
STOmics0218	seurat_vst	2000	scvi	0.8378508090426392	0.01580123121134644	3	0.6908363486015853	0.008340640190669817	3	0.7643435788221122	0.0072515498951051935	3	0.6864530542498709	0.009317450250368007	3	0.7911421346019357	0.034028928237365065	3	0.7387975944259034	0.0189870765888403	3			0	0.7515705866240078	0.012094737597338708	3			0	expression_driven
STOmics0218	seurat_vst	500	cellcharter	0.6418932333145515		1	0.8632563469969676		1	0.7525747901557596		1	0.7234506085621462		1	0.7140683293971172		1	0.7187594689796317		1			0	0.7356671295676956		1			0	expression_driven
STOmics0218	seurat_vst	500	scvi	0.8274521821227003		1	0.6827631612315435		1	0.7551076716771219		1	0.6719699471564073		1	0.775703172168968		1	0.7238365596626877		1			0	0.7394721156699048		1			0	expression_driven
STOmics0218	seurat_vst	5000	cellcharter	0.6761024917121288		1	0.8399456931135441		1	0.7580240924128364		1	0.7355986153611621		1	0.7425376472245047		1	0.7390681312928333		1			0	0.7485461118528349		1			0	expression_driven
STOmics0218	seurat_vst	5000	scvi	0.8200323126943382		1	0.6840500917731822		1	0.7520412022337601		1	0.6799341069376349		1	0.805459278973804		1	0.7426966929557195		1			0	0.7473689475947398		1			0	expression_driven
STOmics0218	singleCellHaystack	100	cellcharter	0.7128754024200156		1	0.7671340386339678		1	0.7400047205269917		1	0.6852374731485282		1	0.6870965881282953		1	0.6861670306384118		1			0	0.7130858755827018		1			0	expression_driven
STOmics0218	singleCellHaystack	100	scvi	0.8766791032738099		1	0.5738940572699505		1	0.7252865802718802		1	0.48084167366085356		1	0.5659441583485811		1	0.5233929160047174		1			0	0.6243397481382988		1			0	expression_driven
STOmics0218	singleCellHaystack	1000	cellcharter	0.6168747539878765		1	0.8814041222139405		1	0.7491394381009084		1	0.733060108242578		1	0.9640915845032925		1	0.8485758463729351		1			0	0.7988576422369218		1			0	expression_driven
STOmics0218	singleCellHaystack	1000	scvi	0.793622771906511		1	0.6941976293354001		1	0.7439102006209555		1	0.6818158657267647		1	0.7655233476633672		1	0.7236696066950659		1			0	0.7337899036580107		1			0	expression_driven
STOmics0218	singleCellHaystack	10000	cellcharter	0.6361864531375513		1	0.8559960569174145		1	0.746091255027483		1	0.7062023261563493		1	0.7529803213397004		1	0.7295913237480248		1			0	0.737841289387754		1			0	expression_driven
STOmics0218	singleCellHaystack	10000	scvi	0.6641132307367759		1	0.7271558479593445		1	0.6956345393480602		1	0.6278052284475106		1	0.8989041800396909		1	0.7633547042436007		1			0	0.7294946217958305		1			0	expression_driven
STOmics0218	singleCellHaystack	200	cellcharter	0.7057667972005301		1	0.7887982022631419		1	0.747282499731836		1	0.6823377567209262		1	0.6748093017726176		1	0.6785735292467718		1			0	0.712928014489304		1			0	expression_driven
STOmics0218	singleCellHaystack	200	scvi	0.8556080301832028		1	0.6390896868264853		1	0.747348858504844		1	0.5590934483226515		1	0.7229115474510246		1	0.641002497886838		1			0	0.694175678195841		1			0	expression_driven
STOmics0218	singleCellHaystack	2000	cellcharter	0.6424307105396584	0.02763013947365129	3	0.8639834578866045	0.015838682757828664	3	0.7532070842131313	0.005995862786064809	3	0.7403393264512017	0.006545800238429503	3	0.7697934768584703	0.02206770132349905	3	0.755066401654836	0.014138202030029186	3			0	0.7541367429339836	0.005173265226772255	3			0	expression_driven
STOmics0218	singleCellHaystack	2000	scvi	0.8211335882905052	0.01614438106887094	3	0.6832970377688973	0.0019386124162797105	3	0.7522153130297012	0.007416235096113513	3	0.683567255554952	0.008309092006134694	3	0.8288358658332345	0.07849215712230032	3	0.7562015606940933	0.035219030057967775	3			0	0.7542084368618972	0.021071027414300038	3			0	expression_driven
STOmics0218	singleCellHaystack	500	cellcharter	0.6192712186843731		1	0.8377293527635594		1	0.7285002857239662		1	0.7255164847524519		1	0.7248303665688148		1	0.7251734256606334		1			0	0.7268368556922997		1			0	expression_driven
STOmics0218	singleCellHaystack	500	scvi	0.815187913399539		1	0.6772244281212192		1	0.7462061707603791		1	0.6178746219717254		1	0.7483552552360868		1	0.6831149386039062		1			0	0.7146605546821426		1			0	expression_driven
STOmics0218	singleCellHaystack	5000	cellcharter	0.6437078855594429		1	0.8529046609389721		1	0.7483062732492075		1	0.7398308020034924		1	0.7943967043369593		1	0.7671137531702259		1			0	0.7577100132097168		1			0	expression_driven
STOmics0218	singleCellHaystack	5000	scvi	0.7693563398612286		1	0.7150420210490999		1	0.7421991804551642		1	0.6392843300558632		1	0.7767705748637934		1	0.7080274524598282		1			0	0.7251133164574962		1			0	expression_driven
STOmics0218	somde	100	cellcharter	0.6292919509774408		1	0.8018600894342329		1	0.7155760202058369		1	0.7171081235267865		1	0.7914680096108515		1	0.754288066568819		1			0	0.7349320433873279		1			0	spatially_informed
STOmics0218	somde	100	scvi	0.7901257604920773		1	0.6688483216084986		1	0.7294870410502879		1	0.6482480713221287		1	0.7021047685171605		1	0.6751764199196446		1			0	0.7023317304849663		1			0	spatially_informed
STOmics0218	somde	1000	cellcharter	0.6443539368945852		1	0.8571455031354336		1	0.7507497200150094		1	0.7505118925017893		1	0.8102104638379188		1	0.7803611781698541		1			0	0.7655554490924317		1			0	spatially_informed
STOmics0218	somde	1000	scvi	0.8080235095224375		1	0.695168842891623		1	0.7515961762070302		1	0.6946213542210818		1	0.8358905262737767		1	0.7652559402474293		1			0	0.7584260582272297		1			0	spatially_informed
STOmics0218	somde	10000	cellcharter	0.6453335849321511		1	0.8592565123955261		1	0.7522950486638387		1	0.7300931964498218		1	0.7844669915291946		1	0.7572800939895082		1			0	0.7547875713266734		1			0	spatially_informed
STOmics0218	somde	10000	scvi	0.7902072107617515		1	0.7104583946975868		1	0.7503328027296692		1	0.6721408013335832		1	0.8432015529371911		1	0.7576711771353872		1			0	0.7540019899325282		1			0	spatially_informed
STOmics0218	somde	200	cellcharter	0.6238965903586762		1	0.8415468940516513		1	0.7327217422051637		1	0.7366092991433542		1	0.6983982580167936		1	0.7175037785800739		1			0	0.7251127603926188		1			0	spatially_informed
STOmics0218	somde	200	scvi	0.7847301670397242		1	0.6931819881711532		1	0.7389560776054387		1	0.6729761460307037		1	0.7195237721758025		1	0.6962499591032532		1			0	0.7176030183543459		1			0	spatially_informed
STOmics0218	somde	2000	cellcharter	0.6515701804582986	0.007692747286985455	3	0.86216220792691	0.009640601163265579	3	0.7568661941926044	0.008134107863300318	3	0.739901440228747	0.006417887549669601	3	0.766140371892906	0.04403180880808939	3	0.7530209060608265	0.021699730747522187	3			0	0.7549435501267153	0.01013994879306295	3			0	spatially_informed
STOmics0218	somde	2000	scvi	0.8137223496304896	0.00927492986637013	3	0.6795570408763214	0.011388910372891066	3	0.7466396952534055	0.0022881688691210214	3	0.6864451719113246	0.009064171186884629	3	0.7971774103594625	0.05075028491616203	3	0.7418112911353937	0.02962349305436864	3			0	0.7442254931943996	0.015438023394133306	3			0	spatially_informed
STOmics0218	somde	500	cellcharter	0.6061850936651622		1	0.8536177473797547		1	0.7299014205224584		1	0.7424728816271667		1	0.8256774552822124		1	0.7840751684546896		1			0	0.756988294488574		1			0	spatially_informed
STOmics0218	somde	500	scvi	0.8095523961419255		1	0.6895272722140742		1	0.7495398341779999		1	0.69903725033927		1	0.7853863830214616		1	0.7422118166803657		1			0	0.7458758254291828		1			0	spatially_informed
STOmics0218	somde	5000	cellcharter	0.6377173643689232		1	0.8444304613347398		1	0.7410739128518316		1	0.7499116007387685		1	0.7035008773731122		1	0.7267062390559403		1			0	0.733890075953886		1			0	spatially_informed
STOmics0218	somde	5000	scvi	0.8021266037669956		1	0.6723685821476303		1	0.737247592957313		1	0.6706780971636221		1	0.7912982745849306		1	0.7309881858742764		1			0	0.7341178894157947		1			0	spatially_informed
STOmics0218	sparkx	100	cellcharter	0.747106834515012		1	0.7704297655142369		1	0.7587683000146245		1	0.6973568648864639		1	0.6541603180409096		1	0.6757585914636868		1			0	0.7172634457391556		1			0	spatially_informed
STOmics0218	sparkx	100	scvi	0.8735604813057003		1	0.6009369859740555		1	0.7372487336398779		1	0.6213790009936252		1	0.6818501552553384		1	0.6516145781244818		1			0	0.6944316558821798		1			0	spatially_informed
STOmics0218	sparkx	1000	cellcharter	0.6054254076556662		1	0.8572469818547301		1	0.7313361947551982		1	0.7372315391741772		1	0.7391855763662789		1	0.738208557770228		1			0	0.7347723762627131		1			0	spatially_informed
STOmics0218	sparkx	1000	scvi	0.8066550204478309		1	0.6795394780517487		1	0.7430972492497898		1	0.6811899824558907		1	0.8231813979729969		1	0.7521856902144438		1			0	0.7476414697321168		1			0	spatially_informed
STOmics0218	sparkx	10000	cellcharter	0.6274833844096903		1	0.8501818825588737		1	0.7388326334842821		1	0.7434383140253509		1	0.7282789639156186		1	0.7358586389704848		1			0	0.7373456362273834		1			0	spatially_informed
STOmics0218	sparkx	10000	scvi	0.7809300264650189		1	0.7157927527272749		1	0.748361389596147		1	0.6557265965111835		1	0.8269075295208618		1	0.7413170630160226		1			0	0.7448392263060848		1			0	spatially_informed
STOmics0218	sparkx	200	cellcharter	0.6912963079041319		1	0.7941690157806401		1	0.742732661842386		1	0.7188009178436966		1	0.726617914843928		1	0.7227094163438124		1			0	0.7327210390930992		1			0	spatially_informed
STOmics0218	sparkx	200	scvi	0.8465122810274319		1	0.647989603206889		1	0.7472509421171605		1	0.6534284965387807		1	0.7187581012907138		1	0.6860932989147472		1			0	0.7166721205159539		1			0	spatially_informed
STOmics0218	sparkx	2000	cellcharter	0.6010672593544877	0.006881240195833535	3	0.864829167427199	0.00627549789833141	3	0.7329482133908433	0.0022117539406516923	3	0.7376913997965309	0.007803439900524202	3	0.7402015760025661	0.03460283872092623	3	0.7389464878995483	0.013699265888110952	3			0	0.7359473506451959	0.005890781561634512	3			0	spatially_informed
STOmics0218	sparkx	2000	scvi	0.8227698891922156	0.004687167951198463	3	0.642620280164529	0.02220807092152338	3	0.7326950846783724	0.012484317036017423	3	0.6672014763002325	0.012645696366840946	3	0.7434542406748971	0.02957772098983777	3	0.7053278584875647	0.012492794992263686	3			0	0.7190114715829686	0.011134768565327913	3			0	spatially_informed
STOmics0218	sparkx	500	cellcharter	0.5994844898034883		1	0.8453494606858485		1	0.7224169752446684		1	0.7285974765534023		1	0.7904194534901563		1	0.7595084650217794		1			0	0.7409627201332238		1			0	spatially_informed
STOmics0218	sparkx	500	scvi	0.8194753737520666		1	0.650061417635921		1	0.7347683956939938		1	0.6821909047014681		1	0.7493336923800752		1	0.7157622985407717		1			0	0.7252653471173827		1			0	spatially_informed
STOmics0218	sparkx	5000	cellcharter	0.607650012318919		1	0.8643130113506501		1	0.7359815118347846		1	0.7311293613830604		1	0.7930268549097452		1	0.7620781081464028		1			0	0.7490298099905937		1			0	spatially_informed
STOmics0218	sparkx	5000	scvi	0.7925722714261163		1	0.6571639609199161		1	0.7248681161730162		1	0.6642452184271935		1	0.8008812583805098		1	0.7325632384038516		1			0	0.7287156772884339		1			0	spatially_informed
STOmics0218	spatialde	100	cellcharter	0.5982357248235488		1	0.8625420831834044		1	0.7303889040034766		1	0.7155404519253894		1	0.7605856845403618		1	0.7380630682328756		1			0	0.7342259861181761		1			0	spatially_informed
STOmics0218	spatialde	100	scvi	0.8151444980538395		1	0.7041894767631942		1	0.7596669874085169		1	0.6255358673485976		1	0.7191605193943362		1	0.6723481933714669		1			0	0.7160075903899918		1			0	spatially_informed
STOmics0218	spatialde	1000	cellcharter	0.6252591213447978		1	0.8668012872310633		1	0.7460302042879305		1	0.7362154766233678		1	0.7246782827006224		1	0.7304468796619952		1			0	0.7382385419749629		1			0	spatially_informed
STOmics0218	spatialde	1000	scvi	0.7955633990151578		1	0.6970967428201651		1	0.7463300709176615		1	0.7016803700586195		1	0.7769050724292169		1	0.7392927212439182		1			0	0.7428113960807898		1			0	spatially_informed
STOmics0218	spatialde	10000	cellcharter	0.6448677864801986		1	0.8486837714708958		1	0.7467757789755471		1	0.723594549739786		1	0.7722656629823832		1	0.7479301063610846		1			0	0.7473529426683159		1			0	spatially_informed
STOmics0218	spatialde	10000	scvi	0.7399283250255141		1	0.730198013586477		1	0.7350631693059955		1	0.6106864604566254		1	0.826550910811327		1	0.7186186856339762		1			0	0.7268409274699859		1			0	spatially_informed
STOmics0218	spatialde	200	cellcharter	0.6003490390949962		1	0.8602163795579801		1	0.7302827093264881		1	0.7223276695286166		1	0.7787061460400508		1	0.7505169077843337		1			0	0.7403998085554109		1			0	spatially_informed
STOmics0218	spatialde	200	scvi	0.792796587168351		1	0.7148454741921864		1	0.7538210306802686		1	0.6557885012644199		1	0.7446168059360914		1	0.7002026536002557		1			0	0.7270118421402622		1			0	spatially_informed
STOmics0218	spatialde	2000	cellcharter	0.6491588293494016	0.0023048610316835946	3	0.8540059745254016	0.010861825820842363	3	0.7515824019374016	0.00438861894160432	3	0.7402899310215645	0.003973629390526849	3	0.7773626278551719	0.018665109385983158	3	0.7588262794383681	0.008947213306178176	3			0	0.755204340687885	0.006636363856192903	3			0	spatially_informed
STOmics0218	spatialde	2000	scvi	0.8129307199219736	0.01757232020575313	3	0.6967565776631272	0.01079595725874793	3	0.7548436487925504	0.006327212171287495	3	0.673864616219995	0.014523739272248173	3	0.7682491712567653	0.047032917922509715	3	0.7210568937383801	0.03037524728405	3			0	0.7379502712654653	0.013122387169294838	3			0	spatially_informed
STOmics0218	spatialde	500	cellcharter	0.6080869299345331		1	0.8691669229861317		1	0.7386269264603325		1	0.7410210547405285		1	0.8336349740444866		1	0.7873280143925075		1			0	0.7629774704264201		1			0	spatially_informed
STOmics0218	spatialde	500	scvi	0.8049833341542534		1	0.7217349266545989		1	0.7633591304044262		1	0.6736611678241831		1	0.8576416646471902		1	0.7656514162356867		1			0	0.7645052733200564		1			0	spatially_informed
STOmics0218	spatialde	5000	cellcharter	0.6408658184814453		1	0.8680105393665417		1	0.7544381789239936		1	0.7349094418827078		1	0.7968685155102393		1	0.7658889786964735		1			0	0.7601635788102336		1			0	spatially_informed
STOmics0218	spatialde	5000	scvi	0.7747454034609985		1	0.7038112138151663		1	0.7392783086380824		1	0.6203739630050922		1	0.7838701513349692		1	0.7021220571700306		1			0	0.7207001829040565		1			0	spatially_informed
STOmics0218	statistic_mean	100	cellcharter	0.5771315179983316		1	0.8549615919693003		1	0.716046554983816		1	0.6660528732011203		1	0.7655659330103224		1	0.7158094031057214		1			0	0.7159279790447687		1			0	expression_driven
STOmics0218	statistic_mean	100	scvi	0.8391810953742352		1	0.6210087826618844		1	0.7300949390180598		1	0.4828032374319359		1	0.6448181526656025		1	0.5638106950487692		1			0	0.6469528170334145		1			0	expression_driven
STOmics0218	statistic_mean	1000	cellcharter	0.5458133966764858		1	0.8872283223990522		1	0.716520859537769		1	0.7054284495527564		1	0.7470082423218058		1	0.7262183459372811		1			0	0.721369602737525		1			0	expression_driven
STOmics0218	statistic_mean	1000	scvi	0.8078713020258887		1	0.6766934892651049		1	0.7422823956454968		1	0.5856186430095423		1	0.7813837256666778		1	0.68350118433811		1			0	0.7128917899918035		1			0	expression_driven
STOmics0218	statistic_mean	10000	cellcharter	0.6428503419572233		1	0.8422914992000441		1	0.7425709205786337		1	0.7264970645964904		1	0.6981987979188282		1	0.7123479312576593		1			0	0.7274594259181465		1			0	expression_driven
STOmics0218	statistic_mean	10000	scvi	0.766422057302502		1	0.7019690848599554		1	0.7341955710812287		1	0.6017163313903088		1	0.8714423390447587		1	0.7365793352175337		1			0	0.7353874531493811		1			0	expression_driven
STOmics0218	statistic_mean	200	cellcharter	0.4972758214928665		1	0.9239758969338479		1	0.7106258592133572		1	0.7032224400324751		1	0.7373261270017637		1	0.7202742835171194		1			0	0.7154500713652383		1			0	expression_driven
STOmics0218	statistic_mean	200	scvi	0.8344637497418304		1	0.6727829226089427		1	0.7536233361753866		1	0.5323201742765806		1	0.7365960048287078		1	0.6344580895526442		1			0	0.6940407128640154		1			0	expression_driven
STOmics0218	statistic_mean	2000	cellcharter	0.5856010133058385	0.011265476970194817	3	0.874734587810818	0.0018281684884632193	3	0.7301678005583283	0.0052311306789816605	3	0.7246753761561399	0.005154635882016124	3	0.7676872769496139	0.018590101895779865	3	0.7461813265528768	0.008904453417683962	3			0	0.7381745635556026	0.006915923630042767	3			0	expression_driven
STOmics0218	statistic_mean	2000	scvi	0.8186650948502784	0.01640415355513987	3	0.6830703112599615	0.005124867585235743	3	0.75086770305512	0.005639773138672923	3	0.6220336716839235	0.00796054868462453	3	0.8247220409518997	0.004965156147379332	3	0.7233778563179115	0.00535994683530598	3			0	0.7371227796865157	0.0011471005406896602	3			0	expression_driven
STOmics0218	statistic_mean	500	cellcharter	0.5391183941263552		1	0.8899378591377392		1	0.7145281266320471		1	0.7040838049167558		1	0.7195761765810825		1	0.7118299907489192		1			0	0.7131790586904831		1			0	expression_driven
STOmics0218	statistic_mean	500	scvi	0.8196254243518148		1	0.6788703327097068		1	0.7492478785307608		1	0.5662091355262602		1	0.723316320120029		1	0.6447627278231446		1			0	0.6970053031769528		1			0	expression_driven
STOmics0218	statistic_mean	5000	cellcharter	0.6162164288434838		1	0.8546839613870831		1	0.7354501951152834		1	0.7133140760955662		1	0.796502762341667		1	0.7549084192186166		1			0	0.74517930716695		1			0	expression_driven
STOmics0218	statistic_mean	5000	scvi	0.7874821051223608		1	0.6784212024210288		1	0.7329516537716948		1	0.6059975675191906		1	0.766380567447914		1	0.6861890674835524		1			0	0.7095703606276236		1			0	expression_driven
STOmics0218	statistic_variance	100	cellcharter	0.5343956581039051		1	0.9207319975378095		1	0.7275638278208574		1	0.7112513973379508		1	0.6971463290979141		1	0.7041988632179325		1			0	0.7158813455193949		1			0	expression_driven
STOmics0218	statistic_variance	100	scvi	0.831070382492397		1	0.7076625953598082		1	0.7693664889261026		1	0.6172423611679562		1	0.8214599528131005		1	0.7193511569905283		1			0	0.7443588229583155		1			0	expression_driven
STOmics0218	statistic_variance	1000	cellcharter	0.5607550886081646		1	0.9267963836651917		1	0.7437757361366781		1	0.7230057290733077		1	0.7571814596329839		1	0.7400935943531458		1			0	0.7419346652449119		1			0	expression_driven
STOmics0218	statistic_variance	1000	scvi	0.8163641519350728		1	0.6792196079654867		1	0.7477918799502798		1	0.6721250945143394		1	0.7631613848629054		1	0.7176432396886224		1			0	0.7327175598194511		1			0	expression_driven
STOmics0218	statistic_variance	10000	cellcharter	0.6474153308728614		1	0.826965987816453		1	0.7371906593446572		1	0.7162856301257361		1	0.7915379765149946		1	0.7539118033203653		1			0	0.7455512313325112		1			0	expression_driven
STOmics0218	statistic_variance	10000	scvi	0.7014876695133788		1	0.7374533558341082		1	0.7194705126737435		1	0.6019848471039956		1	0.8427880821601544		1	0.722386464632075		1			0	0.7209284886529093		1			0	expression_driven
STOmics0218	statistic_variance	200	cellcharter	0.5480923336139972		1	0.9008466708347769		1	0.724469502224387		1	0.7095200138429109		1	0.740105523756881		1	0.724812768799896		1			0	0.7246411355121415		1			0	expression_driven
STOmics0218	statistic_variance	200	scvi	0.8395589772251094		1	0.7064504910107706		1	0.77300473411794		1	0.6275657259539127		1	0.8473639937115705		1	0.7374648598327416		1			0	0.7552347969753408		1			0	expression_driven
STOmics0218	statistic_variance	2000	cellcharter	0.5774018740164285	0.01361151630190457	3	0.8894286765556201	0.01024414719809767	3	0.7334152752860242	0.005755048451474821	3	0.7295394927527071	0.002005371564611368	3	0.7655957304779665	0.028002859654078914	3	0.7475676116153368	0.013153466896390815	3			0	0.7404914434506805	0.0037169735322642146	3			0	expression_driven
STOmics0218	statistic_variance	2000	scvi	0.8318677065812623	0.011385902178673765	3	0.6691115872878566	0.009876967603970476	3	0.7504896469345593	0.009040097078667169	3	0.6381213727958112	0.02004965568412876	3	0.8243511720774107	0.06576087000124957	3	0.7312362724366109	0.03977439149793296	3			0	0.7408629596855851	0.015960387672169667	3			0	expression_driven
STOmics0218	statistic_variance	500	cellcharter	0.5737853574428322		1	0.9054129081499249		1	0.7395991327963786		1	0.7243382233194681		1	0.7111700280527042		1	0.7177541256860862		1			0	0.7286766292412323		1			0	expression_driven
STOmics0218	statistic_variance	500	scvi	0.839817652146953		1	0.7089983764169854		1	0.7744080142819691		1	0.6061609961333255		1	0.7831511657825178		1	0.6946560809579216		1			0	0.7345320476199454		1			0	expression_driven
STOmics0218	statistic_variance	5000	cellcharter	0.592137611341239		1	0.8752483241000331		1	0.7336929677206361		1	0.7213947822733037		1	0.7415760803575024		1	0.7314854313154031		1			0	0.7325891995180196		1			0	expression_driven
STOmics0218	statistic_variance	5000	scvi	0.7679695418431945		1	0.6846878148182785		1	0.7263286783307366		1	0.6223743159217818		1	0.8243828166900998		1	0.7233785663059409		1			0	0.7248536223183387		1			0	expression_driven
STOmics0218	triku	100	cellcharter	0.7532739379574529		1	0.4220144465782071		1	0.5876441922678299		1	0.7024357837675873		1	0.1493907226839859		1	0.4259132532257866		1			0	0.5067787227468082		1			0	expression_driven
STOmics0218	triku	100	scvi	0.4824585201739019		1	0.20577817882033358		1	0.3441183494971177		1	0.5919584915019598		1	0.09633643661545004		1	0.3441474640587049		1			0	0.3441329067779113		1			0	expression_driven
STOmics0218	triku	1000	cellcharter	0.6769717182301348		1	0.842589501506779		1	0.759780609868457		1	0.71143439912136		1	0.7099131363627946		1	0.7106737677420774		1			0	0.7352271888052672		1			0	expression_driven
STOmics0218	triku	1000	scvi	0.8236902148055503		1	0.7058126340978502		1	0.7647514244517002		1	0.6771494462297089		1	0.8081249645824711		1	0.7426372054060899		1			0	0.753694314928895		1			0	expression_driven
STOmics0218	triku	10000	cellcharter	0.6305701604103539		1	0.8630223965223474		1	0.7467962784663507		1	0.7404722793240718		1	0.8031848246594573		1	0.7718285519917645		1			0	0.7593124152290576		1			0	expression_driven
STOmics0218	triku	10000	scvi	0.7748467073195044		1	0.7265805392923143		1	0.7507136233059093		1	0.6600978022751401		1	0.860708263286085		1	0.7604030327806126		1			0	0.755558328043261		1			0	expression_driven
STOmics0218	triku	200	cellcharter	0.7936704757020536		1	0.6944803851348		1	0.7440754304184268		1	0.6557424775263373		1	0.7200175243516704		1	0.6878800009390038		1			0	0.7159777156787153		1			0	expression_driven
STOmics0218	triku	200	scvi	0.7918853727124604		1	0.49753790049356644		1	0.6447116366030134		1	0.39172817659207926		1	0.44120826727617757		1	0.4164682219341284		1			0	0.530589929268571		1			0	expression_driven
STOmics0218	triku	2000	cellcharter	0.6905936553721999	0.00943731528871754	3	0.8439182822753998	0.013548122466630452	3	0.7672559688237998	0.0057830746865729	3	0.7398590936506185	0.003764016529786684	3	0.7744994861792097	0.05021907618179321	3	0.7571792899149141	0.02691542757058765	3			0	0.7622176293693569	0.01089021290141918	3			0	expression_driven
STOmics0218	triku	2000	scvi	0.8207528584652114	0.00516609877724307	3	0.7029975011835109	0.007805939299257181	3	0.761875179824361	0.0054400696577905265	3	0.6983960380905964	0.005197980672870341	3	0.7933510615761546	0.034635647535933116	3	0.7458735498333756	0.01518038950956402	3			0	0.7538743648288683	0.008666851921138308	3			0	expression_driven
STOmics0218	triku	500	cellcharter	0.7022463942890059		1	0.8477878798998714		1	0.7750171370944386		1	0.7175090080471201		1	0.724514958326048		1	0.721011983186584		1			0	0.7480145601405113		1			0	expression_driven
STOmics0218	triku	500	scvi	0.8302314225671644		1	0.7069600716826008		1	0.7685957471248825		1	0.6077474898732772		1	0.7290537961050307		1	0.668400642989154		1			0	0.7184981950570183		1			0	expression_driven
STOmics0218	triku	5000	cellcharter	0.6552092439053879		1	0.8467017745948668		1	0.7509555092501274		1	0.7367600665170145		1	0.8188189456832713		1	0.777789506100143		1			0	0.7643725076751352		1			0	expression_driven
STOmics0218	triku	5000	scvi	0.8141375044559396		1	0.6735358003713807		1	0.7438366524136601		1	0.6886066031466056		1	0.7231266205472431		1	0.7058666118469243		1			0	0.7248516321302922		1			0	expression_driven
STOmics0218	wilcoxon	100	cellcharter	0.6032400583956704		1	0.6435212324223392		1	0.6233806454090047		1	0.6158085253463693		1	0.12642768379566416		1	0.37111810457101674		1			0	0.49724937499001076		1			0	label_informed
STOmics0218	wilcoxon	100	scvi	0.0		1	0.07163658393694597		1	0.035818291968472984		1	0.9378996160868539		1	0.18931751601608648		1	0.5636085660514703		1			0	0.2997134290099716		1			0	label_informed
STOmics0218	wilcoxon	1000	cellcharter	0.6960913947357601		1	0.8633877139793991		1	0.7797395543575796		1	0.6833080463219053		1	0.7256320669431648		1	0.704470056632535		1			0	0.7421048054950573		1			0	label_informed
STOmics0218	wilcoxon	1000	scvi	0.8324126272743911		1	0.7223964860063287		1	0.7774045566403599		1	0.5246983097752469		1	0.8028565288166662		1	0.6637774192959566		1			0	0.7205909879681582		1			0	label_informed
STOmics0218	wilcoxon	10000	cellcharter	0.601251942435317		1	0.8658208417538921		1	0.7335363920946045		1	0.7422971527431836		1	0.7440170706753518		1	0.7431571117092677		1			0	0.7383467519019361		1			0	label_informed
STOmics0218	wilcoxon	10000	scvi	0.7871889610823866		1	0.7213190341568649		1	0.7542539976196257		1	0.643495769667391		1	0.8181463568182196		1	0.7308210632428053		1			0	0.7425375304312155		1			0	label_informed
STOmics0218	wilcoxon	200	cellcharter	0.7822990359768125		1	0.4463272354048359		1	0.6143131356908242		1	0.5154106540800922		1	0.32323905213002896		1	0.4193248531050606		1			0	0.5168189943979424		1			0	label_informed
STOmics0218	wilcoxon	200	scvi	0.4282068621824477		1	0.3470167847312868		1	0.38761182345686723		1	0.4005869698335746		1	0.32187852042600373		1	0.3612327451297892		1			0	0.37442228429332824		1			0	label_informed
STOmics0218	wilcoxon	2000	cellcharter	0.6523572983868355	0.0188369991323766	3	0.8722157642670568	0.00999900651589449	3	0.7622865313269461	0.0045100838097501825	3	0.709823353053431	0.007755294975154674	3	0.7956059457985264	0.02976068263796877	3	0.7527146494259788	0.011084021163412056	3			0	0.7575005903764623	0.006342254853743134	3			0	label_informed
STOmics0218	wilcoxon	2000	scvi	0.8089520671727982	0.01623504481061563	3	0.7416088056807125	0.019514123978120308	3	0.7752804364267555	0.009882508217901797	3	0.5982258761622421	0.007005381071131343	3	0.7810924987514264	0.03813430259197247	3	0.6896591874568342	0.022560521590330663	3			0	0.7324698119417947	0.006800540438610245	3			0	label_informed
STOmics0218	wilcoxon	500	cellcharter	0.6903686076050185		1	0.8612179620426813		1	0.7757932848238499		1	0.6544844934693747		1	0.7116088536298647		1	0.6830466735496197		1			0	0.7294199791867348		1			0	label_informed
STOmics0218	wilcoxon	500	scvi	0.8586700419219597		1	0.60270134836429		1	0.7306856951431249		1	0.3696944505427819		1	0.47490038084155717		1	0.4222974156921695		1			0	0.5764915554176472		1			0	label_informed
STOmics0218	wilcoxon	5000	cellcharter	0.6091030073481014		1	0.8535742426024341		1	0.7313386249752678		1	0.740188780523848		1	0.8233012518029674		1	0.7817450161634076		1			0	0.7565418205693377		1			0	label_informed
STOmics0218	wilcoxon	5000	scvi	0.8116751756412748		1	0.6958574042728796		1	0.7537662899570772		1	0.6513543988921023		1	0.7822796921588671		1	0.7168170455254848		1			0	0.735291667741281		1			0	label_informed
STOmics0224	Brennecke	100	cellcharter	0.6007959243517356		1	0.5582681088712018		1	0.5795320166114687		1	0.612486348554551		1	0.5116217780291152		1	0.5620540632918332		1			0	0.570793039951651		1			0	expression_driven
STOmics0224	Brennecke	100	scvi	0.9112174715989669		1	0.4146841258859456		1	0.6629507987424563		1	0.158019417012278		1	0.26707150136711344		1	0.21254545918969572		1			0	0.437748128966076		1			0	expression_driven
STOmics0224	Brennecke	1000	cellcharter	0.2920237411721249		1	0.8017903542117292		1	0.546907047691927		1	0.6616749126930818		1	0.7405655865552165		1	0.7011202496241491		1			0	0.6240136486580381		1			0	expression_driven
STOmics0224	Brennecke	1000	scvi	0.8262417742908796		1	0.5411653376124224		1	0.683703555951651		1	0.3404773824035341		1	0.760493362105608		1	0.5504853722545711		1			0	0.6170944641031111		1			0	expression_driven
STOmics0224	Brennecke	10000	cellcharter	0.2579078225204304		1	0.81886901301356		1	0.5383884177669952		1	0.6959909695200124		1	0.7418737248458176		1	0.718932347182915		1			0	0.628660382474955		1			0	expression_driven
STOmics0224	Brennecke	10000	scvi	0.590892451320461		1	0.3205404265899444		1	0.4557164389552027		1	0.513640983036277		1	0.5858219466739568		1	0.5497314648551169		1			0	0.5027239519051598		1			0	expression_driven
STOmics0224	Brennecke	200	cellcharter	0.44338658228203526		1	0.6093241165833299		1	0.5263553494326826		1	0.6252496883520523		1	0.572114777280074		1	0.5986822328160631		1			0	0.5625187911243729		1			0	expression_driven
STOmics0224	Brennecke	200	scvi	0.9088931333224335		1	0.4571344470686992		1	0.6830137901955664		1	0.22006395913874946		1	0.41911732010605424		1	0.31959063962240186		1			0	0.5013022149089841		1			0	expression_driven
STOmics0224	Brennecke	2000	cellcharter	0.2563337626345929	0.03505540418922744	3	0.8416749655947374	0.07302873851648777	3	0.5490043641146652	0.021206839650716316	3	0.7075484031703348	0.004301933135969543	3	0.7951579357763848	0.1118566449831459	3	0.7513531694733597	0.05387552840180763	3			0	0.6501787667940125	0.017467770744819384	3			0	expression_driven
STOmics0224	Brennecke	2000	scvi	0.7816103166878094	0.025392922169267623	3	0.5704701630301918	0.024955546456088863	3	0.6760402398590006	0.017099102824673678	3	0.35703816852207254	0.014322098663765962	3	0.7676913972384057	0.06075159857177799	3	0.5623647828802392	0.035016543801257224	3			0	0.6192025113696199	0.020753670105786725	3			0	expression_driven
STOmics0224	Brennecke	500	cellcharter	0.3497659697812409		1	0.7240153412240029		1	0.5368906555026219		1	0.6720383788874335		1	0.5373710248087261		1	0.6047047018480798		1			0	0.5707976786753508		1			0	expression_driven
STOmics0224	Brennecke	500	scvi	0.8670023122261357		1	0.5048031167508802		1	0.6859027144885079		1	0.2943047294310888		1	0.5457311678670953		1	0.42001794864909203		1			0	0.5529603315688		1			0	expression_driven
STOmics0224	Brennecke	5000	cellcharter	0.22573088044822712		1	0.8485122623371656		1	0.5371215713926963		1	0.7104474320940092		1	0.773449041235339		1	0.7419482366646741		1			0	0.6395349040286853		1			0	expression_driven
STOmics0224	Brennecke	5000	scvi	0.7402271757780927		1	0.5248811551890757		1	0.6325541654835842		1	0.4555761523579606		1	0.9051504322298367		1	0.6803632922938987		1			0	0.6564587288887415		1			0	expression_driven
STOmics0224	TFs	2000	cellcharter	0.8212624359379103	0.002987659518300294	3	0.5034295939989374	0.022715798524138978	3	0.6623460149684238	0.009913935372860776	3	0.4930555610765164	0.020269579213722935	3	0.6433720514145095	0.05700337442030653	3	0.568213806245513	0.02401621259704079	3			0	0.6152799106069683	0.011506737491749946	3			0	control
STOmics0224	TFs	2000	scvi	0.9400362025524917	0.003314936342514183	3	0.4157006859807339	0.012544746012842169	3	0.6778684442666126	0.004698468186796776	3	0.12868074137004518	0.007346359250271461	3	0.2841167031435165	0.04548320312744426	3	0.20639872225678083	0.025786074035070407	3			0	0.4421335832616968	0.01296652236158555	3			0	control
STOmics0224	all_features	all	cellcharter	0.44144177408079205	0.04675311404120637	3	0.7304671030768684	0.005440589806473625	3	0.5859544385788301	0.020711794883068558	3	0.6929767727151396	0.021916455293786736	3	0.5652966461777553	0.03704023971555702	3	0.6291367094464474	0.028382466529600456	3			0	0.6075455740126388	0.02268600839729668	3			0	control
STOmics0224	all_features	all	scvi	0.19453050314079676	0.03629696961338429	3	0.28649500634021113	0.053285686889628744	3	0.24051275474050393	0.044632570593014474	3	0.5537006609990254	0.008448723192392598	3	0.6515777023247986	0.03645666626602193	3	0.602639181661912	0.01966057095555606	3			0	0.42157596820120796	0.012492480026591814	3			0	control
STOmics0224	anticor	100	cellcharter	0.4150670694469799		1	0.720537122114087		1	0.5678020957805334		1	0.6779157128320511		1	0.7958946823218689		1	0.73690519757696		1			0	0.6523536466787467		1			0	expression_driven
STOmics0224	anticor	100	scvi	0.8501609213513355		1	0.48092575126225595		1	0.6655433363067957		1	0.31026002020436455		1	0.6193468723776073		1	0.4648034462909859		1			0	0.5651733912988908		1			0	expression_driven
STOmics0224	anticor	1000	cellcharter	0.3116677685786983		1	0.811537009142718		1	0.5616023888607081		1	0.7171268999800859		1	0.7483736050220935		1	0.7327502525010897		1			0	0.6471763206808989		1			0	expression_driven
STOmics0224	anticor	1000	scvi	0.7475625976365128		1	0.5430328505902484		1	0.6452977241133806		1	0.4507938111405383		1	0.7443361690513336		1	0.5975649900959359		1			0	0.6214313571046582		1			0	expression_driven
STOmics0224	anticor	10000	cellcharter	0.3302239454508522		1	0.760320964156718		1	0.5452724548037851		1	0.7311183987382055		1	0.6874649215491632		1	0.7092916601436843		1			0	0.6272820574737347		1			0	expression_driven
STOmics0224	anticor	10000	scvi	0.5214195309045977		1	0.3403899267704833		1	0.4309047288375405		1	0.5405408110339427		1	0.6277130763357603		1	0.5841269436848515		1			0	0.507515836261196		1			0	expression_driven
STOmics0224	anticor	200	cellcharter	0.40607123337767936		1	0.7196731806441241		1	0.5628722070109018		1	0.7011149523125976		1	0.7719496130651538		1	0.7365322826888756		1			0	0.6497022448498887		1			0	expression_driven
STOmics0224	anticor	200	scvi	0.7958381925134397		1	0.4439971899747912		1	0.6199176912441154		1	0.41213412860497406		1	0.7074433905651792		1	0.5597887595850767		1			0	0.5898532254145961		1			0	expression_driven
STOmics0224	anticor	2000	cellcharter	0.3223431450870953	0.028838271689412175	3	0.7928946147656352	0.018261294271030945	3	0.5576188799263652	0.005408166592406463	3	0.7087380220140966	0.006487716044329746	3	0.7016605510274326	0.03417388091836929	3	0.7051992865207647	0.02032296005517749	3			0	0.6314090832235649	0.011107597646341432	3			0	expression_driven
STOmics0224	anticor	2000	scvi	0.7436431360228554	0.008768971751710085	3	0.5343995957210077	0.00866618738483544	3	0.6390213658719315	0.008368620988274776	3	0.482858592555087	0.0019141371778084119	3	0.8169474478527358	0.106417140213611	3	0.6499030202039114	0.05389610065586078	3			0	0.6444621930379215	0.03071519290929521	3			0	expression_driven
STOmics0224	anticor	500	cellcharter	0.35337718288777054		1	0.7916151482432625		1	0.5724961655655165		1	0.6885854403779247		1	0.7158834040837767		1	0.7022344222308508		1			0	0.6373652938981836		1			0	expression_driven
STOmics0224	anticor	500	scvi	0.782861057199422		1	0.5291671738412892		1	0.6560141155203556		1	0.42178984002927855		1	0.8741933512525828		1	0.6479915956409307		1			0	0.6520028555806432		1			0	expression_driven
STOmics0224	anticor	5000	cellcharter	0.3528770051377928		1	0.7978370488369922		1	0.5753570269873926		1	0.7235825833999775		1	0.6892049237876032		1	0.7063937535937903		1			0	0.6408753902905915		1			0	expression_driven
STOmics0224	anticor	5000	scvi	0.7041651843055254		1	0.42490359024196		1	0.5645343872737427		1	0.5144714706440476		1	0.7456504041009444		1	0.630060937372496		1			0	0.5972976623231194		1			0	expression_driven
STOmics0224	dubstepr	100	cellcharter	0.5011122656524756		1	0.614941534844179		1	0.5580269002483274		1	0.6563648925919185		1	0.8099354893361839		1	0.7331501909640512		1			0	0.6455885456061893		1			0	expression_driven
STOmics0224	dubstepr	100	scvi	0.8632856458860709		1	0.40069931502281186		1	0.6319924804544415		1	0.2918626806616358		1	0.5458897419385388		1	0.4188762113000873		1			0	0.5254343458772643		1			0	expression_driven
STOmics0224	dubstepr	1000	cellcharter	0.46930339786979747		1	0.6613824235231958		1	0.5653429106964967		1	0.7089606081911025		1	0.6041762406252144		1	0.6565684244081584		1			0	0.6109556675523276		1			0	expression_driven
STOmics0224	dubstepr	1000	scvi	0.6306650079921534		1	0.30102701269777477		1	0.4658460103449641		1	0.5742391947392809		1	0.6458588184732429		1	0.6100490066062618		1			0	0.5379475084756129		1			0	expression_driven
STOmics0224	dubstepr	10000	cellcharter	0.4206417189343688		1	0.7467588965256191		1	0.5837003077299939		1	0.6993078145035204		1	0.6996167500984135		1	0.699462282300967		1			0	0.6415812950154804		1			0	expression_driven
STOmics0224	dubstepr	10000	scvi	0.6130149523372206		1	0.3297729141973235		1	0.4713939332672721		1	0.5285132371174931		1	0.6938783710696158		1	0.6111958040935545		1			0	0.5412948686804133		1			0	expression_driven
STOmics0224	dubstepr	200	cellcharter	0.5380645017569935		1	0.6036002067397136		1	0.5708323542483535		1	0.6528595400271581		1	0.6802209665260919		1	0.6665402532766249		1			0	0.6186863037624892		1			0	expression_driven
STOmics0224	dubstepr	200	scvi	0.6569020359965787		1	0.32162550329219414		1	0.48926376964438645		1	0.4429873791728787		1	0.5339428394498056		1	0.4884651093113421		1			0	0.4888644394778643		1			0	expression_driven
STOmics0224	dubstepr	2000	cellcharter	0.4140398965613103	0.00749567702477396	3	0.7340779555132261	0.03543549851723886	3	0.5740589260372682	0.021000358133084613	3	0.695433060887082	0.006905033040252026	3	0.6946038633487234	0.005083052732307559	3	0.6950184621179027	0.004205367523253178	3			0	0.6345386940775855	0.0121275055842074	3			0	expression_driven
STOmics0224	dubstepr	2000	scvi	0.6591909816927066	0.07287291855968986	3	0.35986437216548506	0.02618700094902211	3	0.5095276769290958	0.04406411056454759	3	0.533841012483264	0.004838429234150947	3	0.7090335971094763	0.01894725444933122	3	0.6214373047963702	0.010767038996898522	3			0	0.565482490862733	0.027384060212188345	3			0	expression_driven
STOmics0224	dubstepr	500	cellcharter	0.5011101098731974		1	0.6522497471330373		1	0.5766799285031173		1	0.6831251193424159		1	0.7127616749168524		1	0.6979433971296342		1			0	0.6373116628163757		1			0	expression_driven
STOmics0224	dubstepr	500	scvi	0.7822083900352799		1	0.42655813528048014		1	0.60438326265788		1	0.4926370289679823		1	0.6822005386926948		1	0.5874187838303385		1			0	0.5959010232441093		1			0	expression_driven
STOmics0224	dubstepr	5000	cellcharter	0.4206417189343688		1	0.7467588965256191		1	0.5837003077299939		1	0.6993078145035204		1	0.6996167500984135		1	0.699462282300967		1			0	0.6415812950154804		1			0	expression_driven
STOmics0224	dubstepr	5000	scvi	0.6130149523372206		1	0.3297729141973235		1	0.4713939332672721		1	0.5285132371174931		1	0.6938783710696158		1	0.6111958040935545		1			0	0.5412948686804133		1			0	expression_driven
STOmics0224	hotspot	100	cellcharter	0.30215163556666097		1	0.7375036521174851		1	0.519827643842073		1	0.6934070465261989		1	0.8069321796702844		1	0.7501696130982416		1			0	0.6349986284701573		1			0	expression_driven
STOmics0224	hotspot	100	scvi	0.8420783195278408		1	0.5335179003262431		1	0.687798109927042		1	0.2859151987442814		1	0.6910977046614101		1	0.48850645170284573		1			0	0.5881522808149439		1			0	expression_driven
STOmics0224	hotspot	1000	cellcharter	0.2744166795984506		1	0.8575221797021411		1	0.5659694296502958		1	0.7066309263930023		1	0.7586187488502995		1	0.7326248376216509		1			0	0.6492971336359734		1			0	expression_driven
STOmics0224	hotspot	1000	scvi	0.778662384646612		1	0.5850459170823173		1	0.6818541508644647		1	0.37393167951121414		1	0.752241407221554		1	0.5630865433663841		1			0	0.6224703471154244		1			0	expression_driven
STOmics0224	hotspot	10000	cellcharter	0.29475056888835977		1	0.7752157150988481		1	0.534983141993604		1	0.7180970154067715		1	0.6684238244731805		1	0.693260419939976		1			0	0.61412178096679		1			0	expression_driven
STOmics0224	hotspot	10000	scvi	0.5277447428227807		1	0.3413226177932411		1	0.4345336803080109		1	0.463671135198426		1	0.6162099021556924		1	0.5399405186770592		1			0	0.487237099492535		1			0	expression_driven
STOmics0224	hotspot	200	cellcharter	0.29509214387274285		1	0.8376692232458873		1	0.566380683559315		1	0.6777184066369607		1	0.6494100721224725		1	0.6635642393797165		1			0	0.6149724614695158		1			0	expression_driven
STOmics0224	hotspot	200	scvi	0.7895249555619486		1	0.6050340321768741		1	0.6972794938694113		1	0.34185445105918627		1	0.7468154095898267		1	0.5443349303245065		1			0	0.620807212096959		1			0	expression_driven
STOmics0224	hotspot	2000	cellcharter	0.2437096260113897	0.016455905746879933	3	0.8376577253054216	0.03142490293020391	3	0.5406836756584057	0.013185414524380329	3	0.710666416487913	0.007525927483080988	3	0.6935839638028259	0.0364567874441955	3	0.7021251901453694	0.021794491101388567	3			0	0.6214044329018876	0.012032337282602775	3			0	expression_driven
STOmics0224	hotspot	2000	scvi	0.7744704376926487	0.01792516061749032	3	0.5593113761019614	0.033838268794953184	3	0.6668909068973049	0.009415882851241458	3	0.4337750870625597	0.0225576227434947	3	0.8960040463758565	0.03872066759986483	3	0.6648895667192082	0.028781570962834246	3			0	0.6658902368082565	0.01889089905040173	3			0	expression_driven
STOmics0224	hotspot	500	cellcharter	0.2692888202106389		1	0.8444759063817692		1	0.556882363296204		1	0.699854665933628		1	0.8603597320943388		1	0.7801071990139834		1			0	0.6684947811550936		1			0	expression_driven
STOmics0224	hotspot	500	scvi	0.796872527271353		1	0.6217935446758439		1	0.7093330359735985		1	0.35706098407600634		1	0.789371268207365		1	0.5732161261416857		1			0	0.6412745810576421		1			0	expression_driven
STOmics0224	hotspot	5000	cellcharter	0.2232421645627666		1	0.7713421026438785		1	0.49729213360332253		1	0.7250130721171382		1	0.7461663386873831		1	0.7355897054022607		1			0	0.6164409195027916		1			0	expression_driven
STOmics0224	hotspot	5000	scvi	0.6922872853285114		1	0.5005300726140852		1	0.5964086789712983		1	0.48914308887378316		1	0.7384463233020848		1	0.613794706087934		1			0	0.6051016925296162		1			0	expression_driven
STOmics0224	morans_i	100	cellcharter	0.534750566135367		1	0.613718731759808		1	0.5742346489475875		1	0.6756899091405647		1	0.8664324001464291		1	0.7710611546434969		1			0	0.6726479017955422		1			0	spatially_informed
STOmics0224	morans_i	100	scvi	0.8144148815600758		1	0.39170741167385575		1	0.6030611466169657		1	0.35856120248968154		1	0.5518508247604743		1	0.45520601362507795		1			0	0.5291335801210219		1			0	spatially_informed
STOmics0224	morans_i	1000	cellcharter	0.34483986928809723		1	0.7869881561272835		1	0.5659140127076904		1	0.6995233097540338		1	0.6916863528837303		1	0.6956048313188821		1			0	0.6307594220132862		1			0	spatially_informed
STOmics0224	morans_i	1000	scvi	0.7415629814123634		1	0.48970217994221116		1	0.6156325806772873		1	0.5008417129284063		1	0.7469008434224316		1	0.623871278175419		1			0	0.6197519294263532		1			0	spatially_informed
STOmics0224	morans_i	10000	cellcharter	0.42534786941087427		1	0.8135891322953019		1	0.6194685008530881		1	0.7072505486688757		1	0.6851093000293274		1	0.6961799243491016		1			0	0.6578242126010949		1			0	spatially_informed
STOmics0224	morans_i	10000	scvi	0.48638157342675115		1	0.33456238320518267		1	0.41047197831596693		1	0.5093246736758963		1	0.5953681450012795		1	0.5523464093385879		1			0	0.4814091938272774		1			0	spatially_informed
STOmics0224	morans_i	200	cellcharter	0.49476669723102923		1	0.6321483389112379		1	0.5634575180711335		1	0.695806604381688		1	0.7552328022308916		1	0.7255197033062898		1			0	0.6444886106887117		1			0	spatially_informed
STOmics0224	morans_i	200	scvi	0.7474784610035097		1	0.40948312599953673		1	0.5784807935015233		1	0.49420092080364225		1	0.6801823422185092		1	0.5871916315110757		1			0	0.5828362125062995		1			0	spatially_informed
STOmics0224	morans_i	2000	cellcharter	0.36026741171254506	0.014229754789199262	3	0.8021991426629119	0.029349732471827886	3	0.5812332771877284	0.021382644982436146	3	0.7206603449805239	0.00554696184991001	3	0.6873462477452152	0.03603288449256881	3	0.7040032963628696	0.016968430532674012	3			0	0.6426182867752991	0.0177582261159746	3			0	spatially_informed
STOmics0224	morans_i	2000	scvi	0.7315992808828992	0.02875241674717246	3	0.5291121385144301	0.04146014340575608	3	0.6303557096986646	0.033384360951433496	3	0.5127016649587985	0.01164140808095744	3	0.8026462111246752	0.06121937429797031	3	0.6576739380417368	0.024892263745070916	3			0	0.6440148238702007	0.028950738714704993	3			0	spatially_informed
STOmics0224	morans_i	500	cellcharter	0.39371876469159617		1	0.752614853927263		1	0.5731668093094295		1	0.709704322499039		1	0.7374334035471144		1	0.7235688630230768		1			0	0.6483678361662532		1			0	spatially_informed
STOmics0224	morans_i	500	scvi	0.7425686596513547		1	0.4492362944646078		1	0.5959024770579813		1	0.4955529694789065		1	0.676894396433426		1	0.5862236829561662		1			0	0.5910630800070737		1			0	spatially_informed
STOmics0224	morans_i	5000	cellcharter	0.3704471899222856		1	0.7772183230220102		1	0.5738327564721479		1	0.7233421130656623		1	0.638825577746303		1	0.6810838454059827		1			0	0.6274583009390653		1			0	spatially_informed
STOmics0224	morans_i	5000	scvi	0.7057652820387458		1	0.369026915550107		1	0.5373960987944264		1	0.5177857111600054		1	0.6449572211663845		1	0.581371466163195		1			0	0.5593837824788107		1			0	spatially_informed
STOmics0224	nbumi	100	cellcharter	0.4736023079282181		1	0.6068664427230582		1	0.5402343753256382		1	0.6722803447246729		1	0.8747160251447478		1	0.7734981849347103		1			0	0.6568662801301743		1			0	expression_driven
STOmics0224	nbumi	100	scvi	0.8943916880785057		1	0.468599213139793		1	0.6814954506091493		1	0.24570549075031678		1	0.4392533560223034		1	0.3424794233863101		1			0	0.5119874369977298		1			0	expression_driven
STOmics0224	nbumi	1000	cellcharter	0.4590740356165199		1	0.7042805911560913		1	0.5816773133863056		1	0.7040134672669144		1	0.6623463257436333		1	0.6831798965052738		1			0	0.6324286049457897		1			0	expression_driven
STOmics0224	nbumi	1000	scvi	0.6247517427269738		1	0.42014771124701694		1	0.5224497269869953		1	0.5475645764401356		1	0.6982550626607391		1	0.6229098195504373		1			0	0.5726797732687163		1			0	expression_driven
STOmics0224	nbumi	10000	cellcharter	0.4236150920794101		1	0.7853045492429607		1	0.6044598206611854		1	0.7319576565746434		1	0.709945242730307		1	0.7209514496524752		1			0	0.6627056351568303		1			0	expression_driven
STOmics0224	nbumi	10000	scvi	0.203780829858668		1	0.3830572067928875		1	0.29341901832577777		1	0.5519949126381162		1	0.5733665412923821		1	0.5626807269652492		1			0	0.4280498726455135		1			0	expression_driven
STOmics0224	nbumi	200	cellcharter	0.4802398850606261		1	0.6505547952836656		1	0.5653973401721458		1	0.6650238854300133		1	0.7032251942486187		1	0.6841245398393161		1			0	0.624760940005731		1			0	expression_driven
STOmics0224	nbumi	200	scvi	0.8444332808891741		1	0.4414902801115889		1	0.6429617805003816		1	0.3663290128097844		1	0.4964569771200591		1	0.4313929949649218		1			0	0.5371773877326517		1			0	expression_driven
STOmics0224	nbumi	2000	cellcharter	0.42478763219833277	0.02055016562411519	3	0.7912067438691017	0.02718944078360709	3	0.6079971880337173	0.02006498975425981	3	0.7073030038083146	0.0023677931960525284	3	0.7305759176992676	0.02261813688451156	3	0.718939460753791	0.011924430370691533	3			0	0.6634683243937541	0.004074806686993669	3			0	expression_driven
STOmics0224	nbumi	2000	scvi	0.6663866913649984	0.052184258080268914	3	0.45154825397427784	0.012035141306019516	3	0.5589674726696381	0.031509890465733534	3	0.47734279082254844	0.03251220400091174	3	0.7168332251591968	0.03577477927837663	3	0.5970880079908726	0.03001731754827672	3			0	0.5780277403302553	0.026551807498716724	3			0	expression_driven
STOmics0224	nbumi	500	cellcharter	0.4489607079331163		1	0.7159274892764864		1	0.5824440986048014		1	0.7049755779736978		1	0.824963956140639		1	0.7649697670571685		1			0	0.6737069328309849		1			0	expression_driven
STOmics0224	nbumi	500	scvi	0.6597443118304918		1	0.3805562023889403		1	0.5201502571097161		1	0.45865719139283834		1	0.6356930920862027		1	0.5471751417395205		1			0	0.5336626994246183		1			0	expression_driven
STOmics0224	nbumi	5000	cellcharter	0.43267693310950217		1	0.7467919040296154		1	0.5897344185695588		1	0.6918230394659695		1	0.7007173307826333		1	0.6962701851243014		1			0	0.6430023018469301		1			0	expression_driven
STOmics0224	nbumi	5000	scvi	0.35348334966160566		1	0.4838117060832411		1	0.4186475278724234		1	0.5926626657754958		1	0.6884690694529323		1	0.6405658676142141		1			0	0.5296066977433187		1			0	expression_driven
STOmics0224	nnsvg	100	cellcharter	0.5109513423915674		1	0.6179412576595058		1	0.5644463000255366		1	0.6570148933765777		1	0.72707239262829		1	0.6920436430024339		1			0	0.6282449715139853		1			0	spatially_informed
STOmics0224	nnsvg	100	scvi	0.8689451763519467		1	0.43065383882652586		1	0.6497995075892362		1	0.2897534504722669		1	0.45002258898236525		1	0.3698880197273161		1			0	0.5098437636582762		1			0	spatially_informed
STOmics0224	nnsvg	1000	cellcharter	0.3704767327036106		1	0.7341231427339278		1	0.5522999377187692		1	0.7158113790050056		1	0.7252858265657838		1	0.7205486027853947		1			0	0.6364242702520819		1			0	spatially_informed
STOmics0224	nnsvg	1000	scvi	0.7423151634704632		1	0.39488940076842705		1	0.5686022821194452		1	0.5231300510522924		1	0.7735365100575528		1	0.6483332805549226		1			0	0.6084677813371839		1			0	spatially_informed
STOmics0224	nnsvg	10000	cellcharter	0.41035398821747		1	0.7788427328216043		1	0.5945983605195372		1	0.6890192038598095		1	0.6699273448846872		1	0.6794732743722484		1			0	0.6370358174458928		1			0	spatially_informed
STOmics0224	nnsvg	10000	scvi	0.6745982595749402		1	0.4216846644016011		1	0.5481414619882706		1	0.4364854291773999		1	0.6746597756868964		1	0.5555726024321481		1			0	0.5518570322102094		1			0	spatially_informed
STOmics0224	nnsvg	200	cellcharter	0.45675055589811164		1	0.6754009621032561		1	0.5660757590006839		1	0.6786344479467817		1	0.7582150930201964		1	0.7184247704834891		1			0	0.6422502647420865		1			0	spatially_informed
STOmics0224	nnsvg	200	scvi	0.8152399384794798		1	0.47837470788947656		1	0.6468073231844782		1	0.3925302382986078		1	0.5970776026553065		1	0.49480392047695715		1			0	0.5708056218307177		1			0	spatially_informed
STOmics0224	nnsvg	2000	cellcharter	0.37843795637652033	0.025548903079283432	3	0.7548058085383648	0.010260944277394145	3	0.5666218824574426	0.01790072366139406	3	0.7017173948452345	0.009048472465858326	3	0.6919387159689041	0.029058176537338172	3	0.6968280554070693	0.01028485973519461	3			0	0.6317249689322559	0.007487046344051364	3			0	spatially_informed
STOmics0224	nnsvg	2000	scvi	0.7138135199104992	0.008494806944886767	3	0.4530897228751238	0.0689806878882137	3	0.5834516213928116	0.03058424744985283	3	0.5076127607348196	0.016281934108398826	3	0.7151555034765282	0.03421990089020357	3	0.611384132105674	0.023539041934482956	3			0	0.5974178767492427	0.011022508943935463	3			0	spatially_informed
STOmics0224	nnsvg	500	cellcharter	0.40580951062938897		1	0.735535274284544		1	0.5706723924569665		1	0.7070852806277244		1	0.7280250910316501		1	0.7175551858296872		1			0	0.6441137891433268		1			0	spatially_informed
STOmics0224	nnsvg	500	scvi	0.7928902140544648		1	0.4601349546634995		1	0.6265125843589822		1	0.4563112955780711		1	0.6579548652530471		1	0.5571330804155591		1			0	0.5918228323872706		1			0	spatially_informed
STOmics0224	nnsvg	5000	cellcharter	0.3676987654203714		1	0.8448806721077803		1	0.6062897187640759		1	0.7148104547112323		1	0.6997278926656024		1	0.7072691736884174		1			0	0.6567794462262466		1			0	spatially_informed
STOmics0224	nnsvg	5000	scvi	0.7002695092376309		1	0.3860662681894882		1	0.5431678887135596		1	0.4531968706522325		1	0.6319991240157		1	0.5425979973339663		1			0	0.5428829430237629		1			0	spatially_informed
STOmics0224	osca	100	cellcharter	0.4350398944757796		1	0.7303514416958133		1	0.5826956680857964		1	0.6860497612942895		1	0.8804081025745434		1	0.7832289319344165		1			0	0.6829623000101064		1			0	expression_driven
STOmics0224	osca	100	scvi	0.8648659694107841		1	0.5513575664090078		1	0.7081117679098959		1	0.27662900226758025		1	0.6919352669299722		1	0.4842821345987762		1			0	0.5961969512543361		1			0	expression_driven
STOmics0224	osca	1000	cellcharter	0.2843050256390299		1	0.8728445825230293		1	0.5785748040810296		1	0.6872428149594373		1	0.653290609697729		1	0.6702667123285831		1			0	0.6244207582048064		1			0	expression_driven
STOmics0224	osca	1000	scvi	0.7761989839208614		1	0.6189544447658226		1	0.697576714343342		1	0.3596191019109332		1	0.7936660155945316		1	0.5766425587527324		1			0	0.6371096365480372		1			0	expression_driven
STOmics0224	osca	10000	cellcharter	0.38920645908492674		1	0.8453037199430717		1	0.6172550895139992		1	0.6956553423529686		1	0.6751312193426643		1	0.6853932808478165		1			0	0.6513241851809078		1			0	expression_driven
STOmics0224	osca	10000	scvi	0.6716628889279219		1	0.40822121351351626		1	0.5399420512207191		1	0.4761193873654969		1	0.6512354903962072		1	0.5636774388808521		1			0	0.5518097450507856		1			0	expression_driven
STOmics0224	osca	200	cellcharter	0.4081731913373364		1	0.741796728968981		1	0.5749849601531587		1	0.6730667713657322		1	0.7103448234319159		1	0.6917057973988241		1			0	0.6333453787759914		1			0	expression_driven
STOmics0224	osca	200	scvi	0.8249601975524163		1	0.5931810065314036		1	0.70907060204191		1	0.29293232405180886		1	0.7162652299832791		1	0.504598777017544		1			0	0.606834689529727		1			0	expression_driven
STOmics0224	osca	2000	cellcharter	0.3004010725387258	0.016475679930148975	3	0.8366676909682397	0.03399793833103331	3	0.5685343817534827	0.022226531398209442	3	0.7057146299370661	0.005382378790619601	3	0.7508847375553417	0.03319577362886401	3	0.7282996837462039	0.016590669406239093	3			0	0.6484170327498433	0.01461004162857201	3			0	expression_driven
STOmics0224	osca	2000	scvi	0.7872659998218662	0.012376530460000408	3	0.5722115564595707	0.013579659339725098	3	0.6797387781407185	0.0019003469998617102	3	0.3941487849817844	0.00733343216352941	3	0.8107428688611633	0.036134630043103744	3	0.6024458269214739	0.021311005346733188	3			0	0.6410923025310962	0.011009584681429593	3			0	expression_driven
STOmics0224	osca	500	cellcharter	0.31785357389560487		1	0.8097167189356085		1	0.5637851464156067		1	0.70301555672384		1	0.8650629090064792		1	0.7840392328651595		1			0	0.6739121896403831		1			0	expression_driven
STOmics0224	osca	500	scvi	0.7687427318062249		1	0.6273305785793296		1	0.6980366551927772		1	0.32105978990817124		1	0.7304153648080723		1	0.5257375773581218		1			0	0.6118871162754496		1			0	expression_driven
STOmics0224	osca	5000	cellcharter	0.3240701079797324		1	0.8005458277584243		1	0.5623079678690783		1	0.6988123491428982		1	0.7056253503472664		1	0.7022188497450823		1			0	0.6322634088070803		1			0	expression_driven
STOmics0224	osca	5000	scvi	0.7095886517866528		1	0.4828876172734554		1	0.596238134530054		1	0.4609315856280653		1	0.7076345342823562		1	0.5842830599552108		1			0	0.5902605972426325		1			0	expression_driven
STOmics0224	random	500	cellcharter	0.8528239371470846	0.00965105363797407	3	0.4504491235377403	0.009610373321321393	3	0.6516365303424124	0.008509843812461074	3	0.2771257790666496	0.07619704689299268	3	0.4433751198589824	0.12341573013480733	3	0.36025044946281604	0.09382784126404035	3			0	0.5059434899026142	0.0444399251738748	3			0	control
STOmics0224	random	500	scvi	0.9518244063222717	0.00869029200060717	3	0.38226943268248875	0.02091924274276512	3	0.6670469195023804	0.006179853291163269	3	0.05980846493535268	0.02094752848110283	3	0.11835703967403904	0.06415286544505781	3	0.08908275230469587	0.042508763738546194	3			0	0.3780648359035381	0.02017459817641372	3			0	control
STOmics0224	scPNMF	100	cellcharter	0.387092892409391		1	0.7227757579458216		1	0.5549343251776063		1	0.676496140015236		1	0.7269138567359099		1	0.701704998375573		1			0	0.6283196617765896		1			0	expression_driven
STOmics0224	scPNMF	100	scvi	0.8450383261486485		1	0.5043599165812503		1	0.6746991213649494		1	0.2560072789580141		1	0.45319366871105915		1	0.35460047383453663		1			0	0.514649797599743		1			0	expression_driven
STOmics0224	scPNMF	1000	cellcharter	0.23435189789287397		1	0.9231603313811545		1	0.5787561146370143		1	0.6902210905334855		1	0.7680283763349836		1	0.7291247334342346		1			0	0.6539404240356244		1			0	expression_driven
STOmics0224	scPNMF	1000	scvi	0.7609925883739603		1	0.5598603835113026		1	0.6604264859426314		1	0.3397578691068519		1	0.7707981676979371		1	0.5552780184023944		1			0	0.6078522521725129		1			0	expression_driven
STOmics0224	scPNMF	10000	cellcharter	0.3060914882950641		1	0.8087355689229653		1	0.5574135286090147		1	0.7028087187938225		1	0.7051927528789268		1	0.7040007358363747		1			0	0.6307071322226947		1			0	expression_driven
STOmics0224	scPNMF	10000	scvi	0.7023159499151472		1	0.4706889677881421		1	0.5865024588516446		1	0.43762047028212603		1	0.6874862733477454		1	0.5625533718149357		1			0	0.5745279153332902		1			0	expression_driven
STOmics0224	scPNMF	200	cellcharter	0.41262515552295687		1	0.7592922264862335		1	0.5859586910045952		1	0.6333737602723352		1	0.6340973700966472		1	0.6337355651844911		1			0	0.6098471280945432		1			0	expression_driven
STOmics0224	scPNMF	200	scvi	0.8189292119708094		1	0.5792715451593092		1	0.6991003785650594		1	0.2804040150248261		1	0.7134327773500617		1	0.49691839618744393		1			0	0.5980093873762516		1			0	expression_driven
STOmics0224	scPNMF	2000	cellcharter	0.27246657240240535	0.014321144622003833	3	0.8274028297850716	0.010935068900239387	3	0.5499347010937385	0.011924000708791023	3	0.696826281932451	0.005029673830083312	3	0.7088234743124135	0.08354859528684792	3	0.7028248781224322	0.04161310027660788	3			0	0.6263797896080854	0.02296185001292511	3			0	expression_driven
STOmics0224	scPNMF	2000	scvi	0.7819901849883113	0.007654123604248967	3	0.5702185498639858	0.013111444015422778	3	0.6761043674261485	0.0039817414332369285	3	0.3548280593899645	0.011002114112801564	3	0.8253141920422861	0.05490700822169912	3	0.5900711257161253	0.022230323937136646	3			0	0.633087746571137	0.010423054657985256	3			0	expression_driven
STOmics0224	scPNMF	500	cellcharter	0.3330108775038287		1	0.8076082376257298		1	0.5703095575647792		1	0.6855918096299615		1	0.7624898482976907		1	0.724040828963826		1			0	0.6471751932643026		1			0	expression_driven
STOmics0224	scPNMF	500	scvi	0.7829627700130013		1	0.6135769202308492		1	0.6982698451219252		1	0.35556355519518995		1	0.701876945214522		1	0.528720250204856		1			0	0.6134950476633907		1			0	expression_driven
STOmics0224	scPNMF	5000	cellcharter	0.257706431662553		1	0.8044158182023484		1	0.5310611249324507		1	0.7045137317213483		1	0.7263084392993193		1	0.7154110855103338		1			0	0.6232361052213923		1			0	expression_driven
STOmics0224	scPNMF	5000	scvi	0.7313122682220523		1	0.5500168117926931		1	0.6406645400073727		1	0.4406822036349293		1	0.7402209790190629		1	0.5904515913269961		1			0	0.6155580656671844		1			0	expression_driven
STOmics0224	scanpy_cell_ranger	100	cellcharter	0.6219584539570304		1	0.5556108374301806		1	0.5887846456936054		1	0.6172678255555529		1	0.5572373649000961		1	0.5872525952278245		1			0	0.588018620460715		1			0	expression_driven
STOmics0224	scanpy_cell_ranger	100	scvi	0.9392155734074811		1	0.42573798934944423		1	0.6824767813784627		1	0.08268584901001642		1	0.11471949492726227		1	0.09870267196863935		1			0	0.390589726673551		1			0	expression_driven
STOmics0224	scanpy_cell_ranger	1000	cellcharter	0.5488169802409668		1	0.714127095911761		1	0.6314720380763639		1	0.6672674835629399		1	0.7758789210465475		1	0.7215732023047436		1			0	0.6765226201905538		1			0	expression_driven
STOmics0224	scanpy_cell_ranger	1000	scvi	0.9399794336459004		1	0.5172085506681251		1	0.7285939921570128		1	0.1526361160269537		1	0.294542190066289		1	0.22358915304662136		1			0	0.4760915726018171		1			0	expression_driven
STOmics0224	scanpy_cell_ranger	10000	cellcharter	0.4146017170156736		1	0.7878251251788402		1	0.6012134210972568		1	0.6897119284263017		1	0.7671082642023792		1	0.7284100963143405		1			0	0.6648117587057987		1			0	expression_driven
STOmics0224	scanpy_cell_ranger	10000	scvi	0.7340107253688903		1	0.5109225078331503		1	0.6224666166010203		1	0.46203302488790743		1	0.7723266178598672		1	0.6171798213738873		1			0	0.6198232189874537		1			0	expression_driven
STOmics0224	scanpy_cell_ranger	200	cellcharter	0.5905958978788276		1	0.6042049060477176		1	0.5974004019632726		1	0.6516409907109559		1	0.716184855509167		1	0.6839129231100615		1			0	0.640656662536667		1			0	expression_driven
STOmics0224	scanpy_cell_ranger	200	scvi	0.9561336556621408		1	0.46888493252818986		1	0.7125092940951654		1	0.09065989758525551		1	0.17093869593354635		1	0.13079929675940094		1			0	0.42165429542728317		1			0	expression_driven
STOmics0224	scanpy_cell_ranger	2000	cellcharter	0.4793298306932709	0.030879334523165936	3	0.7308152251064571	0.008234400302161372	3	0.605072527899864	0.01705133560219381	3	0.6734479061394604	0.01042628960676576	3	0.8717199223373964	0.04865073649764561	3	0.7725839142384284	0.022311675614705827	3			0	0.6888282210691461	0.016535441451822994	3			0	expression_driven
STOmics0224	scanpy_cell_ranger	2000	scvi	0.9229975214681264	0.004037420331566119	3	0.5540267953380558	0.026057068382443413	3	0.738512158403091	0.011549912358510888	3	0.18527872150993838	0.023603455116478923	3	0.4468890736225199	0.03434196718030199	3	0.3160838975662291	0.027162463543140315	3			0	0.5272980279846601	0.010163464791611258	3			0	expression_driven
STOmics0224	scanpy_cell_ranger	500	cellcharter	0.5525996890991977		1	0.7023823885771933		1	0.6274910388381955		1	0.6737015578001498		1	0.7091240747840799		1	0.6914128162921149		1			0	0.6594519275651551		1			0	expression_driven
STOmics0224	scanpy_cell_ranger	500	scvi	0.9525524866481532		1	0.5168059251168972		1	0.7346792058825251		1	0.13449508818184666		1	0.2938530932092911		1	0.21417409069556886		1			0	0.474426648289047		1			0	expression_driven
STOmics0224	scanpy_cell_ranger	5000	cellcharter	0.44638909799115717		1	0.7675140577187523		1	0.6069515778549547		1	0.676327483822745		1	0.7406103586330319		1	0.7084689212278885		1			0	0.6577102495414215		1			0	expression_driven
STOmics0224	scanpy_cell_ranger	5000	scvi	0.8271989161421098		1	0.5289848310475757		1	0.6780918735948427		1	0.3282963921220156		1	0.6112033649676014		1	0.46974987854480854		1			0	0.5739208760698256		1			0	expression_driven
STOmics0224	scanpy_cell_ranger_batch	100	cellcharter	0.7404020295468032		1	0.5307589480144976		1	0.6355804887806504		1	0.47069251167995274		1	0.4212348583248243		1	0.44596368500238853		1			0	0.5407720868915195		1			0	expression_driven
STOmics0224	scanpy_cell_ranger_batch	100	scvi	0.9430289980363921		1	0.4359919501202977		1	0.6895104740783449		1	0.07391482919984384		1	0.11190543993943863		1	0.09291013456964123		1			0	0.39121030432399306		1			0	expression_driven
STOmics0224	scanpy_cell_ranger_batch	1000	cellcharter	0.591862923531614		1	0.6928959894306435		1	0.6423794564811287		1	0.6159039164193324		1	0.6204334255867487		1	0.6181686710030405		1			0	0.6302740637420846		1			0	expression_driven
STOmics0224	scanpy_cell_ranger_batch	1000	scvi	0.9313114301550602		1	0.5306965231668539		1	0.7310039766609571		1	0.17205986219652292		1	0.4372943022921074		1	0.30467708224431517		1			0	0.5178405294526361		1			0	expression_driven
STOmics0224	scanpy_cell_ranger_batch	10000	cellcharter	0.42253500380487097		1	0.7916766238688316		1	0.6071058138368512		1	0.6838483794289577		1	0.6248862600877919		1	0.6543673197583748		1			0	0.630736566797613		1			0	expression_driven
STOmics0224	scanpy_cell_ranger_batch	10000	scvi	0.7371806059656714		1	0.4461092342287851		1	0.5916449200972282		1	0.44209604699212407		1	0.7698375671933146		1	0.6059668070927193		1			0	0.5988058635949738		1			0	expression_driven
STOmics0224	scanpy_cell_ranger_batch	200	cellcharter	0.6679119740949331		1	0.5795727000344583		1	0.6237423370646957		1	0.5587752569488944		1	0.5282544624649526		1	0.5435148597069235		1			0	0.5836285983858096		1			0	expression_driven
STOmics0224	scanpy_cell_ranger_batch	200	scvi	0.9609203461922615		1	0.44608546190472953		1	0.7035029040484955		1	0.09410645689562482		1	0.1406112818439892		1	0.117358869369807		1			0	0.41043088670915123		1			0	expression_driven
STOmics0224	scanpy_cell_ranger_batch	2000	cellcharter	0.5193908802294145	0.017186733099921723	3	0.730864447894318	0.012332328590949048	3	0.6251276640618663	0.0024535444825361215	3	0.664577267538539	0.0019460022985537191	3	0.711489355577715	0.0429263822113752	3	0.6880333115581271	0.022409818105065003	3			0	0.6565804878099967	0.010303839940754936	3			0	expression_driven
STOmics0224	scanpy_cell_ranger_batch	2000	scvi	0.9143415201749504	0.006290672653016189	3	0.5429808655757923	0.012426620884900192	3	0.7286611928753713	0.006389596691145392	3	0.1960510271945135	0.023970739390700352	3	0.4678090755447137	0.07037555063718019	3	0.33193005136961357	0.04484706656076668	3			0	0.5302956221224925	0.023432795736292485	3			0	expression_driven
STOmics0224	scanpy_cell_ranger_batch	500	cellcharter	0.6111199340846243		1	0.7059733869883809		1	0.6585466605365026		1	0.5887032735929009		1	0.5529804364624457		1	0.5708418550276733		1			0	0.614694257782088		1			0	expression_driven
STOmics0224	scanpy_cell_ranger_batch	500	scvi	0.9516822399196213		1	0.4861823885852722		1	0.7189323142524467		1	0.137030067955982		1	0.2932586179653509		1	0.21514434296066645		1			0	0.4670383286065566		1			0	expression_driven
STOmics0224	scanpy_cell_ranger_batch	5000	cellcharter	0.4659077928817243		1	0.807449147808075		1	0.6366784703448997		1	0.6754808954863757		1	0.7140830697422709		1	0.6947819826143233		1			0	0.6657302264796114		1			0	expression_driven
STOmics0224	scanpy_cell_ranger_batch	5000	scvi	0.8196484687359542		1	0.5612920458540719		1	0.690470257295013		1	0.34624428337093377		1	0.5946789340983678		1	0.4704616087346508		1			0	0.5804659330148318		1			0	expression_driven
STOmics0224	scanpy_pearson	100	cellcharter	0.27949913496937784		1	0.699568483339557		1	0.4895338091544674		1	0.7044869111302278		1	0.5762459360049107		1	0.6403664235675692		1			0	0.5649501163610183		1			0	expression_driven
STOmics0224	scanpy_pearson	100	scvi	0.8826604733004254		1	0.46316609524605434		1	0.6729132842732399		1	0.22949543266638672		1	0.3902383021439196		1	0.3098668674051531		1			0	0.4913900758391965		1			0	expression_driven
STOmics0224	scanpy_pearson	1000	cellcharter	0.2557358426210981		1	0.8513281394694986		1	0.5535319910452984		1	0.7210689153540123		1	0.7644576109226476		1	0.74276326313833		1			0	0.6481476270918142		1			0	expression_driven
STOmics0224	scanpy_pearson	1000	scvi	0.8130143561118365		1	0.5551009565926317		1	0.684057656352234		1	0.30357063909238197		1	0.6818953388255409		1	0.49273298895896145		1			0	0.5883953226555978		1			0	expression_driven
STOmics0224	scanpy_pearson	10000	cellcharter	0.27410395531675047		1	0.8759883065128377		1	0.5750461309147941		1	0.7082461208360932		1	0.6904980711650525		1	0.6993720960005728		1			0	0.6372091134576834		1			0	expression_driven
STOmics0224	scanpy_pearson	10000	scvi	0.7061081563686156		1	0.44162092756085136		1	0.5738645419647335		1	0.46075943033777395		1	0.7491081353456601		1	0.6049337828417171		1			0	0.5893991624032253		1			0	expression_driven
STOmics0224	scanpy_pearson	200	cellcharter	0.29117265890851984		1	0.7535335939445971		1	0.5223531264265584		1	0.7090344885159886		1	0.6082308292119467		1	0.6586326588639677		1			0	0.5904928926452631		1			0	expression_driven
STOmics0224	scanpy_pearson	200	scvi	0.8723115092609224		1	0.47788286711175887		1	0.6750971881863406		1	0.2350284623951052		1	0.3403954553724887		1	0.28771195888379697		1			0	0.48140457353506877		1			0	expression_driven
STOmics0224	scanpy_pearson	2000	cellcharter	0.2277200211453929	0.019900308231994464	3	0.816484143012408	0.04441560827010275	3	0.5221020820789004	0.03190813322861795	3	0.7220829782573462	0.006312021527548826	3	0.7761849198287055	0.056587877643665394	3	0.7491339490430259	0.025139722530866382	3			0	0.6356180155609631	0.009159423257395827	3			0	expression_driven
STOmics0224	scanpy_pearson	2000	scvi	0.787903270295106	0.02194828564278405	3	0.5940367025525713	0.019807061020328507	3	0.6909699864238387	0.01887475041979864	3	0.35462199968523506	0.029016948004128684	3	0.7624392681569122	0.03072699916374705	3	0.5585306339210736	0.02883882116587942	3			0	0.6247503101724562	0.016515983691238204	3			0	expression_driven
STOmics0224	scanpy_pearson	500	cellcharter	0.27764917063257827		1	0.7858617413520412		1	0.5317554559923098		1	0.713757360801532		1	0.5832293525448472		1	0.6484933566731896		1			0	0.5901244063327498		1			0	expression_driven
STOmics0224	scanpy_pearson	500	scvi	0.817780420980116		1	0.48928057766170596		1	0.653530499320911		1	0.3241863587086686		1	0.5684311718199917		1	0.44630876526433017		1			0	0.5499196322926205		1			0	expression_driven
STOmics0224	scanpy_pearson	5000	cellcharter	0.19083224553034017		1	0.7897789544650654		1	0.4903055999977028		1	0.7237924784497506		1	0.737077002994309		1	0.7304347407220297		1			0	0.6103701703598663		1			0	expression_driven
STOmics0224	scanpy_pearson	5000	scvi	0.7684382199478621		1	0.5486054590039429		1	0.6585218394759025		1	0.4119022136710451		1	0.923731632325538		1	0.6678169229982915		1			0	0.663169381237097		1			0	expression_driven
STOmics0224	scanpy_pearson_batch	100	cellcharter	0.3532735445249657		1	0.7309482257759587		1	0.5421108851504622		1	0.6607759015031711		1	0.5877388574023135		1	0.6242573794527423		1			0	0.5831841323016023		1			0	expression_driven
STOmics0224	scanpy_pearson_batch	100	scvi	0.8764516650365877		1	0.44352242957132826		1	0.659987047303958		1	0.21718145174643264		1	0.32609449257157186		1	0.27163797215900226		1			0	0.46581250973148014		1			0	expression_driven
STOmics0224	scanpy_pearson_batch	1000	cellcharter	0.44075743212482305		1	0.727796496265839		1	0.584276964195331		1	0.6468346866012006		1	0.6028271192538881		1	0.6248309029275443		1			0	0.6045539335614376		1			0	expression_driven
STOmics0224	scanpy_pearson_batch	1000	scvi	0.7850423202722318		1	0.45813063838268786		1	0.6215864793274598		1	0.35559140460633615		1	0.586515393143884		1	0.4710533988751101		1			0	0.546319939101285		1			0	expression_driven
STOmics0224	scanpy_pearson_batch	10000	cellcharter	0.24537310704799495		1	0.8206047857732036		1	0.5329889464105992		1	0.7055803335664911		1	0.7091834964376269		1	0.707381915002059		1			0	0.6201854307063291		1			0	expression_driven
STOmics0224	scanpy_pearson_batch	10000	scvi	0.7252600264646698		1	0.5508079525041789		1	0.6380339894844244		1	0.4542944534530058		1	0.7883728007551479		1	0.6213336271040768		1			0	0.6296838082942506		1			0	expression_driven
STOmics0224	scanpy_pearson_batch	200	cellcharter	0.40551097823133636		1	0.6900798666649259		1	0.5477954224481312		1	0.682783586326222		1	0.7351741210244331		1	0.7089788536753276		1			0	0.6283871380617294		1			0	expression_driven
STOmics0224	scanpy_pearson_batch	200	scvi	0.8803636647585451		1	0.4862643048105959		1	0.6833139847845705		1	0.21266239148170274		1	0.3315354962858026		1	0.27209894388375266		1			0	0.4777064643341616		1			0	expression_driven
STOmics0224	scanpy_pearson_batch	2000	cellcharter	0.35098176597669856	0.03304319410226979	3	0.7486999421349436	0.034262639492509954	3	0.5498408540558212	0.006010702694307411	3	0.6857993221942169	0.002286330318600576	3	0.7271152876703993	0.06841824573453849	3	0.7064573049323082	0.034334503919647104	3			0	0.6281490794940646	0.01630770240794884	3			0	expression_driven
STOmics0224	scanpy_pearson_batch	2000	scvi	0.7748348647105742	0.005664319611855994	3	0.5074758961622824	0.021045937094903197	3	0.6411553804364283	0.010714886924397123	3	0.37898534711238424	0.01996938106388716	3	0.657754388692645	0.0196785342942218	3	0.5183698679025146	0.018703864222213127	3			0	0.5797626241694714	0.007489644383372587	3			0	expression_driven
STOmics0224	scanpy_pearson_batch	500	cellcharter	0.4131966261658391		1	0.7740654809968099		1	0.5936310535813245		1	0.6754048302894052		1	0.6129052606352068		1	0.644155045462306		1			0	0.6188930495218152		1			0	expression_driven
STOmics0224	scanpy_pearson_batch	500	scvi	0.8604851971748307		1	0.45572367983283346		1	0.6581044385038322		1	0.27059782059196213		1	0.41083790453784474		1	0.34071786256490344		1			0	0.4994111505343678		1			0	expression_driven
STOmics0224	scanpy_pearson_batch	5000	cellcharter	0.2667889232634587		1	0.8947477025239078		1	0.5807683128936832		1	0.7186873080377835		1	0.7886797875103083		1	0.7536835477740459		1			0	0.6672259303338646		1			0	expression_driven
STOmics0224	scanpy_pearson_batch	5000	scvi	0.7487237769525938		1	0.5520675763710527		1	0.6503956766618233		1	0.40633491199436106		1	0.7632266951870037		1	0.5847808035906824		1			0	0.6175882401262529		1			0	expression_driven
STOmics0224	scanpy_seurat	100	cellcharter	0.8203681456250704		1	0.44935810191991976		1	0.6348631237724951		1	0.19469069240003944		1	0.2152509572511515		1	0.20497082482559548		1			0	0.4199169742990453		1			0	expression_driven
STOmics0224	scanpy_seurat	100	scvi	0.9218507284221071		1	0.39618456955948766		1	0.6590176489907974		1	0.052127813225561544		1	0.04748511882947531		1	0.049806466027518426		1			0	0.35441205750915794		1			0	expression_driven
STOmics0224	scanpy_seurat	1000	cellcharter	0.43144516332752275		1	0.7377446790885558		1	0.5845949212080392		1	0.6435471614880252		1	0.799511783703042		1	0.7215294725955336		1			0	0.6530621969017865		1			0	expression_driven
STOmics0224	scanpy_seurat	1000	scvi	0.8668633901755498		1	0.5578771488944418		1	0.7123702695349958		1	0.23831860888797998		1	0.6566442256351661		1	0.44748141726157303		1			0	0.5799258433982845		1			0	expression_driven
STOmics0224	scanpy_seurat	10000	cellcharter	0.2953028077812266		1	0.8336524204677032		1	0.5644776141244648		1	0.692772499028174		1	0.7448086496170456		1	0.7187905743226097		1			0	0.6416340942235372		1			0	expression_driven
STOmics0224	scanpy_seurat	10000	scvi	0.7347891610333498		1	0.4530489461860778		1	0.5939190536097139		1	0.4736511505871334		1	0.7857275861831309		1	0.6296893683851321		1			0	0.611804210997423		1			0	expression_driven
STOmics0224	scanpy_seurat	200	cellcharter	0.6875113182670325		1	0.5719905152533776		1	0.6297509167602051		1	0.44646005256339727		1	0.5994331716527419		1	0.5229466121080696		1			0	0.5763487644341374		1			0	expression_driven
STOmics0224	scanpy_seurat	200	scvi	0.9357107323238584		1	0.43789129250318715		1	0.6868010124135228		1	0.09781645827705648		1	0.22540160666474401		1	0.16160903247090025		1			0	0.4242050224422115		1			0	expression_driven
STOmics0224	scanpy_seurat	2000	cellcharter	0.3617163826106224	0.027546760458348207	3	0.8109507849324009	0.05050143912257265	3	0.5863335837715117	0.016727724543313605	3	0.6815854973381271	0.0118470562947596	3	0.8025688429843729	0.05755111773022378	3	0.7420771701612501	0.032949342113209025	3			0	0.6642053769663808	0.008125505136568525	3			0	expression_driven
STOmics0224	scanpy_seurat	2000	scvi	0.823980644612103	0.0070651761143116195	3	0.5620217377278544	0.014929197962821833	3	0.6930011911699786	0.009164782445185347	3	0.31138546309719617	0.02109623743564444	3	0.7320434003143329	0.08691862780673287	3	0.5217144317057646	0.05353276392572367	3			0	0.6073578114378716	0.026442052227223338	3			0	expression_driven
STOmics0224	scanpy_seurat	500	cellcharter	0.5197905808290608		1	0.6911174686378319		1	0.6054540247334463		1	0.6485466695716938		1	0.7680111672613472		1	0.7082789184165206		1			0	0.6568664715749835		1			0	expression_driven
STOmics0224	scanpy_seurat	500	scvi	0.922972176120195		1	0.5155422495758157		1	0.7192572128480054		1	0.18685179767959173		1	0.5930304565634261		1	0.3899411271215089		1			0	0.5545991699847571		1			0	expression_driven
STOmics0224	scanpy_seurat	5000	cellcharter	0.28011197006946925		1	0.8126220150577996		1	0.5463669925636344		1	0.692294909795249		1	0.8323475429037146		1	0.7623212263494819		1			0	0.6543441094565581		1			0	expression_driven
STOmics0224	scanpy_seurat	5000	scvi	0.7684202845298147		1	0.533527171786087		1	0.6509737281579508		1	0.39096688544415475		1	0.848485111623977		1	0.6197259985340658		1			0	0.6353498633460084		1			0	expression_driven
STOmics0224	scanpy_seurat_batch	100	cellcharter	0.5138491852289094		1	0.6519156857045412		1	0.5828824354667252		1	0.6388141656219805		1	0.7760707548181229		1	0.7074424602200517		1			0	0.6451624478433885		1			0	expression_driven
STOmics0224	scanpy_seurat_batch	100	scvi	0.933991177134418		1	0.5150819421447439		1	0.724536559639581		1	0.14183380511307095		1	0.3044033925529438		1	0.2231185988330074		1			0	0.47382757923629415		1			0	expression_driven
STOmics0224	scanpy_seurat_batch	1000	cellcharter	0.3405297580917866		1	0.7929568234748314		1	0.566743290783309		1	0.6859240598009162		1	0.8567092997657366		1	0.7713166797833264		1			0	0.6690299852833177		1			0	expression_driven
STOmics0224	scanpy_seurat_batch	1000	scvi	0.8533763269966781		1	0.5851281516316764		1	0.7192522393141773		1	0.278337941315654		1	0.6761101289059007		1	0.4772240351107774		1			0	0.5982381372124773		1			0	expression_driven
STOmics0224	scanpy_seurat_batch	10000	cellcharter	0.304768699517081		1	0.7998130086639972		1	0.5522908540905391		1	0.6993247413399771		1	0.658736517940169		1	0.679030629640073		1			0	0.6156607418653061		1			0	expression_driven
STOmics0224	scanpy_seurat_batch	10000	scvi	0.7502893737697641		1	0.524253943441562		1	0.637271658605663		1	0.43911949648542764		1	0.7885171776268576		1	0.6138183370561426		1			0	0.6255449978309029		1			0	expression_driven
STOmics0224	scanpy_seurat_batch	200	cellcharter	0.4429173579731408		1	0.7310560897543212		1	0.586986723863731		1	0.64719964059179		1	0.68135347172418		1	0.6642765561579851		1			0	0.625631640010858		1			0	expression_driven
STOmics0224	scanpy_seurat_batch	200	scvi	0.9156159722556667		1	0.5400308912218613		1	0.727823431738764		1	0.2024765064018624		1	0.5807160570636143		1	0.39159628173273836		1			0	0.5597098567357511		1			0	expression_driven
STOmics0224	scanpy_seurat_batch	2000	cellcharter	0.3130268621098254	0.01790281602347942	3	0.8119284770666391	0.040178582876633534	3	0.5624776695882322	0.013027167724734156	3	0.6963038656822228	0.004289746122543646	3	0.7184381909314314	0.02791451207948863	3	0.707371028306827	0.01191499506303386	3			0	0.6349243489475297	0.012469989267439113	3			0	expression_driven
STOmics0224	scanpy_seurat_batch	2000	scvi	0.8140575603221128	0.01770623218075237	3	0.5641765358793519	0.012761706546528237	3	0.6891170481007324	0.014247398030034992	3	0.33518612022480826	0.01820012613862638	3	0.66067725322288	0.038144163882677516	3	0.4979316867238441	0.022587741433076416	3			0	0.5935243674122882	0.008225707331971224	3			0	expression_driven
STOmics0224	scanpy_seurat_batch	500	cellcharter	0.38128940461513855		1	0.7915299579589612		1	0.5864096812870498		1	0.6728067057190524		1	0.5416892727539937		1	0.607247989236523		1			0	0.5968288352617864		1			0	expression_driven
STOmics0224	scanpy_seurat_batch	500	scvi	0.8782043976264038		1	0.5964284902610265		1	0.7373164439437152		1	0.23248191745702895		1	0.5681635132829352		1	0.4003227153699821		1			0	0.5688195796568487		1			0	expression_driven
STOmics0224	scanpy_seurat_batch	5000	cellcharter	0.30400417781689254		1	0.8451032767049833		1	0.5745537272609379		1	0.6976496240830397		1	0.7118889169834649		1	0.7047692705332522		1			0	0.639661498897095		1			0	expression_driven
STOmics0224	scanpy_seurat_batch	5000	scvi	0.778480822968354		1	0.5239385813591309		1	0.6512097021637424		1	0.39148791826942153		1	0.7712164081866694		1	0.5813521632280454		1			0	0.6162809326958939		1			0	expression_driven
STOmics0224	scanpy_seurat_v3	100	cellcharter	0.4054004781376314		1	0.6548648337532592		1	0.5301326559454453		1	0.6685030014348562		1	0.6820773458929227		1	0.6752901736638894		1			0	0.6027114148046674		1			0	expression_driven
STOmics0224	scanpy_seurat_v3	100	scvi	0.8898555210130522		1	0.49270287974642046		1	0.6912792003797363		1	0.19928234619659133		1	0.44099055929256836		1	0.32013645274457986		1			0	0.5057078265621581		1			0	expression_driven
STOmics0224	scanpy_seurat_v3	1000	cellcharter	0.37885391600255014		1	0.7703158658682283		1	0.5745848909353892		1	0.6879662560442125		1	0.7195953900510293		1	0.7037808230476209		1			0	0.639182856991505		1			0	expression_driven
STOmics0224	scanpy_seurat_v3	1000	scvi	0.7985461043756088		1	0.554265621125273		1	0.6764058627504409		1	0.3976742086027845		1	0.4797254540023402		1	0.43869983130256235		1			0	0.5575528470265017		1			0	expression_driven
STOmics0224	scanpy_seurat_v3	10000	cellcharter	0.42709397283156225		1	0.7498743553900111		1	0.5884841641107867		1	0.7091415552287209		1	0.6590040213379624		1	0.6840727882833417		1			0	0.6362784761970642		1			0	expression_driven
STOmics0224	scanpy_seurat_v3	10000	scvi	0.2509297730891682		1	0.40046304839305724		1	0.3256964107411127		1	0.49871165726432326		1	0.596140536005793		1	0.5474260966350581		1			0	0.4365612536880854		1			0	expression_driven
STOmics0224	scanpy_seurat_v3	200	cellcharter	0.4114981155196421		1	0.6875423604273506		1	0.5495202379734964		1	0.6520447167409307		1	0.6741321117087299		1	0.6630884142248303		1			0	0.6063043260991634		1			0	expression_driven
STOmics0224	scanpy_seurat_v3	200	scvi	0.8968703448715765		1	0.48836240931346314		1	0.6926163770925198		1	0.20580927925343737		1	0.3498873222713694		1	0.2778483007624034		1			0	0.4852323389274616		1			0	expression_driven
STOmics0224	scanpy_seurat_v3	2000	cellcharter	0.4037936081388392	0.015328909676942979	3	0.7759314060996694	0.02164835929327749	3	0.5898625071192543	0.004152449301730492	3	0.7016393850780523	0.013341144890011456	3	0.6947914292104055	0.06967406186166605	3	0.6982154071442289	0.04149789785941949	3			0	0.6440389571317416	0.02204445376666564	3			0	expression_driven
STOmics0224	scanpy_seurat_v3	2000	scvi	0.7002300848179773	0.11605401655557247	3	0.45261075241470383	0.03352938455444821	3	0.5764204186163405	0.06741569991638885	3	0.4977039391208444	0.0443026351220896	3	0.6462806725621303	0.030838385525536152	3	0.5719923058414874	0.029645218824958203	3			0	0.5742063622289139	0.01901731810511443	3			0	expression_driven
STOmics0224	scanpy_seurat_v3	500	cellcharter	0.46603837205987264		1	0.7041279789914539		1	0.5850831755256632		1	0.6702854293736222		1	0.7451592908857197		1	0.7077223601296709		1			0	0.6464027678276671		1			0	expression_driven
STOmics0224	scanpy_seurat_v3	500	scvi	0.8921675631080657		1	0.49634729770094954		1	0.6942574304045076		1	0.25089785720752406		1	0.38355490236679557		1	0.31722637978715984		1			0	0.5057419050958337		1			0	expression_driven
STOmics0224	scanpy_seurat_v3	5000	cellcharter	0.4144646149721595		1	0.8264571178719545		1	0.620460866422057		1	0.7157923278712216		1	0.6849398033811653		1	0.7003660656261934		1			0	0.6604134660241252		1			0	expression_driven
STOmics0224	scanpy_seurat_v3	5000	scvi	0.6568220738361619		1	0.4447256787688155		1	0.5507738763024888		1	0.5162219732447819		1	0.7026004366694099		1	0.6094112049570959		1			0	0.5800925406297923		1			0	expression_driven
STOmics0224	scanpy_seurat_v3_batch	100	cellcharter	0.5259835904135868		1	0.6418323668693156		1	0.5839079786414512		1	0.604824091886877		1	0.5940644920282162		1	0.5994442919575467		1			0	0.5916761352994989		1			0	expression_driven
STOmics0224	scanpy_seurat_v3_batch	100	scvi	0.883446190788909		1	0.43958452892341726		1	0.6615153598561632		1	0.15259837153183484		1	0.2331968802431133		1	0.19289762588747406		1			0	0.4272064928718186		1			0	expression_driven
STOmics0224	scanpy_seurat_v3_batch	1000	cellcharter	0.47444223459318097		1	0.7110508356955618		1	0.5927465351443714		1	0.6484721660603647		1	0.7961624609772435		1	0.7223173135188041		1			0	0.6575319243315878		1			0	expression_driven
STOmics0224	scanpy_seurat_v3_batch	1000	scvi	0.8729464742360702		1	0.524008077440224		1	0.6984772758381471		1	0.2514000859367891		1	0.45317504142371096		1	0.35228756368025005		1			0	0.5253824197591985		1			0	expression_driven
STOmics0224	scanpy_seurat_v3_batch	10000	cellcharter	0.4180511154922368		1	0.760029167176806		1	0.5890401413345214		1	0.7278921938186397		1	0.7000839424312273		1	0.7139880681249335		1			0	0.6515141047297275		1			0	expression_driven
STOmics0224	scanpy_seurat_v3_batch	10000	scvi	0.34728551224774995		1	0.5133244909515069		1	0.4303050015996284		1	0.6110681394887579		1	0.7528398437178934		1	0.6819539916033257		1			0	0.556129496601477		1			0	expression_driven
STOmics0224	scanpy_seurat_v3_batch	200	cellcharter	0.4791961328388618		1	0.6732230728194706		1	0.5762096028291662		1	0.6634244294912506		1	0.8419072045634246		1	0.7526658170273376		1			0	0.6644377099282519		1			0	expression_driven
STOmics0224	scanpy_seurat_v3_batch	200	scvi	0.9048026298218212		1	0.4599131861317829		1	0.6823579079768021		1	0.20661394583347362		1	0.41962877899160533		1	0.31312136241253946		1			0	0.4977396351946708		1			0	expression_driven
STOmics0224	scanpy_seurat_v3_batch	2000	cellcharter	0.4603176474804809	0.011350781435339399	3	0.7167457327963961	0.012894599899897287	3	0.5885316901384385	0.010259863847940738	3	0.6833571679633685	0.0099606595726194	3	0.8334555108764673	0.031074825301714907	3	0.758406339419918	0.0204941853701616	3			0	0.6734690147791783	0.013658515265557582	3			0	expression_driven
STOmics0224	scanpy_seurat_v3_batch	2000	scvi	0.8355480786871033	0.010893981786725623	3	0.5438089059540383	0.007050619198765364	3	0.6896784923205709	0.008627035831667844	3	0.3305942493259404	0.014158662191951468	3	0.6221791496199441	0.06715088353309423	3	0.47638669947294227	0.03619667256291269	3			0	0.5830325958967566	0.017367001997068567	3			0	expression_driven
STOmics0224	scanpy_seurat_v3_batch	500	cellcharter	0.46446446098912914		1	0.7875302220804525		1	0.6259973415347908		1	0.6663551053693914		1	0.7914908435647487		1	0.72892297446707		1			0	0.6774601580009304		1			0	expression_driven
STOmics0224	scanpy_seurat_v3_batch	500	scvi	0.8855532588150856		1	0.5286669221679863		1	0.707110090491536		1	0.22517426024360698		1	0.5155161099013408		1	0.3703451850724739		1			0	0.5387276377820049		1			0	expression_driven
STOmics0224	scanpy_seurat_v3_batch	5000	cellcharter	0.3814148920855134		1	0.8007449284957248		1	0.591079910290619		1	0.6957048705979854		1	0.6974262320336739		1	0.6965655513158296		1			0	0.6438227308032243		1			0	expression_driven
STOmics0224	scanpy_seurat_v3_batch	5000	scvi	0.7857740371093991		1	0.5322075145601082		1	0.6589907758347536		1	0.4662267342660205		1	0.7875527148744216		1	0.6268897245702211		1			0	0.6429402502024874		1			0	expression_driven
STOmics0224	scry	100	cellcharter	0.3184055704697701		1	0.7377780563607541		1	0.5280918134152621		1	0.6723712503743337		1	0.9560969697931121		1	0.8142341100837229		1			0	0.6711629617494925		1			0	expression_driven
STOmics0224	scry	100	scvi	0.8278913761698865		1	0.515721635016403		1	0.6718065055931448		1	0.3066008528155282		1	0.6444168941985295		1	0.47550887350702886		1			0	0.5736576895500869		1			0	expression_driven
STOmics0224	scry	1000	cellcharter	0.3467943770920172		1	0.7647861779536942		1	0.5557902775228557		1	0.7137184338549036		1	0.7370323209960896		1	0.7253753774254966		1			0	0.6405828274741762		1			0	expression_driven
STOmics0224	scry	1000	scvi	0.7372510079607271		1	0.4936340367594134		1	0.6154425223600702		1	0.4600764607432668		1	0.7388526790790068		1	0.5994645699111367		1			0	0.6074535461356034		1			0	expression_driven
STOmics0224	scry	10000	cellcharter	0.4495874871326344		1	0.7619029262206374		1	0.6057452066766359		1	0.7176792577956833		1	0.6501288618798797		1	0.6839040598377815		1			0	0.6448246332572087		1			0	expression_driven
STOmics0224	scry	10000	scvi	0.5020889473957657		1	0.32929970965324534		1	0.4156943285245055		1	0.5291692515978038		1	0.6259587635427992		1	0.5775640075703015		1			0	0.4966291680474035		1			0	expression_driven
STOmics0224	scry	200	cellcharter	0.350874772681437		1	0.7557427275235803		1	0.5533087501025087		1	0.6847393951245003		1	0.8474084317977141		1	0.7660739134611072		1			0	0.6596913317818079		1			0	expression_driven
STOmics0224	scry	200	scvi	0.7794348196626308		1	0.4659615518844532		1	0.6226981857735421		1	0.3844881640738149		1	0.762575498606788		1	0.5735318313403015		1			0	0.5981150085569218		1			0	expression_driven
STOmics0224	scry	2000	cellcharter	0.3668573977705451	0.0022096688281284375	3	0.7847455517341005	0.038778779154531796	3	0.5758014747523228	0.02017371258888644	3	0.7035261281675734	0.007744197733531896	3	0.6623086987474797	0.04299712058691518	3	0.6829174134575267	0.017643496028899777	3			0	0.6293594441049247	0.01846115779134112	3			0	expression_driven
STOmics0224	scry	2000	scvi	0.7189874618718827	0.023536596314591807	3	0.4077913760646539	0.022913415090986492	3	0.5633894189682682	0.00817020988381533	3	0.48971621853871167	0.012560645416485858	3	0.7552688962414223	0.038879463078607526	3	0.6224925573900669	0.014517092052839567	3			0	0.5929409881791676	0.007666085744258185	3			0	expression_driven
STOmics0224	scry	500	cellcharter	0.3351245073747114		1	0.7682429609014251		1	0.5516837341380683		1	0.6985737259790975		1	0.7013413088997132		1	0.6999575174394054		1			0	0.6258206257887369		1			0	expression_driven
STOmics0224	scry	500	scvi	0.7623550347037369		1	0.5134344644033574		1	0.6378947495535472		1	0.4344254104520626		1	0.7298971689021017		1	0.5821612896770821		1			0	0.6100280196153147		1			0	expression_driven
STOmics0224	scry	5000	cellcharter	0.38363050764673856		1	0.7495008249573413		1	0.56656566630204		1	0.6920784141265816		1	0.6627234057229454		1	0.6774009099247635		1			0	0.6219832881134018		1			0	expression_driven
STOmics0224	scry	5000	scvi	0.7022063766442184		1	0.3823896678283687		1	0.5422980222362935		1	0.48955269900445053		1	0.6549765885781698		1	0.5722646437913101		1			0	0.5572813330138018		1			0	expression_driven
STOmics0224	scsegindex	100	cellcharter	0.8525277354074605		1	0.40298030046976874		1	0.6277540179386146		1	0.07598281782021658		1	0.06888177498479439		1	0.07243229640250548		1			0	0.35009315717056005		1			0	control
STOmics0224	scsegindex	100	scvi	0.9574462229688133		1	0.3529317687287117		1	0.6551889958487624		1	0.033749871468784214		1	0.0		1	0.016874935734392107		1			0	0.3360319657915773		1			0	control
STOmics0224	scsegindex	1000	cellcharter	0.5775325208024287		1	0.5671591943625539		1	0.5723458575824913		1	0.6328409756954386		1	0.5189078887851084		1	0.5758744322402736		1			0	0.5741101449113825		1			0	control
STOmics0224	scsegindex	1000	scvi	0.5972746962105293		1	0.2534351875476711		1	0.42535494187910017		1	0.4342256093850601		1	0.47522017290309615		1	0.45472289114407816		1			0	0.44003891651158916		1			0	control
STOmics0224	scsegindex	10000	cellcharter	0.34982937164956074		1	0.7775742181470517		1	0.5637017948983063		1	0.7111780882571276		1	0.7061450093793858		1	0.7086615488182567		1			0	0.6361816718582816		1			0	control
STOmics0224	scsegindex	10000	scvi	0.7269493596163719		1	0.3909268616284385		1	0.5589381106224052		1	0.48100617225595027		1	0.6760178754557236		1	0.5785120238558369		1			0	0.5687250672391211		1			0	control
STOmics0224	scsegindex	200	cellcharter	0.8789828818455998		1	0.4596422252776053		1	0.6693125535616026		1	0.425189139568235		1	0.554355798790996		1	0.4897724691796155		1			0	0.579542511370609		1			0	control
STOmics0224	scsegindex	200	scvi	0.9647110735742896		1	0.35267964111607886		1	0.6586953573451843		1	0.03859536030853818		1	0.05546118472103821		1	0.047028272514788194		1			0	0.35286181492998625		1			0	control
STOmics0224	scsegindex	500	cellcharter	0.8318175232016283	0.012605142718409606	3	0.45192059578549165	0.0010416254095312785	3	0.64186905949356	0.006595643663363944	3	0.32711758353548653	0.008418362979234132	3	0.43429287007252876	0.03833417808755768	3	0.38070522680400765	0.014958069243958956	3			0	0.5112871431487838	0.006295276331278472	3			0	control
STOmics0224	scsegindex	500	scvi	0.9411549963135228	0.004442958626571795	3	0.3669649364762709	0.004692759514470768	3	0.6540599663948968	0.00022068690624736239	3	0.07369307726348724	0.0023737397188531278	3	0.13027470007210565	0.018640837951636086	3	0.10198388866779644	0.010211544435106537	3			0	0.3780219275313466	0.005029110417136478	3			0	control
STOmics0224	scsegindex	5000	cellcharter	0.34982937164956074		1	0.7775742181470517		1	0.5637017948983063		1	0.7111780882571276		1	0.7061450093793858		1	0.7086615488182567		1			0	0.6361816718582816		1			0	control
STOmics0224	scsegindex	5000	scvi	0.7269493596163719		1	0.3909268616284385		1	0.5589381106224052		1	0.48100617225595027		1	0.6760178754557236		1	0.5785120238558369		1			0	0.5687250672391211		1			0	control
STOmics0224	seurat_disp	100	cellcharter	0.6397245661524957		1	0.5621034213820117		1	0.6009139937672537		1	0.5843946975738602		1	0.5910906459702245		1	0.5877426717720424		1			0	0.594328332769648		1			0	expression_driven
STOmics0224	seurat_disp	100	scvi	0.8679803859192667		1	0.4167554282639882		1	0.6423679070916275		1	0.24693248948854699		1	0.4359831557303183		1	0.34145782260943264		1			0	0.4919128648505301		1			0	expression_driven
STOmics0224	seurat_disp	1000	cellcharter	0.31814651790897475		1	0.7854468762759182		1	0.5517966970924465		1	0.6787180736020769		1	0.768353019089522		1	0.7235355463457995		1			0	0.6376661217191231		1			0	expression_driven
STOmics0224	seurat_disp	1000	scvi	0.7160831252075313		1	0.45680124264152255		1	0.5864421839245268		1	0.4288459532821262		1	0.6834131280598577		1	0.556129540670992		1			0	0.5712858622977595		1			0	expression_driven
STOmics0224	seurat_disp	10000	cellcharter	0.30042428682095856		1	0.7789396920123778		1	0.5396819894166682		1	0.7093589591604853		1	0.6842682414116463		1	0.6968136002860659		1			0	0.618247794851367		1			0	expression_driven
STOmics0224	seurat_disp	10000	scvi	0.5725582040718524		1	0.3835239954484106		1	0.47804109976013154		1	0.5232937316373133		1	0.6552104362342365		1	0.5892520839357749		1			0	0.5336465918479532		1			0	expression_driven
STOmics0224	seurat_disp	200	cellcharter	0.47505439161573254		1	0.6048923686546899		1	0.5399733801352112		1	0.6489881687415825		1	0.5682417945372245		1	0.6086149816394035		1			0	0.5742941808873074		1			0	expression_driven
STOmics0224	seurat_disp	200	scvi	0.8558788483030884		1	0.42661506707355157		1	0.64124695768832		1	0.3018187712625188		1	0.5118619259042727		1	0.4068403485833958		1			0	0.5240436531358579		1			0	expression_driven
STOmics0224	seurat_disp	2000	cellcharter	0.28369866211245687	0.04705368011314724	3	0.8031726490505028	0.011130396972341755	3	0.5434356555814799	0.018352746942797038	3	0.7002311633894956	0.010672885487225286	3	0.7737059937398	0.07540554921702627	3	0.7369685785646478	0.037613180148074285	3			0	0.6402021170730638	0.010138669384193211	3			0	expression_driven
STOmics0224	seurat_disp	2000	scvi	0.7741256609783504	0.01928830159694048	3	0.5607171707824795	0.02351667863102821	3	0.6674214158804149	0.019930388949787946	3	0.38189862851613743	0.043948502129376864	3	0.858987086520831	0.046275755606845125	3	0.6204428575184843	0.02569581561697367	3			0	0.6439321366994496	0.014810543927938322	3			0	expression_driven
STOmics0224	seurat_disp	500	cellcharter	0.4224849376273135		1	0.6924375063448679		1	0.5574612219860907		1	0.6707341233415077		1	0.7673689077326292		1	0.7190515155370685		1			0	0.6382563687615797		1			0	expression_driven
STOmics0224	seurat_disp	500	scvi	0.796229747640324		1	0.4304539082939635		1	0.6133418279671438		1	0.38300735213641185		1	0.625122891097641		1	0.5040651216170264		1			0	0.5587034747920852		1			0	expression_driven
STOmics0224	seurat_disp	5000	cellcharter	0.23586408763414632		1	0.854572032611961		1	0.5452180601230536		1	0.7160611504067118		1	0.7329987768206594		1	0.7245299636136856		1			0	0.6348740118683696		1			0	expression_driven
STOmics0224	seurat_disp	5000	scvi	0.7374015799053804		1	0.5091357434790903		1	0.6232686616922354		1	0.44260072753284785		1	0.8696085331317398		1	0.6561046303322938		1			0	0.6396866460122645		1			0	expression_driven
STOmics0224	seurat_mvp	100	cellcharter	0.597309167036761		1	0.5707070180261223		1	0.5840080925314417		1	0.5963989835394786		1	0.6705969051282512		1	0.6334979443338649		1			0	0.6087530184326533		1			0	expression_driven
STOmics0224	seurat_mvp	100	scvi	0.9155735117038656		1	0.4491957263590613		1	0.6823846190314634		1	0.17154078122989147		1	0.32835604852001254		1	0.249948414874952		1			0	0.4661665169532077		1			0	expression_driven
STOmics0224	seurat_mvp	1000	cellcharter	0.3533316822637347		1	0.7510894673619373		1	0.552210574812836		1	0.6658353926907926		1	0.5945775265699533		1	0.6302064596303729		1			0	0.5912085172216044		1			0	expression_driven
STOmics0224	seurat_mvp	1000	scvi	0.8181569048165072		1	0.5605263231920502		1	0.6893416140042787		1	0.3392947140181782		1	0.7714898662052043		1	0.5553922901116912		1			0	0.622366952057985		1			0	expression_driven
STOmics0224	seurat_mvp	10000	cellcharter	0.36447695980354283		1	0.8084952937696506		1	0.5864861267865967		1	0.680313599179776		1	0.81361691911525		1	0.746965259147513		1			0	0.6667256929670549		1			0	expression_driven
STOmics0224	seurat_mvp	10000	scvi	0.8141725421496081		1	0.5902894099892232		1	0.7022309760694156		1	0.31944733272809683		1	0.6640566352664239		1	0.4917519839972604		1			0	0.596991480033338		1			0	expression_driven
STOmics0224	seurat_mvp	200	cellcharter	0.5361711557736846		1	0.6838926831552732		1	0.6100319194644789		1	0.6534633469569561		1	0.8032082845170909		1	0.7283358157370234		1			0	0.6691838676007511		1			0	expression_driven
STOmics0224	seurat_mvp	200	scvi	0.906385716146031		1	0.49167668702109046		1	0.6990312015835607		1	0.197699747072531		1	0.45703861021929404		1	0.32736917864591253		1			0	0.5132001901147366		1			0	expression_driven
STOmics0224	seurat_mvp	2000	cellcharter	0.3693906488678003	0.011212147987062287	3	0.815883451237274	0.028806844812320945	3	0.5926370500525372	0.010335487186717713	3	0.6827444573665696	0.008245308280187878	3	0.7569279126316418	0.04911169580886022	3	0.7198361849991058	0.023948834523219848	3			0	0.6562366175258215	0.011317139184620092	3			0	expression_driven
STOmics0224	seurat_mvp	2000	scvi	0.8293090802214985	0.023023844410658127	3	0.576381022994941	0.02850012566464709	3	0.7028450516082198	0.0034917027905106476	3	0.3183026298148057	0.0017449129476040486	3	0.6760545428882335	0.05965345471087839	3	0.4971785863515196	0.029035659027763675	3			0	0.6000118189798697	0.012869539733892993	3			0	expression_driven
STOmics0224	seurat_mvp	500	cellcharter	0.41476571530728457		1	0.7321199805030985		1	0.5734428479051915		1	0.6762275977020654		1	0.8344246191249838		1	0.7553261084135245		1			0	0.664384478159358		1			0	expression_driven
STOmics0224	seurat_mvp	500	scvi	0.8673572484839609		1	0.5454064014889687		1	0.7063818249864648		1	0.2632835795250143		1	0.6009379524980194		1	0.4321107660115169		1			0	0.5692462954989909		1			0	expression_driven
STOmics0224	seurat_mvp	5000	cellcharter	0.36447695980354283		1	0.8084952937696506		1	0.5864861267865967		1	0.680313599179776		1	0.81361691911525		1	0.746965259147513		1			0	0.6667256929670549		1			0	expression_driven
STOmics0224	seurat_mvp	5000	scvi	0.8141725421496081		1	0.5902894099892232		1	0.7022309760694156		1	0.31944733272809683		1	0.6640566352664239		1	0.4917519839972604		1			0	0.596991480033338		1			0	expression_driven
STOmics0224	seurat_sct	100	cellcharter	0.325550117434769		1	0.7678559301268862		1	0.5467030237808277		1	0.7067721353910007		1	0.8322523319935318		1	0.7695122336922662		1			0	0.6581076287365469		1			0	expression_driven
STOmics0224	seurat_sct	100	scvi	0.8890294925232769		1	0.5262071744762796		1	0.7076183334997783		1	0.21223436170118073		1	0.45150074675374735		1	0.33186755422746406		1			0	0.5197429438636212		1			0	expression_driven
STOmics0224	seurat_sct	1000	cellcharter	0.2592180435388183		1	0.8487199198965814		1	0.5539689817176998		1	0.7164059049144825		1	0.7540739267237841		1	0.7352399158191334		1			0	0.6446044487684166		1			0	expression_driven
STOmics0224	seurat_sct	1000	scvi	0.8026418475836563		1	0.5855584646384318		1	0.694100156111044		1	0.38313298637455473		1	0.7792957161288387		1	0.5812143512516967		1			0	0.6376572536813704		1			0	expression_driven
STOmics0224	seurat_sct	10000	cellcharter	0.4194762092909664		1	0.7438883099982392		1	0.5816822596446027		1	0.7022065547735047		1	0.5630234440007693		1	0.6326149993871371		1			0	0.6071486295158699		1			0	expression_driven
STOmics0224	seurat_sct	10000	scvi	0.520783516698101		1	0.34777839346930417		1	0.43428095508370257		1	0.5159109018627581		1	0.6186354111649293		1	0.5672731565138437		1			0	0.5007770557987732		1			0	expression_driven
STOmics0224	seurat_sct	200	cellcharter	0.30899845790393		1	0.8345833309273001		1	0.571790894415615		1	0.7082897958058522		1	0.8165677593300025		1	0.7624287775679273		1			0	0.6671098359917711		1			0	expression_driven
STOmics0224	seurat_sct	200	scvi	0.8481432718595081		1	0.5953994452230364		1	0.7217713585412723		1	0.2734097143804423		1	0.6623541713748824		1	0.4678819428776624		1			0	0.5948266507094673		1			0	expression_driven
STOmics0224	seurat_sct	2000	cellcharter	0.27684617363411496	0.029566666488742534	3	0.8410579873628419	0.019486578327866006	3	0.5589520804984783	0.023435393893302136	3	0.714710054635523	0.01594552519527418	3	0.7455180780354529	0.02263267259593579	3	0.730114066335488	0.015276170930968757	3			0	0.6445330734169832	0.014387554977127877	3			0	expression_driven
STOmics0224	seurat_sct	2000	scvi	0.7841249022784789	0.014822640611235123	3	0.5669037276594955	0.026385401339002294	3	0.6755143149689872	0.006780340264757843	3	0.42388629775729175	0.013800432523294636	3	0.8272282836177114	0.03736236229067022	3	0.6255572906875017	0.012843612319874147	3			0	0.6505358028282444	0.009187393895643088	3			0	expression_driven
STOmics0224	seurat_sct	500	cellcharter	0.25590185418455264		1	0.7832466353606721		1	0.5195742447726124		1	0.7083596441242995		1	0.7141535408226443		1	0.711256592473472		1			0	0.6154154186230422		1			0	expression_driven
STOmics0224	seurat_sct	500	scvi	0.7883941252008992		1	0.5883897536724865		1	0.6883919394366929		1	0.33266461965107513		1	0.7252844634518056		1	0.5289745415514404		1			0	0.6086832404940666		1			0	expression_driven
STOmics0224	seurat_sct	5000	cellcharter	0.37907108195757555		1	0.806888822965529		1	0.5929799524615522		1	0.710729004543393		1	0.6511107740399109		1	0.6809198892916519		1			0	0.6369499208766021		1			0	expression_driven
STOmics0224	seurat_sct	5000	scvi	0.706078849606381		1	0.516103214888153		1	0.611091032247267		1	0.5013802224318072		1	0.7589705612186883		1	0.6301753918252477		1			0	0.6206332120362574		1			0	expression_driven
STOmics0224	seurat_vst	100	cellcharter	0.40898331892875306		1	0.644258551948363		1	0.526620935438558		1	0.6677953825236647		1	0.6778357002482203		1	0.6728155413859425		1			0	0.5997182384122502		1			0	expression_driven
STOmics0224	seurat_vst	100	scvi	0.8895381519957573		1	0.4711400115105313		1	0.6803390817531443		1	0.17437808599790472		1	0.3971890314619585		1	0.2857835587299316		1			0	0.4830613202415379		1			0	expression_driven
STOmics0224	seurat_vst	1000	cellcharter	0.38218613639213456		1	0.7538892364595847		1	0.5680376864258596		1	0.7057403652666233		1	0.8145603617800456		1	0.7601503635233344		1			0	0.664094024974597		1			0	expression_driven
STOmics0224	seurat_vst	1000	scvi	0.8013792212335749		1	0.5545561793947381		1	0.6779677003141564		1	0.38420488013619103		1	0.5101946294037915		1	0.44719975476999124		1			0	0.5625837275420739		1			0	expression_driven
STOmics0224	seurat_vst	10000	cellcharter	0.4293067278835168		1	0.7676068625862043		1	0.5984567952348605		1	0.7194813517322484		1	0.6661218626184804		1	0.6928016071753644		1			0	0.6456292012051125		1			0	expression_driven
STOmics0224	seurat_vst	10000	scvi	0.25291428929258364		1	0.410677760402798		1	0.33179602484769083		1	0.5111881985853867		1	0.6095653664227159		1	0.5603767825040513		1			0	0.44608640367587105		1			0	expression_driven
STOmics0224	seurat_vst	200	cellcharter	0.40901474182956676		1	0.691207038549361		1	0.5501108901894639		1	0.6686299684514769		1	0.7147584395287211		1	0.6916942039900991		1			0	0.6209025470897815		1			0	expression_driven
STOmics0224	seurat_vst	200	scvi	0.8966941348427824		1	0.48875399107937917		1	0.6927240629610808		1	0.19929015510741918		1	0.4081176185469112		1	0.3037038868271652		1			0	0.498213974894123		1			0	expression_driven
STOmics0224	seurat_vst	2000	cellcharter	0.4046716263966048	0.0182823252747135	3	0.7980309338849203	0.06186494311274066	3	0.6013512801407626	0.026283654024549862	3	0.6879776724685649	0.004030082977365992	3	0.6518497389473027	0.006582570345657118	3	0.6699137057079337	0.0024919044869525183	3			0	0.6356324929243482	0.014166613108679676	3			0	expression_driven
STOmics0224	seurat_vst	2000	scvi	0.7086061999810042	0.11708184024215412	3	0.46300288547366214	0.030350345764105228	3	0.5858045427273332	0.06863261479086254	3	0.4882227603415596	0.02785184996141262	3	0.6324108853946757	0.08647065252247395	3	0.5603168228681176	0.05139690440531193	3			0	0.5730606827977254	0.024779848431388776	3			0	expression_driven
STOmics0224	seurat_vst	500	cellcharter	0.47101260203615736		1	0.6920000359714492		1	0.5815063190038032		1	0.6659893425143112		1	0.822861033629716		1	0.7444251880720136		1			0	0.6629657535379084		1			0	expression_driven
STOmics0224	seurat_vst	500	scvi	0.8968454947275268		1	0.5260375375786122		1	0.7114415161530695		1	0.29142070750366433		1	0.4927025543497495		1	0.3920616309267069		1			0	0.5517515735398882		1			0	expression_driven
STOmics0224	seurat_vst	5000	cellcharter	0.4145223638751432		1	0.8177798286307534		1	0.6161510962529483		1	0.7033860465544081		1	0.6218845924468066		1	0.6626353195006074		1			0	0.6393932078767779		1			0	expression_driven
STOmics0224	seurat_vst	5000	scvi	0.5127600750747376		1	0.47179652607208866		1	0.49227830057341315		1	0.5131476237301315		1	0.7272429004919212		1	0.6201952621110263		1			0	0.5562367813422198		1			0	expression_driven
STOmics0224	singleCellHaystack	100	cellcharter	0.7168693837784077		1	0.5022095511391235		1	0.6095394674587655		1	0.5071828615245849		1	0.4264571282529659		1	0.4668199948887754		1			0	0.5381797311737705		1			0	expression_driven
STOmics0224	singleCellHaystack	100	scvi	0.9210914985472156		1	0.37415736102797326		1	0.6476244297875944		1	0.08163888303377999		1	0.02582243420351206		1	0.053730658618646024		1			0	0.3506775442031202		1			0	expression_driven
STOmics0224	singleCellHaystack	1000	cellcharter	0.5550518519029091		1	0.7034120652100466		1	0.6292319585564778		1	0.6667274228415371		1	0.63659049137253		1	0.6516589571070335		1			0	0.6404454578317557		1			0	expression_driven
STOmics0224	singleCellHaystack	1000	scvi	0.2808391243365242		1	0.2872022704546028		1	0.28402069739556346		1	0.5091162730979139		1	0.43923467903618363		1	0.47417547606704874		1			0	0.37909808673130607		1			0	expression_driven
STOmics0224	singleCellHaystack	10000	cellcharter	0.4310893827835703		1	0.746514150683906		1	0.5888017667337382		1	0.6929024781043275		1	0.5590535121079607		1	0.6259779951061442		1			0	0.6073898809199412		1			0	expression_driven
STOmics0224	singleCellHaystack	10000	scvi	0.4872915771170109		1	0.32307337784823564		1	0.40518247748262326		1	0.5327788923354597		1	0.6756049586076786		1	0.6041919254715691		1			0	0.5046872014770962		1			0	expression_driven
STOmics0224	singleCellHaystack	200	cellcharter	0.7455848258564641		1	0.5324579010673631		1	0.6390213634619136		1	0.5198874702524701		1	0.47604341043434656		1	0.4979654403434083		1			0	0.568493401902661		1			0	expression_driven
STOmics0224	singleCellHaystack	200	scvi	0.6743489674526293		1	0.30765021360100003		1	0.49099959052681463		1	0.3347991088279667		1	0.22362657720014728		1	0.279212843014057		1			0	0.3851062167704358		1			0	expression_driven
STOmics0224	singleCellHaystack	2000	cellcharter	0.4877786881993136	0.02308504832402281	3	0.7342128301282344	0.03376849731768904	3	0.6109957591637739	0.005342754924327244	3	0.6885799085401882	0.005668897497762059	3	0.6453119165089376	0.037982764341941276	3	0.666945912524563	0.021823225116910292	3			0	0.6389708358441685	0.012618030482103129	3			0	expression_driven
STOmics0224	singleCellHaystack	2000	scvi	0.21927762281889115	0.015581357401064555	3	0.3727793757164499	0.04479624246349879	3	0.29602849926767055	0.02740242528067779	3	0.5499111334594674	0.02738211838818737	3	0.5389129131445873	0.01231394050797536	3	0.5444120233020274	0.015178710331563412	3			0	0.42022026128484896	0.01936212622863244	3			0	expression_driven
STOmics0224	singleCellHaystack	500	cellcharter	0.6443160574877547		1	0.5902134211227523		1	0.6172647393052535		1	0.6521451895783736		1	0.709637714498861		1	0.6808914520386173		1			0	0.6490780956719354		1			0	expression_driven
STOmics0224	singleCellHaystack	500	scvi	0.22036286763628657		1	0.2563883977935951		1	0.23837563271494083		1	0.4670868700422472		1	0.27192352443884743		1	0.3695051972405473		1			0	0.30394041497774404		1			0	expression_driven
STOmics0224	singleCellHaystack	5000	cellcharter	0.43416067311572176		1	0.7053725383544779		1	0.5697666057350999		1	0.707020663480618		1	0.6267330147511667		1	0.6668768391158924		1			0	0.6183217224254961		1			0	expression_driven
STOmics0224	singleCellHaystack	5000	scvi	0.28170128657710913		1	0.4275665401033987		1	0.3546339133402539		1	0.5275624351251973		1	0.6422665456656718		1	0.5849144903954345		1			0	0.46977420186784424		1			0	expression_driven
STOmics0224	somde	100	cellcharter	0.4983542785634967		1	0.5980783914916321		1	0.5482163350275644		1	0.6776430982642676		1	0.8349771230820318		1	0.7563101106731497		1			0	0.6522632228503571		1			0	spatially_informed
STOmics0224	somde	100	scvi	0.8502589880697431		1	0.4165350971814216		1	0.6333970426255824		1	0.34253948445788557		1	0.4808469854631805		1	0.411693234960533		1			0	0.5225451387930578		1			0	spatially_informed
STOmics0224	somde	1000	cellcharter	0.33046584080331176		1	0.8020568204801766		1	0.5662613306417441		1	0.7163246209372286		1	0.7517039454471696		1	0.7340142831921991		1			0	0.6501378069169717		1			0	spatially_informed
STOmics0224	somde	1000	scvi	0.7999873450516504		1	0.5191441387428505		1	0.6595657418972505		1	0.479602418879804		1	0.7391953784960206		1	0.6093988986879123		1			0	0.6344823202925813		1			0	spatially_informed
STOmics0224	somde	10000	cellcharter	0.32839307803128265		1	0.7553915905883559		1	0.5418923343098193		1	0.7296126133028932		1	0.70733276444024		1	0.7184726888715666		1			0	0.6301825115906929		1			0	spatially_informed
STOmics0224	somde	10000	scvi	0.5665814053045108		1	0.3984416268322731		1	0.48251151606839193		1	0.5200783182297467		1	0.6877355790612432		1	0.6039069486454949		1			0	0.5432092323569434		1			0	spatially_informed
STOmics0224	somde	200	cellcharter	0.4762604842793053		1	0.6406204230822621		1	0.5584404536807837		1	0.6855726614961046		1	0.6690089978153626		1	0.6772908296557336		1			0	0.6178656416682586		1			0	spatially_informed
STOmics0224	somde	200	scvi	0.8064031540850654		1	0.44430851717437764		1	0.6253558356297215		1	0.4207141546937003		1	0.6516333808915481		1	0.5361737677926242		1			0	0.5807648017111728		1			0	spatially_informed
STOmics0224	somde	2000	cellcharter	0.3115607734622998	0.014855688983431783	3	0.7970214172047648	0.03218442867613646	3	0.5542910953335323	0.01633348360122106	3	0.7160207700033792	0.0035790837012214536	3	0.6608550927698601	0.04443302884265323	3	0.6884379313866197	0.020509286719329035	3			0	0.621364513360076	0.01804295248130535	3			0	spatially_informed
STOmics0224	somde	2000	scvi	0.7561658431102067	0.013286120826256914	3	0.5374713882201269	0.05362991856795976	3	0.6468186156651669	0.03345207444570505	3	0.5008469286325062	0.02926421125980444	3	0.7720361166564599	0.06919563861401769	3	0.636441522644483	0.02407422008475768	3			0	0.6416300691548249	0.025758260229552698	3			0	spatially_informed
STOmics0224	somde	500	cellcharter	0.37182829751430735		1	0.6580456400374015		1	0.5149369687758545		1	0.6971445361422273		1	0.6900304260074892		1	0.6935874810748582		1			0	0.6042622249253564		1			0	spatially_informed
STOmics0224	somde	500	scvi	0.7902254582239909		1	0.4617058161477278		1	0.6259656371858594		1	0.4167982636194762		1	0.5580521672599132		1	0.48742521543969475		1			0	0.556695426312777		1			0	spatially_informed
STOmics0224	somde	5000	cellcharter	0.31099925894907005		1	0.8315242947214675		1	0.5712617768352688		1	0.7417869227787502		1	0.7003735707090089		1	0.7210802467438795		1			0	0.6461710117895741		1			0	spatially_informed
STOmics0224	somde	5000	scvi	0.7149548896164235		1	0.47342609791870094		1	0.5941904937675622		1	0.5292801033877703		1	0.7902707192716127		1	0.6597754113296915		1			0	0.6269829525486268		1			0	spatially_informed
STOmics0224	sparkx	100	cellcharter	0.6760902502498382		1	0.5519984310411135		1	0.6140443406454759		1	0.5934428583251912		1	0.6580978875438951		1	0.6257703729345432		1			0	0.6199073567900095		1			0	spatially_informed
STOmics0224	sparkx	100	scvi	0.7306721265000173		1	0.3118488525296403		1	0.5212604895148288		1	0.4073027804035738		1	0.5785759621011625		1	0.49293937125236814		1			0	0.5070999303835985		1			0	spatially_informed
STOmics0224	sparkx	1000	cellcharter	0.4873817641628927		1	0.6247594073186591		1	0.556070585740776		1	0.6934770451193754		1	0.6658087069712039		1	0.6796428760452896		1			0	0.6178567308930327		1			0	spatially_informed
STOmics0224	sparkx	1000	scvi	0.6399865304057384		1	0.33286149184800307		1	0.4864240111268707		1	0.5514856885920779		1	0.6131306445541508		1	0.5823081665731143		1			0	0.5343660888499926		1			0	spatially_informed
STOmics0224	sparkx	10000	cellcharter	0.4379893465799389		1	0.781325368656516		1	0.6096573576182275		1	0.6818371592458958		1	0.629390840629411		1	0.6556139999376533		1			0	0.6326356787779404		1			0	spatially_informed
STOmics0224	sparkx	10000	scvi	0.40755457391753375		1	0.32030785548278484		1	0.3639312147001593		1	0.5818710365416763		1	0.673525240616933		1	0.6276981385793046		1			0	0.49581467663973194		1			0	spatially_informed
STOmics0224	sparkx	200	cellcharter	0.6753096818069171		1	0.5807229783687444		1	0.6280163300878308		1	0.6498675823025711		1	0.6775679070386407		1	0.663717744670606		1			0	0.6458670373792184		1			0	spatially_informed
STOmics0224	sparkx	200	scvi	0.6567562229555417		1	0.28064761800464844		1	0.46870192048009507		1	0.4753307758028254		1	0.5614706630228145		1	0.51840071941282		1			0	0.4935513199464575		1			0	spatially_informed
STOmics0224	sparkx	2000	cellcharter	0.4228941004327167	0.015844848745676904	3	0.7010877038083106	0.02145031699281173	3	0.5619909021205137	0.004247517405572842	3	0.695373811815882	0.009555748193490147	3	0.6602600959329322	0.05054628295500419	3	0.6778169538744071	0.030046492885459276	3			0	0.6199039279974604	0.014823224625497724	3			0	spatially_informed
STOmics0224	sparkx	2000	scvi	0.6328753764682117	0.047937485170454965	3	0.3591851975769478	0.022636830274395052	3	0.49603028702257973	0.03508926173354949	3	0.5711383812516756	0.050863193053336905	3	0.7034432231640161	0.03447966884464476	3	0.6372908022078458	0.0405648655518343	3			0	0.5666605446152128	0.0077516435376986294	3			0	spatially_informed
STOmics0224	sparkx	500	cellcharter	0.5290700354924377		1	0.6472077068869426		1	0.5881388711896902		1	0.6857389321314237		1	0.6984599901172116		1	0.6920994611243176		1			0	0.6401191661570039		1			0	spatially_informed
STOmics0224	sparkx	500	scvi	0.7721041184443385		1	0.3319682326669078		1	0.5520361755556231		1	0.4924319439318872		1	0.621541938874593		1	0.5569869414032401		1			0	0.5545115584794316		1			0	spatially_informed
STOmics0224	sparkx	5000	cellcharter	0.4006162513647716		1	0.7549413981562094		1	0.5777788247604905		1	0.7190263671892824		1	0.6764486117468105		1	0.6977374894680464		1			0	0.6377581571142684		1			0	spatially_informed
STOmics0224	sparkx	5000	scvi	0.5962061836199526		1	0.33056569313400563		1	0.4633859383769791		1	0.5762928934179239		1	0.7048713223306216		1	0.6405821078742727		1			0	0.5519840231256259		1			0	spatially_informed
STOmics0224	spatialde	100	cellcharter	0.48504324190479287		1	0.6365415545169764		1	0.5607923982108847		1	0.6650696325997011		1	0.8534297583637649		1	0.7592496954817329		1			0	0.6600210468463088		1			0	spatially_informed
STOmics0224	spatialde	100	scvi	0.8547497987539484		1	0.4399855701090436		1	0.647367684431496		1	0.3528077362978599		1	0.5568843170680313		1	0.4548460266829456		1			0	0.5511068555572207		1			0	spatially_informed
STOmics0224	spatialde	1000	cellcharter	0.36183338098154866		1	0.7592985335113001		1	0.5605659572464243		1	0.7139475482804186		1	0.7480185050083578		1	0.7309830266443882		1			0	0.6457744919454063		1			0	spatially_informed
STOmics0224	spatialde	1000	scvi	0.7461567278316023		1	0.4765295278426481		1	0.6113431278371252		1	0.48307553946127285		1	0.728443719503905		1	0.6057596294825889		1			0	0.6085513786598571		1			0	spatially_informed
STOmics0224	spatialde	10000	cellcharter	0.3883594026261044		1	0.7918546318972081		1	0.5901070172616563		1	0.7324504591891664		1	0.6425707698673625		1	0.6875106145282645		1			0	0.6388088158949603		1			0	spatially_informed
STOmics0224	spatialde	10000	scvi	0.5440288829832733		1	0.3538731557711544		1	0.4489510193772139		1	0.5562176918554153		1	0.6910766303443114		1	0.6236471610998633		1			0	0.5362990902385386		1			0	spatially_informed
STOmics0224	spatialde	200	cellcharter	0.4296537169617506		1	0.6433410834751231		1	0.5364974002184368		1	0.6880786959211457		1	0.8199610965700191		1	0.7540198962455824		1			0	0.6452586482320096		1			0	spatially_informed
STOmics0224	spatialde	200	scvi	0.7977903909655426		1	0.43000683769595527		1	0.613898614330749		1	0.4301871228209899		1	0.6429751232166716		1	0.5365811230188308		1			0	0.5752398686747899		1			0	spatially_informed
STOmics0224	spatialde	2000	cellcharter	0.3529625801644453	0.03857804019195398	3	0.7992222926679681	0.04922057471257547	3	0.5760924364162067	0.012570940090527808	3	0.7140390055104886	0.0043357558268290654	3	0.7085402638464408	0.03295763926804636	3	0.7112896346784646	0.014636739294676075	3			0	0.6436910355473356	0.004843906918583847	3			0	spatially_informed
STOmics0224	spatialde	2000	scvi	0.728147004170491	0.014541671613470177	3	0.5023906689433449	0.03938644794366222	3	0.615268836556918	0.02695856895138753	3	0.5060360270860432	0.011336001478489654	3	0.7045105599925646	0.028168980142609348	3	0.6052732935393039	0.018091514829451354	3			0	0.610271065048111	0.019966494994353462	3			0	spatially_informed
STOmics0224	spatialde	500	cellcharter	0.3346107680551458		1	0.7226168357579601		1	0.5286138019065529		1	0.7214824822698466		1	0.7473081529715916		1	0.7343953176207191		1			0	0.631504559763636		1			0	spatially_informed
STOmics0224	spatialde	500	scvi	0.7637612494534984		1	0.46543506096700904		1	0.6145981552102537		1	0.45437627811923015		1	0.6951803831355545		1	0.5747783306273924		1			0	0.594688242918823		1			0	spatially_informed
STOmics0224	spatialde	5000	cellcharter	0.3938771804727922		1	0.7493046868583201		1	0.5715909336655561		1	0.7002220094327022		1	0.6133765965025975		1	0.6567993029676498		1			0	0.614195118316603		1			0	spatially_informed
STOmics0224	spatialde	5000	scvi	0.7222302055707387		1	0.42354182229954124		1	0.5728860139351399		1	0.5466431950045844		1	0.6638615748308175		1	0.605252384917701		1			0	0.5890691994264204		1			0	spatially_informed
STOmics0224	statistic_mean	100	cellcharter	0.450748005583351		1	0.6324717851859228		1	0.5416098953846369		1	0.674385787956188		1	0.8340026633543769		1	0.7541942256552825		1			0	0.6479020605199597		1			0	expression_driven
STOmics0224	statistic_mean	100	scvi	0.8160279657572249		1	0.4275540152350471		1	0.6217909904961361		1	0.36534548579362086		1	0.5743348625139814		1	0.4698401741538011		1			0	0.5458155823249686		1			0	expression_driven
STOmics0224	statistic_mean	1000	cellcharter	0.3502469826748417		1	0.6931370134858645		1	0.5216919980803532		1	0.6980826239963941		1	0.7163660095803244		1	0.7072243167883592		1			0	0.6144581574343562		1			0	expression_driven
STOmics0224	statistic_mean	1000	scvi	0.7338666864133011		1	0.3847381806918987		1	0.5593024335525999		1	0.4673101365019962		1	0.6965736020089262		1	0.5819418692554612		1			0	0.5706221514040306		1			0	expression_driven
STOmics0224	statistic_mean	10000	cellcharter	0.44323381683564855		1	0.7643676046935378		1	0.6038007107645932		1	0.7048674838353165		1	0.6446967478496919		1	0.6747821158425042		1			0	0.6392914133035488		1			0	expression_driven
STOmics0224	statistic_mean	10000	scvi	0.4471055014972718		1	0.30634683221717		1	0.37672616685722093		1	0.5529308153178415		1	0.6384251623007238		1	0.5956779888092827		1			0	0.4862020778332518		1			0	expression_driven
STOmics0224	statistic_mean	200	cellcharter	0.4753908922662781		1	0.675228277386274		1	0.575309584826276		1	0.6730565789587027		1	0.689826954199011		1	0.6814417665788568		1			0	0.6283756757025665		1			0	expression_driven
STOmics0224	statistic_mean	200	scvi	0.7883852679602068		1	0.4139416291388546		1	0.6011634485495307		1	0.42199547716041574		1	0.6138899164382349		1	0.5179426967993253		1			0	0.559553072674428		1			0	expression_driven
STOmics0224	statistic_mean	2000	cellcharter	0.3774594144316506	0.011593807061210049	3	0.761780588905912	0.024261842261995386	3	0.5696200016687814	0.011744513032885302	3	0.6968596793964825	0.004238066730022723	3	0.6814654377895942	0.04914984643070295	3	0.6891625585930384	0.02669173517250259	3			0	0.62939128013091	0.014395847338926357	3			0	expression_driven
STOmics0224	statistic_mean	2000	scvi	0.7382589248104267	0.01999507610957397	3	0.38740893875573174	0.020024500142646662	3	0.5628339317830792	0.007978521230177314	3	0.48701431449176485	0.009135613171848212	3	0.703874318095525	0.04174608034058698	3	0.595444316293645	0.024293298979976955	3			0	0.5791391240383621	0.008516655145895075	3			0	expression_driven
STOmics0224	statistic_mean	500	cellcharter	0.4487931237351304		1	0.659879437742972		1	0.5543362807390512		1	0.6907960007380322		1	0.7274317864097172		1	0.7091138935738747		1			0	0.6317250871564629		1			0	expression_driven
STOmics0224	statistic_mean	500	scvi	0.7554641888209886		1	0.441862530955415		1	0.5986633598882019		1	0.42884541479719257		1	0.6670833113637644		1	0.5479643630804785		1			0	0.5733138614843402		1			0	expression_driven
STOmics0224	statistic_mean	5000	cellcharter	0.3863395227048254		1	0.7640703505309517		1	0.5752049366178886		1	0.7226502629935486		1	0.7060091061822988		1	0.7143296845879237		1			0	0.6447673106029062		1			0	expression_driven
STOmics0224	statistic_mean	5000	scvi	0.7197674701894409		1	0.3734658372281568		1	0.5466166537087989		1	0.4982859377194939		1	0.682271933490143		1	0.5902789356048185		1			0	0.5684477946568087		1			0	expression_driven
STOmics0224	statistic_variance	100	cellcharter	0.4212405982886522		1	0.6521690927383135		1	0.5367048455134829		1	0.6586936938332935		1	0.7475375022074449		1	0.7031155980203692		1			0	0.619910221766926		1			0	expression_driven
STOmics0224	statistic_variance	100	scvi	0.8884220208594117		1	0.4868027022534227		1	0.6876123615564171		1	0.22634837221699056		1	0.5988754672157028		1	0.4126119197163467		1			0	0.5501121406363819		1			0	expression_driven
STOmics0224	statistic_variance	1000	cellcharter	0.3927681564005303		1	0.7389867142139127		1	0.5658774353072216		1	0.6905753201943324		1	0.724059606269599		1	0.7073174632319656		1			0	0.6365974492695936		1			0	expression_driven
STOmics0224	statistic_variance	1000	scvi	0.7317775806072215		1	0.4080962663806041		1	0.5699369234939128		1	0.4884236710285306		1	0.7242133508584179		1	0.6063185109434742		1			0	0.5881277172186935		1			0	expression_driven
STOmics0224	statistic_variance	10000	cellcharter	0.41590437289599763		1	0.7746659353111397		1	0.5952851541035686		1	0.6544009711007883		1	0.5449420542010339		1	0.5996715126509111		1			0	0.5974783333772399		1			0	expression_driven
STOmics0224	statistic_variance	10000	scvi	0.5096860185923		1	0.31785199071932735		1	0.4137690046558137		1	0.5075953764524667		1	0.6102886918956103		1	0.5589420341740385		1			0	0.4863555194149261		1			0	expression_driven
STOmics0224	statistic_variance	200	cellcharter	0.4618403243008774		1	0.6248715798127686		1	0.543355952056823		1	0.6696921979922775		1	0.7807867938903394		1	0.7252394959413084		1			0	0.6342977239990657		1			0	expression_driven
STOmics0224	statistic_variance	200	scvi	0.8147905576557223		1	0.4623973608695122		1	0.6385939592626173		1	0.3543144631682036		1	0.7069835341536002		1	0.5306489986609019		1			0	0.5846214789617596		1			0	expression_driven
STOmics0224	statistic_variance	2000	cellcharter	0.3530394350783947	0.023608461282414683	3	0.7693129683526702	0.010068767565623613	3	0.5611762017155324	0.015382429857683849	3	0.6992776089340054	0.002369689638951752	3	0.706599911856503	0.026579656455041328	3	0.7029387603952543	0.013438802734274514	3			0	0.6320574810553933	0.006693442117817595	3			0	expression_driven
STOmics0224	statistic_variance	2000	scvi	0.7352377869597887	0.024702028446745804	3	0.407020274633828	0.015711530675352033	3	0.5711290307968083	0.019431946763871142	3	0.46497996161093497	0.00930852843989779	3	0.6726564372278737	0.03178417712049753	3	0.5688181994194044	0.018546716331305	3			0	0.5699736151081063	0.018827424715111108	3			0	expression_driven
STOmics0224	statistic_variance	500	cellcharter	0.44619714938986277		1	0.6791264461396866		1	0.5626617977647748		1	0.680848742560682		1	0.7453766709631109		1	0.7131127067618964		1			0	0.6378872522633356		1			0	expression_driven
STOmics0224	statistic_variance	500	scvi	0.7584968455329462		1	0.39241724415201146		1	0.5754570448424788		1	0.44295719970228786		1	0.7013124933206574		1	0.5721348465114726		1			0	0.5737959456769757		1			0	expression_driven
STOmics0224	statistic_variance	5000	cellcharter	0.4050011877179253		1	0.8436454363699476		1	0.6243233120439364		1	0.7052646808940941		1	0.6232313165587975		1	0.6642479987264458		1			0	0.6442856553851911		1			0	expression_driven
STOmics0224	statistic_variance	5000	scvi	0.5549080505784649		1	0.3106095192887338		1	0.43275878493359937		1	0.5204249798799859		1	0.6547739893111213		1	0.5875994845955537		1			0	0.5101791347645765		1			0	expression_driven
STOmics0224	triku	100	cellcharter	0.31160106908878643		1	0.7137289559783607		1	0.5126650125335735		1	0.6899910304840023		1	0.6100700781891534		1	0.6500305543365779		1			0	0.5813477834350758		1			0	expression_driven
STOmics0224	triku	100	scvi	0.8657367925861925		1	0.47570631027377663		1	0.6707215514299846		1	0.1901917356837776		1	0.3486877555122375		1	0.26943974559800754		1			0	0.47008064851399606		1			0	expression_driven
STOmics0224	triku	1000	cellcharter	0.33967222098859245		1	0.7456628613851625		1	0.5426675411868774		1	0.702084282523059		1	0.7567624532910437		1	0.7294233679070514		1			0	0.6360454545469645		1			0	expression_driven
STOmics0224	triku	1000	scvi	0.8136949273103435		1	0.48361774991579914		1	0.6486563386130714		1	0.41261088230191906		1	0.6219753318766386		1	0.5172931070892788		1			0	0.582974722851175		1			0	expression_driven
STOmics0224	triku	10000	cellcharter	0.39177380609560714		1	0.7604570425433219		1	0.5761154243194645		1	0.730639557195475		1	0.771011740370448		1	0.7508256487829614		1			0	0.663470536551213		1			0	expression_driven
STOmics0224	triku	10000	scvi	0.4935366255906597		1	0.3637245841249298		1	0.42863060485779475		1	0.551298480269735		1	0.701370791174343		1	0.626334635722039		1			0	0.5274826202899169		1			0	expression_driven
STOmics0224	triku	200	cellcharter	0.35123612749647515		1	0.7656851096549787		1	0.5584606185757269		1	0.6861617834575071		1	0.7163002654954689		1	0.701231024476488		1			0	0.6298458215261075		1			0	expression_driven
STOmics0224	triku	200	scvi	0.8741870008599597		1	0.49038440508771275		1	0.6822857029738363		1	0.28328970531022396		1	0.5361749672527671		1	0.4097323362814955		1			0	0.5460090196276659		1			0	expression_driven
STOmics0224	triku	2000	cellcharter	0.33832614063823985	0.012557699827062143	3	0.7546158855795966	0.0208949978097639	3	0.5464710131089182	0.010658729458620743	3	0.7102904909587169	0.010558173277860105	3	0.7019618675877889	0.018704774196525328	3	0.7061261792732528	0.014387268302518984	3			0	0.6262985961910855	0.009002390908067965	3			0	expression_driven
STOmics0224	triku	2000	scvi	0.7862254154839144	0.0068439966318034106	3	0.48843193994755846	0.016860584433511877	3	0.6373286777157364	0.005493732071738341	3	0.47908748831514764	0.015378292037236953	3	0.6885606556191192	0.09735397652087574	3	0.5838240719671334	0.05564463026414796	3			0	0.6105763748414349	0.029969474639946137	3			0	expression_driven
STOmics0224	triku	500	cellcharter	0.3911127156271857		1	0.7461886342043935		1	0.5686506749157896		1	0.7026135896346951		1	0.7656149917979099		1	0.7341142907163025		1			0	0.651382482816046		1			0	expression_driven
STOmics0224	triku	500	scvi	0.8165342983822266		1	0.5144781304480469		1	0.6655062144151367		1	0.41951048576592126		1	0.64795833466836		1	0.5337344102171406		1			0	0.5996203123161387		1			0	expression_driven
STOmics0224	triku	5000	cellcharter	0.3771264943330855		1	0.7207003896233286		1	0.548913441978207		1	0.7124296844508633		1	0.6401152923474052		1	0.6762724883991342		1			0	0.6125929651886706		1			0	expression_driven
STOmics0224	triku	5000	scvi	0.7215707175958703		1	0.4474561327275249		1	0.5845134251616976		1	0.47684768790331306		1	0.7018161757019765		1	0.5893319318026448		1			0	0.5869226784821712		1			0	expression_driven
STOmics0224	wilcoxon	100	cellcharter	0.809182167374215		1	0.42853689049264787		1	0.6188595289334314		1	0.24287689554765968		1	0.21050923973031904		1	0.22669306763898936		1			0	0.4227762982862104		1			0	label_informed
STOmics0224	wilcoxon	100	scvi	0.8773028189867451		1	0.340975103470779		1	0.6091389612287621		1	0.10445809628874736		1	0.024469493790216547		1	0.06446379503948195		1			0	0.33680137813412203		1			0	label_informed
STOmics0224	wilcoxon	1000	cellcharter	0.4873668256549743		1	0.6086657426061848		1	0.5480162841305796		1	0.683630467899948		1	0.7991658413318887		1	0.7413981546159183		1			0	0.6447072193732489		1			0	label_informed
STOmics0224	wilcoxon	1000	scvi	0.8255937583332478		1	0.44845122926557407		1	0.6370224937994109		1	0.3840492475832448		1	0.5495643375987947		1	0.46680679259101976		1			0	0.5519146431952153		1			0	label_informed
STOmics0224	wilcoxon	10000	cellcharter	0.31054239232244824		1	0.7927604854400849		1	0.5516514388812666		1	0.7169292870331994		1	0.7025310443700605		1	0.70973016570163		1			0	0.6306908022914482		1			0	label_informed
STOmics0224	wilcoxon	10000	scvi	0.606034849226991		1	0.5016979224452554		1	0.5538663858361232		1	0.47593601825395077		1	0.6858393671020837		1	0.5808876926780172		1			0	0.5673770392570703		1			0	label_informed
STOmics0224	wilcoxon	200	cellcharter	0.69481547914541		1	0.4746626272172416		1	0.5847390531813258		1	0.346145366959505		1	0.3710777802205212		1	0.35861157359001306		1			0	0.4716753133856694		1			0	label_informed
STOmics0224	wilcoxon	200	scvi	0.9105184455603048		1	0.3461205733915313		1	0.6283195094759181		1	0.08176764989772782		1	0.056417453793957906		1	0.06909255184584287		1			0	0.34870603066088046		1			0	label_informed
STOmics0224	wilcoxon	2000	cellcharter	0.29594394155845943	0.005954420206233597	3	0.8234617686112037	0.01638822529086026	3	0.5597028550848315	0.009773610799155456	3	0.7054307944069592	0.013073470219237425	3	0.7970311473040718	0.06012516698785075	3	0.7512309708555156	0.02800894436414825	3			0	0.6554669129701736	0.014497196809928559	3			0	label_informed
STOmics0224	wilcoxon	2000	scvi	0.7711796619609416	0.009559991227467734	3	0.5677315279866108	0.02415563087248949	3	0.6694555949737762	0.00730030229442408	3	0.4152652697319901	0.05452545054451755	3	0.7719441491556401	0.1296470797317634	3	0.5936047094438152	0.09205418360384114	3			0	0.6315301522087956	0.04277004272933474	3			0	label_informed
STOmics0224	wilcoxon	500	cellcharter	0.5179969716231608		1	0.5678370574766766		1	0.5429170145499187		1	0.6567997361880012		1	0.7669814990707713		1	0.7118906176293862		1			0	0.6274038160896525		1			0	label_informed
STOmics0224	wilcoxon	500	scvi	0.8481542775011502		1	0.38869743154001757		1	0.6184258545205839		1	0.28427672211088617		1	0.41904834784082434		1	0.35166253497585526		1			0	0.4850441947482196		1			0	label_informed
STOmics0224	wilcoxon	5000	cellcharter	0.38368395573537295		1	0.7879349949995457		1	0.5858094753674593		1	0.7111925599778385		1	0.6999320627875742		1	0.7055623113827063		1			0	0.6456858933750829		1			0	label_informed
STOmics0224	wilcoxon	5000	scvi	0.7131132396467379		1	0.5376274034579227		1	0.6253703215523303		1	0.4704416235358095		1	0.7920848331387405		1	0.631263228337275		1			0	0.6283167749448026		1			0	label_informed
