Method1	Method2	JaccardSD	Jaccard	PropSD	Prop
Brennecke-N2000	Brennecke-N2000	0	1	0	1
Brennecke-N2000	TFs-N2000	0.010522002202837177	0.04376353859287585	0.016293440105643448	0.07064285714285715
Brennecke-N2000	anticor-N2000	0.06338862841944844	0.08914528957201671	0.10138405293968175	0.15864285714285714
Brennecke-N2000	dubstepr-N2000	0.06420527785229656	0.07494214406206694	0.11089248332120107	0.12864285714285714
Brennecke-N2000	hotspot-N2000	0.060768294884630515	0.16902718177357978	0.08737365027229183	0.2852857142857143
Brennecke-N2000	morans_i-N2000	0.057715781414573473	0.0931405681465981	0.09274106297592649	0.16621428571428573
Brennecke-N2000	nbumi-N2000	0.04180637986190521	0.08782436039366655	0.06842566352306295	0.15921428571428572
Brennecke-N2000	nnsvg-N2000	0.05748364880133134	0.076768849347763	0.09567996008519632	0.1382142857142857
Brennecke-N2000	osca-N2000	0.0643873207633977	0.18388814150181806	0.09070117078049424	0.30642857142857144
Brennecke-N2000	scPNMF-N2000	0.05021424058265732	0.09886019540106433	0.0840206890621363	0.17664285714285716
Brennecke-N2000	scanpy_cell_ranger-N2000	0.10848683803042077	0.2452139035024766	0.13027173979983606	0.3841428571428571
Brennecke-N2000	scanpy_cell_ranger_batch-N2000	0.11108047191924471	0.2199398227361364	0.13485622855824042	0.3500714285714286
Brennecke-N2000	scanpy_pearson-N2000	0.11540647136701217	0.3361532478394405	0.13067580750340388	0.4935
Brennecke-N2000	scanpy_pearson_batch-N2000	0.0934947074013592	0.260653828344646	0.10725120711941395	0.4067142857142857
Brennecke-N2000	scanpy_seurat-N2000	0.08431180116318909	0.7501754731567579	0.052988543236115807	0.8550714285714286
Brennecke-N2000	scanpy_seurat_batch-N2000	0.1852017000317228	0.37012667948830663	0.16379527727362245	0.5213571428571429
Brennecke-N2000	scanpy_seurat_v3-N2000	0.057578691901848764	0.11486599981093588	0.09027754822925639	0.20207142857142857
Brennecke-N2000	scanpy_seurat_v3_batch-N2000	0.06321220806574615	0.10673032068766777	0.09976597616422143	0.188
Brennecke-N2000	scry-N2000	0.05687032648481954	0.08093624413437919	0.09591464459413405	0.14542857142857143
Brennecke-N2000	scsegindex-N500	0.0073605091911705	0.009563884842035561	0.00894360638881739	0.011785714285714285
Brennecke-N2000	seurat_disp-N2000	0.08311097897492786	0.8873172172528307	0.04757275130436188	0.9385
Brennecke-N2000	seurat_mvp-N2000	0.14140961366698232	0.4063058615421513	0.19169308306571234	0.48728571428571427
Brennecke-N2000	seurat_sct-N2000	0.0810718637891773	0.12043794806072429	0.1265967068705825	0.20714285714285716
Brennecke-N2000	seurat_vst-N2000	0.05769234747090932	0.1149191955149253	0.09042433037523431	0.20214285714285712
Brennecke-N2000	singleCellHaystack-N2000	0.033192722700849484	0.052122421588044664	0.05845368536998616	0.0975
Brennecke-N2000	somde-N2000	0.03992174804106692	0.10296857310850424	0.06440228848344413	0.18471428571428572
Brennecke-N2000	sparkx-N2000	0.038774604000277324	0.05790872607924787	0.0675078478682999	0.10735714285714286
Brennecke-N2000	spatialde-N2000	0.04914978477634951	0.09301728888712316	0.07940860274854476	0.16714285714285715
Brennecke-N2000	statistic_mean-N2000	0.03289714438282036	0.05702554979156134	0.057791806141899195	0.10635714285714286
Brennecke-N2000	statistic_variance-N2000	0.04520442832723358	0.06990549536143098	0.07786672068654356	0.12785714285714286
Brennecke-N2000	triku-N2000	0.04862790301044223	0.09345304642703237	0.07696644290425103	0.168
TFs-N2000	Brennecke-N2000	0.010522002202837177	0.04376353859287585	0.02653116952756405	0.1036027845216179
TFs-N2000	TFs-N2000	0	1	0	1
TFs-N2000	anticor-N2000	0.011182504643052074	0.029656432327214936	0.03057461225146849	0.07190986691468468
TFs-N2000	dubstepr-N2000	0.007688810100024334	0.023016971473696225	0.01876026173068849	0.04908223992693472
TFs-N2000	hotspot-N2000	0.01895511047976564	0.038114488142603965	0.04886905495312402	0.09164434033558824
TFs-N2000	morans_i-N2000	0.021364798740510824	0.03856613793140963	0.05432065118527685	0.0928111322590371
TFs-N2000	nbumi-N2000	0.027072347608690404	0.04358607032276225	0.06703049342624075	0.10389971019630044
TFs-N2000	nnsvg-N2000	0.008882070997880201	0.027200811995007044	0.02478258797355681	0.06609712834370043
TFs-N2000	osca-N2000	0.004508097681238507	0.03585297339608648	0.014412727069007448	0.08549636718569717
TFs-N2000	scPNMF-N2000	0.0045092328355804895	0.02962430301373532	0.0076707359451443574	0.07043559405347037
TFs-N2000	scanpy_cell_ranger-N2000	0.010080269355940528	0.04670990648564882	0.029388608599759482	0.11074795231722877
TFs-N2000	scanpy_cell_ranger_batch-N2000	0.008998214876307798	0.04667209014700345	0.02581736324711745	0.11034238026431338
TFs-N2000	scanpy_pearson-N2000	0.011229641808107942	0.03570473433523446	0.030545100516499966	0.08581576714058194
TFs-N2000	scanpy_pearson_batch-N2000	0.01102834629310082	0.03820403547905529	0.0299790337138093	0.09142704067761576
TFs-N2000	scanpy_seurat-N2000	0.009855296683023866	0.04428076267334531	0.025475026854536006	0.10485165240219789
TFs-N2000	scanpy_seurat_batch-N2000	0.008534604231985784	0.04730777886911508	0.024553906303051248	0.1117334335145724
TFs-N2000	scanpy_seurat_v3-N2000	0.022031190962940157	0.04619335838709567	0.05610068427797629	0.11021441534537124
TFs-N2000	scanpy_seurat_v3_batch-N2000	0.011209366325317474	0.04265786428764434	0.03010366964162733	0.10146926566833875
TFs-N2000	scry-N2000	0.005569029767418122	0.02212573745233554	0.015879070546405454	0.053734756031928455
TFs-N2000	scsegindex-N500	0.00937096800132271	0.013578673592167584	0.0130159098574779	0.01839946431412408
TFs-N2000	seurat_disp-N2000	0.011398998129093915	0.0418529826008672	0.027835206452447525	0.09908504785220384
TFs-N2000	seurat_mvp-N2000	0.014054499784661832	0.03647298723158569	0.044419932243017435	0.07518829657120896
TFs-N2000	seurat_sct-N2000	0.0038800931308125937	0.034847937466494845	0.011537076105012652	0.083021825748813
TFs-N2000	seurat_vst-N2000	0.02194603805117924	0.046278497558911405	0.055912685875486486	0.11039998687081486
TFs-N2000	singleCellHaystack-N2000	0.01750695301443156	0.033846473904516006	0.04547126006715689	0.08200673122941345
TFs-N2000	somde-N2000	0.028698829298027407	0.049881992981991016	0.07093849337735957	0.11836677030997768
TFs-N2000	sparkx-N2000	0.016702074419732708	0.031615728183429836	0.04345014191746554	0.07674981902699893
TFs-N2000	spatialde-N2000	0.026072244882770275	0.04465366535304902	0.06523022014789087	0.10673995478925088
TFs-N2000	statistic_mean-N2000	0.005552590517835856	0.01797780273031501	0.01406579297683186	0.04352442225843629
TFs-N2000	statistic_variance-N2000	0.005058094360346161	0.019101901645634956	0.013542785009359466	0.046326819596448285
TFs-N2000	triku-N2000	0.03001119029341787	0.051823931714650266	0.07385466540172232	0.12291117329196612
anticor-N2000	Brennecke-N2000	0.06338862841944844	0.08914528957201671	0.10138405293968175	0.15864285714285714
anticor-N2000	TFs-N2000	0.011182504643052074	0.029656432327214936	0.01565893933037551	0.04807142857142857
anticor-N2000	anticor-N2000	0	1	0	1
anticor-N2000	dubstepr-N2000	0.2703512148092482	0.4689446659678578	0.30121130456873624	0.557
anticor-N2000	hotspot-N2000	0.2445377775165599	0.34370528142921086	0.27056921920453625	0.4695714285714286
anticor-N2000	morans_i-N2000	0.22736068858934258	0.4232154587315489	0.25439945623631616	0.5599999999999999
anticor-N2000	nbumi-N2000	0.17272191934745953	0.32816328366463	0.21296302495973332	0.47050000000000003
anticor-N2000	nnsvg-N2000	0.23790228497685473	0.43521866183796415	0.26627067324166853	0.5687857142857143
anticor-N2000	osca-N2000	0.21298340599719745	0.2544926662192986	0.25449962578324065	0.3688571428571429
anticor-N2000	scPNMF-N2000	0.14920806616163254	0.25055896052772975	0.18910037646962097	0.38142857142857145
anticor-N2000	scanpy_cell_ranger-N2000	0.09775469360307255	0.13494577018162685	0.14456939345452594	0.22714285714285715
anticor-N2000	scanpy_cell_ranger_batch-N2000	0.10411170628091512	0.14725583358601235	0.15354392887782342	0.24478571428571427
anticor-N2000	scanpy_pearson-N2000	0.14150864305588212	0.16730274297804795	0.190529244099542	0.26685714285714285
anticor-N2000	scanpy_pearson_batch-N2000	0.11022133642106324	0.12347857633737205	0.1610698236642671	0.2062857142857143
anticor-N2000	scanpy_seurat-N2000	0.052503280585675716	0.08061196224693863	0.08542331565294604	0.14564285714285713
anticor-N2000	scanpy_seurat_batch-N2000	0.07512118142092969	0.11539869262918094	0.11994582110269619	0.2
anticor-N2000	scanpy_seurat_v3-N2000	0.08109452629377967	0.1736909802095087	0.11428285710714195	0.2892142857142857
anticor-N2000	scanpy_seurat_v3_batch-N2000	0.08515423011421273	0.11936906315273217	0.1272621965340323	0.205
anticor-N2000	scry-N2000	0.20809309483959887	0.35876577027943896	0.24657296321875233	0.4958571428571429
anticor-N2000	scsegindex-N500	0.03207734004687689	0.03609894354408496	0.03694300629734557	0.04257142857142857
anticor-N2000	seurat_disp-N2000	0.0961241611582891	0.11252522569200554	0.14295799416345384	0.19171428571428573
anticor-N2000	seurat_mvp-N2000	0.0751190512960801	0.10814628276981689	0.08363981735763802	0.14957142857142858
anticor-N2000	seurat_sct-N2000	0.18604445168924755	0.2371751207698591	0.23860285293468605	0.35278571428571426
anticor-N2000	seurat_vst-N2000	0.081295516313858	0.17376238413153047	0.11455197406376182	0.28928571428571426
anticor-N2000	singleCellHaystack-N2000	0.17039680547904903	0.3444352331455903	0.20865339224474183	0.48978571428571427
anticor-N2000	somde-N2000	0.17746820730528104	0.3090879745338611	0.2160171124173797	0.4471428571428572
anticor-N2000	sparkx-N2000	0.17417554259654025	0.3589579183527567	0.2141066434324371	0.5047857142857143
anticor-N2000	spatialde-N2000	0.17255099893660997	0.3540944138586745	0.20843601279186721	0.5002857142857143
anticor-N2000	statistic_mean-N2000	0.15304984333678812	0.2962017832675045	0.20184373375743636	0.43664285714285717
anticor-N2000	statistic_variance-N2000	0.15769909560509524	0.3041393274438821	0.20563999981474793	0.4451428571428572
anticor-N2000	triku-N2000	0.08560963661015847	0.19632194349352827	0.12015223478491578	0.32085714285714284
dubstepr-N2000	Brennecke-N2000	0.06420527785229656	0.07494214406206694	0.10197147137700131	0.14187346276860346
dubstepr-N2000	TFs-N2000	0.007688810100024334	0.023016971473696225	0.01420535497501193	0.04261423933046166
dubstepr-N2000	anticor-N2000	0.2703512148092482	0.4689446659678578	0.27624747445748865	0.6478713189319794
dubstepr-N2000	dubstepr-N2000	0	1	0	1
dubstepr-N2000	hotspot-N2000	0.24384262325940378	0.3307996481775836	0.23523798629457768	0.5065760208540875
dubstepr-N2000	morans_i-N2000	0.13030977685688755	0.5382384314397578	0.0621758142974827	0.7894664471453212
dubstepr-N2000	nbumi-N2000	0.18475522359696195	0.4155356319151286	0.16617901151794223	0.627640774750596
dubstepr-N2000	nnsvg-N2000	0.11027891633752429	0.5963743688116208	0.07155676465347131	0.8520370135822637
dubstepr-N2000	osca-N2000	0.17433438407181084	0.23805498421009996	0.20064588488641952	0.40498907377823884
dubstepr-N2000	scPNMF-N2000	0.16972930449830922	0.3237984424149266	0.3037905556771008	0.5594860246109387
dubstepr-N2000	scanpy_cell_ranger-N2000	0.08881454406632162	0.10469237011302118	0.13000190346794635	0.19644329441305652
dubstepr-N2000	scanpy_cell_ranger_batch-N2000	0.09251188374698062	0.1144942115335195	0.13425644435676168	0.21513974887071327
dubstepr-N2000	scanpy_pearson-N2000	0.1504641223393504	0.14950047658839347	0.19903263315185632	0.25343102235101606
dubstepr-N2000	scanpy_pearson_batch-N2000	0.11983841912547447	0.11846922367934547	0.17537715422703498	0.2061174698149371
dubstepr-N2000	scanpy_seurat-N2000	0.04504751650673868	0.06598561242000907	0.06937879918669637	0.13236717278334656
dubstepr-N2000	scanpy_seurat_batch-N2000	0.07270613618922171	0.08596979554465088	0.11897718391475341	0.1619940899244487
dubstepr-N2000	scanpy_seurat_v3-N2000	0.10688983891436675	0.18652932860726903	0.14038765898048172	0.332058673624678
dubstepr-N2000	scanpy_seurat_v3_batch-N2000	0.10601841480398241	0.12329319154629759	0.14850608524745215	0.2243701341449933
dubstepr-N2000	scry-N2000	0.07513236281171141	0.5188065420185037	0.11139177909233251	0.7866424603118618
dubstepr-N2000	scsegindex-N500	0.08601874214097753	0.07207628945766004	0.10585785266461713	0.08922748795942884
dubstepr-N2000	seurat_disp-N2000	0.09437695489139941	0.09684385220067827	0.1404163423793999	0.17535243493528466
dubstepr-N2000	seurat_mvp-N2000	0.05886684592344868	0.09471372514939823	0.059826577012049915	0.1493813999097786
dubstepr-N2000	seurat_sct-N2000	0.19444121968820807	0.19609682677019186	0.27030734180078964	0.3055399784291724
dubstepr-N2000	seurat_vst-N2000	0.10700367436647328	0.18659417530384215	0.14049663363476592	0.3321301021961066
dubstepr-N2000	singleCellHaystack-N2000	0.10647457960249933	0.5074986034304995	0.15597422812094816	0.7772897815165083
dubstepr-N2000	somde-N2000	0.1514853559950092	0.32617069261468823	0.14866580200562465	0.5363041024636279
dubstepr-N2000	sparkx-N2000	0.08062631716836494	0.507840782389915	0.11077059819352471	0.7750884475464653
dubstepr-N2000	spatialde-N2000	0.1516116995681091	0.4104420859070465	0.09873785829508726	0.6397770393139376
dubstepr-N2000	statistic_mean-N2000	0.07563539127225785	0.44344863582880356	0.1555848387691438	0.7141972310319757
dubstepr-N2000	statistic_variance-N2000	0.06163215944358497	0.45658311929881745	0.1450350720706951	0.7287943694472161
dubstepr-N2000	triku-N2000	0.08063948468878118	0.21638725906030512	0.10930158371646226	0.3922058772359855
hotspot-N2000	Brennecke-N2000	0.060768294884630515	0.16902718177357978	0.08737365027229183	0.2852857142857143
hotspot-N2000	TFs-N2000	0.01895511047976564	0.038114488142603965	0.026678196912013948	0.06085714285714286
hotspot-N2000	anticor-N2000	0.2445377775165599	0.34370528142921086	0.27056921920453625	0.4695714285714286
hotspot-N2000	dubstepr-N2000	0.24384262325940378	0.3307996481775836	0.271730017445538	0.4270714285714286
hotspot-N2000	hotspot-N2000	0	1	0	1
hotspot-N2000	morans_i-N2000	0.22838728552021823	0.38881989802652495	0.21761141098406628	0.5293571428571429
hotspot-N2000	nbumi-N2000	0.1410842299850027	0.29264634842658593	0.15824637963209984	0.438
hotspot-N2000	nnsvg-N2000	0.23057776215448492	0.3369445307897332	0.24059054329671714	0.46864285714285714
hotspot-N2000	osca-N2000	0.18655311238857386	0.3346144401681464	0.2006668050940829	0.4775
hotspot-N2000	scPNMF-N2000	0.12440254303856435	0.2822428964112544	0.15371591763162765	0.4275
hotspot-N2000	scanpy_cell_ranger-N2000	0.07386718132391012	0.2722211188502988	0.08797036838780269	0.42357142857142854
hotspot-N2000	scanpy_cell_ranger_batch-N2000	0.06584232703148755	0.2647341159289191	0.08159452596018109	0.415
hotspot-N2000	scanpy_pearson-N2000	0.1229530199132431	0.3156936936390223	0.1404580940724891	0.46864285714285714
hotspot-N2000	scanpy_pearson_batch-N2000	0.12082350256124012	0.22326530321509677	0.15580107891306846	0.35185714285714287
hotspot-N2000	scanpy_seurat-N2000	0.05564351222764321	0.16021800571125913	0.08275206802192174	0.2727857142857143
hotspot-N2000	scanpy_seurat_batch-N2000	0.059426116292519385	0.18423359409230786	0.08807700905349547	0.3073571428571429
hotspot-N2000	scanpy_seurat_v3-N2000	0.08660108645460958	0.24155192347535787	0.10477742850351657	0.38285714285714284
hotspot-N2000	scanpy_seurat_v3_batch-N2000	0.10242727513945249	0.17861199396678856	0.1358571553752936	0.293
hotspot-N2000	scry-N2000	0.2019437351949117	0.3111974907472998	0.22884960750926112	0.4446428571428571
hotspot-N2000	scsegindex-N500	0.011984338369771334	0.011097073515311293	0.014535670410604194	0.013571428571428571
hotspot-N2000	seurat_disp-N2000	0.08550384785220295	0.19397445077132403	0.11646346249033682	0.3177857142857143
hotspot-N2000	seurat_mvp-N2000	0.05646341160681179	0.1522866247693702	0.051777569145979294	0.212
hotspot-N2000	seurat_sct-N2000	0.21167373526165822	0.3156679368303365	0.2569999536779651	0.4446428571428572
hotspot-N2000	seurat_vst-N2000	0.08666355160420126	0.24183055972173476	0.104798559604787	0.38321428571428573
hotspot-N2000	singleCellHaystack-N2000	0.11457290384719042	0.22595465905801673	0.1515461975768445	0.3565
hotspot-N2000	somde-N2000	0.15212361753202502	0.36747157436029054	0.15545248853098553	0.5226428571428572
hotspot-N2000	sparkx-N2000	0.14291917522784262	0.26045221532333745	0.17066996834603942	0.39671428571428574
hotspot-N2000	spatialde-N2000	0.1960319996320913	0.3657403421163912	0.19440933129672067	0.5117142857142857
hotspot-N2000	statistic_mean-N2000	0.10061826967616246	0.2164133509382731	0.1398372353164649	0.3459285714285714
hotspot-N2000	statistic_variance-N2000	0.11696714919864197	0.23652896481517094	0.15631709987805464	0.36992857142857144
hotspot-N2000	triku-N2000	0.054995210244273826	0.22636108117126044	0.07479073981386172	0.36628571428571427
morans_i-N2000	Brennecke-N2000	0.057715781414573473	0.0931405681465981	0.09274106297592649	0.16621428571428573
morans_i-N2000	TFs-N2000	0.021364798740510824	0.03856613793140963	0.03027217801719529	0.061285714285714284
morans_i-N2000	anticor-N2000	0.22736068858934258	0.4232154587315489	0.25439945623631616	0.5599999999999999
morans_i-N2000	dubstepr-N2000	0.13030977685688755	0.5382384314397578	0.16194336899640183	0.6327857142857143
morans_i-N2000	hotspot-N2000	0.22838728552021823	0.38881989802652495	0.21761141098406628	0.5293571428571429
morans_i-N2000	morans_i-N2000	0	1	0	1
morans_i-N2000	nbumi-N2000	0.14014657008368098	0.43500502533872815	0.13243012533120285	0.5952142857142857
morans_i-N2000	nnsvg-N2000	0.12314370338512924	0.667331826920838	0.09367249176938616	0.7945714285714286
morans_i-N2000	osca-N2000	0.16223155089687002	0.27753837217632377	0.1812819758329679	0.4147857142857143
morans_i-N2000	scPNMF-N2000	0.11658241651545023	0.3246542835680254	0.13806727138815855	0.47978571428571426
morans_i-N2000	scanpy_cell_ranger-N2000	0.08151101004903481	0.1498091320810628	0.11778738917056888	0.25342857142857145
morans_i-N2000	scanpy_cell_ranger_batch-N2000	0.08775636256825657	0.1549259290050782	0.12510452772439076	0.2601428571428571
morans_i-N2000	scanpy_pearson-N2000	0.155359552580441	0.17914642923907903	0.20511071342546874	0.2807142857142857
morans_i-N2000	scanpy_pearson_batch-N2000	0.13110318354650752	0.13875354687699692	0.1898396252981272	0.225
morans_i-N2000	scanpy_seurat-N2000	0.04351000619124907	0.08329893412365096	0.07063681422466278	0.15135714285714286
morans_i-N2000	scanpy_seurat_batch-N2000	0.07077202090766024	0.11006052857859253	0.11271450449613626	0.19214285714285714
morans_i-N2000	scanpy_seurat_v3-N2000	0.12042355785422547	0.2390076856427241	0.14614368337521877	0.3736428571428571
morans_i-N2000	scanpy_seurat_v3_batch-N2000	0.13480740098087424	0.1568775736655549	0.18501933618382907	0.2527857142857143
morans_i-N2000	scry-N2000	0.07416105265713507	0.5022389916284089	0.06793247697950834	0.6657857142857143
morans_i-N2000	scsegindex-N500	0.05587159541284261	0.05758220066224474	0.06126979757791024	0.06528571428571428
morans_i-N2000	seurat_disp-N2000	0.08726354450581174	0.11763869980123257	0.13055198745546323	0.2017857142857143
morans_i-N2000	seurat_mvp-N2000	0.0475819026530331	0.11256635487326767	0.049807845050467994	0.16278571428571428
morans_i-N2000	seurat_sct-N2000	0.21009054325610765	0.2416623399462351	0.27703450876672214	0.3494285714285714
morans_i-N2000	seurat_vst-N2000	0.12053102948795198	0.2391292496117306	0.1462141286899848	0.3737857142857143
morans_i-N2000	singleCellHaystack-N2000	0.10319365024750564	0.4694139554770278	0.0985118436196041	0.633
morans_i-N2000	somde-N2000	0.14489371783945135	0.4532769460691058	0.1412122684539299	0.6117857142857143
morans_i-N2000	sparkx-N2000	0.06974590898042685	0.5356836140991241	0.058896600273780866	0.6953571428571429
morans_i-N2000	spatialde-N2000	0.14909572057901258	0.5362425245191316	0.12194192606865505	0.6880000000000001
morans_i-N2000	statistic_mean-N2000	0.0838995524992348	0.4165329328131225	0.08503668676070404	0.5837857142857142
morans_i-N2000	statistic_variance-N2000	0.06617832421577517	0.4290413796889786	0.06559707455730165	0.5978571428571429
morans_i-N2000	triku-N2000	0.038846494765338115	0.257407005810616	0.04842753545738406	0.40814285714285714
nbumi-N2000	Brennecke-N2000	0.04180637986190521	0.08782436039366655	0.06842566352306295	0.15921428571428572
nbumi-N2000	TFs-N2000	0.027072347608690404	0.04358607032276225	0.037884536360342266	0.06871428571428571
nbumi-N2000	anticor-N2000	0.17272191934745953	0.32816328366463	0.21296302495973332	0.47050000000000003
nbumi-N2000	dubstepr-N2000	0.18475522359696195	0.4155356319151286	0.22138817987976728	0.5248571428571429
nbumi-N2000	hotspot-N2000	0.1410842299850027	0.29264634842658593	0.15824637963209984	0.438
nbumi-N2000	morans_i-N2000	0.14014657008368098	0.43500502533872815	0.13243012533120285	0.5952142857142857
nbumi-N2000	nbumi-N2000	0	1	0	1
nbumi-N2000	nnsvg-N2000	0.17792030460899988	0.41326160536196926	0.17805169126381462	0.5657142857142857
nbumi-N2000	osca-N2000	0.146747404791513	0.21546356622018892	0.18635826990478518	0.3352857142857143
nbumi-N2000	scPNMF-N2000	0.0795156615889525	0.18900606000562753	0.11602939898392747	0.3112857142857143
nbumi-N2000	scanpy_cell_ranger-N2000	0.07303880230707711	0.15088015994241127	0.10880405060737136	0.2562857142857143
nbumi-N2000	scanpy_cell_ranger_batch-N2000	0.07833772155915464	0.15346413674553383	0.11463435660518934	0.25942857142857145
nbumi-N2000	scanpy_pearson-N2000	0.1099203821340199	0.152195988596575	0.15270556013203349	0.2517142857142857
nbumi-N2000	scanpy_pearson_batch-N2000	0.08604407207431974	0.12618926000339073	0.13031258207716956	0.21557142857142858
nbumi-N2000	scanpy_seurat-N2000	0.02591670168927927	0.07923041629516586	0.04368106814497231	0.14592857142857144
nbumi-N2000	scanpy_seurat_batch-N2000	0.057756484158704366	0.10497501427322202	0.08944318494627376	0.186
nbumi-N2000	scanpy_seurat_v3-N2000	0.07475943477706831	0.34822119918866884	0.08256094430061664	0.5126428571428572
nbumi-N2000	scanpy_seurat_v3_batch-N2000	0.10595782563577148	0.1984540789960973	0.14602075031929374	0.3201428571428571
nbumi-N2000	scry-N2000	0.1356748064003959	0.32562393431622527	0.15520493364764995	0.4777142857142857
nbumi-N2000	scsegindex-N500	0.024385198828275473	0.027303340215358407	0.028476180522374436	0.03264285714285714
nbumi-N2000	seurat_disp-N2000	0.05279396731651675	0.0967431184367145	0.08460025047807115	0.17292857142857143
nbumi-N2000	seurat_mvp-N2000	0.032545082868056574	0.09849592524361517	0.04606581730317529	0.14835714285714285
nbumi-N2000	seurat_sct-N2000	0.17797772849114935	0.20033904452606038	0.24932941014229498	0.30228571428571427
nbumi-N2000	seurat_vst-N2000	0.07475943477706831	0.34822119918866884	0.08256094430061664	0.5126428571428572
nbumi-N2000	singleCellHaystack-N2000	0.11097477844119795	0.394163607678363	0.11356967653635114	0.5577142857142857
nbumi-N2000	somde-N2000	0.10101951649010232	0.32762607080177564	0.11275262640801216	0.4862142857142857
nbumi-N2000	sparkx-N2000	0.1118422198853364	0.34433722151920343	0.12136882984169724	0.5036428571428572
nbumi-N2000	spatialde-N2000	0.13470497242436122	0.3691856793423306	0.14066580624877906	0.5274285714285715
nbumi-N2000	statistic_mean-N2000	0.0772092243208177	0.2560437802453961	0.1028550181658861	0.40228571428571425
nbumi-N2000	statistic_variance-N2000	0.10047654409604248	0.27721235765854835	0.1256084240426421	0.42564285714285716
nbumi-N2000	triku-N2000	0.0537496690600641	0.30671458676342195	0.061276597723530876	0.4672857142857143
nnsvg-N2000	Brennecke-N2000	0.05748364880133134	0.076768849347763	0.09567996008519632	0.1382142857142857
nnsvg-N2000	TFs-N2000	0.008882070997880201	0.027200811995007044	0.012688108418440284	0.04428571428571428
nnsvg-N2000	anticor-N2000	0.23790228497685473	0.43521866183796415	0.26627067324166853	0.5687857142857143
nnsvg-N2000	dubstepr-N2000	0.11027891633752429	0.5963743688116208	0.1481558863719787	0.6765
nnsvg-N2000	hotspot-N2000	0.23057776215448492	0.3369445307897332	0.24059054329671714	0.46864285714285714
nnsvg-N2000	morans_i-N2000	0.12314370338512924	0.667331826920838	0.09367249176938616	0.7945714285714286
nnsvg-N2000	nbumi-N2000	0.17792030460899988	0.41326160536196926	0.17805169126381462	0.5657142857142857
nnsvg-N2000	nnsvg-N2000	0	1	0	1
nnsvg-N2000	osca-N2000	0.15845402766881114	0.2681572170014894	0.18439063089513186	0.40321428571428575
nnsvg-N2000	scPNMF-N2000	0.18716630551517435	0.3737268567288552	0.2017008629015704	0.5207142857142857
nnsvg-N2000	scanpy_cell_ranger-N2000	0.08381531495487171	0.10829473877915187	0.12896428076907854	0.18707142857142858
nnsvg-N2000	scanpy_cell_ranger_batch-N2000	0.08649948348171628	0.11683608948082169	0.13152597968969224	0.2005
nnsvg-N2000	scanpy_pearson-N2000	0.14065999303541998	0.1448994438160568	0.19802458962269837	0.2322857142857143
nnsvg-N2000	scanpy_pearson_batch-N2000	0.11711591534955101	0.11188972113905184	0.17885369120357247	0.18514285714285714
nnsvg-N2000	scanpy_seurat-N2000	0.03846855381246872	0.06687164784138434	0.06483679143672613	0.12335714285714286
nnsvg-N2000	scanpy_seurat_batch-N2000	0.06492145145316462	0.08051633331845603	0.10891985913636555	0.14342857142857143
nnsvg-N2000	scanpy_seurat_v3-N2000	0.12134423723669688	0.18640129855029364	0.16110574019509524	0.30014285714285716
nnsvg-N2000	scanpy_seurat_v3_batch-N2000	0.12236089866221196	0.1275184557348476	0.17614144748982144	0.20985714285714285
nnsvg-N2000	scry-N2000	0.06208240896745045	0.6533717406796287	0.044214843445978425	0.7889285714285714
nnsvg-N2000	scsegindex-N500	0.09373217170280204	0.0876176324309518	0.09469154183578433	0.09371428571428572
nnsvg-N2000	seurat_disp-N2000	0.0835718005359443	0.10116421567097	0.13004834265984103	0.1752857142857143
nnsvg-N2000	seurat_mvp-N2000	0.05099975404826873	0.09720246400752697	0.059835090835045075	0.1427857142857143
nnsvg-N2000	seurat_sct-N2000	0.20155069773675754	0.2216388815698595	0.2694300200688218	0.32507142857142857
nnsvg-N2000	seurat_vst-N2000	0.121493823442865	0.18647197187127754	0.16124951088888537	0.3002142857142857
nnsvg-N2000	singleCellHaystack-N2000	0.11783805058534055	0.5450434793731882	0.10227565459976054	0.6988571428571428
nnsvg-N2000	somde-N2000	0.17412573662712014	0.37124375224695366	0.18272240199405268	0.5216428571428571
nnsvg-N2000	sparkx-N2000	0.06283215335079222	0.61540800733662	0.04913489691897294	0.7602857142857143
nnsvg-N2000	spatialde-N2000	0.17022480729899236	0.47145716823183575	0.15686083459095654	0.6252857142857142
nnsvg-N2000	statistic_mean-N2000	0.15305296666946863	0.5682617291967031	0.13498871205012802	0.7134285714285714
nnsvg-N2000	statistic_variance-N2000	0.12910759011443873	0.5798654661023899	0.10825356037255006	0.7265
nnsvg-N2000	triku-N2000	0.053543647010957665	0.189976804287219	0.07623522495414782	0.31635714285714284
osca-N2000	Brennecke-N2000	0.0643873207633977	0.18388814150181806	0.09070117078049424	0.30642857142857144
osca-N2000	TFs-N2000	0.004508097681238507	0.03585297339608648	0.006940220937885672	0.0585
osca-N2000	anticor-N2000	0.21298340599719745	0.2544926662192986	0.25449962578324065	0.3688571428571429
osca-N2000	dubstepr-N2000	0.17433438407181084	0.23805498421009996	0.2251634327073813	0.3322857142857143
osca-N2000	hotspot-N2000	0.18655311238857386	0.3346144401681464	0.2006668050940829	0.4775
osca-N2000	morans_i-N2000	0.16223155089687002	0.27753837217632377	0.1812819758329679	0.4147857142857143
osca-N2000	nbumi-N2000	0.146747404791513	0.21546356622018892	0.18635826990478518	0.3352857142857143
osca-N2000	nnsvg-N2000	0.15845402766881114	0.2681572170014894	0.18439063089513186	0.40321428571428575
osca-N2000	osca-N2000	0	1	0	1
osca-N2000	scPNMF-N2000	0.10541486118113379	0.3573898685719308	0.11521191654636127	0.5189285714285714
osca-N2000	scanpy_cell_ranger-N2000	0.1097462419099063	0.39220699061434183	0.11756310362240924	0.5555
osca-N2000	scanpy_cell_ranger_batch-N2000	0.10411243793880508	0.4238896416050895	0.10792231553518573	0.5886428571428571
osca-N2000	scanpy_pearson-N2000	0.15073696533906975	0.2428390587127332	0.18774913607055055	0.3712857142857143
osca-N2000	scanpy_pearson_batch-N2000	0.1461161516928699	0.18889691237918954	0.2014150831350168	0.2965714285714286
osca-N2000	scanpy_seurat-N2000	0.06248371547128915	0.17929350260690743	0.08647914694967138	0.30014285714285716
osca-N2000	scanpy_seurat_batch-N2000	0.09963782995968706	0.2615954162928542	0.13087707791591896	0.40585714285714286
osca-N2000	scanpy_seurat_v3-N2000	0.12037051795355655	0.17051593788716318	0.16552891417686344	0.2767857142857143
osca-N2000	scanpy_seurat_v3_batch-N2000	0.11553293351042569	0.13931308974705148	0.16706197167803444	0.23007142857142857
osca-N2000	scry-N2000	0.1150670824619829	0.2811680812277088	0.1320226802304744	0.42878571428571427
osca-N2000	scsegindex-N500	0.033259249123227204	0.039353018847369435	0.0380371059436891	0.046285714285714284
osca-N2000	seurat_disp-N2000	0.08059528885510758	0.1968983120804597	0.10816609802477282	0.3227857142857143
osca-N2000	seurat_mvp-N2000	0.058238010608877996	0.2617853110079487	0.05616620743065049	0.34064285714285714
osca-N2000	seurat_sct-N2000	0.2866465629979694	0.4066006841182541	0.3545096378567631	0.5165
osca-N2000	seurat_vst-N2000	0.12049458223248902	0.17063100457878938	0.16566115732910672	0.2769285714285714
osca-N2000	singleCellHaystack-N2000	0.09112136107031918	0.18226999548828693	0.13505876146188758	0.29942857142857143
osca-N2000	somde-N2000	0.12276337855318542	0.2652756760839217	0.14745096037084912	0.4070714285714286
osca-N2000	sparkx-N2000	0.10330998767230158	0.20304632131299866	0.1409189652314576	0.3272142857142857
osca-N2000	spatialde-N2000	0.1464866224041035	0.26701703100868307	0.17098913917055	0.4045714285714286
osca-N2000	statistic_mean-N2000	0.036203455850482576	0.19937275993740844	0.05098097217403296	0.33114285714285713
osca-N2000	statistic_variance-N2000	0.05605661483170554	0.2322942465696587	0.07363406949555479	0.3741428571428571
osca-N2000	triku-N2000	0.07247229916243542	0.14098562771042017	0.10872206811516279	0.24121428571428571
scPNMF-N2000	Brennecke-N2000	0.05021424058265732	0.09886019540106433	0.0840206890621363	0.17664285714285716
scPNMF-N2000	TFs-N2000	0.0045092328355804895	0.02962430301373532	0.009510645664326947	0.04892857142857143
scPNMF-N2000	anticor-N2000	0.14920806616163254	0.25055896052772975	0.18910037646962097	0.38142857142857145
scPNMF-N2000	dubstepr-N2000	0.16972930449830922	0.3237984424149266	0.18030668318173898	0.414
scPNMF-N2000	hotspot-N2000	0.12440254303856435	0.2822428964112544	0.15371591763162765	0.4275
scPNMF-N2000	morans_i-N2000	0.11658241651545023	0.3246542835680254	0.13806727138815855	0.47978571428571426
scPNMF-N2000	nbumi-N2000	0.0795156615889525	0.18900606000562753	0.11602939898392747	0.3112857142857143
scPNMF-N2000	nnsvg-N2000	0.18716630551517435	0.3737268567288552	0.2017008629015704	0.5207142857142857
scPNMF-N2000	osca-N2000	0.10541486118113379	0.3573898685719308	0.11521191654636127	0.5189285714285714
scPNMF-N2000	scPNMF-N2000	0	1	0	1
scPNMF-N2000	scanpy_cell_ranger-N2000	0.08924221002161706	0.1966883467222533	0.13212048073092766	0.3202857142857143
scPNMF-N2000	scanpy_cell_ranger_batch-N2000	0.09527594144986745	0.21060624566473146	0.13484859234394275	0.33885714285714286
scPNMF-N2000	scanpy_pearson-N2000	0.09681827885887669	0.1487914811048794	0.14512363366322886	0.24857142857142858
scPNMF-N2000	scanpy_pearson_batch-N2000	0.09264144606381355	0.11199752683790691	0.14819826648944376	0.19085714285714286
scPNMF-N2000	scanpy_seurat-N2000	0.04288080783555236	0.09717357893569718	0.07226851385795957	0.1747142857142857
scPNMF-N2000	scanpy_seurat_batch-N2000	0.08090456858266473	0.13220127111047944	0.13350178347301653	0.22535714285714284
scPNMF-N2000	scanpy_seurat_v3-N2000	0.062364443048676825	0.11223448893675857	0.09885192148336006	0.19707142857142856
scPNMF-N2000	scanpy_seurat_v3_batch-N2000	0.061182819983602456	0.08529221623529881	0.1013499947142151	0.1522857142857143
scPNMF-N2000	scry-N2000	0.18200046320099492	0.4098096967696954	0.18325889181311622	0.5612142857142857
scPNMF-N2000	scsegindex-N500	0.09457617163118884	0.08221013902060029	0.09487610969298957	0.08785714285714286
scPNMF-N2000	seurat_disp-N2000	0.06491894201127658	0.11558284352054045	0.10324946673446977	0.20207142857142857
scPNMF-N2000	seurat_mvp-N2000	0.06086002883015961	0.1526110210518577	0.05232624307444319	0.20857142857142857
scPNMF-N2000	seurat_sct-N2000	0.19337476264581688	0.2806583188640185	0.27625553215749193	0.4025714285714286
scPNMF-N2000	seurat_vst-N2000	0.062443119751087836	0.11237360588933912	0.09896079069630606	0.1972857142857143
scPNMF-N2000	singleCellHaystack-N2000	0.20779200743733087	0.2935068726203298	0.23504409414081476	0.42164285714285715
scPNMF-N2000	somde-N2000	0.08533667958484187	0.2506904761616037	0.10804028128875073	0.3945714285714286
scPNMF-N2000	sparkx-N2000	0.16746000369668265	0.31602412605104474	0.18955207225255571	0.45971428571428574
scPNMF-N2000	spatialde-N2000	0.07575650169595828	0.27275903376954586	0.09330939318816117	0.4238571428571429
scPNMF-N2000	statistic_mean-N2000	0.19846435589028455	0.3502213961912481	0.20286343048605737	0.49328571428571427
scPNMF-N2000	statistic_variance-N2000	0.193858121954014	0.3682437286840805	0.19533469445324572	0.5146428571428572
scPNMF-N2000	triku-N2000	0.035461750013319665	0.1284216399186983	0.05725777135858835	0.22607142857142856
scanpy_cell_ranger-N2000	Brennecke-N2000	0.10848683803042077	0.2452139035024766	0.13027173979983606	0.3841428571428571
scanpy_cell_ranger-N2000	TFs-N2000	0.010080269355940528	0.04670990648564882	0.01286791876463841	0.075
scanpy_cell_ranger-N2000	anticor-N2000	0.09775469360307255	0.13494577018162685	0.14456939345452594	0.22714285714285715
scanpy_cell_ranger-N2000	dubstepr-N2000	0.08881454406632162	0.10469237011302118	0.14478185561141876	0.17007142857142857
scanpy_cell_ranger-N2000	hotspot-N2000	0.07386718132391012	0.2722211188502988	0.08797036838780269	0.42357142857142854
scanpy_cell_ranger-N2000	morans_i-N2000	0.08151101004903481	0.1498091320810628	0.11778738917056888	0.25342857142857145
scanpy_cell_ranger-N2000	nbumi-N2000	0.07303880230707711	0.15088015994241127	0.10880405060737136	0.2562857142857143
scanpy_cell_ranger-N2000	nnsvg-N2000	0.08381531495487171	0.10829473877915187	0.12896428076907854	0.18707142857142858
scanpy_cell_ranger-N2000	osca-N2000	0.1097462419099063	0.39220699061434183	0.11756310362240924	0.5555
scanpy_cell_ranger-N2000	scPNMF-N2000	0.08924221002161706	0.1966883467222533	0.13212048073092766	0.3202857142857143
scanpy_cell_ranger-N2000	scanpy_cell_ranger-N2000	0	1	0	1
scanpy_cell_ranger-N2000	scanpy_cell_ranger_batch-N2000	0.1284326209980462	0.6788928791985427	0.08772969850626412	0.8029999999999999
scanpy_cell_ranger-N2000	scanpy_pearson-N2000	0.08843278624471503	0.3925565252124314	0.0960101681123014	0.5585714285714286
scanpy_cell_ranger-N2000	scanpy_pearson_batch-N2000	0.12612039362142724	0.24598741032302676	0.15839052851673147	0.38114285714285717
scanpy_cell_ranger-N2000	scanpy_seurat-N2000	0.1196177219483789	0.2560237302884552	0.14245479650618664	0.3960714285714286
scanpy_cell_ranger-N2000	scanpy_seurat_batch-N2000	0.1515833105857695	0.34333080203591326	0.1737043533736342	0.49442857142857144
scanpy_cell_ranger-N2000	scanpy_seurat_v3-N2000	0.09502569421390007	0.1865654060050516	0.13182419750417237	0.30542857142857144
scanpy_cell_ranger-N2000	scanpy_seurat_v3_batch-N2000	0.09267198366957367	0.16788612458415272	0.13056438842122886	0.27864285714285714
scanpy_cell_ranger-N2000	scry-N2000	0.06975855630209901	0.09781783264542604	0.11266596224068318	0.17207142857142857
scanpy_cell_ranger-N2000	scsegindex-N500	0.003920291084056541	0.007497293780210871	0.004846451819434011	0.009285714285714286
scanpy_cell_ranger-N2000	seurat_disp-N2000	0.09563864755884498	0.22807930863942047	0.1202034485679136	0.36342857142857143
scanpy_cell_ranger-N2000	seurat_mvp-N2000	0.08804958763745423	0.20265108149090907	0.0764863044074216	0.26571428571428574
scanpy_cell_ranger-N2000	seurat_sct-N2000	0.17837719783385714	0.28033412770618404	0.23097464301149104	0.4104285714285714
scanpy_cell_ranger-N2000	seurat_vst-N2000	0.09502836699494724	0.1867124563671097	0.13175726238229218	0.30564285714285716
scanpy_cell_ranger-N2000	singleCellHaystack-N2000	0.05178910686175397	0.08260635651281624	0.0880160970126109	0.149
scanpy_cell_ranger-N2000	somde-N2000	0.04561064982405009	0.1820633071355662	0.06398660574124644	0.30592857142857144
scanpy_cell_ranger-N2000	sparkx-N2000	0.05999125113092901	0.07608608894313112	0.10143241944410926	0.13657142857142857
scanpy_cell_ranger-N2000	spatialde-N2000	0.07086806040497672	0.15546720679418197	0.10251620081026915	0.26371428571428573
scanpy_cell_ranger-N2000	statistic_mean-N2000	0.021820109711448526	0.04294001155452508	0.03911491007884577	0.08164285714285714
scanpy_cell_ranger-N2000	statistic_variance-N2000	0.0364329717951319	0.06520362419181516	0.06322606831272773	0.12057142857142857
scanpy_cell_ranger-N2000	triku-N2000	0.08500663480519251	0.15826383831002822	0.12265277159914642	0.26557142857142857
scanpy_cell_ranger_batch-N2000	Brennecke-N2000	0.11108047191924471	0.2199398227361364	0.13485622855824042	0.3500714285714286
scanpy_cell_ranger_batch-N2000	TFs-N2000	0.008998214876307798	0.04667209014700345	0.012222637078096411	0.07514285714285715
scanpy_cell_ranger_batch-N2000	anticor-N2000	0.10411170628091512	0.14725583358601235	0.15354392887782342	0.24478571428571427
scanpy_cell_ranger_batch-N2000	dubstepr-N2000	0.09251188374698062	0.1144942115335195	0.14893187160897559	0.18342857142857144
scanpy_cell_ranger_batch-N2000	hotspot-N2000	0.06584232703148755	0.2647341159289191	0.08159452596018109	0.415
scanpy_cell_ranger_batch-N2000	morans_i-N2000	0.08775636256825657	0.1549259290050782	0.12510452772439076	0.2601428571428571
scanpy_cell_ranger_batch-N2000	nbumi-N2000	0.07833772155915464	0.15346413674553383	0.11463435660518934	0.25942857142857145
scanpy_cell_ranger_batch-N2000	nnsvg-N2000	0.08649948348171628	0.11683608948082169	0.13152597968969224	0.2005
scanpy_cell_ranger_batch-N2000	osca-N2000	0.10411243793880508	0.4238896416050895	0.10792231553518573	0.5886428571428571
scanpy_cell_ranger_batch-N2000	scPNMF-N2000	0.09527594144986745	0.21060624566473146	0.13484859234394275	0.33885714285714286
scanpy_cell_ranger_batch-N2000	scanpy_cell_ranger-N2000	0.1284326209980462	0.6788928791985427	0.08772969850626412	0.8029999999999999
scanpy_cell_ranger_batch-N2000	scanpy_cell_ranger_batch-N2000	0	1	0	1
scanpy_cell_ranger_batch-N2000	scanpy_pearson-N2000	0.11209374968059838	0.34714538710893345	0.12969442107177492	0.5061428571428571
scanpy_cell_ranger_batch-N2000	scanpy_pearson_batch-N2000	0.13189893669793376	0.2329342822957466	0.16713179145298993	0.36257142857142854
scanpy_cell_ranger_batch-N2000	scanpy_seurat-N2000	0.12005535010851646	0.2283659258330207	0.14489647371567776	0.3597142857142857
scanpy_cell_ranger_batch-N2000	scanpy_seurat_batch-N2000	0.1720990126088821	0.37239291012738424	0.19647682524191715	0.5216428571428571
scanpy_cell_ranger_batch-N2000	scanpy_seurat_v3-N2000	0.10277575862711516	0.1888469663087938	0.14174415247869931	0.3072142857142857
scanpy_cell_ranger_batch-N2000	scanpy_seurat_v3_batch-N2000	0.10126106345237866	0.16729883514741764	0.14346253866427988	0.276
scanpy_cell_ranger_batch-N2000	scry-N2000	0.06756195525578311	0.10429095431375729	0.10818420138158541	0.18321428571428572
scanpy_cell_ranger_batch-N2000	scsegindex-N500	0.008374012816328259	0.011503007967154106	0.010200957004591471	0.014142857142857143
scanpy_cell_ranger_batch-N2000	seurat_disp-N2000	0.0963774482619564	0.20469442963961046	0.12269420951136627	0.3314285714285714
scanpy_cell_ranger_batch-N2000	seurat_mvp-N2000	0.08182935119451368	0.19613272779582425	0.06994096149780968	0.25921428571428573
scanpy_cell_ranger_batch-N2000	seurat_sct-N2000	0.18457714595902014	0.28292609700892485	0.23471735789080042	0.41228571428571426
scanpy_cell_ranger_batch-N2000	seurat_vst-N2000	0.10277093601932918	0.18894271390772757	0.1416614844990557	0.3073571428571429
scanpy_cell_ranger_batch-N2000	singleCellHaystack-N2000	0.056296225920762374	0.09267230492819954	0.09511108793205474	0.16542857142857142
scanpy_cell_ranger_batch-N2000	somde-N2000	0.052662345321890514	0.187101382677394	0.07354104781879106	0.31242857142857144
scanpy_cell_ranger_batch-N2000	sparkx-N2000	0.06276058752123408	0.08124045354307433	0.10610215203598213	0.14500000000000002
scanpy_cell_ranger_batch-N2000	spatialde-N2000	0.07920427063789379	0.1633772673400788	0.11414130757634633	0.2742142857142857
scanpy_cell_ranger_batch-N2000	statistic_mean-N2000	0.018599263091401502	0.04850167216927754	0.033952172242729915	0.092
scanpy_cell_ranger_batch-N2000	statistic_variance-N2000	0.03256711359360803	0.07118555259447557	0.05685172862472212	0.13142857142857142
scanpy_cell_ranger_batch-N2000	triku-N2000	0.08820448379983473	0.16569546274911381	0.12457255487695285	0.27621428571428575
scanpy_pearson-N2000	Brennecke-N2000	0.11540647136701217	0.3361532478394405	0.13067580750340388	0.4935
scanpy_pearson-N2000	TFs-N2000	0.011229641808107942	0.03570473433523446	0.016033447183042972	0.05771428571428572
scanpy_pearson-N2000	anticor-N2000	0.14150864305588212	0.16730274297804795	0.190529244099542	0.26685714285714285
scanpy_pearson-N2000	dubstepr-N2000	0.1504641223393504	0.14950047658839347	0.21683881439578898	0.22628571428571428
scanpy_pearson-N2000	hotspot-N2000	0.1229530199132431	0.3156936936390223	0.1404580940724891	0.46864285714285714
scanpy_pearson-N2000	morans_i-N2000	0.155359552580441	0.17914642923907903	0.20511071342546874	0.2807142857142857
scanpy_pearson-N2000	nbumi-N2000	0.1099203821340199	0.152195988596575	0.15270556013203349	0.2517142857142857
scanpy_pearson-N2000	nnsvg-N2000	0.14065999303541998	0.1448994438160568	0.19802458962269837	0.2322857142857143
scanpy_pearson-N2000	osca-N2000	0.15073696533906975	0.2428390587127332	0.18774913607055055	0.3712857142857143
scanpy_pearson-N2000	scPNMF-N2000	0.09681827885887669	0.1487914811048794	0.14512363366322886	0.24857142857142858
scanpy_pearson-N2000	scanpy_cell_ranger-N2000	0.08843278624471503	0.3925565252124314	0.0960101681123014	0.5585714285714286
scanpy_pearson-N2000	scanpy_cell_ranger_batch-N2000	0.11209374968059838	0.34714538710893345	0.12969442107177492	0.5061428571428571
scanpy_pearson-N2000	scanpy_pearson-N2000	0	1	0	1
scanpy_pearson-N2000	scanpy_pearson_batch-N2000	0.20647514678780035	0.36366658453749995	0.19641037578062345	0.5080714285714286
scanpy_pearson-N2000	scanpy_seurat-N2000	0.10264416400582344	0.32008793947493386	0.11740127564813564	0.47714285714285715
scanpy_pearson-N2000	scanpy_seurat_batch-N2000	0.1135516783996501	0.2694593336915285	0.1357183708658345	0.41414285714285715
scanpy_pearson-N2000	scanpy_seurat_v3-N2000	0.10744701400746205	0.22790526221627508	0.13330130567716916	0.3612142857142857
scanpy_pearson-N2000	scanpy_seurat_v3_batch-N2000	0.10805470235774556	0.20693509824547862	0.13764135591145146	0.33235714285714285
scanpy_pearson-N2000	scry-N2000	0.12699443777493724	0.14095210770243694	0.18598291012117982	0.22935714285714284
scanpy_pearson-N2000	scsegindex-N500	0.003411452813009556	0.003220206378086578	0.004232808366400098	0.004
scanpy_pearson-N2000	seurat_disp-N2000	0.1267581119993935	0.3471715994496773	0.13725879276198005	0.5043571428571428
scanpy_pearson-N2000	seurat_mvp-N2000	0.0620121594533352	0.1516290501123369	0.060350168658777216	0.21114285714285713
scanpy_pearson-N2000	seurat_sct-N2000	0.17645401218380113	0.2258334175747725	0.2241987054463284	0.34085714285714286
scanpy_pearson-N2000	seurat_vst-N2000	0.10763013719567659	0.22793014119634827	0.13351774449577142	0.3612142857142857
scanpy_pearson-N2000	singleCellHaystack-N2000	0.07863419818346559	0.09120033086766371	0.12520364364087963	0.15942857142857142
scanpy_pearson-N2000	somde-N2000	0.10680520041230805	0.17687236377736423	0.14527785365259482	0.2892857142857143
scanpy_pearson-N2000	sparkx-N2000	0.0902779597196496	0.10081879757289133	0.1406792620179135	0.1732857142857143
scanpy_pearson-N2000	spatialde-N2000	0.13439832623357814	0.17461718138746354	0.17954476162943722	0.27971428571428575
scanpy_pearson-N2000	statistic_mean-N2000	0.06914481418714902	0.08878838636176131	0.11337931490187728	0.15692857142857145
scanpy_pearson-N2000	statistic_variance-N2000	0.08453002785068273	0.10438280684282328	0.13452535608044838	0.18021428571428572
scanpy_pearson-N2000	triku-N2000	0.09580413570703979	0.14614502777298063	0.1399818440608162	0.245
scanpy_pearson_batch-N2000	Brennecke-N2000	0.0934947074013592	0.260653828344646	0.10725120711941395	0.4067142857142857
scanpy_pearson_batch-N2000	TFs-N2000	0.01102834629310082	0.03820403547905529	0.015545248853098553	0.061714285714285715
scanpy_pearson_batch-N2000	anticor-N2000	0.11022133642106324	0.12347857633737205	0.1610698236642671	0.2062857142857143
scanpy_pearson_batch-N2000	dubstepr-N2000	0.11983841912547447	0.11846922367934547	0.18531042167388315	0.18807142857142858
scanpy_pearson_batch-N2000	hotspot-N2000	0.12082350256124012	0.22326530321509677	0.15580107891306846	0.35185714285714287
scanpy_pearson_batch-N2000	morans_i-N2000	0.13110318354650752	0.13875354687699692	0.1898396252981272	0.225
scanpy_pearson_batch-N2000	nbumi-N2000	0.08604407207431974	0.12618926000339073	0.13031258207716956	0.21557142857142858
scanpy_pearson_batch-N2000	nnsvg-N2000	0.11711591534955101	0.11188972113905184	0.17885369120357247	0.18514285714285714
scanpy_pearson_batch-N2000	osca-N2000	0.1461161516928699	0.18889691237918954	0.2014150831350168	0.2965714285714286
scanpy_pearson_batch-N2000	scPNMF-N2000	0.09264144606381355	0.11199752683790691	0.14819826648944376	0.19085714285714286
scanpy_pearson_batch-N2000	scanpy_cell_ranger-N2000	0.12612039362142724	0.24598741032302676	0.15839052851673147	0.38114285714285717
scanpy_pearson_batch-N2000	scanpy_cell_ranger_batch-N2000	0.13189893669793376	0.2329342822957466	0.16713179145298993	0.36257142857142854
scanpy_pearson_batch-N2000	scanpy_pearson-N2000	0.20647514678780035	0.36366658453749995	0.19641037578062345	0.5080714285714286
scanpy_pearson_batch-N2000	scanpy_pearson_batch-N2000	0	1	0	1
scanpy_pearson_batch-N2000	scanpy_seurat-N2000	0.09107400681627544	0.250035842967522	0.10967332444691415	0.39321428571428574
scanpy_pearson_batch-N2000	scanpy_seurat_batch-N2000	0.10301519004873917	0.2487963096949702	0.12697079716743268	0.38949999999999996
scanpy_pearson_batch-N2000	scanpy_seurat_v3-N2000	0.11601387654844375	0.18371269893893785	0.15468770382381955	0.29742857142857143
scanpy_pearson_batch-N2000	scanpy_seurat_v3_batch-N2000	0.11390500641167976	0.19663875923367743	0.14929947532839266	0.3165
scanpy_pearson_batch-N2000	scry-N2000	0.11035996028581584	0.11137132781389839	0.17379602850413334	0.18564285714285714
scanpy_pearson_batch-N2000	scsegindex-N500	0.0033853749341061046	0.0028751015080198295	0.004197504927816955	0.0035714285714285713
scanpy_pearson_batch-N2000	seurat_disp-N2000	0.11115011031118606	0.26919486399081977	0.12478204808308575	0.41485714285714287
scanpy_pearson_batch-N2000	seurat_mvp-N2000	0.06800493895912417	0.1566200265854521	0.09675546004034628	0.22592857142857142
scanpy_pearson_batch-N2000	seurat_sct-N2000	0.1480404216655378	0.1897156265634938	0.20504865856901475	0.2970714285714286
scanpy_pearson_batch-N2000	seurat_vst-N2000	0.11617116624061273	0.18383494036885697	0.1548737196803223	0.2975714285714286
scanpy_pearson_batch-N2000	singleCellHaystack-N2000	0.06147448328673728	0.07365143704627855	0.10304882106947912	0.13214285714285715
scanpy_pearson_batch-N2000	somde-N2000	0.09683349238884892	0.14282361021450124	0.14213600127041304	0.23964285714285713
scanpy_pearson_batch-N2000	sparkx-N2000	0.07750044756541367	0.07682585545028933	0.12594225812233312	0.13492857142857143
scanpy_pearson_batch-N2000	spatialde-N2000	0.11254105813912048	0.13861079688090971	0.16267730254065796	0.2297142857142857
scanpy_pearson_batch-N2000	statistic_mean-N2000	0.06126429744148053	0.0691903310905055	0.10612172929504791	0.12421428571428572
scanpy_pearson_batch-N2000	statistic_variance-N2000	0.07767650269219137	0.08280117069796092	0.13031066359902804	0.14492857142857143
scanpy_pearson_batch-N2000	triku-N2000	0.09287358635764252	0.13773377045342777	0.13766989503882104	0.2325
scanpy_seurat-N2000	Brennecke-N2000	0.08431180116318909	0.7501754731567579	0.052988543236115807	0.8550714285714286
scanpy_seurat-N2000	TFs-N2000	0.009855296683023866	0.04428076267334531	0.015037255322001007	0.07142857142857142
scanpy_seurat-N2000	anticor-N2000	0.052503280585675716	0.08061196224693863	0.08542331565294604	0.14564285714285713
scanpy_seurat-N2000	dubstepr-N2000	0.04504751650673868	0.06598561242000907	0.08007258611796579	0.11392857142857143
scanpy_seurat-N2000	hotspot-N2000	0.05564351222764321	0.16021800571125913	0.08275206802192174	0.2727857142857143
scanpy_seurat-N2000	morans_i-N2000	0.04351000619124907	0.08329893412365096	0.07063681422466278	0.15135714285714286
scanpy_seurat-N2000	nbumi-N2000	0.02591670168927927	0.07923041629516586	0.04368106814497231	0.14592857142857144
scanpy_seurat-N2000	nnsvg-N2000	0.03846855381246872	0.06687164784138434	0.06483679143672613	0.12335714285714286
scanpy_seurat-N2000	osca-N2000	0.06248371547128915	0.17929350260690743	0.08647914694967138	0.30014285714285716
scanpy_seurat-N2000	scPNMF-N2000	0.04288080783555236	0.09717357893569718	0.07226851385795957	0.1747142857142857
scanpy_seurat-N2000	scanpy_cell_ranger-N2000	0.1196177219483789	0.2560237302884552	0.14245479650618664	0.3960714285714286
scanpy_seurat-N2000	scanpy_cell_ranger_batch-N2000	0.12005535010851646	0.2283659258330207	0.14489647371567776	0.3597142857142857
scanpy_seurat-N2000	scanpy_pearson-N2000	0.10264416400582344	0.32008793947493386	0.11740127564813564	0.47714285714285715
scanpy_seurat-N2000	scanpy_pearson_batch-N2000	0.09107400681627544	0.250035842967522	0.10967332444691415	0.39321428571428574
scanpy_seurat-N2000	scanpy_seurat-N2000	0	1	0	1
scanpy_seurat-N2000	scanpy_seurat_batch-N2000	0.1950982721590853	0.39393463478239266	0.16870695218124743	0.5450714285714285
scanpy_seurat-N2000	scanpy_seurat_v3-N2000	0.05127631683902987	0.10902086091082366	0.08030277525892685	0.19342857142857142
scanpy_seurat-N2000	scanpy_seurat_v3_batch-N2000	0.0569604186961115	0.1017803600753708	0.08971986826731725	0.18078571428571427
scanpy_seurat-N2000	scry-N2000	0.034504344784515	0.06799849573541472	0.05866561822656233	0.12571428571428572
scanpy_seurat-N2000	scsegindex-N500	0.008814405792930998	0.013970093316827518	0.010625105041497574	0.017142857142857144
scanpy_seurat-N2000	seurat_disp-N2000	0.09538393301010678	0.7270014012371702	0.06336693970533093	0.8389285714285715
scanpy_seurat-N2000	seurat_mvp-N2000	0.08384787915087513	0.4350545955415496	0.1390665308404578	0.511
scanpy_seurat-N2000	seurat_sct-N2000	0.07188044210974602	0.1267697264225327	0.11145493430509204	0.21892857142857144
scanpy_seurat-N2000	seurat_vst-N2000	0.051396426331507976	0.10907315921880344	0.0804622064491564	0.1935
scanpy_seurat-N2000	singleCellHaystack-N2000	0.018597688221155574	0.051923296648316325	0.03342137183357522	0.09821428571428571
scanpy_seurat-N2000	somde-N2000	0.02822727944767431	0.09367449900856266	0.04596725024664947	0.1702857142857143
scanpy_seurat-N2000	sparkx-N2000	0.0257396915350804	0.049774604346254005	0.04626888288914617	0.09385714285714286
scanpy_seurat-N2000	spatialde-N2000	0.03728735403977941	0.08385848150402722	0.06148199504152183	0.15292857142857144
scanpy_seurat-N2000	statistic_mean-N2000	0.006996658663058829	0.044426588599465855	0.012825755338380661	0.085
scanpy_seurat-N2000	statistic_variance-N2000	0.018628353492864704	0.05732190329482009	0.03310643010482578	0.10792857142857143
scanpy_seurat-N2000	triku-N2000	0.04537444053992662	0.08910409968174192	0.07161903178824547	0.1610714285714286
scanpy_seurat_batch-N2000	Brennecke-N2000	0.1852017000317228	0.37012667948830663	0.16379527727362245	0.5213571428571429
scanpy_seurat_batch-N2000	TFs-N2000	0.008534604231985784	0.04730777886911508	0.011477203077239265	0.07614285714285715
scanpy_seurat_batch-N2000	anticor-N2000	0.07512118142092969	0.11539869262918094	0.11994582110269619	0.2
scanpy_seurat_batch-N2000	dubstepr-N2000	0.07270613618922171	0.08596979554465088	0.12241245657125555	0.14435714285714285
scanpy_seurat_batch-N2000	hotspot-N2000	0.059426116292519385	0.18423359409230786	0.08807700905349547	0.3073571428571429
scanpy_seurat_batch-N2000	morans_i-N2000	0.07077202090766024	0.11006052857859253	0.11271450449613626	0.19214285714285714
scanpy_seurat_batch-N2000	nbumi-N2000	0.057756484158704366	0.10497501427322202	0.08944318494627376	0.186
scanpy_seurat_batch-N2000	nnsvg-N2000	0.06492145145316462	0.08051633331845603	0.10891985913636555	0.14342857142857143
scanpy_seurat_batch-N2000	osca-N2000	0.09963782995968706	0.2615954162928542	0.13087707791591896	0.40585714285714286
scanpy_seurat_batch-N2000	scPNMF-N2000	0.08090456858266473	0.13220127111047944	0.13350178347301653	0.22535714285714284
scanpy_seurat_batch-N2000	scanpy_cell_ranger-N2000	0.1515833105857695	0.34333080203591326	0.1737043533736342	0.49442857142857144
scanpy_seurat_batch-N2000	scanpy_cell_ranger_batch-N2000	0.1720990126088821	0.37239291012738424	0.19647682524191715	0.5216428571428571
scanpy_seurat_batch-N2000	scanpy_pearson-N2000	0.1135516783996501	0.2694593336915285	0.1357183708658345	0.41414285714285715
scanpy_seurat_batch-N2000	scanpy_pearson_batch-N2000	0.10301519004873917	0.2487963096949702	0.12697079716743268	0.38949999999999996
scanpy_seurat_batch-N2000	scanpy_seurat-N2000	0.1950982721590853	0.39393463478239266	0.16870695218124743	0.5450714285714285
scanpy_seurat_batch-N2000	scanpy_seurat_batch-N2000	0	1	0	1
scanpy_seurat_batch-N2000	scanpy_seurat_v3-N2000	0.08788793169864947	0.13095284905078894	0.13213940149921757	0.22278571428571428
scanpy_seurat_batch-N2000	scanpy_seurat_v3_batch-N2000	0.08619393560035779	0.11944436430339139	0.13390090507891417	0.20457142857142857
scanpy_seurat_batch-N2000	scry-N2000	0.05287121358812824	0.0754670478807805	0.09125741978966241	0.1365
scanpy_seurat_batch-N2000	scsegindex-N500	0.0034575668212201683	0.006335636995127335	0.004259443290250164	0.007857142857142858
scanpy_seurat_batch-N2000	seurat_disp-N2000	0.1390653356291032	0.3399138988640118	0.13535715542153479	0.49535714285714283
scanpy_seurat_batch-N2000	seurat_mvp-N2000	0.08469415209637936	0.3407820867316735	0.08785756871751223	0.41892857142857143
scanpy_seurat_batch-N2000	seurat_sct-N2000	0.12844350072429062	0.18638623224798828	0.18562045248558245	0.29707142857142854
scanpy_seurat_batch-N2000	seurat_vst-N2000	0.08794215171698742	0.13109573475620756	0.1322113207457415	0.223
scanpy_seurat_batch-N2000	singleCellHaystack-N2000	0.04175802722427775	0.061299605564454865	0.07256803047912386	0.11307142857142857
scanpy_seurat_batch-N2000	somde-N2000	0.041338777980879225	0.13563708372892735	0.0646578909116502	0.23685714285714285
scanpy_seurat_batch-N2000	sparkx-N2000	0.03908122071649155	0.05216129246762833	0.06981429448390719	0.09692857142857143
scanpy_seurat_batch-N2000	spatialde-N2000	0.06086853703202656	0.11486487164662187	0.09749957264863608	0.2015
scanpy_seurat_batch-N2000	statistic_mean-N2000	0.020749888838760194	0.042219621577378984	0.03876608729043368	0.08035714285714286
scanpy_seurat_batch-N2000	statistic_variance-N2000	0.033819424163128775	0.05794012436831873	0.061205742027548825	0.10785714285714286
scanpy_seurat_batch-N2000	triku-N2000	0.06991134842725666	0.12417978111111937	0.1058272401695554	0.21528571428571427
scanpy_seurat_v3-N2000	Brennecke-N2000	0.057578691901848764	0.11486599981093588	0.09027754822925639	0.20207142857142857
scanpy_seurat_v3-N2000	TFs-N2000	0.022031190962940157	0.04619335838709567	0.03029635370170885	0.07307142857142856
scanpy_seurat_v3-N2000	anticor-N2000	0.08109452629377967	0.1736909802095087	0.11428285710714195	0.2892142857142857
scanpy_seurat_v3-N2000	dubstepr-N2000	0.10688983891436675	0.18652932860726903	0.1607409554591012	0.28378571428571425
scanpy_seurat_v3-N2000	hotspot-N2000	0.08660108645460958	0.24155192347535787	0.10477742850351657	0.38285714285714284
scanpy_seurat_v3-N2000	morans_i-N2000	0.12042355785422547	0.2390076856427241	0.14614368337521877	0.3736428571428571
scanpy_seurat_v3-N2000	nbumi-N2000	0.07475943477706831	0.34822119918866884	0.08256094430061664	0.5126428571428572
scanpy_seurat_v3-N2000	nnsvg-N2000	0.12134423723669688	0.18640129855029364	0.16110574019509524	0.30014285714285716
scanpy_seurat_v3-N2000	osca-N2000	0.12037051795355655	0.17051593788716318	0.16552891417686344	0.2767857142857143
scanpy_seurat_v3-N2000	scPNMF-N2000	0.062364443048676825	0.11223448893675857	0.09885192148336006	0.19707142857142856
scanpy_seurat_v3-N2000	scanpy_cell_ranger-N2000	0.09502569421390007	0.1865654060050516	0.13182419750417237	0.30542857142857144
scanpy_seurat_v3-N2000	scanpy_cell_ranger_batch-N2000	0.10277575862711516	0.1888469663087938	0.14174415247869931	0.3072142857142857
scanpy_seurat_v3-N2000	scanpy_pearson-N2000	0.10744701400746205	0.22790526221627508	0.13330130567716916	0.3612142857142857
scanpy_seurat_v3-N2000	scanpy_pearson_batch-N2000	0.11601387654844375	0.18371269893893785	0.15468770382381955	0.29742857142857143
scanpy_seurat_v3-N2000	scanpy_seurat-N2000	0.05127631683902987	0.10902086091082366	0.08030277525892685	0.19342857142857142
scanpy_seurat_v3-N2000	scanpy_seurat_batch-N2000	0.08788793169864947	0.13095284905078894	0.13213940149921757	0.22278571428571428
scanpy_seurat_v3-N2000	scanpy_seurat_v3-N2000	0	1	0	1
scanpy_seurat_v3-N2000	scanpy_seurat_v3_batch-N2000	0.18874545684567073	0.44680379119565417	0.16657673764307407	0.5991428571428571
scanpy_seurat_v3-N2000	scry-N2000	0.07887930115276268	0.13208899004080177	0.11980673921739446	0.2262142857142857
scanpy_seurat_v3-N2000	scsegindex-N500	0.005578592973255778	0.007684533917727957	0.006831300510639732	0.0095
scanpy_seurat_v3-N2000	seurat_disp-N2000	0.0638885918098775	0.11705450245606318	0.09789741958757014	0.2047857142857143
scanpy_seurat_v3-N2000	seurat_mvp-N2000	0.04613548632379601	0.08425855089200039	0.05445061108581838	0.12392857142857143
scanpy_seurat_v3-N2000	seurat_sct-N2000	0.17380975490308775	0.1921698748228674	0.23548627500193237	0.2930714285714286
scanpy_seurat_v3-N2000	seurat_vst-N2000	0.0026889734190569674	0.9974349799230312	0.001349603116263669	0.9987142857142858
scanpy_seurat_v3-N2000	singleCellHaystack-N2000	0.07198704285056153	0.19461914889150966	0.09904075640145035	0.32071428571428573
scanpy_seurat_v3-N2000	somde-N2000	0.09122635994329557	0.24053830565671971	0.1136880652948065	0.3806428571428571
scanpy_seurat_v3-N2000	sparkx-N2000	0.08270650865406179	0.15030838164239438	0.11689229882164831	0.25414285714285717
scanpy_seurat_v3-N2000	spatialde-N2000	0.11770064481315223	0.24427378327996543	0.14197849434735832	0.3811428571428571
scanpy_seurat_v3-N2000	statistic_mean-N2000	0.03266193611500196	0.07952843747988897	0.057157468370075584	0.14585714285714285
scanpy_seurat_v3-N2000	statistic_variance-N2000	0.04552116190917349	0.09456328453824141	0.07624162717496075	0.17007142857142857
scanpy_seurat_v3-N2000	triku-N2000	0.13119357028133707	0.3088645150200278	0.15442550985908418	0.45871428571428574
scanpy_seurat_v3_batch-N2000	Brennecke-N2000	0.06321220806574615	0.10673032068766777	0.09976597616422143	0.188
scanpy_seurat_v3_batch-N2000	TFs-N2000	0.011209366325317474	0.04265786428764434	0.016041241490964114	0.06871428571428571
scanpy_seurat_v3_batch-N2000	anticor-N2000	0.08515423011421273	0.11936906315273217	0.1272621965340323	0.205
scanpy_seurat_v3_batch-N2000	dubstepr-N2000	0.10601841480398241	0.12329319154629759	0.16408095417753252	0.19585714285714284
scanpy_seurat_v3_batch-N2000	hotspot-N2000	0.10242727513945249	0.17861199396678856	0.1358571553752936	0.293
scanpy_seurat_v3_batch-N2000	morans_i-N2000	0.13480740098087424	0.1568775736655549	0.18501933618382907	0.2527857142857143
scanpy_seurat_v3_batch-N2000	nbumi-N2000	0.10595782563577148	0.1984540789960973	0.14602075031929374	0.3201428571428571
scanpy_seurat_v3_batch-N2000	nnsvg-N2000	0.12236089866221196	0.1275184557348476	0.17614144748982144	0.20985714285714285
scanpy_seurat_v3_batch-N2000	osca-N2000	0.11553293351042569	0.13931308974705148	0.16706197167803444	0.23007142857142857
scanpy_seurat_v3_batch-N2000	scPNMF-N2000	0.061182819983602456	0.08529221623529881	0.1013499947142151	0.1522857142857143
scanpy_seurat_v3_batch-N2000	scanpy_cell_ranger-N2000	0.09267198366957367	0.16788612458415272	0.13056438842122886	0.27864285714285714
scanpy_seurat_v3_batch-N2000	scanpy_cell_ranger_batch-N2000	0.10126106345237866	0.16729883514741764	0.14346253866427988	0.276
scanpy_seurat_v3_batch-N2000	scanpy_pearson-N2000	0.10805470235774556	0.20693509824547862	0.13764135591145146	0.33235714285714285
scanpy_seurat_v3_batch-N2000	scanpy_pearson_batch-N2000	0.11390500641167976	0.19663875923367743	0.14929947532839266	0.3165
scanpy_seurat_v3_batch-N2000	scanpy_seurat-N2000	0.0569604186961115	0.1017803600753708	0.08971986826731725	0.18078571428571427
scanpy_seurat_v3_batch-N2000	scanpy_seurat_batch-N2000	0.08619393560035779	0.11944436430339139	0.13390090507891417	0.20457142857142857
scanpy_seurat_v3_batch-N2000	scanpy_seurat_v3-N2000	0.18874545684567073	0.44680379119565417	0.16657673764307407	0.5991428571428571
scanpy_seurat_v3_batch-N2000	scanpy_seurat_v3_batch-N2000	0	1	0	1
scanpy_seurat_v3_batch-N2000	scry-N2000	0.08523923917803707	0.09625131228370035	0.1356878859034674	0.16657142857142856
scanpy_seurat_v3_batch-N2000	scsegindex-N500	0.0029573008454781345	0.00471522968443114	0.0036596252735569997	0.005857142857142858
scanpy_seurat_v3_batch-N2000	seurat_disp-N2000	0.06940094322511106	0.10880367589250288	0.10747557862137798	0.1905
scanpy_seurat_v3_batch-N2000	seurat_mvp-N2000	0.05171677618477817	0.07149072834980018	0.06487322802424521	0.10357142857142858
scanpy_seurat_v3_batch-N2000	seurat_sct-N2000	0.14205132132326176	0.17080860601782424	0.19621213617142133	0.2714285714285714
scanpy_seurat_v3_batch-N2000	seurat_vst-N2000	0.18872558884316182	0.4469412653816808	0.16649821248861732	0.5992857142857143
scanpy_seurat_v3_batch-N2000	singleCellHaystack-N2000	0.08805131928762579	0.12166966812441338	0.13525830667212096	0.20785714285714285
scanpy_seurat_v3_batch-N2000	somde-N2000	0.10809180733766344	0.15535462316920506	0.1510498577417719	0.25685714285714284
scanpy_seurat_v3_batch-N2000	sparkx-N2000	0.09102374249422401	0.09923478819639193	0.13788094415801178	0.1707857142857143
scanpy_seurat_v3_batch-N2000	spatialde-N2000	0.1283439256555963	0.16451139708502463	0.17426959820101398	0.2661428571428571
scanpy_seurat_v3_batch-N2000	statistic_mean-N2000	0.035398566659206585	0.05249834696253756	0.06352324284033666	0.09792857142857143
scanpy_seurat_v3_batch-N2000	statistic_variance-N2000	0.0520899372354131	0.0665630919576137	0.08954860345618117	0.12107142857142858
scanpy_seurat_v3_batch-N2000	triku-N2000	0.14000087655550633	0.20162222314644454	0.18736315641276002	0.31692857142857145
scry-N2000	Brennecke-N2000	0.05687032648481954	0.08093624413437919	0.09591464459413405	0.14542857142857143
scry-N2000	TFs-N2000	0.005569029767418122	0.02212573745233554	0.008333809510204859	0.03642857142857143
scry-N2000	anticor-N2000	0.20809309483959887	0.35876577027943896	0.24657296321875233	0.4958571428571429
scry-N2000	dubstepr-N2000	0.07513236281171141	0.5188065420185037	0.11410573626079913	0.6174285714285714
scry-N2000	hotspot-N2000	0.2019437351949117	0.3111974907472998	0.22884960750926112	0.4446428571428571
scry-N2000	morans_i-N2000	0.07416105265713507	0.5022389916284089	0.06793247697950834	0.6657857142857143
scry-N2000	nbumi-N2000	0.1356748064003959	0.32562393431622527	0.15520493364764995	0.4777142857142857
scry-N2000	nnsvg-N2000	0.06208240896745045	0.6533717406796287	0.044214843445978425	0.7889285714285714
scry-N2000	osca-N2000	0.1150670824619829	0.2811680812277088	0.1320226802304744	0.42878571428571427
scry-N2000	scPNMF-N2000	0.18200046320099492	0.4098096967696954	0.18325889181311622	0.5612142857142857
scry-N2000	scanpy_cell_ranger-N2000	0.06975855630209901	0.09781783264542604	0.11266596224068318	0.17207142857142857
scry-N2000	scanpy_cell_ranger_batch-N2000	0.06756195525578311	0.10429095431375729	0.10818420138158541	0.18321428571428572
scry-N2000	scanpy_pearson-N2000	0.12699443777493724	0.14095210770243694	0.18598291012117982	0.22935714285714284
scry-N2000	scanpy_pearson_batch-N2000	0.11035996028581584	0.11137132781389839	0.17379602850413334	0.18564285714285714
scry-N2000	scanpy_seurat-N2000	0.034504344784515	0.06799849573541472	0.05866561822656233	0.12571428571428572
scry-N2000	scanpy_seurat_batch-N2000	0.05287121358812824	0.0754670478807805	0.09125741978966241	0.1365
scry-N2000	scanpy_seurat_v3-N2000	0.07887930115276268	0.13208899004080177	0.11980673921739446	0.2262142857142857
scry-N2000	scanpy_seurat_v3_batch-N2000	0.08523923917803707	0.09625131228370035	0.1356878859034674	0.16657142857142856
scry-N2000	scry-N2000	0	1	0	1
scry-N2000	scsegindex-N500	0.11550472602744784	0.08970401414238247	0.11536443291132836	0.09242857142857143
scry-N2000	seurat_disp-N2000	0.08701922968378352	0.10957744951439014	0.1352649956478728	0.18842857142857145
scry-N2000	seurat_mvp-N2000	0.04810850613185912	0.09936155588713753	0.053350815587107234	0.14614285714285716
scry-N2000	seurat_sct-N2000	0.17272622555092362	0.21584232384299673	0.24694545860130637	0.3251428571428571
scry-N2000	seurat_vst-N2000	0.07899756872131686	0.13214667073581723	0.11994577147710583	0.22628571428571428
scry-N2000	singleCellHaystack-N2000	0.14736968516783147	0.4997202419788664	0.13745475446054792	0.6548571428571428
scry-N2000	somde-N2000	0.12238585979424871	0.29648270095538964	0.14783899704617537	0.44542857142857145
scry-N2000	sparkx-N2000	0.09165959747457599	0.5821486016378208	0.07272600242397095	0.7322857142857143
scry-N2000	spatialde-N2000	0.10936737787649942	0.36404586931499106	0.11850728328029546	0.5256428571428572
scry-N2000	statistic_mean-N2000	0.19223434502296272	0.7881857492964702	0.13424692955609113	0.8692142857142857
scry-N2000	statistic_variance-N2000	0.16772275506326448	0.8265124597244506	0.11118447776213229	0.8962857142857142
scry-N2000	triku-N2000	0.03063151475917625	0.1266725972177935	0.04923993733313872	0.22371428571428573
scsegindex-N500	Brennecke-N2000	0.0073605091911705	0.009563884842035561	0.03577442555526956	0.04714285714285714
scsegindex-N500	TFs-N2000	0.00937096800132271	0.013578673592167584	0.028910370523559947	0.048857142857142856
scsegindex-N500	anticor-N2000	0.03207734004687689	0.03609894354408496	0.1477720251893823	0.1702857142857143
scsegindex-N500	dubstepr-N2000	0.08601874214097753	0.07207628945766004	0.2037276426530096	0.21742857142857142
scsegindex-N500	hotspot-N2000	0.011984338369771334	0.011097073515311293	0.058142681642416774	0.054285714285714284
scsegindex-N500	morans_i-N2000	0.05587159541284261	0.05758220066224474	0.24507919031164097	0.2611428571428571
scsegindex-N500	nbumi-N2000	0.024385198828275473	0.027303340215358407	0.11390472208949774	0.13057142857142856
scsegindex-N500	nnsvg-N2000	0.09373217170280204	0.0876176324309518	0.37876616734313734	0.3748571428571429
scsegindex-N500	osca-N2000	0.033259249123227204	0.039353018847369435	0.1521484237747564	0.18514285714285714
scsegindex-N500	scPNMF-N2000	0.09457617163118884	0.08221013902060029	0.3795044387719583	0.3514285714285714
scsegindex-N500	scanpy_cell_ranger-N2000	0.003920291084056541	0.007497293780210871	0.019385807277736044	0.037142857142857144
scsegindex-N500	scanpy_cell_ranger_batch-N2000	0.008374012816328259	0.011503007967154106	0.040803828018365886	0.05657142857142857
scsegindex-N500	scanpy_pearson-N2000	0.003411452813009556	0.003220206378086578	0.016931233465600392	0.016
scsegindex-N500	scanpy_pearson_batch-N2000	0.0033853749341061046	0.0028751015080198295	0.01679001971126782	0.014285714285714285
scsegindex-N500	scanpy_seurat-N2000	0.008814405792930998	0.013970093316827518	0.042500420165990295	0.06857142857142857
scsegindex-N500	scanpy_seurat_batch-N2000	0.0034575668212201683	0.006335636995127335	0.017037773161000656	0.03142857142857143
scsegindex-N500	scanpy_seurat_v3-N2000	0.005578592973255778	0.007684533917727957	0.02732520204255893	0.038
scsegindex-N500	scanpy_seurat_v3_batch-N2000	0.0029573008454781345	0.00471522968443114	0.014638501094227999	0.02342857142857143
scsegindex-N500	scry-N2000	0.11550472602744784	0.08970401414238247	0.46145773164531345	0.3697142857142857
scsegindex-N500	scsegindex-N500	0	1	0	1
scsegindex-N500	seurat_disp-N2000	0.006477632277006066	0.010661349871845381	0.03148998329023132	0.052571428571428575
scsegindex-N500	seurat_mvp-N2000	0.014854869048593358	0.024077969576839445	0.064367989678396	0.09171428571428572
scsegindex-N500	seurat_sct-N2000	0.021742218313456504	0.018308259446086474	0.10358249530366284	0.08800000000000001
scsegindex-N500	seurat_vst-N2000	0.005578592973255778	0.007684533917727957	0.02732520204255893	0.038
scsegindex-N500	singleCellHaystack-N2000	0.09014036199778654	0.09645612461608676	0.3635022761440494	0.41428571428571426
scsegindex-N500	somde-N2000	0.01663740418690692	0.022247671284858443	0.07908163353083168	0.1077142857142857
scsegindex-N500	sparkx-N2000	0.08222642372406333	0.08876412354525881	0.33907998775397835	0.38571428571428573
scsegindex-N500	spatialde-N2000	0.02542923329042023	0.03677567978048091	0.11888289556173696	0.17485714285714285
scsegindex-N500	statistic_mean-N2000	0.1144685857866126	0.09227769732213664	0.45668474069203624	0.38142857142857145
scsegindex-N500	statistic_variance-N2000	0.11410241886813156	0.09145934283137865	0.4545685552571487	0.3782857142857143
scsegindex-N500	triku-N2000	0.012863024380118472	0.017403425900830792	0.06196619662210618	0.08485714285714285
seurat_disp-N2000	Brennecke-N2000	0.08311097897492786	0.8873172172528307	0.04757275130436188	0.9385
seurat_disp-N2000	TFs-N2000	0.011398998129093915	0.0418529826008672	0.017857904745651486	0.06771428571428571
seurat_disp-N2000	anticor-N2000	0.0961241611582891	0.11252522569200554	0.14295799416345384	0.19171428571428573
seurat_disp-N2000	dubstepr-N2000	0.09437695489139941	0.09684385220067827	0.15138664626269605	0.1595
seurat_disp-N2000	hotspot-N2000	0.08550384785220295	0.19397445077132403	0.11646346249033682	0.3177857142857143
seurat_disp-N2000	morans_i-N2000	0.08726354450581174	0.11763869980123257	0.13055198745546323	0.2017857142857143
seurat_disp-N2000	nbumi-N2000	0.05279396731651675	0.0967431184367145	0.08460025047807115	0.17292857142857143
seurat_disp-N2000	nnsvg-N2000	0.0835718005359443	0.10116421567097	0.13004834265984103	0.1752857142857143
seurat_disp-N2000	osca-N2000	0.08059528885510758	0.1968983120804597	0.10816609802477282	0.3227857142857143
seurat_disp-N2000	scPNMF-N2000	0.06491894201127658	0.11558284352054045	0.10324946673446977	0.20207142857142857
seurat_disp-N2000	scanpy_cell_ranger-N2000	0.09563864755884498	0.22807930863942047	0.1202034485679136	0.36342857142857143
seurat_disp-N2000	scanpy_cell_ranger_batch-N2000	0.0963774482619564	0.20469442963961046	0.12269420951136627	0.3314285714285714
seurat_disp-N2000	scanpy_pearson-N2000	0.1267581119993935	0.3471715994496773	0.13725879276198005	0.5043571428571428
seurat_disp-N2000	scanpy_pearson_batch-N2000	0.11115011031118606	0.26919486399081977	0.12478204808308575	0.41485714285714287
seurat_disp-N2000	scanpy_seurat-N2000	0.09538393301010678	0.7270014012371702	0.06336693970533093	0.8389285714285715
seurat_disp-N2000	scanpy_seurat_batch-N2000	0.1390653356291032	0.3399138988640118	0.13535715542153479	0.49535714285714283
seurat_disp-N2000	scanpy_seurat_v3-N2000	0.0638885918098775	0.11705450245606318	0.09789741958757014	0.2047857142857143
seurat_disp-N2000	scanpy_seurat_v3_batch-N2000	0.06940094322511106	0.10880367589250288	0.10747557862137798	0.1905
seurat_disp-N2000	scry-N2000	0.08701922968378352	0.10957744951439014	0.1352649956478728	0.18842857142857145
seurat_disp-N2000	scsegindex-N500	0.006477632277006066	0.010661349871845381	0.00787249582255783	0.013142857142857144
seurat_disp-N2000	seurat_disp-N2000	0	1	0	1
seurat_disp-N2000	seurat_mvp-N2000	0.1479123473831076	0.39455975569504154	0.19766542198275108	0.4770714285714286
seurat_disp-N2000	seurat_sct-N2000	0.10416004419472322	0.13775536832004134	0.15351159410223555	0.23014285714285715
seurat_disp-N2000	seurat_vst-N2000	0.06401465664215754	0.11710963208926092	0.0980551351220808	0.20485714285714285
seurat_disp-N2000	singleCellHaystack-N2000	0.0408155874179956	0.06014924500328988	0.07062442582994585	0.11114285714285714
seurat_disp-N2000	somde-N2000	0.06225384683304908	0.1216777898897134	0.09525073428038432	0.21242857142857144
seurat_disp-N2000	sparkx-N2000	0.05969686862835794	0.07868027030146556	0.09842715459620258	0.1412142857142857
seurat_disp-N2000	spatialde-N2000	0.07685185950131865	0.11542129661270403	0.11664419851676744	0.20007142857142857
seurat_disp-N2000	statistic_mean-N2000	0.05571428664025985	0.08354218573233345	0.09214151900098849	0.15014285714285713
seurat_disp-N2000	statistic_variance-N2000	0.06384780162397122	0.09179288765407681	0.10423028533469714	0.16292857142857142
seurat_disp-N2000	triku-N2000	0.04557759396575748	0.09129335493424744	0.07261419577859021	0.1647142857142857
seurat_mvp-N2000	Brennecke-N2000	0.14140961366698232	0.4063058615421513	0.06339635370128208	0.7188215556394707
seurat_mvp-N2000	TFs-N2000	0.014054499784661832	0.03647298723158569	0.011632204873470945	0.07138844975405742
seurat_mvp-N2000	anticor-N2000	0.0751190512960801	0.10814628276981689	0.2008018048267947	0.2713368081425581
seurat_mvp-N2000	dubstepr-N2000	0.05886684592344868	0.09471372514939823	0.15468090184429828	0.21739080628175395
seurat_mvp-N2000	hotspot-N2000	0.05646341160681179	0.1522866247693702	0.16650021215881888	0.36264376728313985
seurat_mvp-N2000	morans_i-N2000	0.0475819026530331	0.11256635487326767	0.14310063829817873	0.27757217402885986
seurat_mvp-N2000	nbumi-N2000	0.032545082868056574	0.09849592524361517	0.09889663815612527	0.2401863359642829
seurat_mvp-N2000	nnsvg-N2000	0.05099975404826873	0.09720246400752697	0.1357120508426716	0.23890774205918514
seurat_mvp-N2000	osca-N2000	0.058238010608877996	0.2617853110079487	0.19602158798685718	0.5621663691596939
seurat_mvp-N2000	scPNMF-N2000	0.06086002883015961	0.1526110210518577	0.1999216000688659	0.3718419467771182
seurat_mvp-N2000	scanpy_cell_ranger-N2000	0.08804958763745423	0.20265108149090907	0.23130142576030668	0.46274092873338923
seurat_mvp-N2000	scanpy_cell_ranger_batch-N2000	0.08182935119451368	0.19613272779582425	0.22204277555780105	0.45120909205383664
seurat_mvp-N2000	scanpy_pearson-N2000	0.0620121594533352	0.1516290501123369	0.16695385645467653	0.358302213438033
seurat_mvp-N2000	scanpy_pearson_batch-N2000	0.06800493895912417	0.1566200265854521	0.1352311044027021	0.34418305572631946
seurat_mvp-N2000	scanpy_seurat-N2000	0.08384787915087513	0.4350545955415496	0.09078923312984481	0.7864030842434371
seurat_mvp-N2000	scanpy_seurat_batch-N2000	0.08469415209637936	0.3407820867316735	0.2076796054000156	0.677596181684772
seurat_mvp-N2000	scanpy_seurat_v3-N2000	0.04613548632379601	0.08425855089200039	0.12922128284167256	0.2127094494899806
seurat_mvp-N2000	scanpy_seurat_v3_batch-N2000	0.05171677618477817	0.07149072834980018	0.13577875928025168	0.1836344323267441
seurat_mvp-N2000	scry-N2000	0.04810850613185912	0.09936155588713753	0.123562321331296	0.24237567994661396
seurat_mvp-N2000	scsegindex-N500	0.014854869048593358	0.024077969576839445	0.017857137926272058	0.03218475956995595
seurat_mvp-N2000	seurat_disp-N2000	0.1479123473831076	0.39455975569504154	0.06198231128280353	0.7007228198262941
seurat_mvp-N2000	seurat_mvp-N2000	0	1	0	1
seurat_mvp-N2000	seurat_sct-N2000	0.12067380811151776	0.15945158235408013	0.2945277762908946	0.38457237563063207
seurat_mvp-N2000	seurat_vst-N2000	0.04628108762192744	0.08432314453942935	0.12948970017070152	0.212846024196345
seurat_mvp-N2000	singleCellHaystack-N2000	0.023766294434282673	0.07007470221136254	0.0750645158686022	0.1745040942144467
seurat_mvp-N2000	somde-N2000	0.036769170987449244	0.12237413353583672	0.14177711017477962	0.3025767783543723
seurat_mvp-N2000	sparkx-N2000	0.03694257072999329	0.07517939483688822	0.10779554322357289	0.18768140197026373
seurat_mvp-N2000	spatialde-N2000	0.046966232921101456	0.11002335465360226	0.1536399149815282	0.27530110916238754
seurat_mvp-N2000	statistic_mean-N2000	0.007763097402350642	0.06550112227563279	0.03522229846615758	0.16316691925138527
seurat_mvp-N2000	statistic_variance-N2000	0.022062322077706156	0.08342402905453994	0.07134333209684648	0.20663005348725572
seurat_mvp-N2000	triku-N2000	0.0216467667201877	0.08934783901764283	0.07817006429907468	0.22135458091731883
seurat_sct-N2000	Brennecke-N2000	0.0810718637891773	0.12043794806072429	0.1265967068705825	0.20714285714285716
seurat_sct-N2000	TFs-N2000	0.0038800931308125937	0.034847937466494845	0.007000000000000002	0.057
seurat_sct-N2000	anticor-N2000	0.18604445168924755	0.2371751207698591	0.23860285293468605	0.35278571428571426
seurat_sct-N2000	dubstepr-N2000	0.19444121968820807	0.19609682677019186	0.2637066597205167	0.2805714285714286
seurat_sct-N2000	hotspot-N2000	0.21167373526165822	0.3156679368303365	0.2569999536779651	0.4446428571428572
seurat_sct-N2000	morans_i-N2000	0.21009054325610765	0.2416623399462351	0.27703450876672214	0.3494285714285714
seurat_sct-N2000	nbumi-N2000	0.17797772849114935	0.20033904452606038	0.24932941014229498	0.30228571428571427
seurat_sct-N2000	nnsvg-N2000	0.20155069773675754	0.2216388815698595	0.2694300200688218	0.32507142857142857
seurat_sct-N2000	osca-N2000	0.2866465629979694	0.4066006841182541	0.3545096378567631	0.5165
seurat_sct-N2000	scPNMF-N2000	0.19337476264581688	0.2806583188640185	0.27625553215749193	0.4025714285714286
seurat_sct-N2000	scanpy_cell_ranger-N2000	0.17837719783385714	0.28033412770618404	0.23097464301149104	0.4104285714285714
seurat_sct-N2000	scanpy_cell_ranger_batch-N2000	0.18457714595902014	0.28292609700892485	0.23471735789080042	0.41228571428571426
seurat_sct-N2000	scanpy_pearson-N2000	0.17645401218380113	0.2258334175747725	0.2241987054463284	0.34085714285714286
seurat_sct-N2000	scanpy_pearson_batch-N2000	0.1480404216655378	0.1897156265634938	0.20504865856901475	0.2970714285714286
seurat_sct-N2000	scanpy_seurat-N2000	0.07188044210974602	0.1267697264225327	0.11145493430509204	0.21892857142857144
seurat_sct-N2000	scanpy_seurat_batch-N2000	0.12844350072429062	0.18638623224798828	0.18562045248558245	0.29707142857142854
seurat_sct-N2000	scanpy_seurat_v3-N2000	0.17380975490308775	0.1921698748228674	0.23548627500193237	0.2930714285714286
seurat_sct-N2000	scanpy_seurat_v3_batch-N2000	0.14205132132326176	0.17080860601782424	0.19621213617142133	0.2714285714285714
seurat_sct-N2000	scry-N2000	0.17272622555092362	0.21584232384299673	0.24694545860130637	0.3251428571428571
seurat_sct-N2000	scsegindex-N500	0.021742218313456504	0.018308259446086474	0.02589562382591571	0.022000000000000002
seurat_sct-N2000	seurat_disp-N2000	0.10416004419472322	0.13775536832004134	0.15351159410223555	0.23014285714285715
seurat_sct-N2000	seurat_mvp-N2000	0.12067380811151776	0.15945158235408013	0.1407820419419087	0.1985
seurat_sct-N2000	seurat_sct-N2000	0	1	0	1
seurat_sct-N2000	seurat_vst-N2000	0.17397736005124298	0.19225795273660032	0.23570085459569906	0.29314285714285715
seurat_sct-N2000	singleCellHaystack-N2000	0.11836676756277036	0.1303879062802621	0.1862925566593219	0.214
seurat_sct-N2000	somde-N2000	0.18349416345483874	0.2387602434149188	0.24853197552255296	0.35414285714285715
seurat_sct-N2000	sparkx-N2000	0.13898820467644263	0.15277502293747475	0.2073858837093421	0.24371428571428572
seurat_sct-N2000	spatialde-N2000	0.1933490702119589	0.24966036215579854	0.24628230994222094	0.36714285714285716
seurat_sct-N2000	statistic_mean-N2000	0.09849094404227784	0.1326499363620587	0.16145712979582152	0.22221428571428573
seurat_sct-N2000	statistic_variance-N2000	0.11640273879033299	0.1587410543141093	0.18591104503677738	0.258
seurat_sct-N2000	triku-N2000	0.11081936466017961	0.151898749530635	0.1642961901421883	0.2502142857142857
seurat_vst-N2000	Brennecke-N2000	0.05769234747090932	0.1149191955149253	0.09042433037523431	0.20214285714285712
seurat_vst-N2000	TFs-N2000	0.02194603805117924	0.046278497558911405	0.030152193318310393	0.07321428571428572
seurat_vst-N2000	anticor-N2000	0.081295516313858	0.17376238413153047	0.11455197406376182	0.28928571428571426
seurat_vst-N2000	dubstepr-N2000	0.10700367436647328	0.18659417530384215	0.16086114982745064	0.28385714285714286
seurat_vst-N2000	hotspot-N2000	0.08666355160420126	0.24183055972173476	0.104798559604787	0.38321428571428573
seurat_vst-N2000	morans_i-N2000	0.12053102948795198	0.2391292496117306	0.1462141286899848	0.3737857142857143
seurat_vst-N2000	nbumi-N2000	0.07475943477706831	0.34822119918866884	0.08256094430061664	0.5126428571428572
seurat_vst-N2000	nnsvg-N2000	0.121493823442865	0.18647197187127754	0.16124951088888537	0.3002142857142857
seurat_vst-N2000	osca-N2000	0.12049458223248902	0.17063100457878938	0.16566115732910672	0.2769285714285714
seurat_vst-N2000	scPNMF-N2000	0.062443119751087836	0.11237360588933912	0.09896079069630606	0.1972857142857143
seurat_vst-N2000	scanpy_cell_ranger-N2000	0.09502836699494724	0.1867124563671097	0.13175726238229218	0.30564285714285716
seurat_vst-N2000	scanpy_cell_ranger_batch-N2000	0.10277093601932918	0.18894271390772757	0.1416614844990557	0.3073571428571429
seurat_vst-N2000	scanpy_pearson-N2000	0.10763013719567659	0.22793014119634827	0.13351774449577142	0.3612142857142857
seurat_vst-N2000	scanpy_pearson_batch-N2000	0.11617116624061273	0.18383494036885697	0.1548737196803223	0.2975714285714286
seurat_vst-N2000	scanpy_seurat-N2000	0.051396426331507976	0.10907315921880344	0.0804622064491564	0.1935
seurat_vst-N2000	scanpy_seurat_batch-N2000	0.08794215171698742	0.13109573475620756	0.1322113207457415	0.223
seurat_vst-N2000	scanpy_seurat_v3-N2000	0.0026889734190569674	0.9974349799230312	0.001349603116263669	0.9987142857142858
seurat_vst-N2000	scanpy_seurat_v3_batch-N2000	0.18872558884316182	0.4469412653816808	0.16649821248861732	0.5992857142857143
seurat_vst-N2000	scry-N2000	0.07899756872131686	0.13214667073581723	0.11994577147710583	0.22628571428571428
seurat_vst-N2000	scsegindex-N500	0.005578592973255778	0.007684533917727957	0.006831300510639732	0.0095
seurat_vst-N2000	seurat_disp-N2000	0.06401465664215754	0.11710963208926092	0.0980551351220808	0.20485714285714285
seurat_vst-N2000	seurat_mvp-N2000	0.04628108762192744	0.08432314453942935	0.05460540266310652	0.124
seurat_vst-N2000	seurat_sct-N2000	0.17397736005124298	0.19225795273660032	0.23570085459569906	0.29314285714285715
seurat_vst-N2000	seurat_vst-N2000	0	1	0	1
seurat_vst-N2000	singleCellHaystack-N2000	0.07198704285056153	0.19461914889150966	0.09904075640145035	0.32071428571428573
seurat_vst-N2000	somde-N2000	0.0913376109876957	0.24071413633337516	0.11379246983204201	0.38085714285714284
seurat_vst-N2000	sparkx-N2000	0.08284810928331737	0.15036999072690033	0.11705121996475772	0.2542142857142857
seurat_vst-N2000	spatialde-N2000	0.11782246560761236	0.24439848203976505	0.14207182958596953	0.3812857142857143
seurat_vst-N2000	statistic_mean-N2000	0.03266193611500196	0.07952843747988897	0.057157468370075584	0.14585714285714285
seurat_vst-N2000	statistic_variance-N2000	0.04552116190917349	0.09456328453824141	0.07624162717496075	0.17007142857142857
seurat_vst-N2000	triku-N2000	0.13130527336797015	0.30912237114572827	0.1545040452544852	0.459
singleCellHaystack-N2000	Brennecke-N2000	0.033192722700849484	0.052122421588044664	0.05845368536998616	0.0975
singleCellHaystack-N2000	TFs-N2000	0.01750695301443156	0.033846473904516006	0.02498618666002325	0.054142857142857145
singleCellHaystack-N2000	anticor-N2000	0.17039680547904903	0.3444352331455903	0.20865339224474183	0.48978571428571427
singleCellHaystack-N2000	dubstepr-N2000	0.10647457960249933	0.5074986034304995	0.10412212380981609	0.6025
singleCellHaystack-N2000	hotspot-N2000	0.11457290384719042	0.22595465905801673	0.1515461975768445	0.3565
singleCellHaystack-N2000	morans_i-N2000	0.10319365024750564	0.4694139554770278	0.0985118436196041	0.633
singleCellHaystack-N2000	nbumi-N2000	0.11097477844119795	0.394163607678363	0.11356967653635114	0.5577142857142857
singleCellHaystack-N2000	nnsvg-N2000	0.11783805058534055	0.5450434793731882	0.10227565459976054	0.6988571428571428
singleCellHaystack-N2000	osca-N2000	0.09112136107031918	0.18226999548828693	0.13505876146188758	0.29942857142857143
singleCellHaystack-N2000	scPNMF-N2000	0.20779200743733087	0.2935068726203298	0.23504409414081476	0.42164285714285715
singleCellHaystack-N2000	scanpy_cell_ranger-N2000	0.05178910686175397	0.08260635651281624	0.0880160970126109	0.149
singleCellHaystack-N2000	scanpy_cell_ranger_batch-N2000	0.056296225920762374	0.09267230492819954	0.09511108793205474	0.16542857142857142
singleCellHaystack-N2000	scanpy_pearson-N2000	0.07863419818346559	0.09120033086766371	0.12520364364087963	0.15942857142857142
singleCellHaystack-N2000	scanpy_pearson_batch-N2000	0.06147448328673728	0.07365143704627855	0.10304882106947912	0.13214285714285715
singleCellHaystack-N2000	scanpy_seurat-N2000	0.018597688221155574	0.051923296648316325	0.03342137183357522	0.09821428571428571
singleCellHaystack-N2000	scanpy_seurat_batch-N2000	0.04175802722427775	0.061299605564454865	0.07256803047912386	0.11307142857142857
singleCellHaystack-N2000	scanpy_seurat_v3-N2000	0.07198704285056153	0.19461914889150966	0.09904075640145035	0.32071428571428573
singleCellHaystack-N2000	scanpy_seurat_v3_batch-N2000	0.08805131928762579	0.12166966812441338	0.13525830667212096	0.20785714285714285
singleCellHaystack-N2000	scry-N2000	0.14736968516783147	0.4997202419788664	0.13745475446054792	0.6548571428571428
singleCellHaystack-N2000	scsegindex-N500	0.09014036199778654	0.09645612461608676	0.09087556903601235	0.10357142857142856
singleCellHaystack-N2000	seurat_disp-N2000	0.0408155874179956	0.06014924500328988	0.07062442582994585	0.11114285714285714
singleCellHaystack-N2000	seurat_mvp-N2000	0.023766294434282673	0.07007470221136254	0.04088572926025482	0.10964285714285714
singleCellHaystack-N2000	seurat_sct-N2000	0.11836676756277036	0.1303879062802621	0.1862925566593219	0.214
singleCellHaystack-N2000	seurat_vst-N2000	0.07198704285056153	0.19461914889150966	0.09904075640145035	0.32071428571428573
singleCellHaystack-N2000	singleCellHaystack-N2000	0	1	0	1
singleCellHaystack-N2000	somde-N2000	0.08896174660079108	0.28133411146971726	0.11759702174719189	0.43214285714285716
singleCellHaystack-N2000	sparkx-N2000	0.12123239633869107	0.5413486946357503	0.1029639904691603	0.6955
singleCellHaystack-N2000	spatialde-N2000	0.040752708499034444	0.34702519138829035	0.0453407731990282	0.5140714285714286
singleCellHaystack-N2000	statistic_mean-N2000	0.16293968948033996	0.47827054870764885	0.1543000324044036	0.6325
singleCellHaystack-N2000	statistic_variance-N2000	0.15253801199411224	0.48392701411842837	0.1437325144644931	0.6395714285714286
singleCellHaystack-N2000	triku-N2000	0.033135713884430935	0.21948753472919552	0.04459113193919893	0.35892857142857143
somde-N2000	Brennecke-N2000	0.03992174804106692	0.10296857310850424	0.06440228848344413	0.18471428571428572
somde-N2000	TFs-N2000	0.028698829298027407	0.049881992981991016	0.0394817619136928	0.07814285714285714
somde-N2000	anticor-N2000	0.17746820730528104	0.3090879745338611	0.2160171124173797	0.4471428571428572
somde-N2000	dubstepr-N2000	0.1514853559950092	0.32617069261468823	0.19037372392718685	0.4387142857142857
somde-N2000	hotspot-N2000	0.15212361753202502	0.36747157436029054	0.15545248853098553	0.5226428571428572
somde-N2000	morans_i-N2000	0.14489371783945135	0.4532769460691058	0.1412122684539299	0.6117857142857143
somde-N2000	nbumi-N2000	0.10101951649010232	0.32762607080177564	0.11275262640801216	0.4862142857142857
somde-N2000	nnsvg-N2000	0.17412573662712014	0.37124375224695366	0.18272240199405268	0.5216428571428571
somde-N2000	osca-N2000	0.12276337855318542	0.2652756760839217	0.14745096037084912	0.4070714285714286
somde-N2000	scPNMF-N2000	0.08533667958484187	0.2506904761616037	0.10804028128875073	0.3945714285714286
somde-N2000	scanpy_cell_ranger-N2000	0.04561064982405009	0.1820633071355662	0.06398660574124644	0.30592857142857144
somde-N2000	scanpy_cell_ranger_batch-N2000	0.052662345321890514	0.187101382677394	0.07354104781879106	0.31242857142857144
somde-N2000	scanpy_pearson-N2000	0.10680520041230805	0.17687236377736423	0.14527785365259482	0.2892857142857143
somde-N2000	scanpy_pearson_batch-N2000	0.09683349238884892	0.14282361021450124	0.14213600127041304	0.23964285714285713
somde-N2000	scanpy_seurat-N2000	0.02822727944767431	0.09367449900856266	0.04596725024664947	0.1702857142857143
somde-N2000	scanpy_seurat_batch-N2000	0.041338777980879225	0.13563708372892735	0.0646578909116502	0.23685714285714285
somde-N2000	scanpy_seurat_v3-N2000	0.09122635994329557	0.24053830565671971	0.1136880652948065	0.3806428571428571
somde-N2000	scanpy_seurat_v3_batch-N2000	0.10809180733766344	0.15535462316920506	0.1510498577417719	0.25685714285714284
somde-N2000	scry-N2000	0.12238585979424871	0.29648270095538964	0.14783899704617537	0.44542857142857145
somde-N2000	scsegindex-N500	0.01663740418690692	0.022247671284858443	0.01977040838270792	0.026928571428571427
somde-N2000	seurat_disp-N2000	0.06225384683304908	0.1216777898897134	0.09525073428038432	0.21242857142857144
somde-N2000	seurat_mvp-N2000	0.036769170987449244	0.12237413353583672	0.03043826695523408	0.1762142857142857
somde-N2000	seurat_sct-N2000	0.18349416345483874	0.2387602434149188	0.24853197552255296	0.35414285714285715
somde-N2000	seurat_vst-N2000	0.0913376109876957	0.24071413633337516	0.11379246983204201	0.38085714285714284
somde-N2000	singleCellHaystack-N2000	0.08896174660079108	0.28133411146971726	0.11759702174719189	0.43214285714285716
somde-N2000	somde-N2000	0	1	0	1
somde-N2000	sparkx-N2000	0.12379013655172078	0.3303741574499321	0.14417982323671866	0.4852142857142857
somde-N2000	spatialde-N2000	0.18558906130908148	0.4681448508029066	0.1686479144478788	0.6195714285714286
somde-N2000	statistic_mean-N2000	0.0753351200909826	0.22691503966348692	0.10125686337701943	0.36457142857142855
somde-N2000	statistic_variance-N2000	0.07927796145650462	0.24174512278492186	0.10590932779640194	0.38357142857142856
somde-N2000	triku-N2000	0.05999616810935465	0.27899068143838907	0.07594836905361932	0.4332142857142857
sparkx-N2000	Brennecke-N2000	0.038774604000277324	0.05790872607924787	0.0675078478682999	0.10735714285714286
sparkx-N2000	TFs-N2000	0.016702074419732708	0.031615728183429836	0.02405004702500105	0.05071428571428572
sparkx-N2000	anticor-N2000	0.17417554259654025	0.3589579183527567	0.2141066434324371	0.5047857142857143
sparkx-N2000	dubstepr-N2000	0.08062631716836494	0.507840782389915	0.11195385954341489	0.608
sparkx-N2000	hotspot-N2000	0.14291917522784262	0.26045221532333745	0.17066996834603942	0.39671428571428574
sparkx-N2000	morans_i-N2000	0.06974590898042685	0.5356836140991241	0.058896600273780866	0.6953571428571429
sparkx-N2000	nbumi-N2000	0.1118422198853364	0.34433722151920343	0.12136882984169724	0.5036428571428572
sparkx-N2000	nnsvg-N2000	0.06283215335079222	0.61540800733662	0.04913489691897294	0.7602857142857143
sparkx-N2000	osca-N2000	0.10330998767230158	0.20304632131299866	0.1409189652314576	0.3272142857142857
sparkx-N2000	scPNMF-N2000	0.16746000369668265	0.31602412605104474	0.18955207225255571	0.45971428571428574
sparkx-N2000	scanpy_cell_ranger-N2000	0.05999125113092901	0.07608608894313112	0.10143241944410926	0.13657142857142857
sparkx-N2000	scanpy_cell_ranger_batch-N2000	0.06276058752123408	0.08124045354307433	0.10610215203598213	0.14500000000000002
sparkx-N2000	scanpy_pearson-N2000	0.0902779597196496	0.10081879757289133	0.1406792620179135	0.1732857142857143
sparkx-N2000	scanpy_pearson_batch-N2000	0.07750044756541367	0.07682585545028933	0.12594225812233312	0.13492857142857143
sparkx-N2000	scanpy_seurat-N2000	0.0257396915350804	0.049774604346254005	0.04626888288914617	0.09385714285714286
sparkx-N2000	scanpy_seurat_batch-N2000	0.03908122071649155	0.05216129246762833	0.06981429448390719	0.09692857142857143
sparkx-N2000	scanpy_seurat_v3-N2000	0.08270650865406179	0.15030838164239438	0.11689229882164831	0.25414285714285717
sparkx-N2000	scanpy_seurat_v3_batch-N2000	0.09102374249422401	0.09923478819639193	0.13788094415801178	0.1707857142857143
sparkx-N2000	scry-N2000	0.09165959747457599	0.5821486016378208	0.07272600242397095	0.7322857142857143
sparkx-N2000	scsegindex-N500	0.08222642372406333	0.08876412354525881	0.08476999693849459	0.09642857142857143
sparkx-N2000	seurat_disp-N2000	0.05969686862835794	0.07868027030146556	0.09842715459620258	0.1412142857142857
sparkx-N2000	seurat_mvp-N2000	0.03694257072999329	0.07517939483688822	0.052047139805226204	0.1147857142857143
sparkx-N2000	seurat_sct-N2000	0.13898820467644263	0.15277502293747475	0.2073858837093421	0.24371428571428572
sparkx-N2000	seurat_vst-N2000	0.08284810928331737	0.15036999072690033	0.11705121996475772	0.2542142857142857
sparkx-N2000	singleCellHaystack-N2000	0.12123239633869107	0.5413486946357503	0.1029639904691603	0.6955
sparkx-N2000	somde-N2000	0.12379013655172078	0.3303741574499321	0.14417982323671866	0.4852142857142857
sparkx-N2000	sparkx-N2000	0	1	0	1
sparkx-N2000	spatialde-N2000	0.07938483989456357	0.4088872270927167	0.0786663387805919	0.5766428571428571
sparkx-N2000	statistic_mean-N2000	0.12551370408099982	0.5733014343134142	0.10676844103010963	0.7215
sparkx-N2000	statistic_variance-N2000	0.11224366837583565	0.5679974577683473	0.09423678384034247	0.71871428571428575
sparkx-N2000	triku-N2000	0.03725192872205031	0.16739368856381923	0.054739426028272906	0.2852857142857143
spatialde-N2000	Brennecke-N2000	0.04914978477634951	0.09301728888712316	0.07940860274854476	0.16714285714285715
spatialde-N2000	TFs-N2000	0.026072244882770275	0.04465366535304902	0.036217925054289	0.07028571428571428
spatialde-N2000	anticor-N2000	0.17255099893660997	0.3540944138586745	0.20843601279186721	0.5002857142857143
spatialde-N2000	dubstepr-N2000	0.1516116995681091	0.4104420859070465	0.18800208965404006	0.5240714285714286
spatialde-N2000	hotspot-N2000	0.1960319996320913	0.3657403421163912	0.19440933129672067	0.5117142857142857
spatialde-N2000	morans_i-N2000	0.14909572057901258	0.5362425245191316	0.12194192606865505	0.6880000000000001
spatialde-N2000	nbumi-N2000	0.13470497242436122	0.3691856793423306	0.14066580624877906	0.5274285714285715
spatialde-N2000	nnsvg-N2000	0.17022480729899236	0.47145716823183575	0.15686083459095654	0.6252857142857142
spatialde-N2000	osca-N2000	0.1464866224041035	0.26701703100868307	0.17098913917055	0.4045714285714286
spatialde-N2000	scPNMF-N2000	0.07575650169595828	0.27275903376954586	0.09330939318816117	0.4238571428571429
spatialde-N2000	scanpy_cell_ranger-N2000	0.07086806040497672	0.15546720679418197	0.10251620081026915	0.26371428571428573
spatialde-N2000	scanpy_cell_ranger_batch-N2000	0.07920427063789379	0.1633772673400788	0.11414130757634633	0.2742142857142857
spatialde-N2000	scanpy_pearson-N2000	0.13439832623357814	0.17461718138746354	0.17954476162943722	0.27971428571428575
spatialde-N2000	scanpy_pearson_batch-N2000	0.11254105813912048	0.13861079688090971	0.16267730254065796	0.2297142857142857
spatialde-N2000	scanpy_seurat-N2000	0.03728735403977941	0.08385848150402722	0.06148199504152183	0.15292857142857144
spatialde-N2000	scanpy_seurat_batch-N2000	0.06086853703202656	0.11486487164662187	0.09749957264863608	0.2015
spatialde-N2000	scanpy_seurat_v3-N2000	0.11770064481315223	0.24427378327996543	0.14197849434735832	0.3811428571428571
spatialde-N2000	scanpy_seurat_v3_batch-N2000	0.1283439256555963	0.16451139708502463	0.17426959820101398	0.2661428571428571
spatialde-N2000	scry-N2000	0.10936737787649942	0.36404586931499106	0.11850728328029546	0.5256428571428572
spatialde-N2000	scsegindex-N500	0.02542923329042023	0.03677567978048091	0.02972072389043424	0.04371428571428571
spatialde-N2000	seurat_disp-N2000	0.07685185950131865	0.11542129661270403	0.11664419851676744	0.20007142857142857
spatialde-N2000	seurat_mvp-N2000	0.046966232921101456	0.11002335465360226	0.04881207891105487	0.15842857142857142
spatialde-N2000	seurat_sct-N2000	0.1933490702119589	0.24966036215579854	0.24628230994222094	0.36714285714285716
spatialde-N2000	seurat_vst-N2000	0.11782246560761236	0.24439848203976505	0.14207182958596953	0.3812857142857143
spatialde-N2000	singleCellHaystack-N2000	0.040752708499034444	0.34702519138829035	0.0453407731990282	0.5140714285714286
spatialde-N2000	somde-N2000	0.18558906130908148	0.4681448508029066	0.1686479144478788	0.6195714285714286
spatialde-N2000	sparkx-N2000	0.07938483989456357	0.4088872270927167	0.0786663387805919	0.5766428571428571
spatialde-N2000	spatialde-N2000	0	1	0	1
spatialde-N2000	statistic_mean-N2000	0.07036173782902348	0.2903517431797718	0.08189365926963715	0.44621428571428573
spatialde-N2000	statistic_variance-N2000	0.06269729222512613	0.3007974010777894	0.07402332322283552	0.45942857142857146
spatialde-N2000	triku-N2000	0.05330696500969592	0.2628056658760918	0.06547436794000272	0.41385714285714287
statistic_mean-N2000	Brennecke-N2000	0.03289714438282036	0.05702554979156134	0.057791806141899195	0.10635714285714286
statistic_mean-N2000	TFs-N2000	0.005552590517835856	0.01797780273031501	0.009182021771348825	0.029857142857142856
statistic_mean-N2000	anticor-N2000	0.15304984333678812	0.2962017832675045	0.20184373375743636	0.43664285714285717
statistic_mean-N2000	dubstepr-N2000	0.07563539127225785	0.44344863582880356	0.07805812852337309	0.5502142857142858
statistic_mean-N2000	hotspot-N2000	0.10061826967616246	0.2164133509382731	0.1398372353164649	0.3459285714285714
statistic_mean-N2000	morans_i-N2000	0.0838995524992348	0.4165329328131225	0.08503668676070404	0.5837857142857142
statistic_mean-N2000	nbumi-N2000	0.0772092243208177	0.2560437802453961	0.1028550181658861	0.40228571428571425
statistic_mean-N2000	nnsvg-N2000	0.15305296666946863	0.5682617291967031	0.13498871205012802	0.7134285714285714
statistic_mean-N2000	osca-N2000	0.036203455850482576	0.19937275993740844	0.05098097217403296	0.33114285714285713
statistic_mean-N2000	scPNMF-N2000	0.19846435589028455	0.3502213961912481	0.20286343048605737	0.49328571428571427
statistic_mean-N2000	scanpy_cell_ranger-N2000	0.021820109711448526	0.04294001155452508	0.03911491007884577	0.08164285714285714
statistic_mean-N2000	scanpy_cell_ranger_batch-N2000	0.018599263091401502	0.04850167216927754	0.033952172242729915	0.092
statistic_mean-N2000	scanpy_pearson-N2000	0.06914481418714902	0.08878838636176131	0.11337931490187728	0.15692857142857145
statistic_mean-N2000	scanpy_pearson_batch-N2000	0.06126429744148053	0.0691903310905055	0.10612172929504791	0.12421428571428572
statistic_mean-N2000	scanpy_seurat-N2000	0.006996658663058829	0.044426588599465855	0.012825755338380661	0.085
statistic_mean-N2000	scanpy_seurat_batch-N2000	0.020749888838760194	0.042219621577378984	0.03876608729043368	0.08035714285714286
statistic_mean-N2000	scanpy_seurat_v3-N2000	0.03266193611500196	0.07952843747988897	0.057157468370075584	0.14585714285714285
statistic_mean-N2000	scanpy_seurat_v3_batch-N2000	0.035398566659206585	0.05249834696253756	0.06352324284033666	0.09792857142857143
statistic_mean-N2000	scry-N2000	0.19223434502296272	0.7881857492964702	0.13424692955609113	0.8692142857142857
statistic_mean-N2000	scsegindex-N500	0.1144685857866126	0.09227769732213664	0.11417118517300906	0.09535714285714286
statistic_mean-N2000	seurat_disp-N2000	0.05571428664025985	0.08354218573233345	0.09214151900098849	0.15014285714285713
statistic_mean-N2000	seurat_mvp-N2000	0.007763097402350642	0.06550112227563279	0.023989581071790316	0.10350000000000001
statistic_mean-N2000	seurat_sct-N2000	0.09849094404227784	0.1326499363620587	0.16145712979582152	0.22221428571428573
statistic_mean-N2000	seurat_vst-N2000	0.03266193611500196	0.07952843747988897	0.057157468370075584	0.14585714285714285
statistic_mean-N2000	singleCellHaystack-N2000	0.16293968948033996	0.47827054870764885	0.1543000324044036	0.6325
statistic_mean-N2000	somde-N2000	0.0753351200909826	0.22691503966348692	0.10125686337701943	0.36457142857142855
statistic_mean-N2000	sparkx-N2000	0.12551370408099982	0.5733014343134142	0.10676844103010963	0.7215
statistic_mean-N2000	spatialde-N2000	0.07036173782902348	0.2903517431797718	0.08189365926963715	0.44621428571428573
statistic_mean-N2000	statistic_mean-N2000	0	1	0	1
statistic_mean-N2000	statistic_variance-N2000	0.07961420673784503	0.9091425932677443	0.04544580760170764	0.9507857142857143
statistic_mean-N2000	triku-N2000	0.0329574230119315	0.08793477688143495	0.05547661454977909	0.16021428571428573
statistic_variance-N2000	Brennecke-N2000	0.04520442832723358	0.06990549536143098	0.07786672068654356	0.12785714285714286
statistic_variance-N2000	TFs-N2000	0.005058094360346161	0.019101901645634956	0.008107169079042973	0.031642857142857146
statistic_variance-N2000	anticor-N2000	0.15769909560509524	0.3041393274438821	0.20563999981474793	0.4451428571428572
statistic_variance-N2000	dubstepr-N2000	0.06163215944358497	0.45658311929881745	0.07552412102860158	0.5633571428571429
statistic_variance-N2000	hotspot-N2000	0.11696714919864197	0.23652896481517094	0.15631709987805464	0.36992857142857144
statistic_variance-N2000	morans_i-N2000	0.06617832421577517	0.4290413796889786	0.06559707455730165	0.5978571428571429
statistic_variance-N2000	nbumi-N2000	0.10047654409604248	0.27721235765854835	0.1256084240426421	0.42564285714285716
statistic_variance-N2000	nnsvg-N2000	0.12910759011443873	0.5798654661023899	0.10825356037255006	0.7265
statistic_variance-N2000	osca-N2000	0.05605661483170554	0.2322942465696587	0.07363406949555479	0.3741428571428571
statistic_variance-N2000	scPNMF-N2000	0.193858121954014	0.3682437286840805	0.19533469445324572	0.5146428571428572
statistic_variance-N2000	scanpy_cell_ranger-N2000	0.0364329717951319	0.06520362419181516	0.06322606831272773	0.12057142857142857
statistic_variance-N2000	scanpy_cell_ranger_batch-N2000	0.03256711359360803	0.07118555259447557	0.05685172862472212	0.13142857142857142
statistic_variance-N2000	scanpy_pearson-N2000	0.08453002785068273	0.10438280684282328	0.13452535608044838	0.18021428571428572
statistic_variance-N2000	scanpy_pearson_batch-N2000	0.07767650269219137	0.08280117069796092	0.13031066359902804	0.14492857142857143
statistic_variance-N2000	scanpy_seurat-N2000	0.018628353492864704	0.05732190329482009	0.03310643010482578	0.10792857142857143
statistic_variance-N2000	scanpy_seurat_batch-N2000	0.033819424163128775	0.05794012436831873	0.061205742027548825	0.10785714285714286
statistic_variance-N2000	scanpy_seurat_v3-N2000	0.04552116190917349	0.09456328453824141	0.07624162717496075	0.17007142857142857
statistic_variance-N2000	scanpy_seurat_v3_batch-N2000	0.0520899372354131	0.0665630919576137	0.08954860345618117	0.12107142857142858
statistic_variance-N2000	scry-N2000	0.16772275506326448	0.8265124597244506	0.11118447776213229	0.8962857142857142
statistic_variance-N2000	scsegindex-N500	0.11410241886813156	0.09145934283137865	0.11364213881428717	0.09457142857142857
statistic_variance-N2000	seurat_disp-N2000	0.06384780162397122	0.09179288765407681	0.10423028533469714	0.16292857142857142
statistic_variance-N2000	seurat_mvp-N2000	0.022062322077706156	0.08342402905453994	0.028787811574312056	0.12728571428571428
statistic_variance-N2000	seurat_sct-N2000	0.11640273879033299	0.1587410543141093	0.18591104503677738	0.258
statistic_variance-N2000	seurat_vst-N2000	0.04552116190917349	0.09456328453824141	0.07624162717496075	0.17007142857142857
statistic_variance-N2000	singleCellHaystack-N2000	0.15253801199411224	0.48392701411842837	0.1437325144644931	0.6395714285714286
statistic_variance-N2000	somde-N2000	0.07927796145650462	0.24174512278492186	0.10590932779640194	0.38357142857142856
statistic_variance-N2000	sparkx-N2000	0.11224366837583565	0.5679974577683473	0.09423678384034247	0.71871428571428575
statistic_variance-N2000	spatialde-N2000	0.06269729222512613	0.3007974010777894	0.07402332322283552	0.45942857142857146
statistic_variance-N2000	statistic_mean-N2000	0.07961420673784503	0.9091425932677443	0.04544580760170764	0.9507857142857143
statistic_variance-N2000	statistic_variance-N2000	0	1	0	1
statistic_variance-N2000	triku-N2000	0.024602980977334384	0.09829552549115557	0.04074908704790937	0.17821428571428571
triku-N2000	Brennecke-N2000	0.04862790301044223	0.09345304642703237	0.07696644290425103	0.168
triku-N2000	TFs-N2000	0.03001119029341787	0.051823931714650266	0.04105759601433321	0.08085714285714286
triku-N2000	anticor-N2000	0.08560963661015847	0.19632194349352827	0.12015223478491578	0.32085714285714284
triku-N2000	dubstepr-N2000	0.08063948468878118	0.21638725906030512	0.11845302464529577	0.3219285714285714
triku-N2000	hotspot-N2000	0.054995210244273826	0.22636108117126044	0.07479073981386172	0.36628571428571427
triku-N2000	morans_i-N2000	0.038846494765338115	0.257407005810616	0.04842753545738406	0.40814285714285714
triku-N2000	nbumi-N2000	0.0537496690600641	0.30671458676342195	0.061276597723530876	0.4672857142857143
triku-N2000	nnsvg-N2000	0.053543647010957665	0.189976804287219	0.07623522495414782	0.31635714285714284
triku-N2000	osca-N2000	0.07247229916243542	0.14098562771042017	0.10872206811516279	0.24121428571428571
triku-N2000	scPNMF-N2000	0.035461750013319665	0.1284216399186983	0.05725777135858835	0.22607142857142856
triku-N2000	scanpy_cell_ranger-N2000	0.08500663480519251	0.15826383831002822	0.12265277159914642	0.26557142857142857
triku-N2000	scanpy_cell_ranger_batch-N2000	0.08820448379983473	0.16569546274911381	0.12457255487695285	0.27621428571428575
triku-N2000	scanpy_pearson-N2000	0.09580413570703979	0.14614502777298063	0.1399818440608162	0.245
triku-N2000	scanpy_pearson_batch-N2000	0.09287358635764252	0.13773377045342777	0.13766989503882104	0.2325
triku-N2000	scanpy_seurat-N2000	0.04537444053992662	0.08910409968174192	0.07161903178824547	0.1610714285714286
triku-N2000	scanpy_seurat_batch-N2000	0.06991134842725666	0.12417978111111937	0.1058272401695554	0.21528571428571427
triku-N2000	scanpy_seurat_v3-N2000	0.13119357028133707	0.3088645150200278	0.15442550985908418	0.45871428571428574
triku-N2000	scanpy_seurat_v3_batch-N2000	0.14000087655550633	0.20162222314644454	0.18736315641276002	0.31692857142857145
triku-N2000	scry-N2000	0.03063151475917625	0.1266725972177935	0.04923993733313872	0.22371428571428573
triku-N2000	scsegindex-N500	0.012863024380118472	0.017403425900830792	0.015491549155526545	0.021214285714285713
triku-N2000	seurat_disp-N2000	0.04557759396575748	0.09129335493424744	0.07261419577859021	0.1647142857142857
triku-N2000	seurat_mvp-N2000	0.0216467667201877	0.08934783901764283	0.02837168273036305	0.13557142857142856
triku-N2000	seurat_sct-N2000	0.11081936466017961	0.151898749530635	0.1642961901421883	0.2502142857142857
triku-N2000	seurat_vst-N2000	0.13130527336797015	0.30912237114572827	0.1545040452544852	0.459
triku-N2000	singleCellHaystack-N2000	0.033135713884430935	0.21948753472919552	0.04459113193919893	0.35892857142857143
triku-N2000	somde-N2000	0.05999616810935465	0.27899068143838907	0.07594836905361932	0.4332142857142857
triku-N2000	sparkx-N2000	0.03725192872205031	0.16739368856381923	0.054739426028272906	0.2852857142857143
triku-N2000	spatialde-N2000	0.05330696500969592	0.2628056658760918	0.06547436794000272	0.41385714285714287
triku-N2000	statistic_mean-N2000	0.0329574230119315	0.08793477688143495	0.05547661454977909	0.16021428571428573
triku-N2000	statistic_variance-N2000	0.024602980977334384	0.09829552549115557	0.04074908704790937	0.17821428571428571
triku-N2000	triku-N2000	0	1	0	1
