dataset	platform	n_slices	fs_method	n_features	integration_method	task	metric_name	metric_value	random_seed	runtime	memory_usage	effective_n_features	notes	Metric	DirectionMultiplier	OrientedValue	Lower	Upper	Range	RangeStatus	FrozenScaleDenominator	ScaledValue
DLPFC	Visium	4	hybrid_hvg_svg_intersection	2000	cellcharter	alignment_eval	Accuracy	0.7456	0	59.1185776228	4476.4375	354	cache_signature=40b625cec8d7710e5bff91f5450165d4	Accuracy	1	0.7456	0.1911	0.7779333333333334	0.5868333333333333	ok	0.5868333333333333	0.944902016472593
DLPFC	Visium	4	hybrid_hvg_svg_intersection	2000	cellcharter	alignment_eval	Ratio	1.2216029893	0	59.1185776228	4476.4375	354	cache_signature=40b625cec8d7710e5bff91f5450165d4	Ratio	-1	-1.2216029893	-6.5600224227	-0.7340294017333333	5.825993020966667	ok	5.825993020966667	0.916310646818151
DLPFC	Visium	4	hybrid_hvg_svg_intersection	2000	cellcharter	clustering_eval	silhouette	0.0969725475	0	59.629046659	4476.4375	354	cache_signature=8f13db566f0a75e232e1656442710916	silhouette	1	0.0969725475	0.0293384020666666	0.8794011474	0.8500627453333333	ok	0.8500627453333333	0.0795637096257079
DLPFC	Visium	4	hybrid_hvg_svg_intersection	2000	cellcharter	clustering_eval	ari	0.3269934511	0	59.629046659	4476.4375	354	cache_signature=8f13db566f0a75e232e1656442710916	ari	1	0.3269934511	0.0102727844	0.3847598367	0.3744870523	ok	0.3744870523	0.8457453061588799
DLPFC	Visium	4	hybrid_hvg_svg_intersection	2000	cellcharter	clustering_eval	nmi	0.5013855998	0	59.629046659	4476.4375	354	cache_signature=8f13db566f0a75e232e1656442710916	nmi	1	0.5013855998	0.0183960378	0.5333746913	0.5149786535	ok	0.5149786535	0.937882684490727
DLPFC	Visium	4	hybrid_hvg_svg_intersection	2000	cellcharter	clustering_eval	CHAOS	0.0589507247	0	59.629046659	4476.4375	354	cache_signature=8f13db566f0a75e232e1656442710916	CHAOS	-1	-0.0589507247	-0.0892011679	-0.0581763831	0.0310247848	ok	0.0310247848	0.9750411935169976
DLPFC	Visium	4	hybrid_hvg_svg_intersection	2000	cellcharter	clustering_eval	PAS	0.0463333333	0	59.629046659	4476.4375	354	cache_signature=8f13db566f0a75e232e1656442710916	PAS	-1	-0.0463333333	-0.8281666667	-0.0269444444333333	0.8012222222666667	ok	0.8012222222666667	0.9758008598266092
DLPFC	Visium	4	hybrid_hvg_svg_intersection	2000	cellcharter	integration_eval	bASW	0.9608481415	0	62.6352021061	4476.4375	354	cache_signature=f580de5453b3e951adc8666e924b33bf	bASW	1	0.9608481415	0.2491534837	0.996775472	0.7476219883	ok	0.7476219883	0.9519445240211643
DLPFC	Visium	4	hybrid_hvg_svg_intersection	2000	cellcharter	integration_eval	iLISI	0.1996833458	0	62.6352021061	4476.4375	354	cache_signature=f580de5453b3e951adc8666e924b33bf	iLISI	1	0.1996833458	0.0012992992	0.7221799351000001	0.7208806359000001	ok	0.7208806359000001	0.275196803354723
DLPFC	Visium	4	hybrid_hvg_svg_intersection	2000	cellcharter	integration_eval	dASW	0.5226503424	0	62.6352021061	4476.4375	354	cache_signature=f580de5453b3e951adc8666e924b33bf	dASW	1	0.5226503424	0.4023712054	0.535358496	0.1329872905999999	ok	0.1329872905999999	0.9044408413566106
DLPFC	Visium	4	hybrid_hvg_svg_intersection	2000	cellcharter	integration_eval	dLISI	0.9356383696	0	62.6352021061	4476.4375	354	cache_signature=f580de5453b3e951adc8666e924b33bf	dLISI	1	0.9356383696	0.4844990385	0.9507964562	0.4662974177	ok	0.4662974177	0.967492664499909
DLPFC	Visium	4	hybrid_hvg_svg_intersection	2000	cellcharter	integration_eval	ILL	0.6456927222	0	62.6352021061	4476.4375	354	cache_signature=f580de5453b3e951adc8666e924b33bf	ILL	1	0.6456927222	0.2138871761	0.7071418377	0.4932546616000001	ok	0.4932546616000001	0.8754211155335585
DLPFC	Visium	4	hybrid_hvg_svg_intersection	2000	cellcharter	integration_eval	GC	0.9780968227	0	62.6352021061	4476.4375	354	cache_signature=f580de5453b3e951adc8666e924b33bf	GC	1	0.9780968227	0.2342750748	0.993962209	0.7596871342	ok	0.7596871342	0.9791158944442211
DLPFC	Visium	4	hybrid_hvg_svg_intersection	2000	cellcharter	alignment_eval	Accuracy	0.7596	1	53.6792419842	4476.4375	354	cache_signature=99731055b97e5e8c6d7914400841690c	Accuracy	1	0.7596	0.1911	0.7779333333333334	0.5868333333333333	ok	0.5868333333333333	0.9687588753195115
DLPFC	Visium	4	hybrid_hvg_svg_intersection	2000	cellcharter	alignment_eval	Ratio	1.1903194978	1	53.6792419842	4476.4375	354	cache_signature=99731055b97e5e8c6d7914400841690c	Ratio	-1	-1.1903194978	-6.5600224227	-0.7340294017333333	5.825993020966667	ok	5.825993020966667	0.9216802879055015
DLPFC	Visium	4	hybrid_hvg_svg_intersection	2000	cellcharter	clustering_eval	silhouette	0.1120040044	1	54.1426104754	4476.4375	354	cache_signature=9f6e458e2b137e70331e1c7a554a9ab7	silhouette	1	0.1120040044	0.0293384020666666	0.8794011474	0.8500627453333333	ok	0.8500627453333333	0.09724647126009259
DLPFC	Visium	4	hybrid_hvg_svg_intersection	2000	cellcharter	clustering_eval	ari	0.2844571172	1	54.1426104754	4476.4375	354	cache_signature=9f6e458e2b137e70331e1c7a554a9ab7	ari	1	0.2844571172	0.0102727844	0.3847598367	0.3744870523	ok	0.3744870523	0.7321597131757497
DLPFC	Visium	4	hybrid_hvg_svg_intersection	2000	cellcharter	clustering_eval	nmi	0.4290867741	1	54.1426104754	4476.4375	354	cache_signature=9f6e458e2b137e70331e1c7a554a9ab7	nmi	1	0.4290867741	0.0183960378	0.5333746913	0.5149786535	ok	0.5149786535	0.7974907959947121
DLPFC	Visium	4	hybrid_hvg_svg_intersection	2000	cellcharter	clustering_eval	CHAOS	0.059194521	1	54.1426104754	4476.4375	354	cache_signature=9f6e458e2b137e70331e1c7a554a9ab7	CHAOS	-1	-0.059194521	-0.0892011679	-0.0581763831	0.0310247848	ok	0.0310247848	0.9671830793811019
DLPFC	Visium	4	hybrid_hvg_svg_intersection	2000	cellcharter	clustering_eval	PAS	0.0555833333	1	54.1426104754	4476.4375	354	cache_signature=9f6e458e2b137e70331e1c7a554a9ab7	PAS	-1	-0.0555833333	-0.8281666667	-0.0269444444333333	0.8012222222666667	ok	0.8012222222666667	0.9642559978108858
DLPFC	Visium	4	hybrid_hvg_svg_intersection	2000	cellcharter	integration_eval	bASW	0.9595292528	1	57.1296913698	4476.4375	354	cache_signature=376fabbe9bbb3201e5d9301341bb72e2	bASW	1	0.9595292528	0.2491534837	0.996775472	0.7476219883	ok	0.7476219883	0.9501804123168002
DLPFC	Visium	4	hybrid_hvg_svg_intersection	2000	cellcharter	integration_eval	iLISI	0.1991068934	1	57.1296913698	4476.4375	354	cache_signature=376fabbe9bbb3201e5d9301341bb72e2	iLISI	1	0.1991068934	0.0012992992	0.7221799351000001	0.7208806359000001	ok	0.7208806359000001	0.27439715307797463
DLPFC	Visium	4	hybrid_hvg_svg_intersection	2000	cellcharter	integration_eval	dASW	0.5244391114	1	57.1296913698	4476.4375	354	cache_signature=376fabbe9bbb3201e5d9301341bb72e2	dASW	1	0.5244391114	0.4023712054	0.535358496	0.1329872905999999	ok	0.1329872905999999	0.9178915176725926
DLPFC	Visium	4	hybrid_hvg_svg_intersection	2000	cellcharter	integration_eval	dLISI	0.9355396285	1	57.1296913698	4476.4375	354	cache_signature=376fabbe9bbb3201e5d9301341bb72e2	dLISI	1	0.9355396285	0.4844990385	0.9507964562	0.4662974177	ok	0.4662974177	0.967280908877313
DLPFC	Visium	4	hybrid_hvg_svg_intersection	2000	cellcharter	integration_eval	ILL	0.6467342614	1	57.1296913698	4476.4375	354	cache_signature=376fabbe9bbb3201e5d9301341bb72e2	ILL	1	0.6467342614	0.2138871761	0.7071418377	0.4932546616000001	ok	0.4932546616000001	0.8775326803723409
DLPFC	Visium	4	hybrid_hvg_svg_intersection	2000	cellcharter	integration_eval	GC	0.9724876459	1	57.1296913698	4476.4375	354	cache_signature=376fabbe9bbb3201e5d9301341bb72e2	GC	1	0.9724876459	0.2342750748	0.993962209	0.7596871342	ok	0.7596871342	0.9717323591077871
DLPFC	Visium	4	hybrid_hvg_svg_intersection	2000	cellcharter	alignment_eval	Accuracy	0.7503	2	52.0891322782	4863.83984375	354	cache_signature=7379037c18d5fad5111e1d4f680f275f	Accuracy	1	0.7503	0.1911	0.7779333333333334	0.5868333333333333	ok	0.5868333333333333	0.9529111047997727
DLPFC	Visium	4	hybrid_hvg_svg_intersection	2000	cellcharter	alignment_eval	Ratio	1.1863036785	2	52.0891322782	4863.83984375	354	cache_signature=7379037c18d5fad5111e1d4f680f275f	Ratio	-1	-1.1863036785	-6.5600224227	-0.7340294017333333	5.825993020966667	ok	5.825993020966667	0.9223695814363293
DLPFC	Visium	4	hybrid_hvg_svg_intersection	2000	cellcharter	clustering_eval	silhouette	0.1139213741	2	52.5710910484	4863.83984375	354	cache_signature=53f992890dacad9ebef24bac368abedf	silhouette	1	0.1139213741	0.0293384020666666	0.8794011474	0.8500627453333333	ok	0.8500627453333333	0.09950203381771079
DLPFC	Visium	4	hybrid_hvg_svg_intersection	2000	cellcharter	clustering_eval	ari	0.2542525869	2	52.5710910484	4863.83984375	354	cache_signature=53f992890dacad9ebef24bac368abedf	ari	1	0.2542525869	0.0102727844	0.3847598367	0.3744870523	ok	0.3744870523	0.6515039732389701
DLPFC	Visium	4	hybrid_hvg_svg_intersection	2000	cellcharter	clustering_eval	nmi	0.4134662159	2	52.5710910484	4863.83984375	354	cache_signature=53f992890dacad9ebef24bac368abedf	nmi	1	0.4134662159	0.0183960378	0.5333746913	0.5149786535	ok	0.5149786535	0.7671583577589978
DLPFC	Visium	4	hybrid_hvg_svg_intersection	2000	cellcharter	clustering_eval	CHAOS	0.0590431266	2	52.5710910484	4863.83984375	354	cache_signature=53f992890dacad9ebef24bac368abedf	CHAOS	-1	-0.0590431266	-0.0892011679	-0.0581763831	0.0310247848	ok	0.0310247848	0.9720628682652458
DLPFC	Visium	4	hybrid_hvg_svg_intersection	2000	cellcharter	clustering_eval	PAS	0.0591666667	2	52.5710910484	4863.83984375	354	cache_signature=53f992890dacad9ebef24bac368abedf	PAS	-1	-0.0591666667	-0.8281666667	-0.0269444444333333	0.8012222222666667	ok	0.8012222222666667	0.9597836637936605
DLPFC	Visium	4	hybrid_hvg_svg_intersection	2000	cellcharter	integration_eval	bASW	0.9612036179	2	55.4553881232	4863.83984375	354	cache_signature=876c797f18e258dec7b20a6d53f63968	bASW	1	0.9612036179	0.2491534837	0.996775472	0.7476219883	ok	0.7476219883	0.9524200001381901
DLPFC	Visium	4	hybrid_hvg_svg_intersection	2000	cellcharter	integration_eval	iLISI	0.1986055912	2	55.4553881232	4863.83984375	354	cache_signature=876c797f18e258dec7b20a6d53f63968	iLISI	1	0.1986055912	0.0012992992	0.7221799351000001	0.7208806359000001	ok	0.7208806359000001	0.2737017505729897
DLPFC	Visium	4	hybrid_hvg_svg_intersection	2000	cellcharter	integration_eval	dASW	0.5259027835	2	55.4553881232	4863.83984375	354	cache_signature=876c797f18e258dec7b20a6d53f63968	dASW	1	0.5259027835	0.4023712054	0.535358496	0.1329872905999999	ok	0.1329872905999999	0.9288976227928362
DLPFC	Visium	4	hybrid_hvg_svg_intersection	2000	cellcharter	integration_eval	dLISI	0.9349146871	2	55.4553881232	4863.83984375	354	cache_signature=876c797f18e258dec7b20a6d53f63968	dLISI	1	0.9349146871	0.4844990385	0.9507964562	0.4662974177	ok	0.4662974177	0.9659406882878822
DLPFC	Visium	4	hybrid_hvg_svg_intersection	2000	cellcharter	integration_eval	ILL	0.645682342	2	55.4553881232	4863.83984375	354	cache_signature=876c797f18e258dec7b20a6d53f63968	ILL	1	0.645682342	0.2138871761	0.7071418377	0.4932546616000001	ok	0.4932546616000001	0.8754000712316835
DLPFC	Visium	4	hybrid_hvg_svg_intersection	2000	cellcharter	integration_eval	GC	0.974820411	2	55.4553881232	4863.83984375	354	cache_signature=876c797f18e258dec7b20a6d53f63968	GC	1	0.974820411	0.2342750748	0.993962209	0.7596871342	ok	0.7596871342	0.9748030509689262
DLPFC	Visium	4	hybrid_hvg_svg_union	2000	cellcharter	alignment_eval	Accuracy	0.7553	0	112.0238042334	3825.640625	2000	cache_signature=061b2d1471caca299050b610d20d08b1	Accuracy	1	0.7553	0.1911	0.7779333333333334	0.5868333333333333	ok	0.5868333333333333	0.9614314115308152
DLPFC	Visium	4	hybrid_hvg_svg_union	2000	cellcharter	alignment_eval	Ratio	1.366644533	0	112.0238042334	3825.640625	2000	cache_signature=061b2d1471caca299050b610d20d08b1	Ratio	-1	-1.366644533	-6.5600224227	-0.7340294017333333	5.825993020966667	ok	5.825993020966667	0.8914150550833133
DLPFC	Visium	4	hybrid_hvg_svg_union	2000	cellcharter	clustering_eval	silhouette	0.180234015	0	112.539494643	3825.640625	2000	cache_signature=f8136fd6afff4746ca66f6af41db083a	silhouette	1	0.180234015	0.0293384020666666	0.8794011474	0.8500627453333333	ok	0.8500627453333333	0.17751114698499465
DLPFC	Visium	4	hybrid_hvg_svg_union	2000	cellcharter	clustering_eval	ari	0.2821290253	0	112.539494643	3825.640625	2000	cache_signature=f8136fd6afff4746ca66f6af41db083a	ari	1	0.2821290253	0.0102727844	0.3847598367	0.3744870523	ok	0.3744870523	0.7259429644638744
DLPFC	Visium	4	hybrid_hvg_svg_union	2000	cellcharter	clustering_eval	nmi	0.4264483825	0	112.539494643	3825.640625	2000	cache_signature=f8136fd6afff4746ca66f6af41db083a	nmi	1	0.4264483825	0.0183960378	0.5333746913	0.5149786535	ok	0.5149786535	0.7923674931508593
DLPFC	Visium	4	hybrid_hvg_svg_union	2000	cellcharter	clustering_eval	CHAOS	0.0592000638	0	112.539494643	3825.640625	2000	cache_signature=f8136fd6afff4746ca66f6af41db083a	CHAOS	-1	-0.0592000638	-0.0892011679	-0.0581763831	0.0310247848	ok	0.0310247848	0.9670044222192317
DLPFC	Visium	4	hybrid_hvg_svg_union	2000	cellcharter	clustering_eval	PAS	0.0548333333	0	112.539494643	3825.640625	2000	cache_signature=f8136fd6afff4746ca66f6af41db083a	PAS	-1	-0.0548333333	-0.8281666667	-0.0269444444333333	0.8012222222666667	ok	0.8012222222666667	0.9651920677040526
DLPFC	Visium	4	hybrid_hvg_svg_union	2000	cellcharter	integration_eval	bASW	0.9325768447	0	115.5762950722	3825.609375	2000	cache_signature=d55ae2000101c53d1ba7727dc08ba3f0	bASW	1	0.9325768447	0.2491534837	0.996775472	0.7476219883	ok	0.7476219883	0.914129562392915
DLPFC	Visium	4	hybrid_hvg_svg_union	2000	cellcharter	integration_eval	iLISI	0.1424110023	0	115.5762950722	3825.609375	2000	cache_signature=d55ae2000101c53d1ba7727dc08ba3f0	iLISI	1	0.1424110023	0.0012992992	0.7221799351000001	0.7208806359000001	ok	0.7208806359000001	0.1957490547985463
DLPFC	Visium	4	hybrid_hvg_svg_union	2000	cellcharter	integration_eval	dASW	0.5277244896	0	115.5762950722	3825.609375	2000	cache_signature=d55ae2000101c53d1ba7727dc08ba3f0	dASW	1	0.5277244896	0.4023712054	0.535358496	0.1329872905999999	ok	0.1329872905999999	0.942595970144534
DLPFC	Visium	4	hybrid_hvg_svg_union	2000	cellcharter	integration_eval	dLISI	0.9456792084	0	115.5762950722	3825.609375	2000	cache_signature=d55ae2000101c53d1ba7727dc08ba3f0	dLISI	1	0.9456792084	0.4844990385	0.9507964562	0.4662974177	ok	0.4662974177	0.9890257856772171
DLPFC	Visium	4	hybrid_hvg_svg_union	2000	cellcharter	integration_eval	ILL	0.685343373	0	115.5762950722	3825.609375	2000	cache_signature=d55ae2000101c53d1ba7727dc08ba3f0	ILL	1	0.685343373	0.2138871761	0.7071418377	0.4932546616000001	ok	0.4932546616000001	0.9558068754397758
DLPFC	Visium	4	hybrid_hvg_svg_union	2000	cellcharter	integration_eval	GC	0.9780912488	0	115.5762950722	3825.609375	2000	cache_signature=d55ae2000101c53d1ba7727dc08ba3f0	GC	1	0.9780912488	0.2342750748	0.993962209	0.7596871342	ok	0.7596871342	0.9791085573448428
DLPFC	Visium	4	hybrid_hvg_svg_union	2000	cellcharter	alignment_eval	Accuracy	0.7697	1	102.3792098528	4476.4375	2000	cache_signature=a9d963923c4ea3bff04420197b15affc	Accuracy	1	0.7697	0.1911	0.7779333333333334	0.5868333333333333	ok	0.5868333333333333	0.985969894916217
DLPFC	Visium	4	hybrid_hvg_svg_union	2000	cellcharter	alignment_eval	Ratio	1.3423365153	1	102.3792098528	4476.4375	2000	cache_signature=a9d963923c4ea3bff04420197b15affc	Ratio	-1	-1.3423365153	-6.5600224227	-0.7340294017333333	5.825993020966667	ok	5.825993020966667	0.8955873940498241
DLPFC	Visium	4	hybrid_hvg_svg_union	2000	cellcharter	clustering_eval	silhouette	0.1731454581	1	102.9485753356	4476.4375	2000	cache_signature=70a76a37f16a1421def5e2e238933015	silhouette	1	0.1731454581	0.0293384020666666	0.8794011474	0.8500627453333333	ok	0.8500627453333333	0.16917228383763913
DLPFC	Visium	4	hybrid_hvg_svg_union	2000	cellcharter	clustering_eval	ari	0.2500926252	1	102.9485753356	4476.4375	2000	cache_signature=70a76a37f16a1421def5e2e238933015	ari	1	0.2500926252	0.0102727844	0.3847598367	0.3744870523	ok	0.3744870523	0.640395547261488
DLPFC	Visium	4	hybrid_hvg_svg_union	2000	cellcharter	clustering_eval	nmi	0.3739421735	1	102.9485753356	4476.4375	2000	cache_signature=70a76a37f16a1421def5e2e238933015	nmi	1	0.3739421735	0.0183960378	0.5333746913	0.5149786535	ok	0.5149786535	0.690409463156515
DLPFC	Visium	4	hybrid_hvg_svg_union	2000	cellcharter	clustering_eval	CHAOS	0.0592312087	1	102.9485753356	4476.4375	2000	cache_signature=70a76a37f16a1421def5e2e238933015	CHAOS	-1	-0.0592312087	-0.0892011679	-0.0581763831	0.0310247848	ok	0.0310247848	0.9660005506307331
DLPFC	Visium	4	hybrid_hvg_svg_union	2000	cellcharter	clustering_eval	PAS	0.0703333333	1	102.9485753356	4476.4375	2000	cache_signature=70a76a37f16a1421def5e2e238933015	PAS	-1	-0.0703333333	-0.8281666667	-0.0269444444333333	0.8012222222666667	ok	0.8012222222666667	0.9458466232452727
DLPFC	Visium	4	hybrid_hvg_svg_union	2000	cellcharter	integration_eval	bASW	0.9296027042	1	106.2254057089	4476.4375	2000	cache_signature=8d73e3e5c653426fafbc4d113dbc7210	bASW	1	0.9296027042	0.2491534837	0.996775472	0.7476219883	ok	0.7476219883	0.9101514283271114
DLPFC	Visium	4	hybrid_hvg_svg_union	2000	cellcharter	integration_eval	iLISI	0.1324483736	1	106.2254057089	4476.4375	2000	cache_signature=8d73e3e5c653426fafbc4d113dbc7210	iLISI	1	0.1324483736	0.0012992992	0.7221799351000001	0.7208806359000001	ok	0.7208806359000001	0.18192897390878576
DLPFC	Visium	4	hybrid_hvg_svg_union	2000	cellcharter	integration_eval	dASW	0.5324292108	1	106.2254057089	4476.4375	2000	cache_signature=8d73e3e5c653426fafbc4d113dbc7210	dASW	1	0.5324292108	0.4023712054	0.535358496	0.1329872905999999	ok	0.1329872905999999	0.9779731943798258
DLPFC	Visium	4	hybrid_hvg_svg_union	2000	cellcharter	integration_eval	dLISI	0.9475205324	1	106.2254057089	4476.4375	2000	cache_signature=8d73e3e5c653426fafbc4d113dbc7210	dLISI	1	0.9475205324	0.4844990385	0.9507964562	0.4662974177	ok	0.4662974177	0.9929746044570472
DLPFC	Visium	4	hybrid_hvg_svg_union	2000	cellcharter	integration_eval	ILL	0.690615901	1	106.2254057089	4476.4375	2000	cache_signature=8d73e3e5c653426fafbc4d113dbc7210	ILL	1	0.690615901	0.2138871761	0.7071418377	0.4932546616000001	ok	0.4932546616000001	0.9664961368101543
DLPFC	Visium	4	hybrid_hvg_svg_union	2000	cellcharter	integration_eval	GC	0.9722282987	1	106.2254057089	4476.4375	2000	cache_signature=8d73e3e5c653426fafbc4d113dbc7210	GC	1	0.9722282987	0.2342750748	0.993962209	0.7596871342	ok	0.7596871342	0.9713909722547991
DLPFC	Visium	4	hybrid_hvg_svg_union	2000	cellcharter	alignment_eval	Accuracy	0.7532	2	99.2683181884	4863.83984375	2000	cache_signature=70688645f7efa19241a2bc57babaa6eb	Accuracy	1	0.7532	0.1911	0.7779333333333334	0.5868333333333333	ok	0.5868333333333333	0.9578528827037774
DLPFC	Visium	4	hybrid_hvg_svg_union	2000	cellcharter	alignment_eval	Ratio	1.3751538847	2	99.2683181884	4863.83984375	2000	cache_signature=70688645f7efa19241a2bc57babaa6eb	Ratio	-1	-1.3751538847	-6.5600224227	-0.7340294017333333	5.825993020966667	ok	5.825993020966667	0.889954471167511
DLPFC	Visium	4	hybrid_hvg_svg_union	2000	cellcharter	clustering_eval	silhouette	0.1727779359	2	99.7817331515	4863.83984375	2000	cache_signature=61f367bb592f41b3dff64e519ecdf671	silhouette	1	0.1727779359	0.0293384020666666	0.8794011474	0.8500627453333333	ok	0.8500627453333333	0.16873993669383403
DLPFC	Visium	4	hybrid_hvg_svg_union	2000	cellcharter	clustering_eval	ari	0.3141645583	2	99.7817331515	4863.83984375	2000	cache_signature=61f367bb592f41b3dff64e519ecdf671	ari	1	0.3141645583	0.0102727844	0.3847598367	0.3744870523	ok	0.3744870523	0.8114880662324035
DLPFC	Visium	4	hybrid_hvg_svg_union	2000	cellcharter	clustering_eval	nmi	0.4539459511	2	99.7817331515	4863.83984375	2000	cache_signature=61f367bb592f41b3dff64e519ecdf671	nmi	1	0.4539459511	0.0183960378	0.5333746913	0.5149786535	ok	0.5149786535	0.845763043457878
DLPFC	Visium	4	hybrid_hvg_svg_union	2000	cellcharter	clustering_eval	CHAOS	0.0596725593	2	99.7817331515	4863.83984375	2000	cache_signature=61f367bb592f41b3dff64e519ecdf671	CHAOS	-1	-0.0596725593	-0.0892011679	-0.0581763831	0.0310247848	ok	0.0310247848	0.9517748081205065
DLPFC	Visium	4	hybrid_hvg_svg_union	2000	cellcharter	clustering_eval	PAS	0.0555833333	2	99.7817331515	4863.83984375	2000	cache_signature=61f367bb592f41b3dff64e519ecdf671	PAS	-1	-0.0555833333	-0.8281666667	-0.0269444444333333	0.8012222222666667	ok	0.8012222222666667	0.9642559978108858
DLPFC	Visium	4	hybrid_hvg_svg_union	2000	cellcharter	integration_eval	bASW	0.925243682	2	102.7157870475	4863.83984375	2000	cache_signature=e48a0c9c24acd834d48e572fcd1dc1d0	bASW	1	0.925243682	0.2491534837	0.996775472	0.7476219883	ok	0.7476219883	0.9043209120124268
DLPFC	Visium	4	hybrid_hvg_svg_union	2000	cellcharter	integration_eval	iLISI	0.1415549423	2	102.7157870475	4863.83984375	2000	cache_signature=e48a0c9c24acd834d48e572fcd1dc1d0	iLISI	1	0.1415549423	0.0012992992	0.7221799351000001	0.7208806359000001	ok	0.7208806359000001	0.19456153503817536
DLPFC	Visium	4	hybrid_hvg_svg_union	2000	cellcharter	integration_eval	dASW	0.5338760577	2	102.7157870475	4863.83984375	2000	cache_signature=e48a0c9c24acd834d48e572fcd1dc1d0	dASW	1	0.5338760577	0.4023712054	0.535358496	0.1329872905999999	ok	0.1329872905999999	0.9888527821469891
DLPFC	Visium	4	hybrid_hvg_svg_union	2000	cellcharter	integration_eval	dLISI	0.946864289	2	102.7157870475	4863.83984375	2000	cache_signature=e48a0c9c24acd834d48e572fcd1dc1d0	dLISI	1	0.946864289	0.4844990385	0.9507964562	0.4662974177	ok	0.4662974177	0.9915672550377925
DLPFC	Visium	4	hybrid_hvg_svg_union	2000	cellcharter	integration_eval	ILL	0.6935677099	2	102.7157870475	4863.83984375	2000	cache_signature=e48a0c9c24acd834d48e572fcd1dc1d0	ILL	1	0.6935677099	0.2138871761	0.7071418377	0.4932546616000001	ok	0.4932546616000001	0.9724804875518687
DLPFC	Visium	4	hybrid_hvg_svg_union	2000	cellcharter	integration_eval	GC	0.975200334	2	102.7157870475	4863.83984375	2000	cache_signature=e48a0c9c24acd834d48e572fcd1dc1d0	GC	1	0.975200334	0.2342750748	0.993962209	0.7596871342	ok	0.7596871342	0.9753031555289435
DLPFC	Visium	4	hybrid_hvg_svg_intersection	2000	scvi	alignment_eval	Accuracy	0.5739	0	38.8904983783	4476.4375	354	cache_signature=cbbcbacddfaf4e43f5903956f52a58a3	Accuracy	1	0.5739	0.1911	0.7779333333333334	0.5868333333333333	ok	0.5868333333333333	0.6523146833285998
DLPFC	Visium	4	hybrid_hvg_svg_intersection	2000	scvi	alignment_eval	Ratio	0.8971383345	0	38.8904983783	4476.4375	354	cache_signature=cbbcbacddfaf4e43f5903956f52a58a3	Ratio	-1	-0.8971383345	-6.5600224227	-0.7340294017333333	5.825993020966667	ok	5.825993020966667	0.9720032392452809
DLPFC	Visium	4	hybrid_hvg_svg_intersection	2000	scvi	clustering_eval	silhouette	0.2653287649	0	39.8986193445	4476.4375	354	cache_signature=1089e9f5bc5f347d400b339ef10e1a28	silhouette	1	0.2653287649	0.0293384020666666	0.8794011474	0.8500627453333333	ok	0.8500627453333333	0.2776152279686072
DLPFC	Visium	4	hybrid_hvg_svg_intersection	2000	scvi	clustering_eval	ari	0.266837598	0	39.8986193445	4476.4375	354	cache_signature=1089e9f5bc5f347d400b339ef10e1a28	ari	1	0.266837598	0.0102727844	0.3847598367	0.3744870523	ok	0.3744870523	0.6851099711572057
DLPFC	Visium	4	hybrid_hvg_svg_intersection	2000	scvi	clustering_eval	nmi	0.3938668581	0	39.8986193445	4476.4375	354	cache_signature=1089e9f5bc5f347d400b339ef10e1a28	nmi	1	0.3938668581	0.0183960378	0.5333746913	0.5149786535	ok	0.5149786535	0.7290997748123165
DLPFC	Visium	4	hybrid_hvg_svg_intersection	2000	scvi	clustering_eval	CHAOS	0.0695765344	0	39.8986193445	4476.4375	354	cache_signature=1089e9f5bc5f347d400b339ef10e1a28	CHAOS	-1	-0.0695765344	-0.0892011679	-0.0581763831	0.0310247848	ok	0.0310247848	0.6325469661275459
DLPFC	Visium	4	hybrid_hvg_svg_intersection	2000	scvi	clustering_eval	PAS	0.3216666667	0	39.8986193445	4476.4375	354	cache_signature=1089e9f5bc5f347d400b339ef10e1a28	PAS	-1	-0.3216666667	-0.8281666667	-0.0269444444333333	0.8012222222666667	ok	0.8012222222666667	0.6321592011852915
DLPFC	Visium	4	hybrid_hvg_svg_intersection	2000	scvi	integration_eval	bASW	0.9666062162	0	41.8099204022	4476.4375	354	cache_signature=7d2dea8d1fa5e935cc4e000affa68b32	bASW	1	0.9666062162	0.2491534837	0.996775472	0.7476219883	ok	0.7476219883	0.9596463770834226
DLPFC	Visium	4	hybrid_hvg_svg_intersection	2000	scvi	integration_eval	iLISI	0.5662459598	0	41.8099204022	4476.4375	354	cache_signature=7d2dea8d1fa5e935cc4e000affa68b32	iLISI	1	0.5662459598	0.0012992992	0.7221799351000001	0.7208806359000001	ok	0.7208806359000001	0.7836896047217017
DLPFC	Visium	4	hybrid_hvg_svg_intersection	2000	scvi	integration_eval	dASW	0.5094798347	0	41.8099204022	4476.4375	354	cache_signature=7d2dea8d1fa5e935cc4e000affa68b32	dASW	1	0.5094798347	0.4023712054	0.535358496	0.1329872905999999	ok	0.1329872905999999	0.8054050038673404
DLPFC	Visium	4	hybrid_hvg_svg_intersection	2000	scvi	integration_eval	dLISI	0.8557680904	0	41.8099204022	4476.4375	354	cache_signature=7d2dea8d1fa5e935cc4e000affa68b32	dLISI	1	0.8557680904	0.4844990385	0.9507964562	0.4662974177	ok	0.4662974177	0.7962065364446475
DLPFC	Visium	4	hybrid_hvg_svg_intersection	2000	scvi	integration_eval	ILL	0.4508965828	0	41.8099204022	4476.4375	354	cache_signature=7d2dea8d1fa5e935cc4e000affa68b32	ILL	1	0.4508965828	0.2138871761	0.7071418377	0.4932546616000001	ok	0.4932546616000001	0.4805010984208405
DLPFC	Visium	4	hybrid_hvg_svg_intersection	2000	scvi	integration_eval	GC	0.8439855339	0	41.8099204022	4476.4375	354	cache_signature=7d2dea8d1fa5e935cc4e000affa68b32	GC	1	0.8439855339	0.2342750748	0.993962209	0.7596871342	ok	0.7596871342	0.8025809990083151
DLPFC	Visium	4	hybrid_hvg_svg_intersection	2000	scvi	alignment_eval	Accuracy	0.5695	1	31.3523567533	4476.4375	354	cache_signature=ef0db2f42d4376321c359d2837d58ada	Accuracy	1	0.5695	0.1911	0.7779333333333334	0.5868333333333333	ok	0.5868333333333333	0.6448168134052826
DLPFC	Visium	4	hybrid_hvg_svg_intersection	2000	scvi	alignment_eval	Ratio	0.9321085302	1	31.3523567533	4476.4375	354	cache_signature=ef0db2f42d4376321c359d2837d58ada	Ratio	-1	-0.9321085302	-6.5600224227	-0.7340294017333333	5.825993020966667	ok	5.825993020966667	0.9660007954431431
DLPFC	Visium	4	hybrid_hvg_svg_intersection	2000	scvi	clustering_eval	silhouette	0.2831332088	1	32.6357528428	4476.4375	354	cache_signature=4dcc59558a9b4e8612846642a5f1e034	silhouette	1	0.2831332088	0.0293384020666666	0.8794011474	0.8500627453333333	ok	0.8500627453333333	0.29856008644845783
DLPFC	Visium	4	hybrid_hvg_svg_intersection	2000	scvi	clustering_eval	ari	0.2670940104	1	32.6357528428	4476.4375	354	cache_signature=4dcc59558a9b4e8612846642a5f1e034	ari	1	0.2670940104	0.0102727844	0.3847598367	0.3744870523	ok	0.3744870523	0.6857946741353866
DLPFC	Visium	4	hybrid_hvg_svg_intersection	2000	scvi	clustering_eval	nmi	0.3988762649	1	32.6357528428	4476.4375	354	cache_signature=4dcc59558a9b4e8612846642a5f1e034	nmi	1	0.3988762649	0.0183960378	0.5333746913	0.5149786535	ok	0.5149786535	0.7388271815037475
DLPFC	Visium	4	hybrid_hvg_svg_intersection	2000	scvi	clustering_eval	CHAOS	0.0707480273	1	32.6357528428	4476.4375	354	cache_signature=4dcc59558a9b4e8612846642a5f1e034	CHAOS	-1	-0.0707480273	-0.0892011679	-0.0581763831	0.0310247848	ok	0.0310247848	0.5947870619879368
DLPFC	Visium	4	hybrid_hvg_svg_intersection	2000	scvi	clustering_eval	PAS	0.34325	1	32.6357528428	4476.4375	354	cache_signature=4dcc59558a9b4e8612846642a5f1e034	PAS	-1	-0.34325	-0.8281666667	-0.0269444444333333	0.8012222222666667	ok	0.8012222222666667	0.6052211898568731
DLPFC	Visium	4	hybrid_hvg_svg_intersection	2000	scvi	integration_eval	bASW	0.9689917306	1	34.5460587526	4476.4375	354	cache_signature=1a2b9a788710466ebfcc74eacea46f78	bASW	1	0.9689917306	0.2491534837	0.996775472	0.7476219883	ok	0.7476219883	0.9628371799722252
DLPFC	Visium	4	hybrid_hvg_svg_intersection	2000	scvi	integration_eval	iLISI	0.5732803144	1	34.5460587526	4476.4375	354	cache_signature=1a2b9a788710466ebfcc74eacea46f78	iLISI	1	0.5732803144	0.0012992992	0.7221799351000001	0.7208806359000001	ok	0.7208806359000001	0.7934476066011915
DLPFC	Visium	4	hybrid_hvg_svg_intersection	2000	scvi	integration_eval	dASW	0.5118471505	1	34.5460587526	4476.4375	354	cache_signature=1a2b9a788710466ebfcc74eacea46f78	dASW	1	0.5118471505	0.4023712054	0.535358496	0.1329872905999999	ok	0.1329872905999999	0.8232060718439816
DLPFC	Visium	4	hybrid_hvg_svg_intersection	2000	scvi	integration_eval	dLISI	0.8543579332	1	34.5460587526	4476.4375	354	cache_signature=1a2b9a788710466ebfcc74eacea46f78	dLISI	1	0.8543579332	0.4844990385	0.9507964562	0.4662974177	ok	0.4662974177	0.7931823781575276
DLPFC	Visium	4	hybrid_hvg_svg_intersection	2000	scvi	integration_eval	ILL	0.4506055685	1	34.5460587526	4476.4375	354	cache_signature=1a2b9a788710466ebfcc74eacea46f78	ILL	1	0.4506055685	0.2138871761	0.7071418377	0.4932546616000001	ok	0.4932546616000001	0.4799111104842723
DLPFC	Visium	4	hybrid_hvg_svg_intersection	2000	scvi	integration_eval	GC	0.8331102091	1	34.5460587526	4476.4375	354	cache_signature=1a2b9a788710466ebfcc74eacea46f78	GC	1	0.8331102091	0.2342750748	0.993962209	0.7596871342	ok	0.7596871342	0.7882654679029314
DLPFC	Visium	4	hybrid_hvg_svg_intersection	2000	scvi	alignment_eval	Accuracy	0.5617	2	28.4730229648	4863.83984375	354	cache_signature=e6e6f991c3ab1c393d5cb6df94ad7b4b	Accuracy	1	0.5617	0.1911	0.7779333333333334	0.5868333333333333	ok	0.5868333333333333	0.6315251349048565
DLPFC	Visium	4	hybrid_hvg_svg_intersection	2000	scvi	alignment_eval	Ratio	0.9266754916	2	28.4730229648	4863.83984375	354	cache_signature=e6e6f991c3ab1c393d5cb6df94ad7b4b	Ratio	-1	-0.9266754916	-6.5600224227	-0.7340294017333333	5.825993020966667	ok	5.825993020966667	0.9669333469550394
DLPFC	Visium	4	hybrid_hvg_svg_intersection	2000	scvi	clustering_eval	silhouette	0.2700015008	2	29.7153260512	4863.83984375	354	cache_signature=59ca160c3221718c576db27bdf5a6189	silhouette	1	0.2700015008	0.0293384020666666	0.8794011474	0.8500627453333333	ok	0.8500627453333333	0.28311215854891125
DLPFC	Visium	4	hybrid_hvg_svg_intersection	2000	scvi	clustering_eval	ari	0.2405143003	2	29.7153260512	4863.83984375	354	cache_signature=59ca160c3221718c576db27bdf5a6189	ari	1	0.2405143003	0.0102727844	0.3847598367	0.3744870523	ok	0.3744870523	0.614818361505205
DLPFC	Visium	4	hybrid_hvg_svg_intersection	2000	scvi	clustering_eval	nmi	0.3770482701	2	29.7153260512	4863.83984375	354	cache_signature=59ca160c3221718c576db27bdf5a6189	nmi	1	0.3770482701	0.0183960378	0.5333746913	0.5149786535	ok	0.5149786535	0.6964409686934723
DLPFC	Visium	4	hybrid_hvg_svg_intersection	2000	scvi	clustering_eval	CHAOS	0.0700794406	2	29.7153260512	4863.83984375	354	cache_signature=59ca160c3221718c576db27bdf5a6189	CHAOS	-1	-0.0700794406	-0.0892011679	-0.0581763831	0.0310247848	ok	0.0310247848	0.6163371453909328
DLPFC	Visium	4	hybrid_hvg_svg_intersection	2000	scvi	clustering_eval	PAS	0.3605	2	29.7153260512	4863.83984375	354	cache_signature=59ca160c3221718c576db27bdf5a6189	PAS	-1	-0.3605	-0.8281666667	-0.0269444444333333	0.8012222222666667	ok	0.8012222222666667	0.5836915823140374
DLPFC	Visium	4	hybrid_hvg_svg_intersection	2000	scvi	integration_eval	bASW	0.9666642125	2	31.3404358318	4863.83984375	354	cache_signature=1a86689de2c388717f833906698f393d	bASW	1	0.9666642125	0.2491534837	0.996775472	0.7476219883	ok	0.7476219883	0.9597239514470818
DLPFC	Visium	4	hybrid_hvg_svg_intersection	2000	scvi	integration_eval	iLISI	0.5579648586	2	31.3404358318	4863.83984375	354	cache_signature=1a86689de2c388717f833906698f393d	iLISI	1	0.5579648586	0.0012992992	0.7221799351000001	0.7208806359000001	ok	0.7208806359000001	0.7722021256751029
DLPFC	Visium	4	hybrid_hvg_svg_intersection	2000	scvi	integration_eval	dASW	0.5089389877	2	31.3404358318	4863.83984375	354	cache_signature=1a86689de2c388717f833906698f393d	dASW	1	0.5089389877	0.4023712054	0.535358496	0.1329872905999999	ok	0.1329872905999999	0.8013380964391202
DLPFC	Visium	4	hybrid_hvg_svg_intersection	2000	scvi	integration_eval	dLISI	0.851801683	2	31.3404358318	4863.83984375	354	cache_signature=1a86689de2c388717f833906698f393d	dLISI	1	0.851801683	0.4844990385	0.9507964562	0.4662974177	ok	0.4662974177	0.7877003615240052
DLPFC	Visium	4	hybrid_hvg_svg_intersection	2000	scvi	integration_eval	ILL	0.4495231423	2	31.3404358318	4863.83984375	354	cache_signature=1a86689de2c388717f833906698f393d	ILL	1	0.4495231423	0.2138871761	0.7071418377	0.4932546616000001	ok	0.4932546616000001	0.4777166533726277
DLPFC	Visium	4	hybrid_hvg_svg_intersection	2000	scvi	integration_eval	GC	0.8307452208	2	31.3404358318	4863.83984375	354	cache_signature=1a86689de2c388717f833906698f393d	GC	1	0.8307452208	0.2342750748	0.993962209	0.7596871342	ok	0.7596871342	0.7851523596330506
DLPFC	Visium	4	hybrid_hvg_svg_union	2000	scvi	alignment_eval	Accuracy	0.5466	0	85.170195709	3640.33203125	2000	cache_signature=3eb518bb3db4faa4a3dadbf2bc6249b5	Accuracy	1	0.5466	0.1911	0.7779333333333334	0.5868333333333333	ok	0.5868333333333333	0.6057938085771087
DLPFC	Visium	4	hybrid_hvg_svg_union	2000	scvi	alignment_eval	Ratio	1.1421746956	0	85.170195709	3640.33203125	2000	cache_signature=3eb518bb3db4faa4a3dadbf2bc6249b5	Ratio	-1	-1.1421746956	-6.5600224227	-0.7340294017333333	5.825993020966667	ok	5.825993020966667	0.9299440812239513
DLPFC	Visium	4	hybrid_hvg_svg_union	2000	scvi	clustering_eval	silhouette	0.3768817484	0	86.1759634903	3640.33203125	2000	cache_signature=7101843e6b13145b88d1286d661e2023	silhouette	1	0.3768817484	0.0293384020666666	0.8794011474	0.8500627453333333	ok	0.8500627453333333	0.40884434501014627
DLPFC	Visium	4	hybrid_hvg_svg_union	2000	scvi	clustering_eval	ari	0.2473884478	0	86.1759634903	3640.33203125	2000	cache_signature=7101843e6b13145b88d1286d661e2023	ari	1	0.2473884478	0.0102727844	0.3847598367	0.3744870523	ok	0.3744870523	0.6331745301838837
DLPFC	Visium	4	hybrid_hvg_svg_union	2000	scvi	clustering_eval	nmi	0.3588332825	0	86.1759634903	3640.33203125	2000	cache_signature=7101843e6b13145b88d1286d661e2023	nmi	1	0.3588332825	0.0183960378	0.5333746913	0.5149786535	ok	0.5149786535	0.6610705946474731
DLPFC	Visium	4	hybrid_hvg_svg_union	2000	scvi	clustering_eval	CHAOS	0.0720817486	0	86.1759634903	3640.33203125	2000	cache_signature=7101843e6b13145b88d1286d661e2023	CHAOS	-1	-0.0720817486	-0.0892011679	-0.0581763831	0.0310247848	ok	0.0310247848	0.5517981642857361
DLPFC	Visium	4	hybrid_hvg_svg_union	2000	scvi	clustering_eval	PAS	0.5253333333	0	86.1759634903	3640.33203125	2000	cache_signature=7101843e6b13145b88d1286d661e2023	PAS	-1	-0.5253333333	-0.8281666667	-0.0269444444333333	0.8012222222666667	ok	0.8012222222666667	0.37796422139076613
DLPFC	Visium	4	hybrid_hvg_svg_union	2000	scvi	integration_eval	bASW	0.940108344	0	88.1219222564	3640.33203125	2000	cache_signature=dda0faa200afeacf336f8d96055de484	bASW	1	0.940108344	0.2491534837	0.996775472	0.7476219883	ok	0.7476219883	0.9242035027235433
DLPFC	Visium	4	hybrid_hvg_svg_union	2000	scvi	integration_eval	iLISI	0.3514980261	0	88.1219222564	3640.33203125	2000	cache_signature=dda0faa200afeacf336f8d96055de484	iLISI	1	0.3514980261	0.0012992992	0.7221799351000001	0.7208806359000001	ok	0.7208806359000001	0.48579294471238826
DLPFC	Visium	4	hybrid_hvg_svg_union	2000	scvi	integration_eval	dASW	0.4993981228	0	88.1219222564	3640.33203125	2000	cache_signature=dda0faa200afeacf336f8d96055de484	dASW	1	0.4993981228	0.4023712054	0.535358496	0.1329872905999999	ok	0.1329872905999999	0.729595414435792
DLPFC	Visium	4	hybrid_hvg_svg_union	2000	scvi	integration_eval	dLISI	0.8472215263	0	88.1219222564	3640.33203125	2000	cache_signature=dda0faa200afeacf336f8d96055de484	dLISI	1	0.8472215263	0.4844990385	0.9507964562	0.4662974177	ok	0.4662974177	0.7778779680769398
DLPFC	Visium	4	hybrid_hvg_svg_union	2000	scvi	integration_eval	ILL	0.4531726802	0	88.1219222564	3640.33203125	2000	cache_signature=dda0faa200afeacf336f8d96055de484	ILL	1	0.4531726802	0.2138871761	0.7071418377	0.4932546616000001	ok	0.4932546616000001	0.4851155452313722
DLPFC	Visium	4	hybrid_hvg_svg_union	2000	scvi	integration_eval	GC	0.8231569281	0	88.1219222564	3640.33203125	2000	cache_signature=dda0faa200afeacf336f8d96055de484	GC	1	0.8231569281	0.2342750748	0.993962209	0.7596871342	ok	0.7596871342	0.775163651968558
DLPFC	Visium	4	hybrid_hvg_svg_union	2000	scvi	alignment_eval	Accuracy	0.5839	1	82.9633088345	4476.4375	2000	cache_signature=3f99178cd7ba87578258da6758ec9acc	Accuracy	1	0.5839	0.1911	0.7779333333333334	0.5868333333333333	ok	0.5868333333333333	0.6693552967906845
DLPFC	Visium	4	hybrid_hvg_svg_union	2000	scvi	alignment_eval	Ratio	1.0262622634	1	82.9633088345	4476.4375	2000	cache_signature=3f99178cd7ba87578258da6758ec9acc	Ratio	-1	-1.0262622634	-6.5600224227	-0.7340294017333333	5.825993020966667	ok	5.825993020966667	0.9498398194754138
DLPFC	Visium	4	hybrid_hvg_svg_union	2000	scvi	clustering_eval	silhouette	0.3285497427	1	83.978887205	4476.4375	2000	cache_signature=16d4e3988229d36c6be8e396fd5cc91b	silhouette	1	0.3285497427	0.0293384020666666	0.8794011474	0.8500627453333333	ok	0.8500627453333333	0.3519873589049056
DLPFC	Visium	4	hybrid_hvg_svg_union	2000	scvi	clustering_eval	ari	0.3052745101	1	83.978887205	4476.4375	2000	cache_signature=16d4e3988229d36c6be8e396fd5cc91b	ari	1	0.3052745101	0.0102727844	0.3847598367	0.3744870523	ok	0.3744870523	0.7877487990257013
DLPFC	Visium	4	hybrid_hvg_svg_union	2000	scvi	clustering_eval	nmi	0.4309931756	1	83.978887205	4476.4375	2000	cache_signature=16d4e3988229d36c6be8e396fd5cc91b	nmi	1	0.4309931756	0.0183960378	0.5333746913	0.5149786535	ok	0.5149786535	0.8011926999222696
DLPFC	Visium	4	hybrid_hvg_svg_union	2000	scvi	clustering_eval	CHAOS	0.0691888596	1	83.978887205	4476.4375	2000	cache_signature=16d4e3988229d36c6be8e396fd5cc91b	CHAOS	-1	-0.0691888596	-0.0892011679	-0.0581763831	0.0310247848	ok	0.0310247848	0.6450426144454676
DLPFC	Visium	4	hybrid_hvg_svg_union	2000	scvi	clustering_eval	PAS	0.3870833333	1	83.978887205	4476.4375	2000	cache_signature=16d4e3988229d36c6be8e396fd5cc91b	PAS	-1	-0.3870833333	-0.8281666667	-0.0269444444333333	0.8012222222666667	ok	0.8012222222666667	0.5505131050311739
DLPFC	Visium	4	hybrid_hvg_svg_union	2000	scvi	integration_eval	bASW	0.9541438427	1	85.8672496825	4476.4375	2000	cache_signature=8dd3ec8fcd67be5ca767ca17a4c5a565	bASW	1	0.9541438427	0.2491534837	0.996775472	0.7476219883	ok	0.7476219883	0.9429770258671242
DLPFC	Visium	4	hybrid_hvg_svg_union	2000	scvi	integration_eval	iLISI	0.416986548	1	85.8672496825	4476.4375	2000	cache_signature=8dd3ec8fcd67be5ca767ca17a4c5a565	iLISI	1	0.416986548	0.0012992992	0.7221799351000001	0.7208806359000001	ok	0.7208806359000001	0.5766381119129739
DLPFC	Visium	4	hybrid_hvg_svg_union	2000	scvi	integration_eval	dASW	0.5120878285	1	85.8672496825	4476.4375	2000	cache_signature=8dd3ec8fcd67be5ca767ca17a4c5a565	dASW	1	0.5120878285	0.4023712054	0.535358496	0.1329872905999999	ok	0.1329872905999999	0.8250158538082143
DLPFC	Visium	4	hybrid_hvg_svg_union	2000	scvi	integration_eval	dLISI	0.8615890257	1	85.8672496825	4476.4375	2000	cache_signature=8dd3ec8fcd67be5ca767ca17a4c5a565	dLISI	1	0.8615890257	0.4844990385	0.9507964562	0.4662974177	ok	0.4662974177	0.8086898466218977
DLPFC	Visium	4	hybrid_hvg_svg_union	2000	scvi	integration_eval	ILL	0.4702307643	1	85.8672496825	4476.4375	2000	cache_signature=8dd3ec8fcd67be5ca767ca17a4c5a565	ILL	1	0.4702307643	0.2138871761	0.7071418377	0.4932546616000001	ok	0.4932546616000001	0.5196982576271713
DLPFC	Visium	4	hybrid_hvg_svg_union	2000	scvi	integration_eval	GC	0.8747923742	1	85.8672496825	4476.4375	2000	cache_signature=8dd3ec8fcd67be5ca767ca17a4c5a565	GC	1	0.8747923742	0.2342750748	0.993962209	0.7596871342	ok	0.7596871342	0.8431330090570857
DLPFC	Visium	4	hybrid_hvg_svg_union	2000	scvi	alignment_eval	Accuracy	0.5299	2	80.9155036667	4522.5859375	2000	cache_signature=2ccdaed0ce9abb7fa84040d0a1047f6c	Accuracy	1	0.5299	0.1911	0.7779333333333334	0.5868333333333333	ok	0.5868333333333333	0.5773359840954275
DLPFC	Visium	4	hybrid_hvg_svg_union	2000	scvi	alignment_eval	Ratio	1.1524187846	2	80.9155036667	4522.5859375	2000	cache_signature=2ccdaed0ce9abb7fa84040d0a1047f6c	Ratio	-1	-1.1524187846	-6.5600224227	-0.7340294017333333	5.825993020966667	ok	5.825993020966667	0.9281857390901498
DLPFC	Visium	4	hybrid_hvg_svg_union	2000	scvi	clustering_eval	silhouette	0.3465827107	2	81.9121816866	4522.5859375	2000	cache_signature=1e80cece1293113558fa098a712eaab5	silhouette	1	0.3465827107	0.0293384020666666	0.8794011474	0.8500627453333333	ok	0.8500627453333333	0.3732010494224554
DLPFC	Visium	4	hybrid_hvg_svg_union	2000	scvi	clustering_eval	ari	0.2564394193	2	81.9121816866	4522.5859375	2000	cache_signature=1e80cece1293113558fa098a712eaab5	ari	1	0.2564394193	0.0102727844	0.3847598367	0.3744870523	ok	0.3744870523	0.6573435139829533
DLPFC	Visium	4	hybrid_hvg_svg_union	2000	scvi	clustering_eval	nmi	0.3627680618	2	81.9121816866	4522.5859375	2000	cache_signature=1e80cece1293113558fa098a712eaab5	nmi	1	0.3627680618	0.0183960378	0.5333746913	0.5149786535	ok	0.5149786535	0.6687112595046621
DLPFC	Visium	4	hybrid_hvg_svg_union	2000	scvi	clustering_eval	CHAOS	0.0721087986	2	81.9121816866	4522.5859375	2000	cache_signature=1e80cece1293113558fa098a712eaab5	CHAOS	-1	-0.0721087986	-0.0892011679	-0.0581763831	0.0310247848	ok	0.0310247848	0.5509262807199232
DLPFC	Visium	4	hybrid_hvg_svg_union	2000	scvi	clustering_eval	PAS	0.4934166667	2	81.9121816866	4522.5859375	2000	cache_signature=1e80cece1293113558fa098a712eaab5	PAS	-1	-0.4934166667	-0.8281666667	-0.0269444444333333	0.8012222222666667	ok	0.8012222222666667	0.4177991956501013
DLPFC	Visium	4	hybrid_hvg_svg_union	2000	scvi	integration_eval	bASW	0.9557341515	2	83.8564720443	4522.421875	2000	cache_signature=bf57e18b79d8838f1c419a0b020045cf	bASW	1	0.9557341515	0.2491534837	0.996775472	0.7476219883	ok	0.7476219883	0.9451041821371212
DLPFC	Visium	4	hybrid_hvg_svg_union	2000	scvi	integration_eval	iLISI	0.2402395794	2	83.8564720443	4522.421875	2000	cache_signature=bf57e18b79d8838f1c419a0b020045cf	iLISI	1	0.2402395794	0.0012992992	0.7221799351000001	0.7208806359000001	ok	0.7208806359000001	0.33145609453316704
DLPFC	Visium	4	hybrid_hvg_svg_union	2000	scvi	integration_eval	dASW	0.5017884026	2	83.8564720443	4522.421875	2000	cache_signature=bf57e18b79d8838f1c419a0b020045cf	dASW	1	0.5017884026	0.4023712054	0.535358496	0.1329872905999999	ok	0.1329872905999999	0.7475691605675897
DLPFC	Visium	4	hybrid_hvg_svg_union	2000	scvi	integration_eval	dLISI	0.8483128979	2	83.8564720443	4522.421875	2000	cache_signature=bf57e18b79d8838f1c419a0b020045cf	dLISI	1	0.8483128979	0.4844990385	0.9507964562	0.4662974177	ok	0.4662974177	0.7802184734251854
DLPFC	Visium	4	hybrid_hvg_svg_union	2000	scvi	integration_eval	ILL	0.4488894432	2	83.8564720443	4522.421875	2000	cache_signature=bf57e18b79d8838f1c419a0b020045cf	ILL	1	0.4488894432	0.2138871761	0.7071418377	0.4932546616000001	ok	0.4932546616000001	0.4764319232943667
DLPFC	Visium	4	hybrid_hvg_svg_union	2000	scvi	integration_eval	GC	0.8317447839	2	83.8564720443	4522.421875	2000	cache_signature=bf57e18b79d8838f1c419a0b020045cf	GC	1	0.8317447839	0.2342750748	0.993962209	0.7596871342	ok	0.7596871342	0.7864681158898057
E8p5Embryo	Slide-seq	6	hybrid_hvg_svg_intersection	2000	cellcharter	clustering_eval	silhouette	0.0634131953	0	52.5023909016	3533.80859375	253	cache_signature=5a341d818a9e8103496f67d069517604	silhouette	1	0.0634131953	-0.1284756213	0.6791920066	0.8076676279	ok	0.8076676279	0.23758388967368443
E8p5Embryo	Slide-seq	6	hybrid_hvg_svg_intersection	2000	cellcharter	clustering_eval	CHAOS	0.0538344557	0	52.5023909016	3533.80859375	253	cache_signature=5a341d818a9e8103496f67d069517604	CHAOS	-1	-0.0538344557	-0.1368430974	-0.0532607287	0.0835823686999999	ok	0.0835823686999999	0.993135789175117
E8p5Embryo	Slide-seq	6	hybrid_hvg_svg_intersection	2000	cellcharter	clustering_eval	PAS	0.10475	0	52.5023909016	3533.80859375	253	cache_signature=5a341d818a9e8103496f67d069517604	PAS	-1	-0.10475	-0.981	-0.0909166667	0.8900833333	ok	0.8900833333	0.9844583840833052
E8p5Embryo	Slide-seq	6	hybrid_hvg_svg_intersection	2000	cellcharter	integration_eval	bASW	0.9879457504	0	52.8156608799	3533.80859375	253	cache_signature=cf2a4de9ecaa96a712cd93c42db75441	bASW	1	0.9879457504	0.8819584101	0.9997620521	0.117803642	ok	0.117803642	0.8996949372753689
E8p5Embryo	Slide-seq	6	hybrid_hvg_svg_intersection	2000	cellcharter	integration_eval	iLISI	0.1531277491	0	52.8156608799	3533.80859375	253	cache_signature=cf2a4de9ecaa96a712cd93c42db75441	iLISI	1	0.1531277491	0.1295350299	0.6596340276	0.5300989977	ok	0.5300989977	0.044506251289597565
E8p5Embryo	Slide-seq	6	hybrid_hvg_svg_intersection	2000	cellcharter	integration_eval	dASW		0	52.8156608799	3533.80859375	253	cache_signature=cf2a4de9ecaa96a712cd93c42db75441	dASW	1					unavailable		
E8p5Embryo	Slide-seq	6	hybrid_hvg_svg_intersection	2000	cellcharter	integration_eval	dLISI		0	52.8156608799	3533.80859375	253	cache_signature=cf2a4de9ecaa96a712cd93c42db75441	dLISI	1					unavailable		
E8p5Embryo	Slide-seq	6	hybrid_hvg_svg_intersection	2000	cellcharter	integration_eval	ILL		0	52.8156608799	3533.80859375	253	cache_signature=cf2a4de9ecaa96a712cd93c42db75441	ILL	1					unavailable		
E8p5Embryo	Slide-seq	6	hybrid_hvg_svg_intersection	2000	cellcharter	integration_eval	GC		0	52.8156608799	3533.80859375	253	cache_signature=cf2a4de9ecaa96a712cd93c42db75441	GC	1					unavailable		
E8p5Embryo	Slide-seq	6	hybrid_hvg_svg_intersection	2000	cellcharter	clustering_eval	silhouette	0.0665556043	1	41.8371141627	3547.7109375	253	cache_signature=3387fb76d4a65634d7d338d7d495ba03	silhouette	1	0.0665556043	-0.1284756213	0.6791920066	0.8076676279	ok	0.8076676279	0.24147461017732838
E8p5Embryo	Slide-seq	6	hybrid_hvg_svg_intersection	2000	cellcharter	clustering_eval	CHAOS	0.0530962886	1	41.8371141627	3547.7109375	253	cache_signature=3387fb76d4a65634d7d338d7d495ba03	CHAOS	-1	-0.0530962886	-0.1368430974	-0.0532607287	0.0835823686999999	ok	0.0835823686999999	1.0019674017685516
E8p5Embryo	Slide-seq	6	hybrid_hvg_svg_intersection	2000	cellcharter	clustering_eval	PAS	0.0944166667	1	41.8371141627	3547.7109375	253	cache_signature=3387fb76d4a65634d7d338d7d495ba03	PAS	-1	-0.0944166667	-0.981	-0.0909166667	0.8900833333	ok	0.8900833333	0.9960677839152164
E8p5Embryo	Slide-seq	6	hybrid_hvg_svg_intersection	2000	cellcharter	integration_eval	bASW	0.9864442227	1	42.1871206975	3547.7109375	253	cache_signature=eee814d08e4123d1d071c015ab82e887	bASW	1	0.9864442227	0.8819584101	0.9997620521	0.117803642	ok	0.117803642	0.8869489162312996
E8p5Embryo	Slide-seq	6	hybrid_hvg_svg_intersection	2000	cellcharter	integration_eval	iLISI	0.1644560919	1	42.1871206975	3547.7109375	253	cache_signature=eee814d08e4123d1d071c015ab82e887	iLISI	1	0.1644560919	0.1295350299	0.6596340276	0.5300989977	ok	0.5300989977	0.065876491280904
E8p5Embryo	Slide-seq	6	hybrid_hvg_svg_intersection	2000	cellcharter	integration_eval	dASW		1	42.1871206975	3547.7109375	253	cache_signature=eee814d08e4123d1d071c015ab82e887	dASW	1					unavailable		
E8p5Embryo	Slide-seq	6	hybrid_hvg_svg_intersection	2000	cellcharter	integration_eval	dLISI		1	42.1871206975	3547.7109375	253	cache_signature=eee814d08e4123d1d071c015ab82e887	dLISI	1					unavailable		
E8p5Embryo	Slide-seq	6	hybrid_hvg_svg_intersection	2000	cellcharter	integration_eval	ILL		1	42.1871206975	3547.7109375	253	cache_signature=eee814d08e4123d1d071c015ab82e887	ILL	1					unavailable		
E8p5Embryo	Slide-seq	6	hybrid_hvg_svg_intersection	2000	cellcharter	integration_eval	GC		1	42.1871206975	3547.7109375	253	cache_signature=eee814d08e4123d1d071c015ab82e887	GC	1					unavailable		
E8p5Embryo	Slide-seq	6	hybrid_hvg_svg_intersection	2000	cellcharter	clustering_eval	silhouette	0.0706685558	2	40.0128949918	3666.71875	253	cache_signature=20dc6084a3eab96483aa7ff46e923987	silhouette	1	0.0706685558	-0.1284756213	0.6791920066	0.8076676279	ok	0.8076676279	0.2465669914464576
E8p5Embryo	Slide-seq	6	hybrid_hvg_svg_intersection	2000	cellcharter	clustering_eval	CHAOS	0.0541364272	2	40.0128949918	3666.71875	253	cache_signature=20dc6084a3eab96483aa7ff46e923987	CHAOS	-1	-0.0541364272	-0.1368430974	-0.0532607287	0.0835823686999999	ok	0.0835823686999999	0.9895229279377925
E8p5Embryo	Slide-seq	6	hybrid_hvg_svg_intersection	2000	cellcharter	clustering_eval	PAS	0.1004166667	2	40.0128949918	3666.71875	253	cache_signature=20dc6084a3eab96483aa7ff46e923987	PAS	-1	-0.1004166667	-0.981	-0.0909166667	0.8900833333	ok	0.8900833333	0.9893268420555875
E8p5Embryo	Slide-seq	6	hybrid_hvg_svg_intersection	2000	cellcharter	integration_eval	bASW	0.9867396867	2	40.611078999	3666.71875	253	cache_signature=936d2d5ab95fc0f7ef8e32bc9612e6af	bASW	1	0.9867396867	0.8819584101	0.9997620521	0.117803642	ok	0.117803642	0.8894570220503032
E8p5Embryo	Slide-seq	6	hybrid_hvg_svg_intersection	2000	cellcharter	integration_eval	iLISI	0.1544155248	2	40.611078999	3666.71875	253	cache_signature=936d2d5ab95fc0f7ef8e32bc9612e6af	iLISI	1	0.1544155248	0.1295350299	0.6596340276	0.5300989977	ok	0.5300989977	0.04693556299474592
E8p5Embryo	Slide-seq	6	hybrid_hvg_svg_intersection	2000	cellcharter	integration_eval	dASW		2	40.611078999	3666.71875	253	cache_signature=936d2d5ab95fc0f7ef8e32bc9612e6af	dASW	1					unavailable		
E8p5Embryo	Slide-seq	6	hybrid_hvg_svg_intersection	2000	cellcharter	integration_eval	dLISI		2	40.611078999	3666.71875	253	cache_signature=936d2d5ab95fc0f7ef8e32bc9612e6af	dLISI	1					unavailable		
E8p5Embryo	Slide-seq	6	hybrid_hvg_svg_intersection	2000	cellcharter	integration_eval	ILL		2	40.611078999	3666.71875	253	cache_signature=936d2d5ab95fc0f7ef8e32bc9612e6af	ILL	1					unavailable		
E8p5Embryo	Slide-seq	6	hybrid_hvg_svg_intersection	2000	cellcharter	integration_eval	GC		2	40.611078999	3666.71875	253	cache_signature=936d2d5ab95fc0f7ef8e32bc9612e6af	GC	1					unavailable		
E8p5Embryo	Slide-seq	6	hybrid_hvg_svg_union	2000	cellcharter	clustering_eval	silhouette	0.0831074193	0	85.0201980453	3188.2265625	2000	cache_signature=17588fd40d02b1e0eef618e622ec70eb	silhouette	1	0.0831074193	-0.1284756213	0.6791920066	0.8076676279	ok	0.8076676279	0.2619679597040836
E8p5Embryo	Slide-seq	6	hybrid_hvg_svg_union	2000	cellcharter	clustering_eval	CHAOS	0.0613021876	0	85.0201980453	3188.2265625	2000	cache_signature=17588fd40d02b1e0eef618e622ec70eb	CHAOS	-1	-0.0613021876	-0.1368430974	-0.0532607287	0.0835823686999999	ok	0.0835823686999999	0.9037900094831853
E8p5Embryo	Slide-seq	6	hybrid_hvg_svg_union	2000	cellcharter	clustering_eval	PAS	0.23075	0	85.0201980453	3188.2265625	2000	cache_signature=17588fd40d02b1e0eef618e622ec70eb	PAS	-1	-0.23075	-0.981	-0.0909166667	0.8900833333	ok	0.8900833333	0.8428986050310981
E8p5Embryo	Slide-seq	6	hybrid_hvg_svg_union	2000	cellcharter	integration_eval	bASW	0.9883074909	0	85.5533344336	3184.74609375	2000	cache_signature=976898ce63cde4ac4c811930581b72de	bASW	1	0.9883074909	0.8819584101	0.9997620521	0.117803642	ok	0.117803642	0.9027656445460324
E8p5Embryo	Slide-seq	6	hybrid_hvg_svg_union	2000	cellcharter	integration_eval	iLISI	0.1572942633	0	85.5533344336	3184.74609375	2000	cache_signature=976898ce63cde4ac4c811930581b72de	iLISI	1	0.1572942633	0.1295350299	0.6596340276	0.5300989977	ok	0.5300989977	0.05236613070472138
E8p5Embryo	Slide-seq	6	hybrid_hvg_svg_union	2000	cellcharter	integration_eval	dASW		0	85.5533344336	3184.74609375	2000	cache_signature=976898ce63cde4ac4c811930581b72de	dASW	1					unavailable		
E8p5Embryo	Slide-seq	6	hybrid_hvg_svg_union	2000	cellcharter	integration_eval	dLISI		0	85.5533344336	3184.74609375	2000	cache_signature=976898ce63cde4ac4c811930581b72de	dLISI	1					unavailable		
E8p5Embryo	Slide-seq	6	hybrid_hvg_svg_union	2000	cellcharter	integration_eval	ILL		0	85.5533344336	3184.74609375	2000	cache_signature=976898ce63cde4ac4c811930581b72de	ILL	1					unavailable		
E8p5Embryo	Slide-seq	6	hybrid_hvg_svg_union	2000	cellcharter	integration_eval	GC		0	85.5533344336	3184.74609375	2000	cache_signature=976898ce63cde4ac4c811930581b72de	GC	1					unavailable		
E8p5Embryo	Slide-seq	6	hybrid_hvg_svg_union	2000	cellcharter	clustering_eval	silhouette	0.0867056772	1	73.3901008116	3547.7109375	2000	cache_signature=f86e971528d73f589ca9f615ffd14291	silhouette	1	0.0867056772	-0.1284756213	0.6791920066	0.8076676279	ok	0.8076676279	0.2664230818059261
E8p5Embryo	Slide-seq	6	hybrid_hvg_svg_union	2000	cellcharter	clustering_eval	CHAOS	0.0618255758	1	73.3901008116	3547.7109375	2000	cache_signature=f86e971528d73f589ca9f615ffd14291	CHAOS	-1	-0.0618255758	-0.1368430974	-0.0532607287	0.0835823686999999	ok	0.0835823686999999	0.897528064432566
E8p5Embryo	Slide-seq	6	hybrid_hvg_svg_union	2000	cellcharter	clustering_eval	PAS	0.2648333333	1	73.3901008116	3547.7109375	2000	cache_signature=f86e971528d73f589ca9f615ffd14291	PAS	-1	-0.2648333333	-0.981	-0.0909166667	0.8900833333	ok	0.8900833333	0.8046063103381558
E8p5Embryo	Slide-seq	6	hybrid_hvg_svg_union	2000	cellcharter	integration_eval	bASW	0.9886059649	1	73.9594884943	3547.7109375	2000	cache_signature=5df0049bf374fad5ea5fbed910d5f433	bASW	1	0.9886059649	0.8819584101	0.9997620521	0.117803642	ok	0.117803642	0.9052993013577627
E8p5Embryo	Slide-seq	6	hybrid_hvg_svg_union	2000	cellcharter	integration_eval	iLISI	0.1609161854	1	73.9594884943	3547.7109375	2000	cache_signature=5df0049bf374fad5ea5fbed910d5f433	iLISI	1	0.1609161854	0.1295350299	0.6596340276	0.5300989977	ok	0.5300989977	0.05919866975066346
E8p5Embryo	Slide-seq	6	hybrid_hvg_svg_union	2000	cellcharter	integration_eval	dASW		1	73.9594884943	3547.7109375	2000	cache_signature=5df0049bf374fad5ea5fbed910d5f433	dASW	1					unavailable		
E8p5Embryo	Slide-seq	6	hybrid_hvg_svg_union	2000	cellcharter	integration_eval	dLISI		1	73.9594884943	3547.7109375	2000	cache_signature=5df0049bf374fad5ea5fbed910d5f433	dLISI	1					unavailable		
E8p5Embryo	Slide-seq	6	hybrid_hvg_svg_union	2000	cellcharter	integration_eval	ILL		1	73.9594884943	3547.7109375	2000	cache_signature=5df0049bf374fad5ea5fbed910d5f433	ILL	1					unavailable		
E8p5Embryo	Slide-seq	6	hybrid_hvg_svg_union	2000	cellcharter	integration_eval	GC		1	73.9594884943	3547.7109375	2000	cache_signature=5df0049bf374fad5ea5fbed910d5f433	GC	1					unavailable		
E8p5Embryo	Slide-seq	6	hybrid_hvg_svg_union	2000	cellcharter	clustering_eval	silhouette	0.091810219	2	76.7774294494	3666.71875	2000	cache_signature=ce0c7fda259454aecea99ef5767f6df9	silhouette	1	0.091810219	-0.1284756213	0.6791920066	0.8076676279	ok	0.8076676279	0.27274318381777996
E8p5Embryo	Slide-seq	6	hybrid_hvg_svg_union	2000	cellcharter	clustering_eval	CHAOS	0.063304009	2	76.7774294494	3666.71875	2000	cache_signature=ce0c7fda259454aecea99ef5767f6df9	CHAOS	-1	-0.063304009	-0.1368430974	-0.0532607287	0.0835823686999999	ok	0.0835823686999999	0.8798397262938553
E8p5Embryo	Slide-seq	6	hybrid_hvg_svg_union	2000	cellcharter	clustering_eval	PAS	0.27225	2	76.7774294494	3666.71875	2000	cache_signature=ce0c7fda259454aecea99ef5767f6df9	PAS	-1	-0.27225	-0.981	-0.0909166667	0.8900833333	ok	0.8900833333	0.7962737571686649
E8p5Embryo	Slide-seq	6	hybrid_hvg_svg_union	2000	cellcharter	integration_eval	bASW	0.988655217	2	77.2440007776	3666.71875	2000	cache_signature=7f4f78d7ab31a09095aa869dbe9bc253	bASW	1	0.988655217	0.8819584101	0.9997620521	0.117803642	ok	0.117803642	0.9057173877527492
E8p5Embryo	Slide-seq	6	hybrid_hvg_svg_union	2000	cellcharter	integration_eval	iLISI	0.1613267053	2	77.2440007776	3666.71875	2000	cache_signature=7f4f78d7ab31a09095aa869dbe9bc253	iLISI	1	0.1613267053	0.1295350299	0.6596340276	0.5300989977	ok	0.5300989977	0.05997309094704599
E8p5Embryo	Slide-seq	6	hybrid_hvg_svg_union	2000	cellcharter	integration_eval	dASW		2	77.2440007776	3666.71875	2000	cache_signature=7f4f78d7ab31a09095aa869dbe9bc253	dASW	1					unavailable		
E8p5Embryo	Slide-seq	6	hybrid_hvg_svg_union	2000	cellcharter	integration_eval	dLISI		2	77.2440007776	3666.71875	2000	cache_signature=7f4f78d7ab31a09095aa869dbe9bc253	dLISI	1					unavailable		
E8p5Embryo	Slide-seq	6	hybrid_hvg_svg_union	2000	cellcharter	integration_eval	ILL		2	77.2440007776	3666.71875	2000	cache_signature=7f4f78d7ab31a09095aa869dbe9bc253	ILL	1					unavailable		
E8p5Embryo	Slide-seq	6	hybrid_hvg_svg_union	2000	cellcharter	integration_eval	GC		2	77.2440007776	3666.71875	2000	cache_signature=7f4f78d7ab31a09095aa869dbe9bc253	GC	1					unavailable		
E8p5Embryo	Slide-seq	6	hybrid_hvg_svg_intersection	2000	scvi	clustering_eval	silhouette	0.1254526824	0	29.6466349084	3533.80859375	253	cache_signature=b2da083f6c1cf7453b463bd751dfa3aa	silhouette	1	0.1254526824	-0.1284756213	0.6791920066	0.8076676279	ok	0.8076676279	0.31439703032327015
E8p5Embryo	Slide-seq	6	hybrid_hvg_svg_intersection	2000	scvi	clustering_eval	CHAOS	0.0983302158	0	29.6466349084	3533.80859375	253	cache_signature=b2da083f6c1cf7453b463bd751dfa3aa	CHAOS	-1	-0.0983302158	-0.1368430974	-0.0532607287	0.0835823686999999	ok	0.0835823686999999	0.4607775802362497
E8p5Embryo	Slide-seq	6	hybrid_hvg_svg_intersection	2000	scvi	clustering_eval	PAS	0.55675	0	29.6466349084	3533.80859375	253	cache_signature=b2da083f6c1cf7453b463bd751dfa3aa	PAS	-1	-0.55675	-0.981	-0.0909166667	0.8900833333	ok	0.8900833333	0.47664076399126076
E8p5Embryo	Slide-seq	6	hybrid_hvg_svg_intersection	2000	scvi	integration_eval	bASW	0.9789563362	0	30.053616941	3533.01953125	253	cache_signature=bbafda6819174eef34230ae85afd7132	bASW	1	0.9789563362	0.8819584101	0.9997620521	0.117803642	ok	0.117803642	0.8233864798509372
E8p5Embryo	Slide-seq	6	hybrid_hvg_svg_intersection	2000	scvi	integration_eval	iLISI	0.4593816011	0	30.053616941	3533.01953125	253	cache_signature=bbafda6819174eef34230ae85afd7132	iLISI	1	0.4593816011	0.1295350299	0.6596340276	0.5300989977	ok	0.5300989977	0.6222357948819792
E8p5Embryo	Slide-seq	6	hybrid_hvg_svg_intersection	2000	scvi	integration_eval	dASW		0	30.053616941	3533.01953125	253	cache_signature=bbafda6819174eef34230ae85afd7132	dASW	1					unavailable		
E8p5Embryo	Slide-seq	6	hybrid_hvg_svg_intersection	2000	scvi	integration_eval	dLISI		0	30.053616941	3533.01953125	253	cache_signature=bbafda6819174eef34230ae85afd7132	dLISI	1					unavailable		
E8p5Embryo	Slide-seq	6	hybrid_hvg_svg_intersection	2000	scvi	integration_eval	ILL		0	30.053616941	3533.01953125	253	cache_signature=bbafda6819174eef34230ae85afd7132	ILL	1					unavailable		
E8p5Embryo	Slide-seq	6	hybrid_hvg_svg_intersection	2000	scvi	integration_eval	GC		0	30.053616941	3533.01953125	253	cache_signature=bbafda6819174eef34230ae85afd7132	GC	1					unavailable		
E8p5Embryo	Slide-seq	6	hybrid_hvg_svg_intersection	2000	scvi	clustering_eval	silhouette	0.1165979132	1	21.1124836933	3547.7109375	253	cache_signature=94567221a8c9371a4c2c4ced26f9c17f	silhouette	1	0.1165979132	-0.1284756213	0.6791920066	0.8076676279	ok	0.8076676279	0.3034336477459307
E8p5Embryo	Slide-seq	6	hybrid_hvg_svg_intersection	2000	scvi	clustering_eval	CHAOS	0.0976923718	1	21.1124836933	3547.7109375	253	cache_signature=94567221a8c9371a4c2c4ced26f9c17f	CHAOS	-1	-0.0976923718	-0.1368430974	-0.0532607287	0.0835823686999999	ok	0.0835823686999999	0.4684089026062748
E8p5Embryo	Slide-seq	6	hybrid_hvg_svg_intersection	2000	scvi	clustering_eval	PAS	0.5383333333	1	21.1124836933	3547.7109375	253	cache_signature=94567221a8c9371a4c2c4ced26f9c17f	PAS	-1	-0.5383333333	-0.981	-0.0909166667	0.8900833333	ok	0.8900833333	0.4973317105700714
E8p5Embryo	Slide-seq	6	hybrid_hvg_svg_intersection	2000	scvi	integration_eval	bASW	0.9796994179	1	21.3429807834	3547.7109375	253	cache_signature=a01590a5be9f453c8814c9127a828a1f	bASW	1	0.9796994179	0.8819584101	0.9997620521	0.117803642	ok	0.117803642	0.8296942788916497
E8p5Embryo	Slide-seq	6	hybrid_hvg_svg_intersection	2000	scvi	integration_eval	iLISI	0.4609142814	1	21.3429807834	3547.7109375	253	cache_signature=a01590a5be9f453c8814c9127a828a1f	iLISI	1	0.4609142814	0.1295350299	0.6596340276	0.5300989977	ok	0.5300989977	0.6251271044423633
E8p5Embryo	Slide-seq	6	hybrid_hvg_svg_intersection	2000	scvi	integration_eval	dASW		1	21.3429807834	3547.7109375	253	cache_signature=a01590a5be9f453c8814c9127a828a1f	dASW	1					unavailable		
E8p5Embryo	Slide-seq	6	hybrid_hvg_svg_intersection	2000	scvi	integration_eval	dLISI		1	21.3429807834	3547.7109375	253	cache_signature=a01590a5be9f453c8814c9127a828a1f	dLISI	1					unavailable		
E8p5Embryo	Slide-seq	6	hybrid_hvg_svg_intersection	2000	scvi	integration_eval	ILL		1	21.3429807834	3547.7109375	253	cache_signature=a01590a5be9f453c8814c9127a828a1f	ILL	1					unavailable		
E8p5Embryo	Slide-seq	6	hybrid_hvg_svg_intersection	2000	scvi	integration_eval	GC		1	21.3429807834	3547.7109375	253	cache_signature=a01590a5be9f453c8814c9127a828a1f	GC	1					unavailable		
E8p5Embryo	Slide-seq	6	hybrid_hvg_svg_intersection	2000	scvi	clustering_eval	silhouette	0.1267704517	2	20.6267759791	3666.71875	253	cache_signature=8dc0036c9b0ee0d685c99d4f45e4183f	silhouette	1	0.1267704517	-0.1284756213	0.6791920066	0.8076676279	ok	0.8076676279	0.316028604072767
E8p5Embryo	Slide-seq	6	hybrid_hvg_svg_intersection	2000	scvi	clustering_eval	CHAOS	0.1001300231	2	20.6267759791	3666.71875	253	cache_signature=8dc0036c9b0ee0d685c99d4f45e4183f	CHAOS	-1	-0.1001300231	-0.1368430974	-0.0532607287	0.0835823686999999	ok	0.0835823686999999	0.4392442433855077
E8p5Embryo	Slide-seq	6	hybrid_hvg_svg_intersection	2000	scvi	clustering_eval	PAS	0.58675	2	20.6267759791	3666.71875	253	cache_signature=8dc0036c9b0ee0d685c99d4f45e4183f	PAS	-1	-0.58675	-0.981	-0.0909166667	0.8900833333	ok	0.8900833333	0.4429360546931162
E8p5Embryo	Slide-seq	6	hybrid_hvg_svg_intersection	2000	scvi	integration_eval	bASW	0.9764752481	2	20.9644872099	3666.71875	253	cache_signature=59f1657a4fc7d0de57b04cde93d45a88	bASW	1	0.9764752481	0.8819584101	0.9997620521	0.117803642	ok	0.117803642	0.8023252625754982
E8p5Embryo	Slide-seq	6	hybrid_hvg_svg_intersection	2000	scvi	integration_eval	iLISI	0.4601510615	2	20.9644872099	3666.71875	253	cache_signature=59f1657a4fc7d0de57b04cde93d45a88	iLISI	1	0.4601510615	0.1295350299	0.6596340276	0.5300989977	ok	0.5300989977	0.6236873358268566
E8p5Embryo	Slide-seq	6	hybrid_hvg_svg_intersection	2000	scvi	integration_eval	dASW		2	20.9644872099	3666.71875	253	cache_signature=59f1657a4fc7d0de57b04cde93d45a88	dASW	1					unavailable		
E8p5Embryo	Slide-seq	6	hybrid_hvg_svg_intersection	2000	scvi	integration_eval	dLISI		2	20.9644872099	3666.71875	253	cache_signature=59f1657a4fc7d0de57b04cde93d45a88	dLISI	1					unavailable		
E8p5Embryo	Slide-seq	6	hybrid_hvg_svg_intersection	2000	scvi	integration_eval	ILL		2	20.9644872099	3666.71875	253	cache_signature=59f1657a4fc7d0de57b04cde93d45a88	ILL	1					unavailable		
E8p5Embryo	Slide-seq	6	hybrid_hvg_svg_intersection	2000	scvi	integration_eval	GC		2	20.9644872099	3666.71875	253	cache_signature=59f1657a4fc7d0de57b04cde93d45a88	GC	1					unavailable		
E8p5Embryo	Slide-seq	6	hybrid_hvg_svg_union	2000	scvi	clustering_eval	silhouette	0.1450214684	0	66.8508732403	2913.921875	2000	cache_signature=d47a19b6699cb6c8d79cc12e465548aa	silhouette	1	0.1450214684	-0.1284756213	0.6791920066	0.8076676279	ok	0.8076676279	0.33862579141758364
E8p5Embryo	Slide-seq	6	hybrid_hvg_svg_union	2000	scvi	clustering_eval	CHAOS	0.1023758036	0	66.8508732403	2913.921875	2000	cache_signature=d47a19b6699cb6c8d79cc12e465548aa	CHAOS	-1	-0.1023758036	-0.1368430974	-0.0532607287	0.0835823686999999	ok	0.0835823686999999	0.4123751735693517
E8p5Embryo	Slide-seq	6	hybrid_hvg_svg_union	2000	scvi	clustering_eval	PAS	0.6675833333	0	66.8508732403	2913.921875	2000	cache_signature=d47a19b6699cb6c8d79cc12e465548aa	PAS	-1	-0.6675833333	-0.981	-0.0909166667	0.8900833333	ok	0.8900833333	0.35212058801056534
E8p5Embryo	Slide-seq	6	hybrid_hvg_svg_union	2000	scvi	integration_eval	bASW	0.9756266121	0	67.0753850713	2909.921875	2000	cache_signature=f676ae49fc09e96126502ec7d401900b	bASW	1	0.9756266121	0.8819584101	0.9997620521	0.117803642	ok	0.117803642	0.7951214445475296
E8p5Embryo	Slide-seq	6	hybrid_hvg_svg_union	2000	scvi	integration_eval	iLISI	0.4854910056	0	67.0753850713	2909.921875	2000	cache_signature=f676ae49fc09e96126502ec7d401900b	iLISI	1	0.4854910056	0.1295350299	0.6596340276	0.5300989977	ok	0.5300989977	0.6714896222109948
E8p5Embryo	Slide-seq	6	hybrid_hvg_svg_union	2000	scvi	integration_eval	dASW		0	67.0753850713	2909.921875	2000	cache_signature=f676ae49fc09e96126502ec7d401900b	dASW	1					unavailable		
E8p5Embryo	Slide-seq	6	hybrid_hvg_svg_union	2000	scvi	integration_eval	dLISI		0	67.0753850713	2909.921875	2000	cache_signature=f676ae49fc09e96126502ec7d401900b	dLISI	1					unavailable		
E8p5Embryo	Slide-seq	6	hybrid_hvg_svg_union	2000	scvi	integration_eval	ILL		0	67.0753850713	2909.921875	2000	cache_signature=f676ae49fc09e96126502ec7d401900b	ILL	1					unavailable		
E8p5Embryo	Slide-seq	6	hybrid_hvg_svg_union	2000	scvi	integration_eval	GC		0	67.0753850713	2909.921875	2000	cache_signature=f676ae49fc09e96126502ec7d401900b	GC	1					unavailable		
E8p5Embryo	Slide-seq	6	hybrid_hvg_svg_union	2000	scvi	clustering_eval	silhouette	0.1570235789	1	52.223449057	3533.80859375	2000	cache_signature=38728bb24e966fbc4dc53ab97c5ffaeb	silhouette	1	0.1570235789	-0.1284756213	0.6791920066	0.8076676279	ok	0.8076676279	0.3534860013423103
E8p5Embryo	Slide-seq	6	hybrid_hvg_svg_union	2000	scvi	clustering_eval	CHAOS	0.0979055697	1	52.223449057	3533.80859375	2000	cache_signature=38728bb24e966fbc4dc53ab97c5ffaeb	CHAOS	-1	-0.0979055697	-0.1368430974	-0.0532607287	0.0835823686999999	ok	0.0835823686999999	0.46585815053599994
E8p5Embryo	Slide-seq	6	hybrid_hvg_svg_union	2000	scvi	clustering_eval	PAS	0.6405	1	52.223449057	3533.80859375	2000	cache_signature=38728bb24e966fbc4dc53ab97c5ffaeb	PAS	-1	-0.6405	-0.981	-0.0909166667	0.8900833333	ok	0.8900833333	0.3825484505339406
E8p5Embryo	Slide-seq	6	hybrid_hvg_svg_union	2000	scvi	integration_eval	bASW	0.9753563907	1	52.4433817109	3533.80859375	2000	cache_signature=aa8a383ea0a2f46fe6eb6212927fa34e	bASW	1	0.9753563907	0.8819584101	0.9997620521	0.117803642	ok	0.117803642	0.7928276156351775
E8p5Embryo	Slide-seq	6	hybrid_hvg_svg_union	2000	scvi	integration_eval	iLISI	0.4836513641	1	52.4433817109	3533.80859375	2000	cache_signature=aa8a383ea0a2f46fe6eb6212927fa34e	iLISI	1	0.4836513641	0.1295350299	0.6596340276	0.5300989977	ok	0.5300989977	0.6680192487373948
E8p5Embryo	Slide-seq	6	hybrid_hvg_svg_union	2000	scvi	integration_eval	dASW		1	52.4433817109	3533.80859375	2000	cache_signature=aa8a383ea0a2f46fe6eb6212927fa34e	dASW	1					unavailable		
E8p5Embryo	Slide-seq	6	hybrid_hvg_svg_union	2000	scvi	integration_eval	dLISI		1	52.4433817109	3533.80859375	2000	cache_signature=aa8a383ea0a2f46fe6eb6212927fa34e	dLISI	1					unavailable		
E8p5Embryo	Slide-seq	6	hybrid_hvg_svg_union	2000	scvi	integration_eval	ILL		1	52.4433817109	3533.80859375	2000	cache_signature=aa8a383ea0a2f46fe6eb6212927fa34e	ILL	1					unavailable		
E8p5Embryo	Slide-seq	6	hybrid_hvg_svg_union	2000	scvi	integration_eval	GC		1	52.4433817109	3533.80859375	2000	cache_signature=aa8a383ea0a2f46fe6eb6212927fa34e	GC	1					unavailable		
E8p5Embryo	Slide-seq	6	hybrid_hvg_svg_union	2000	scvi	clustering_eval	silhouette	0.1281584054	2	48.9626679197	3584.53515625	2000	cache_signature=c326de83a0f62e80450ea683bdc8e26b	silhouette	1	0.1281584054	-0.1284756213	0.6791920066	0.8076676279	ok	0.8076676279	0.3177470754489305
E8p5Embryo	Slide-seq	6	hybrid_hvg_svg_union	2000	scvi	clustering_eval	CHAOS	0.101210898	2	48.9626679197	3584.53515625	2000	cache_signature=c326de83a0f62e80450ea683bdc8e26b	CHAOS	-1	-0.101210898	-0.1368430974	-0.0532607287	0.0835823686999999	ok	0.0835823686999999	0.42631239045035646
E8p5Embryo	Slide-seq	6	hybrid_hvg_svg_union	2000	scvi	clustering_eval	PAS	0.6644166667	2	48.9626679197	3584.53515625	2000	cache_signature=c326de83a0f62e80450ea683bdc8e26b	PAS	-1	-0.6644166667	-0.981	-0.0909166667	0.8900833333	ok	0.8900833333	0.3556783072504701
E8p5Embryo	Slide-seq	6	hybrid_hvg_svg_union	2000	scvi	integration_eval	bASW	0.9774473105	2	49.1857119799	3584.42578125	2000	cache_signature=d146a8b1911088bf96036cf9f02977ca	bASW	1	0.9774473105	0.8819584101	0.9997620521	0.117803642	ok	0.117803642	0.8105768105200009
E8p5Embryo	Slide-seq	6	hybrid_hvg_svg_union	2000	scvi	integration_eval	iLISI	0.4826089834	2	49.1857119799	3584.42578125	2000	cache_signature=d146a8b1911088bf96036cf9f02977ca	iLISI	1	0.4826089834	0.1295350299	0.6596340276	0.5300989977	ok	0.5300989977	0.6660528599977016
E8p5Embryo	Slide-seq	6	hybrid_hvg_svg_union	2000	scvi	integration_eval	dASW		2	49.1857119799	3584.42578125	2000	cache_signature=d146a8b1911088bf96036cf9f02977ca	dASW	1					unavailable		
E8p5Embryo	Slide-seq	6	hybrid_hvg_svg_union	2000	scvi	integration_eval	dLISI		2	49.1857119799	3584.42578125	2000	cache_signature=d146a8b1911088bf96036cf9f02977ca	dLISI	1					unavailable		
E8p5Embryo	Slide-seq	6	hybrid_hvg_svg_union	2000	scvi	integration_eval	ILL		2	49.1857119799	3584.42578125	2000	cache_signature=d146a8b1911088bf96036cf9f02977ca	ILL	1					unavailable		
E8p5Embryo	Slide-seq	6	hybrid_hvg_svg_union	2000	scvi	integration_eval	GC		2	49.1857119799	3584.42578125	2000	cache_signature=d146a8b1911088bf96036cf9f02977ca	GC	1					unavailable		
E9p5Embryo	Slide-seq	6	hybrid_hvg_svg_intersection	2000	cellcharter	clustering_eval	silhouette	0.0880878866	0	57.5493807681	3234.82421875	290	cache_signature=4269115ae5b7a58a951614d33e9a5acd	silhouette	1	0.0880878866	-0.0883996114	0.7082412839	0.7966408952999999	ok	0.7966408952999999	0.22153959085107994
E9p5Embryo	Slide-seq	6	hybrid_hvg_svg_intersection	2000	cellcharter	clustering_eval	CHAOS	0.05156158	0	57.5493807681	3234.82421875	290	cache_signature=4269115ae5b7a58a951614d33e9a5acd	CHAOS	-1	-0.05156158	-0.1356938325	-0.0502401742	0.0854536583	ok	0.0854536583	0.9845365801033238
E9p5Embryo	Slide-seq	6	hybrid_hvg_svg_intersection	2000	cellcharter	clustering_eval	PAS	0.11025	0	57.5493807681	3234.82421875	290	cache_signature=4269115ae5b7a58a951614d33e9a5acd	PAS	-1	-0.11025	-0.9751666667	-0.0728333333	0.9023333334	ok	0.9023333334	0.9585334318094915
E9p5Embryo	Slide-seq	6	hybrid_hvg_svg_intersection	2000	cellcharter	integration_eval	bASW	0.9993313797	0	58.0972952973	3234.82421875	290	cache_signature=30b72a320f8cd9ab46e00240fe002367	bASW	1	0.9993313797	0.8604619801	0.9999292047	0.1394672246	ok	0.1394672246	0.9957135090218179
E9p5Embryo	Slide-seq	6	hybrid_hvg_svg_intersection	2000	cellcharter	integration_eval	iLISI	0.127782652	0	58.0972952973	3234.82421875	290	cache_signature=30b72a320f8cd9ab46e00240fe002367	iLISI	1	0.127782652	0.0889081986333333	0.6306939552	0.5417857565666667	ok	0.5417857565666667	0.07175244623080673
E9p5Embryo	Slide-seq	6	hybrid_hvg_svg_intersection	2000	cellcharter	integration_eval	dASW		0	58.0972952973	3234.82421875	290	cache_signature=30b72a320f8cd9ab46e00240fe002367	dASW	1					unavailable		
E9p5Embryo	Slide-seq	6	hybrid_hvg_svg_intersection	2000	cellcharter	integration_eval	dLISI		0	58.0972952973	3234.82421875	290	cache_signature=30b72a320f8cd9ab46e00240fe002367	dLISI	1					unavailable		
E9p5Embryo	Slide-seq	6	hybrid_hvg_svg_intersection	2000	cellcharter	integration_eval	ILL		0	58.0972952973	3234.82421875	290	cache_signature=30b72a320f8cd9ab46e00240fe002367	ILL	1					unavailable		
E9p5Embryo	Slide-seq	6	hybrid_hvg_svg_intersection	2000	cellcharter	integration_eval	GC		0	58.0972952973	3234.82421875	290	cache_signature=30b72a320f8cd9ab46e00240fe002367	GC	1					unavailable		
E9p5Embryo	Slide-seq	6	hybrid_hvg_svg_intersection	2000	cellcharter	clustering_eval	silhouette	0.0727234259	1	48.2571541276	3400.34375	290	cache_signature=e696f3db2d68cff80178a19b1340d213	silhouette	1	0.0727234259	-0.0883996114	0.7082412839	0.7966408952999999	ok	0.7966408952999999	0.20225303301724687
E9p5Embryo	Slide-seq	6	hybrid_hvg_svg_intersection	2000	cellcharter	clustering_eval	CHAOS	0.0540266704	1	48.2571541276	3400.34375	290	cache_signature=e696f3db2d68cff80178a19b1340d213	CHAOS	-1	-0.0540266704	-0.1356938325	-0.0502401742	0.0854536583	ok	0.0854536583	0.9556894780711804
E9p5Embryo	Slide-seq	6	hybrid_hvg_svg_intersection	2000	cellcharter	clustering_eval	PAS	0.1310833333	1	48.2571541276	3400.34375	290	cache_signature=e696f3db2d68cff80178a19b1340d213	PAS	-1	-0.1310833333	-0.9751666667	-0.0728333333	0.9023333334	ok	0.9023333334	0.9354451422286335
E9p5Embryo	Slide-seq	6	hybrid_hvg_svg_intersection	2000	cellcharter	integration_eval	bASW	0.9996658947	1	48.6233390775	3400.34375	290	cache_signature=df30ab41b7e2f52985c3cce54fc3dce3	bASW	1	0.9996658947	0.8604619801	0.9999292047	0.1394672246	ok	0.1394672246	0.9981120295413123
E9p5Embryo	Slide-seq	6	hybrid_hvg_svg_intersection	2000	cellcharter	integration_eval	iLISI	0.130110312	1	48.6233390775	3400.34375	290	cache_signature=df30ab41b7e2f52985c3cce54fc3dce3	iLISI	1	0.130110312	0.0889081986333333	0.6306939552	0.5417857565666667	ok	0.5417857565666667	0.07604872012097053
E9p5Embryo	Slide-seq	6	hybrid_hvg_svg_intersection	2000	cellcharter	integration_eval	dASW		1	48.6233390775	3400.34375	290	cache_signature=df30ab41b7e2f52985c3cce54fc3dce3	dASW	1					unavailable		
E9p5Embryo	Slide-seq	6	hybrid_hvg_svg_intersection	2000	cellcharter	integration_eval	dLISI		1	48.6233390775	3400.34375	290	cache_signature=df30ab41b7e2f52985c3cce54fc3dce3	dLISI	1					unavailable		
E9p5Embryo	Slide-seq	6	hybrid_hvg_svg_intersection	2000	cellcharter	integration_eval	ILL		1	48.6233390775	3400.34375	290	cache_signature=df30ab41b7e2f52985c3cce54fc3dce3	ILL	1					unavailable		
E9p5Embryo	Slide-seq	6	hybrid_hvg_svg_intersection	2000	cellcharter	integration_eval	GC		1	48.6233390775	3400.34375	290	cache_signature=df30ab41b7e2f52985c3cce54fc3dce3	GC	1					unavailable		
E9p5Embryo	Slide-seq	6	hybrid_hvg_svg_intersection	2000	cellcharter	clustering_eval	silhouette	0.0739746168	2	47.0939119449	3518.875	290	cache_signature=86177c8c8beeee85763d4ef770bb9628	silhouette	1	0.0739746168	-0.0883996114	0.7082412839	0.7966408952999999	ok	0.7966408952999999	0.20382361633450027
E9p5Embryo	Slide-seq	6	hybrid_hvg_svg_intersection	2000	cellcharter	clustering_eval	CHAOS	0.0509874476	2	47.0939119449	3518.875	290	cache_signature=86177c8c8beeee85763d4ef770bb9628	CHAOS	-1	-0.0509874476	-0.1356938325	-0.0502401742	0.0854536583	ok	0.0854536583	0.99125522049183
E9p5Embryo	Slide-seq	6	hybrid_hvg_svg_intersection	2000	cellcharter	clustering_eval	PAS	0.11125	2	47.0939119449	3518.875	290	cache_signature=86177c8c8beeee85763d4ef770bb9628	PAS	-1	-0.11125	-0.9751666667	-0.0728333333	0.9023333334	ok	0.9023333334	0.9574251939078371
E9p5Embryo	Slide-seq	6	hybrid_hvg_svg_intersection	2000	cellcharter	integration_eval	bASW	0.9971303425	2	47.6099667735	3518.875	290	cache_signature=87107b577df705b68f6956aa9d204335	bASW	1	0.9971303425	0.8604619801	0.9999292047	0.1394672246	ok	0.1394672246	0.9799317566687996
E9p5Embryo	Slide-seq	6	hybrid_hvg_svg_intersection	2000	cellcharter	integration_eval	iLISI	0.1367341126	2	47.6099667735	3518.875	290	cache_signature=87107b577df705b68f6956aa9d204335	iLISI	1	0.1367341126	0.0889081986333333	0.6306939552	0.5417857565666667	ok	0.5417857565666667	0.08827458711676511
E9p5Embryo	Slide-seq	6	hybrid_hvg_svg_intersection	2000	cellcharter	integration_eval	dASW		2	47.6099667735	3518.875	290	cache_signature=87107b577df705b68f6956aa9d204335	dASW	1					unavailable		
E9p5Embryo	Slide-seq	6	hybrid_hvg_svg_intersection	2000	cellcharter	integration_eval	dLISI		2	47.6099667735	3518.875	290	cache_signature=87107b577df705b68f6956aa9d204335	dLISI	1					unavailable		
E9p5Embryo	Slide-seq	6	hybrid_hvg_svg_intersection	2000	cellcharter	integration_eval	ILL		2	47.6099667735	3518.875	290	cache_signature=87107b577df705b68f6956aa9d204335	ILL	1					unavailable		
E9p5Embryo	Slide-seq	6	hybrid_hvg_svg_intersection	2000	cellcharter	integration_eval	GC		2	47.6099667735	3518.875	290	cache_signature=87107b577df705b68f6956aa9d204335	GC	1					unavailable		
E9p5Embryo	Slide-seq	6	hybrid_hvg_svg_union	2000	cellcharter	clustering_eval	silhouette	0.0886481702	0	90.4375064876	3180.12890625	2000	cache_signature=a9572a2faf8f0ebad25395c7f04fe9b3	silhouette	1	0.0886481702	-0.0883996114	0.7082412839	0.7966408952999999	ok	0.7966408952999999	0.2222428984559312
E9p5Embryo	Slide-seq	6	hybrid_hvg_svg_union	2000	cellcharter	clustering_eval	CHAOS	0.0591737938	0	90.4375064876	3180.12890625	2000	cache_signature=a9572a2faf8f0ebad25395c7f04fe9b3	CHAOS	-1	-0.0591737938	-0.1356938325	-0.0502401742	0.0854536583	ok	0.0854536583	0.8954565576509672
E9p5Embryo	Slide-seq	6	hybrid_hvg_svg_union	2000	cellcharter	clustering_eval	PAS	0.2544166667	0	90.4375064876	3180.12890625	2000	cache_signature=a9572a2faf8f0ebad25395c7f04fe9b3	PAS	-1	-0.2544166667	-0.9751666667	-0.0728333333	0.9023333334	ok	0.9023333334	0.7987624676173799
E9p5Embryo	Slide-seq	6	hybrid_hvg_svg_union	2000	cellcharter	integration_eval	bASW	0.9956890959	0	90.8422294995	3177.0703125	2000	cache_signature=29eba3d5335c37a057cd4e55d3027bfe	bASW	1	0.9956890959	0.8604619801	0.9999292047	0.1394672246	ok	0.1394672246	0.9695978118718512
E9p5Embryo	Slide-seq	6	hybrid_hvg_svg_union	2000	cellcharter	integration_eval	iLISI	0.090327782	0	90.8422294995	3177.0703125	2000	cache_signature=29eba3d5335c37a057cd4e55d3027bfe	iLISI	1	0.090327782	0.0889081986333333	0.6306939552	0.5417857565666667	ok	0.5417857565666667	0.002620193221140946
E9p5Embryo	Slide-seq	6	hybrid_hvg_svg_union	2000	cellcharter	integration_eval	dASW		0	90.8422294995	3177.0703125	2000	cache_signature=29eba3d5335c37a057cd4e55d3027bfe	dASW	1					unavailable		
E9p5Embryo	Slide-seq	6	hybrid_hvg_svg_union	2000	cellcharter	integration_eval	dLISI		0	90.8422294995	3177.0703125	2000	cache_signature=29eba3d5335c37a057cd4e55d3027bfe	dLISI	1					unavailable		
E9p5Embryo	Slide-seq	6	hybrid_hvg_svg_union	2000	cellcharter	integration_eval	ILL		0	90.8422294995	3177.0703125	2000	cache_signature=29eba3d5335c37a057cd4e55d3027bfe	ILL	1					unavailable		
E9p5Embryo	Slide-seq	6	hybrid_hvg_svg_union	2000	cellcharter	integration_eval	GC		0	90.8422294995	3177.0703125	2000	cache_signature=29eba3d5335c37a057cd4e55d3027bfe	GC	1					unavailable		
E9p5Embryo	Slide-seq	6	hybrid_hvg_svg_union	2000	cellcharter	clustering_eval	silhouette	0.1204744279	1	74.5514336387	3400.34375	2000	cache_signature=c7af4c21832bd7c3f464b151965a3ed4	silhouette	1	0.1204744279	-0.0883996114	0.7082412839	0.7966408952999999	ok	0.7966408952999999	0.2621934682644455
E9p5Embryo	Slide-seq	6	hybrid_hvg_svg_union	2000	cellcharter	clustering_eval	CHAOS	0.0556808898	1	74.5514336387	3400.34375	2000	cache_signature=c7af4c21832bd7c3f464b151965a3ed4	CHAOS	-1	-0.0556808898	-0.1356938325	-0.0502401742	0.0854536583	ok	0.0854536583	0.9363313905075964
E9p5Embryo	Slide-seq	6	hybrid_hvg_svg_union	2000	cellcharter	clustering_eval	PAS	0.1995833333	1	74.5514336387	3400.34375	2000	cache_signature=c7af4c21832bd7c3f464b151965a3ed4	PAS	-1	-0.1995833333	-0.9751666667	-0.0728333333	0.9023333334	ok	0.9023333334	0.8595308459653098
E9p5Embryo	Slide-seq	6	hybrid_hvg_svg_union	2000	cellcharter	integration_eval	bASW	0.9979783057	1	74.8490004232	3400.34375	2000	cache_signature=bb575e15493b824d79632283f3b9b433	bASW	1	0.9979783057	0.8604619801	0.9999292047	0.1394672246	ok	0.1394672246	0.9860117744108321
E9p5Embryo	Slide-seq	6	hybrid_hvg_svg_union	2000	cellcharter	integration_eval	iLISI	0.097825601	1	74.8490004232	3400.34375	2000	cache_signature=bb575e15493b824d79632283f3b9b433	iLISI	1	0.097825601	0.0889081986333333	0.6306939552	0.5417857565666667	ok	0.5417857565666667	0.0164592779684296
E9p5Embryo	Slide-seq	6	hybrid_hvg_svg_union	2000	cellcharter	integration_eval	dASW		1	74.8490004232	3400.34375	2000	cache_signature=bb575e15493b824d79632283f3b9b433	dASW	1					unavailable		
E9p5Embryo	Slide-seq	6	hybrid_hvg_svg_union	2000	cellcharter	integration_eval	dLISI		1	74.8490004232	3400.34375	2000	cache_signature=bb575e15493b824d79632283f3b9b433	dLISI	1					unavailable		
E9p5Embryo	Slide-seq	6	hybrid_hvg_svg_union	2000	cellcharter	integration_eval	ILL		1	74.8490004232	3400.34375	2000	cache_signature=bb575e15493b824d79632283f3b9b433	ILL	1					unavailable		
E9p5Embryo	Slide-seq	6	hybrid_hvg_svg_union	2000	cellcharter	integration_eval	GC		1	74.8490004232	3400.34375	2000	cache_signature=bb575e15493b824d79632283f3b9b433	GC	1					unavailable		
E9p5Embryo	Slide-seq	6	hybrid_hvg_svg_union	2000	cellcharter	clustering_eval	silhouette	0.1133802459	2	79.8720249971	3518.875	2000	cache_signature=20c80141e850943e8cde6b991102475b	silhouette	1	0.1133802459	-0.0883996114	0.7082412839	0.7966408952999999	ok	0.7966408952999999	0.253288349230444
E9p5Embryo	Slide-seq	6	hybrid_hvg_svg_union	2000	cellcharter	clustering_eval	CHAOS	0.0548304888	2	79.8720249971	3518.875	2000	cache_signature=20c80141e850943e8cde6b991102475b	CHAOS	-1	-0.0548304888	-0.1356938325	-0.0502401742	0.0854536583	ok	0.0854536583	0.9462829948849598
E9p5Embryo	Slide-seq	6	hybrid_hvg_svg_union	2000	cellcharter	clustering_eval	PAS	0.1794166667	2	79.8720249971	3518.875	2000	cache_signature=20c80141e850943e8cde6b991102475b	PAS	-1	-0.1794166667	-0.9751666667	-0.0728333333	0.9023333334	ok	0.9023333334	0.8818803102414569
E9p5Embryo	Slide-seq	6	hybrid_hvg_svg_union	2000	cellcharter	integration_eval	bASW	0.9993023931	2	80.412201982	3518.875	2000	cache_signature=1bf5721190cd6726fb0390c0dd8fc2f0	bASW	1	0.9993023931	0.8604619801	0.9999292047	0.1394672246	ok	0.1394672246	0.9955056709431361
E9p5Embryo	Slide-seq	6	hybrid_hvg_svg_union	2000	cellcharter	integration_eval	iLISI	0.1011283503	2	80.412201982	3518.875	2000	cache_signature=1bf5721190cd6726fb0390c0dd8fc2f0	iLISI	1	0.1011283503	0.0889081986333333	0.6306939552	0.5417857565666667	ok	0.5417857565666667	0.02255532102598385
E9p5Embryo	Slide-seq	6	hybrid_hvg_svg_union	2000	cellcharter	integration_eval	dASW		2	80.412201982	3518.875	2000	cache_signature=1bf5721190cd6726fb0390c0dd8fc2f0	dASW	1					unavailable		
E9p5Embryo	Slide-seq	6	hybrid_hvg_svg_union	2000	cellcharter	integration_eval	dLISI		2	80.412201982	3518.875	2000	cache_signature=1bf5721190cd6726fb0390c0dd8fc2f0	dLISI	1					unavailable		
E9p5Embryo	Slide-seq	6	hybrid_hvg_svg_union	2000	cellcharter	integration_eval	ILL		2	80.412201982	3518.875	2000	cache_signature=1bf5721190cd6726fb0390c0dd8fc2f0	ILL	1					unavailable		
E9p5Embryo	Slide-seq	6	hybrid_hvg_svg_union	2000	cellcharter	integration_eval	GC		2	80.412201982	3518.875	2000	cache_signature=1bf5721190cd6726fb0390c0dd8fc2f0	GC	1					unavailable		
E9p5Embryo	Slide-seq	6	hybrid_hvg_svg_intersection	2000	scvi	clustering_eval	silhouette	0.1213358045	0	34.9245492117	3234.82421875	290	cache_signature=2f0a3d2d4647b31d090a7ac23efc4a89	silhouette	1	0.1213358045	-0.0883996114	0.7082412839	0.7966408952999999	ok	0.7966408952999999	0.26327472909988836
E9p5Embryo	Slide-seq	6	hybrid_hvg_svg_intersection	2000	scvi	clustering_eval	CHAOS	0.0997222596	0	34.9245492117	3234.82421875	290	cache_signature=2f0a3d2d4647b31d090a7ac23efc4a89	CHAOS	-1	-0.0997222596	-0.1356938325	-0.0502401742	0.0854536583	ok	0.0854536583	0.4209483083066556
E9p5Embryo	Slide-seq	6	hybrid_hvg_svg_intersection	2000	scvi	clustering_eval	PAS	0.6355	0	34.9245492117	3234.82421875	290	cache_signature=2f0a3d2d4647b31d090a7ac23efc4a89	PAS	-1	-0.6355	-0.9751666667	-0.0728333333	0.9023333334	ok	0.9023333334	0.3764314739655389
E9p5Embryo	Slide-seq	6	hybrid_hvg_svg_intersection	2000	scvi	integration_eval	bASW	0.9783037007	0	35.1993005509	3234.82421875	290	cache_signature=8dc2675b32627430a495b245a6aa416f	bASW	1	0.9783037007	0.8604619801	0.9999292047	0.1394672246	ok	0.1394672246	0.8449420352199364
E9p5Embryo	Slide-seq	6	hybrid_hvg_svg_intersection	2000	scvi	integration_eval	iLISI	0.422478986	0	35.1993005509	3234.82421875	290	cache_signature=8dc2675b32627430a495b245a6aa416f	iLISI	1	0.422478986	0.0889081986333333	0.6306939552	0.5417857565666667	ok	0.5417857565666667	0.6156876280405146
E9p5Embryo	Slide-seq	6	hybrid_hvg_svg_intersection	2000	scvi	integration_eval	dASW		0	35.1993005509	3234.82421875	290	cache_signature=8dc2675b32627430a495b245a6aa416f	dASW	1					unavailable		
E9p5Embryo	Slide-seq	6	hybrid_hvg_svg_intersection	2000	scvi	integration_eval	dLISI		0	35.1993005509	3234.82421875	290	cache_signature=8dc2675b32627430a495b245a6aa416f	dLISI	1					unavailable		
E9p5Embryo	Slide-seq	6	hybrid_hvg_svg_intersection	2000	scvi	integration_eval	ILL		0	35.1993005509	3234.82421875	290	cache_signature=8dc2675b32627430a495b245a6aa416f	ILL	1					unavailable		
E9p5Embryo	Slide-seq	6	hybrid_hvg_svg_intersection	2000	scvi	integration_eval	GC		0	35.1993005509	3234.82421875	290	cache_signature=8dc2675b32627430a495b245a6aa416f	GC	1					unavailable		
E9p5Embryo	Slide-seq	6	hybrid_hvg_svg_intersection	2000	scvi	clustering_eval	silhouette	0.1242873073	1	24.6973387264	3400.34375	290	cache_signature=28ddd8c7cdc78fbe32aaf850e1756f36	silhouette	1	0.1242873073	-0.0883996114	0.7082412839	0.7966408952999999	ok	0.7966408952999999	0.2669796641809433
E9p5Embryo	Slide-seq	6	hybrid_hvg_svg_intersection	2000	scvi	clustering_eval	CHAOS	0.1028038186	1	24.6973387264	3400.34375	290	cache_signature=28ddd8c7cdc78fbe32aaf850e1756f36	CHAOS	-1	-0.1028038186	-0.1356938325	-0.0502401742	0.0854536583	ok	0.0854536583	0.3848871371256437
E9p5Embryo	Slide-seq	6	hybrid_hvg_svg_intersection	2000	scvi	clustering_eval	PAS	0.66375	1	24.6973387264	3400.34375	290	cache_signature=28ddd8c7cdc78fbe32aaf850e1756f36	PAS	-1	-0.66375	-0.9751666667	-0.0728333333	0.9023333334	ok	0.9023333334	0.34512375324380323
E9p5Embryo	Slide-seq	6	hybrid_hvg_svg_intersection	2000	scvi	integration_eval	bASW	0.9782670718	1	24.6780928988	3400.34375	290	cache_signature=e46982adb050640a7b0be1e768af7afa	bASW	1	0.9782670718	0.8604619801	0.9999292047	0.1394672246	ok	0.1394672246	0.8446794007543482
E9p5Embryo	Slide-seq	6	hybrid_hvg_svg_intersection	2000	scvi	integration_eval	iLISI	0.4216468223	1	24.6780928988	3400.34375	290	cache_signature=e46982adb050640a7b0be1e768af7afa	iLISI	1	0.4216468223	0.0889081986333333	0.6306939552	0.5417857565666667	ok	0.5417857565666667	0.614151663519643
E9p5Embryo	Slide-seq	6	hybrid_hvg_svg_intersection	2000	scvi	integration_eval	dASW		1	24.6780928988	3400.34375	290	cache_signature=e46982adb050640a7b0be1e768af7afa	dASW	1					unavailable		
E9p5Embryo	Slide-seq	6	hybrid_hvg_svg_intersection	2000	scvi	integration_eval	dLISI		1	24.6780928988	3400.34375	290	cache_signature=e46982adb050640a7b0be1e768af7afa	dLISI	1					unavailable		
E9p5Embryo	Slide-seq	6	hybrid_hvg_svg_intersection	2000	scvi	integration_eval	ILL		1	24.6780928988	3400.34375	290	cache_signature=e46982adb050640a7b0be1e768af7afa	ILL	1					unavailable		
E9p5Embryo	Slide-seq	6	hybrid_hvg_svg_intersection	2000	scvi	integration_eval	GC		1	24.6780928988	3400.34375	290	cache_signature=e46982adb050640a7b0be1e768af7afa	GC	1					unavailable		
E9p5Embryo	Slide-seq	6	hybrid_hvg_svg_intersection	2000	scvi	clustering_eval	silhouette	0.1075249985	2	24.8107391493	3518.875	290	cache_signature=b9b2a1956437648a2b7166693c8c4b0b	silhouette	1	0.1075249985	-0.0883996114	0.7082412839	0.7966408952999999	ok	0.7966408952999999	0.24593842853902007
E9p5Embryo	Slide-seq	6	hybrid_hvg_svg_intersection	2000	scvi	clustering_eval	CHAOS	0.1010656205	2	24.8107391493	3518.875	290	cache_signature=b9b2a1956437648a2b7166693c8c4b0b	CHAOS	-1	-0.1010656205	-0.1356938325	-0.0502401742	0.0854536583	ok	0.0854536583	0.40522796435971903
E9p5Embryo	Slide-seq	6	hybrid_hvg_svg_intersection	2000	scvi	clustering_eval	PAS	0.65975	2	24.8107391493	3518.875	290	cache_signature=b9b2a1956437648a2b7166693c8c4b0b	PAS	-1	-0.65975	-0.9751666667	-0.0728333333	0.9023333334	ok	0.9023333334	0.3495567048504207
E9p5Embryo	Slide-seq	6	hybrid_hvg_svg_intersection	2000	scvi	integration_eval	bASW	0.977800779	2	25.0333305541	3518.875	290	cache_signature=b63376bce07a55c65073d8163878005d	bASW	1	0.977800779	0.8604619801	0.9999292047	0.1394672246	ok	0.1394672246	0.8413360145118998
E9p5Embryo	Slide-seq	6	hybrid_hvg_svg_intersection	2000	scvi	integration_eval	iLISI	0.4331894974	2	25.0333305541	3518.875	290	cache_signature=b63376bce07a55c65073d8163878005d	iLISI	1	0.4331894974	0.0889081986333333	0.6306939552	0.5417857565666667	ok	0.5417857565666667	0.6354565334984086
E9p5Embryo	Slide-seq	6	hybrid_hvg_svg_intersection	2000	scvi	integration_eval	dASW		2	25.0333305541	3518.875	290	cache_signature=b63376bce07a55c65073d8163878005d	dASW	1					unavailable		
E9p5Embryo	Slide-seq	6	hybrid_hvg_svg_intersection	2000	scvi	integration_eval	dLISI		2	25.0333305541	3518.875	290	cache_signature=b63376bce07a55c65073d8163878005d	dLISI	1					unavailable		
E9p5Embryo	Slide-seq	6	hybrid_hvg_svg_intersection	2000	scvi	integration_eval	ILL		2	25.0333305541	3518.875	290	cache_signature=b63376bce07a55c65073d8163878005d	ILL	1					unavailable		
E9p5Embryo	Slide-seq	6	hybrid_hvg_svg_intersection	2000	scvi	integration_eval	GC		2	25.0333305541	3518.875	290	cache_signature=b63376bce07a55c65073d8163878005d	GC	1					unavailable		
E9p5Embryo	Slide-seq	6	hybrid_hvg_svg_union	2000	scvi	clustering_eval	silhouette	0.1380416602	0	71.4102349188	2919.53125	2000	cache_signature=81f07c13540abd9f39fa6103b140163c	silhouette	1	0.1380416602	-0.0883996114	0.7082412839	0.7966408952999999	ok	0.7966408952999999	0.28424510081763565
E9p5Embryo	Slide-seq	6	hybrid_hvg_svg_union	2000	scvi	clustering_eval	CHAOS	0.0940207729	0	71.4102349188	2919.53125	2000	cache_signature=81f07c13540abd9f39fa6103b140163c	CHAOS	-1	-0.0940207729	-0.1356938325	-0.0502401742	0.0854536583	ok	0.0854536583	0.4876685261817516
E9p5Embryo	Slide-seq	6	hybrid_hvg_svg_union	2000	scvi	clustering_eval	PAS	0.6000833333	0	71.4102349188	2919.53125	2000	cache_signature=81f07c13540abd9f39fa6103b140163c	PAS	-1	-0.6000833333	-0.9751666667	-0.0728333333	0.9023333334	ok	0.9023333334	0.41568156635273873
E9p5Embryo	Slide-seq	6	hybrid_hvg_svg_union	2000	scvi	integration_eval	bASW	0.9735272527	0	71.8980602361	2914.22265625	2000	cache_signature=619515d0aca8754505f8f9836702d3e6	bASW	1	0.9735272527	0.8604619801	0.9999292047	0.1394672246	ok	0.1394672246	0.8106942181166771
E9p5Embryo	Slide-seq	6	hybrid_hvg_svg_union	2000	scvi	integration_eval	iLISI	0.3960864444	0	71.8980602361	2914.22265625	2000	cache_signature=619515d0aca8754505f8f9836702d3e6	iLISI	1	0.3960864444	0.0889081986333333	0.6306939552	0.5417857565666667	ok	0.5417857565666667	0.5669736460280467
E9p5Embryo	Slide-seq	6	hybrid_hvg_svg_union	2000	scvi	integration_eval	dASW		0	71.8980602361	2914.22265625	2000	cache_signature=619515d0aca8754505f8f9836702d3e6	dASW	1					unavailable		
E9p5Embryo	Slide-seq	6	hybrid_hvg_svg_union	2000	scvi	integration_eval	dLISI		0	71.8980602361	2914.22265625	2000	cache_signature=619515d0aca8754505f8f9836702d3e6	dLISI	1					unavailable		
E9p5Embryo	Slide-seq	6	hybrid_hvg_svg_union	2000	scvi	integration_eval	ILL		0	71.8980602361	2914.22265625	2000	cache_signature=619515d0aca8754505f8f9836702d3e6	ILL	1					unavailable		
E9p5Embryo	Slide-seq	6	hybrid_hvg_svg_union	2000	scvi	integration_eval	GC		0	71.8980602361	2914.22265625	2000	cache_signature=619515d0aca8754505f8f9836702d3e6	GC	1					unavailable		
E9p5Embryo	Slide-seq	6	hybrid_hvg_svg_union	2000	scvi	clustering_eval	silhouette	0.1597887725	1	54.2035553632	3234.82421875	2000	cache_signature=fb4ac2249e2b31012b7154bde6a962b0	silhouette	1	0.1597887725	-0.0883996114	0.7082412839	0.7966408952999999	ok	0.7966408952999999	0.31154361439922934
E9p5Embryo	Slide-seq	6	hybrid_hvg_svg_union	2000	scvi	clustering_eval	CHAOS	0.0991167931	1	54.2035553632	3234.82421875	2000	cache_signature=fb4ac2249e2b31012b7154bde6a962b0	CHAOS	-1	-0.0991167931	-0.1356938325	-0.0502401742	0.0854536583	ok	0.0854536583	0.42803362814017754
E9p5Embryo	Slide-seq	6	hybrid_hvg_svg_union	2000	scvi	clustering_eval	PAS	0.5593333333	1	54.2035553632	3234.82421875	2000	cache_signature=fb4ac2249e2b31012b7154bde6a962b0	PAS	-1	-0.5593333333	-0.9751666667	-0.0728333333	0.9023333334	ok	0.9023333334	0.46084226084515384
E9p5Embryo	Slide-seq	6	hybrid_hvg_svg_union	2000	scvi	integration_eval	bASW	0.9736232758	1	54.684156104	3234.82421875	2000	cache_signature=7d4267e2fab92e6c16c3126a99c4750d	bASW	1	0.9736232758	0.8604619801	0.9999292047	0.1394672246	ok	0.1394672246	0.8113827175134021
E9p5Embryo	Slide-seq	6	hybrid_hvg_svg_union	2000	scvi	integration_eval	iLISI	0.3959613336	1	54.684156104	3234.82421875	2000	cache_signature=7d4267e2fab92e6c16c3126a99c4750d	iLISI	1	0.3959613336	0.0889081986333333	0.6306939552	0.5417857565666667	ok	0.5417857565666667	0.5667427230137673
E9p5Embryo	Slide-seq	6	hybrid_hvg_svg_union	2000	scvi	integration_eval	dASW		1	54.684156104	3234.82421875	2000	cache_signature=7d4267e2fab92e6c16c3126a99c4750d	dASW	1					unavailable		
E9p5Embryo	Slide-seq	6	hybrid_hvg_svg_union	2000	scvi	integration_eval	dLISI		1	54.684156104	3234.82421875	2000	cache_signature=7d4267e2fab92e6c16c3126a99c4750d	dLISI	1					unavailable		
E9p5Embryo	Slide-seq	6	hybrid_hvg_svg_union	2000	scvi	integration_eval	ILL		1	54.684156104	3234.82421875	2000	cache_signature=7d4267e2fab92e6c16c3126a99c4750d	ILL	1					unavailable		
E9p5Embryo	Slide-seq	6	hybrid_hvg_svg_union	2000	scvi	integration_eval	GC		1	54.684156104	3234.82421875	2000	cache_signature=7d4267e2fab92e6c16c3126a99c4750d	GC	1					unavailable		
E9p5Embryo	Slide-seq	6	hybrid_hvg_svg_union	2000	scvi	clustering_eval	silhouette	0.1438319385	2	53.6372507941	3400.34375	2000	cache_signature=333857863a64809b3b7ba6ba3df0b53a	silhouette	1	0.1438319385	-0.0883996114	0.7082412839	0.7966408952999999	ok	0.7966408952999999	0.2915134676993277
E9p5Embryo	Slide-seq	6	hybrid_hvg_svg_union	2000	scvi	clustering_eval	CHAOS	0.0952273557	2	53.6372507941	3400.34375	2000	cache_signature=333857863a64809b3b7ba6ba3df0b53a	CHAOS	-1	-0.0952273557	-0.1356938325	-0.0502401742	0.0854536583	ok	0.0854536583	0.4735487936389494
E9p5Embryo	Slide-seq	6	hybrid_hvg_svg_union	2000	scvi	clustering_eval	PAS	0.5979166667	2	53.6372507941	3400.34375	2000	cache_signature=333857863a64809b3b7ba6ba3df0b53a	PAS	-1	-0.5979166667	-0.9751666667	-0.0728333333	0.9023333334	ok	0.9023333334	0.41808274839910725
E9p5Embryo	Slide-seq	6	hybrid_hvg_svg_union	2000	scvi	integration_eval	bASW	0.9723123349	2	54.0791075388	3400.34375	2000	cache_signature=518af76561ebb74e1bedbd9c1b92912b	bASW	1	0.9723123349	0.8604619801	0.9999292047	0.1394672246	ok	0.1394672246	0.8019830832713083
E9p5Embryo	Slide-seq	6	hybrid_hvg_svg_union	2000	scvi	integration_eval	iLISI	0.3992933473	2	54.0791075388	3400.34375	2000	cache_signature=518af76561ebb74e1bedbd9c1b92912b	iLISI	1	0.3992933473	0.0889081986333333	0.6306939552	0.5417857565666667	ok	0.5417857565666667	0.5728927807803559
E9p5Embryo	Slide-seq	6	hybrid_hvg_svg_union	2000	scvi	integration_eval	dASW		2	54.0791075388	3400.34375	2000	cache_signature=518af76561ebb74e1bedbd9c1b92912b	dASW	1					unavailable		
E9p5Embryo	Slide-seq	6	hybrid_hvg_svg_union	2000	scvi	integration_eval	dLISI		2	54.0791075388	3400.34375	2000	cache_signature=518af76561ebb74e1bedbd9c1b92912b	dLISI	1					unavailable		
E9p5Embryo	Slide-seq	6	hybrid_hvg_svg_union	2000	scvi	integration_eval	ILL		2	54.0791075388	3400.34375	2000	cache_signature=518af76561ebb74e1bedbd9c1b92912b	ILL	1					unavailable		
E9p5Embryo	Slide-seq	6	hybrid_hvg_svg_union	2000	scvi	integration_eval	GC		2	54.0791075388	3400.34375	2000	cache_signature=518af76561ebb74e1bedbd9c1b92912b	GC	1					unavailable		
MouseBrainSerialSections	Visium	2	hybrid_hvg_svg_intersection	2000	cellcharter	alignment_eval	Accuracy	0.209	0	32.7439188994	3268.4140625	1157	cache_signature=b9668864440fec5b29268564a05deca9	Accuracy	1	0.209	0.0216	0.226	0.2044	ok	0.2044	0.9168297455968688
MouseBrainSerialSections	Visium	2	hybrid_hvg_svg_intersection	2000	cellcharter	alignment_eval	Ratio	0.9518546062	0	32.7439188994	3268.4140625	1157	cache_signature=b9668864440fec5b29268564a05deca9	Ratio	-1	-0.9518546062	-9.4952311292	-0.796076736	8.6991543932	ok	8.6991543932	0.9820927571624929
MouseBrainSerialSections	Visium	2	hybrid_hvg_svg_intersection	2000	cellcharter	clustering_eval	silhouette	0.3391881287	0	33.3496688651	3268.4140625	1157	cache_signature=4927bc7696e7af72e9a3a1c1c906b772	silhouette	1	0.3391881287	0.0036862821	0.859418869	0.8557325869	ok	0.8557325869	0.39206388974317086
MouseBrainSerialSections	Visium	2	hybrid_hvg_svg_intersection	2000	cellcharter	clustering_eval	ari	0.3181284141	0	33.3496688651	3268.4140625	1157	cache_signature=4927bc7696e7af72e9a3a1c1c906b772	ari	1	0.3181284141	0.0012709551	0.4013912207	0.4001202655999999	ok	0.4001202655999999	0.791905550009712
MouseBrainSerialSections	Visium	2	hybrid_hvg_svg_intersection	2000	cellcharter	clustering_eval	nmi	0.427901219	0	33.3496688651	3268.4140625	1157	cache_signature=4927bc7696e7af72e9a3a1c1c906b772	nmi	1	0.427901219	0.0225759272	0.5184147746	0.4958388473999999	ok	0.4958388473999999	0.8174536826337421
MouseBrainSerialSections	Visium	2	hybrid_hvg_svg_intersection	2000	cellcharter	clustering_eval	CHAOS	0.0627355849	0	33.3496688651	3268.4140625	1157	cache_signature=4927bc7696e7af72e9a3a1c1c906b772	CHAOS	-1	-0.0627355849	-0.10243881	-0.0620070386	0.0404317714	ok	0.0404317714	0.9819808463796371
MouseBrainSerialSections	Visium	2	hybrid_hvg_svg_intersection	2000	cellcharter	clustering_eval	PAS	0.030378083	0	33.3496688651	3268.4140625	1157	cache_signature=4927bc7696e7af72e9a3a1c1c906b772	PAS	-1	-0.030378083	-0.9762004657	-0.0226779495	0.9535225162	ok	0.9535225162	0.9919245394113118
MouseBrainSerialSections	Visium	2	hybrid_hvg_svg_intersection	2000	cellcharter	integration_eval	bASW	0.5586901745	0	33.5070080617	3268.4140625	1157	cache_signature=d3de019c76101439d113b38add33e66d	bASW	1	0.5586901745	0.0654689148	0.9842992541	0.9188303393	ok	0.9188303393	0.5367925269813737
MouseBrainSerialSections	Visium	2	hybrid_hvg_svg_intersection	2000	cellcharter	integration_eval	iLISI	0.6391891784	0	33.5070080617	3268.4140625	1157	cache_signature=d3de019c76101439d113b38add33e66d	iLISI	1	0.6391891784	0.0	0.8848293675	0.8848293675	ok	0.8848293675	0.7223869390840489
MouseBrainSerialSections	Visium	2	hybrid_hvg_svg_intersection	2000	cellcharter	integration_eval	dASW	0.4771819357	0	33.5070080617	3268.4140625	1157	cache_signature=d3de019c76101439d113b38add33e66d	dASW	1	0.4771819357	0.2939853966	0.4960020958	0.2020166991999999	ok	0.2020166991999999	0.9068385921830767
MouseBrainSerialSections	Visium	2	hybrid_hvg_svg_intersection	2000	cellcharter	integration_eval	dLISI	0.8961312223	0	33.5070080617	3268.4140625	1157	cache_signature=d3de019c76101439d113b38add33e66d	dLISI	1	0.8961312223	0.4308970575	0.9526374718	0.5217404143	ok	0.5217404143	0.8916966216316358
MouseBrainSerialSections	Visium	2	hybrid_hvg_svg_intersection	2000	cellcharter	integration_eval	ILL	0.4077380952	0	33.5070080617	3268.4140625	1157	cache_signature=d3de019c76101439d113b38add33e66d	ILL	1	0.4077380952	0.0529482551	0.4750430293	0.4220947741999999	ok	0.4220947741999999	0.8405454456820424
MouseBrainSerialSections	Visium	2	hybrid_hvg_svg_intersection	2000	cellcharter	integration_eval	GC	0.7218536794	0	33.5070080617	3268.4140625	1157	cache_signature=d3de019c76101439d113b38add33e66d	GC	1	0.7218536794	0.3598446367	0.9682639717666668	0.6084193350666667	ok	0.6084193350666667	0.5949992412064508
MouseBrainSerialSections	Visium	2	hybrid_hvg_svg_intersection	2000	cellcharter	alignment_eval	Accuracy	0.2144	1	26.3417869471	3268.4140625	1157	cache_signature=7b88849a6985b1fb616f3fa7a453f8a8	Accuracy	1	0.2144	0.0216	0.226	0.2044	ok	0.2044	0.9432485322896282
MouseBrainSerialSections	Visium	2	hybrid_hvg_svg_intersection	2000	cellcharter	alignment_eval	Ratio	0.9396267779	1	26.3417869471	3268.4140625	1157	cache_signature=7b88849a6985b1fb616f3fa7a453f8a8	Ratio	-1	-0.9396267779	-9.4952311292	-0.796076736	8.6991543932	ok	8.6991543932	0.9834983912905132
MouseBrainSerialSections	Visium	2	hybrid_hvg_svg_intersection	2000	cellcharter	clustering_eval	silhouette	0.3285823464	1	27.0424535759	3268.4140625	1157	cache_signature=1fd645ed87719b67c85b0b19841efa68	silhouette	1	0.3285823464	0.0036862821	0.859418869	0.8557325869	ok	0.8557325869	0.37967008534404106
MouseBrainSerialSections	Visium	2	hybrid_hvg_svg_intersection	2000	cellcharter	clustering_eval	ari	0.3211690251	1	27.0424535759	3268.4140625	1157	cache_signature=1fd645ed87719b67c85b0b19841efa68	ari	1	0.3211690251	0.0012709551	0.4013912207	0.4001202655999999	ok	0.4001202655999999	0.7995047926910105
MouseBrainSerialSections	Visium	2	hybrid_hvg_svg_intersection	2000	cellcharter	clustering_eval	nmi	0.4283516643	1	27.0424535759	3268.4140625	1157	cache_signature=1fd645ed87719b67c85b0b19841efa68	nmi	1	0.4283516643	0.0225759272	0.5184147746	0.4958388473999999	ok	0.4958388473999999	0.8183621336402777
MouseBrainSerialSections	Visium	2	hybrid_hvg_svg_intersection	2000	cellcharter	clustering_eval	CHAOS	0.062063949	1	27.0424535759	3268.4140625	1157	cache_signature=1fd645ed87719b67c85b0b19841efa68	CHAOS	-1	-0.062063949	-0.10243881	-0.0620070386	0.0404317714	ok	0.0404317714	0.9985924336720999
MouseBrainSerialSections	Visium	2	hybrid_hvg_svg_intersection	2000	cellcharter	clustering_eval	PAS	0.0300827354	1	27.0424535759	3268.4140625	1157	cache_signature=1fd645ed87719b67c85b0b19841efa68	PAS	-1	-0.0300827354	-0.9762004657	-0.0226779495	0.9535225162	ok	0.9535225162	0.9922342831194908
MouseBrainSerialSections	Visium	2	hybrid_hvg_svg_intersection	2000	cellcharter	integration_eval	bASW	0.561826718	1	27.1028461074	3268.4140625	1157	cache_signature=a8d167a1480a68fd040e2653d2170a8d	bASW	1	0.561826718	0.0654689148	0.9842992541	0.9188303393	ok	0.9188303393	0.5402061533777218
MouseBrainSerialSections	Visium	2	hybrid_hvg_svg_intersection	2000	cellcharter	integration_eval	iLISI	0.634969068	1	27.1028461074	3268.4140625	1157	cache_signature=a8d167a1480a68fd040e2653d2170a8d	iLISI	1	0.634969068	0.0	0.8848293675	0.8848293675	ok	0.8848293675	0.7176175331906578
MouseBrainSerialSections	Visium	2	hybrid_hvg_svg_intersection	2000	cellcharter	integration_eval	dASW	0.4735605828	1	27.1028461074	3268.4140625	1157	cache_signature=a8d167a1480a68fd040e2653d2170a8d	dASW	1	0.4735605828	0.2939853966	0.4960020958	0.2020166991999999	ok	0.2020166991999999	0.8889125845097469
MouseBrainSerialSections	Visium	2	hybrid_hvg_svg_intersection	2000	cellcharter	integration_eval	dLISI	0.8949933595	1	27.1028461074	3268.4140625	1157	cache_signature=a8d167a1480a68fd040e2653d2170a8d	dLISI	1	0.8949933595	0.4308970575	0.9526374718	0.5217404143	ok	0.5217404143	0.8895157232982633
MouseBrainSerialSections	Visium	2	hybrid_hvg_svg_intersection	2000	cellcharter	integration_eval	ILL	0.4125560538	1	27.1028461074	3268.4140625	1157	cache_signature=a8d167a1480a68fd040e2653d2170a8d	ILL	1	0.4125560538	0.0529482551	0.4750430293	0.4220947741999999	ok	0.4220947741999999	0.8519598457042448
MouseBrainSerialSections	Visium	2	hybrid_hvg_svg_intersection	2000	cellcharter	integration_eval	GC	0.7374757494	1	27.1028461074	3268.4140625	1157	cache_signature=a8d167a1480a68fd040e2653d2170a8d	GC	1	0.7374757494	0.3598446367	0.9682639717666668	0.6084193350666667	ok	0.6084193350666667	0.6206757263206003
MouseBrainSerialSections	Visium	2	hybrid_hvg_svg_intersection	2000	cellcharter	alignment_eval	Accuracy	0.2126	2	26.7704694597	3347.796875	1157	cache_signature=83bc0b8d3e982823f5b8fabaa86a85bb	Accuracy	1	0.2126	0.0216	0.226	0.2044	ok	0.2044	0.9344422700587084
MouseBrainSerialSections	Visium	2	hybrid_hvg_svg_intersection	2000	cellcharter	alignment_eval	Ratio	0.9748312076	2	26.7704694597	3347.796875	1157	cache_signature=83bc0b8d3e982823f5b8fabaa86a85bb	Ratio	-1	-0.9748312076	-9.4952311292	-0.796076736	8.6991543932	ok	8.6991543932	0.979451511776854
MouseBrainSerialSections	Visium	2	hybrid_hvg_svg_intersection	2000	cellcharter	clustering_eval	silhouette	0.3355583847	2	27.3917328576	3347.796875	1157	cache_signature=8404bb89cc22bc5e93c73bc55f75843a	silhouette	1	0.3355583847	0.0036862821	0.859418869	0.8557325869	ok	0.8557325869	0.3878222095085205
MouseBrainSerialSections	Visium	2	hybrid_hvg_svg_intersection	2000	cellcharter	clustering_eval	ari	0.320610829	2	27.3917328576	3347.796875	1157	cache_signature=8404bb89cc22bc5e93c73bc55f75843a	ari	1	0.320610829	0.0012709551	0.4013912207	0.4001202655999999	ok	0.4001202655999999	0.7981097218885782
MouseBrainSerialSections	Visium	2	hybrid_hvg_svg_intersection	2000	cellcharter	clustering_eval	nmi	0.4219941248	2	27.3917328576	3347.796875	1157	cache_signature=8404bb89cc22bc5e93c73bc55f75843a	nmi	1	0.4219941248	0.0225759272	0.5184147746	0.4958388473999999	ok	0.4958388473999999	0.8055403478255182
MouseBrainSerialSections	Visium	2	hybrid_hvg_svg_intersection	2000	cellcharter	clustering_eval	CHAOS	0.0622502902	2	27.3917328576	3347.796875	1157	cache_signature=8404bb89cc22bc5e93c73bc55f75843a	CHAOS	-1	-0.0622502902	-0.10243881	-0.0620070386	0.0404317714	ok	0.0404317714	0.9939836521731028
MouseBrainSerialSections	Visium	2	hybrid_hvg_svg_intersection	2000	cellcharter	clustering_eval	PAS	0.027881627	2	27.3917328576	3347.796875	1157	cache_signature=8404bb89cc22bc5e93c73bc55f75843a	PAS	-1	-0.027881627	-0.9762004657	-0.0226779495	0.9535225162	ok	0.9535225162	0.9945426799980165
MouseBrainSerialSections	Visium	2	hybrid_hvg_svg_intersection	2000	cellcharter	integration_eval	bASW	0.5580273075	2	27.4962169016	3347.796875	1157	cache_signature=1d2401c1b4145c87a0f26bb4d30dffac	bASW	1	0.5580273075	0.0654689148	0.9842992541	0.9188303393	ok	0.9188303393	0.5360711021745861
MouseBrainSerialSections	Visium	2	hybrid_hvg_svg_intersection	2000	cellcharter	integration_eval	iLISI	0.6303835145	2	27.4962169016	3347.796875	1157	cache_signature=1d2401c1b4145c87a0f26bb4d30dffac	iLISI	1	0.6303835145	0.0	0.8848293675	0.8848293675	ok	0.8848293675	0.7124351176104019
MouseBrainSerialSections	Visium	2	hybrid_hvg_svg_intersection	2000	cellcharter	integration_eval	dASW	0.4726502486	2	27.4962169016	3347.796875	1157	cache_signature=1d2401c1b4145c87a0f26bb4d30dffac	dASW	1	0.4726502486	0.2939853966	0.4960020958	0.2020166991999999	ok	0.2020166991999999	0.884406352086363
MouseBrainSerialSections	Visium	2	hybrid_hvg_svg_intersection	2000	cellcharter	integration_eval	dLISI	0.8959992603	2	27.4962169016	3347.796875	1157	cache_signature=1d2401c1b4145c87a0f26bb4d30dffac	dLISI	1	0.8959992603	0.4308970575	0.9526374718	0.5217404143	ok	0.5217404143	0.891443695087356
MouseBrainSerialSections	Visium	2	hybrid_hvg_svg_intersection	2000	cellcharter	integration_eval	ILL	0.4125560538	2	27.4962169016	3347.796875	1157	cache_signature=1d2401c1b4145c87a0f26bb4d30dffac	ILL	1	0.4125560538	0.0529482551	0.4750430293	0.4220947741999999	ok	0.4220947741999999	0.8519598457042448
MouseBrainSerialSections	Visium	2	hybrid_hvg_svg_intersection	2000	cellcharter	integration_eval	GC	0.7617683634	2	27.4962169016	3347.796875	1157	cache_signature=1d2401c1b4145c87a0f26bb4d30dffac	GC	1	0.7617683634	0.3598446367	0.9682639717666668	0.6084193350666667	ok	0.6084193350666667	0.6606031457826036
MouseBrainSerialSections	Visium	2	hybrid_hvg_svg_union	2000	cellcharter	alignment_eval	Accuracy	0.2144	0	34.0299753649	2810.41796875	2000	cache_signature=fdccd75c7a59f0a028af30f47b9818d9	Accuracy	1	0.2144	0.0216	0.226	0.2044	ok	0.2044	0.9432485322896282
MouseBrainSerialSections	Visium	2	hybrid_hvg_svg_union	2000	cellcharter	alignment_eval	Ratio	1.0487206236	0	34.0299753649	2810.41796875	2000	cache_signature=fdccd75c7a59f0a028af30f47b9818d9	Ratio	-1	-1.0487206236	-9.4952311292	-0.796076736	8.6991543932	ok	8.6991543932	0.9709576498840522
MouseBrainSerialSections	Visium	2	hybrid_hvg_svg_union	2000	cellcharter	clustering_eval	silhouette	0.3548732102	0	34.6299094986	2810.41796875	2000	cache_signature=c3160c7a8f8ea66de899a8932850231d	silhouette	1	0.3548732102	0.0036862821	0.859418869	0.8557325869	ok	0.8557325869	0.4103933091670837
MouseBrainSerialSections	Visium	2	hybrid_hvg_svg_union	2000	cellcharter	clustering_eval	ari	0.3246301572	0	34.6299094986	2810.41796875	2000	cache_signature=c3160c7a8f8ea66de899a8932850231d	ari	1	0.3246301572	0.0012709551	0.4013912207	0.4001202655999999	ok	0.4001202655999999	0.8081550221284268
MouseBrainSerialSections	Visium	2	hybrid_hvg_svg_union	2000	cellcharter	clustering_eval	nmi	0.4502596771	0	34.6299094986	2810.41796875	2000	cache_signature=c3160c7a8f8ea66de899a8932850231d	nmi	1	0.4502596771	0.0225759272	0.5184147746	0.4958388473999999	ok	0.4958388473999999	0.8625458697772862
MouseBrainSerialSections	Visium	2	hybrid_hvg_svg_union	2000	cellcharter	clustering_eval	CHAOS	0.0627360778	0	34.6299094986	2810.41796875	2000	cache_signature=c3160c7a8f8ea66de899a8932850231d	CHAOS	-1	-0.0627360778	-0.10243881	-0.0620070386	0.0404317714	ok	0.0404317714	0.9819686554717711
MouseBrainSerialSections	Visium	2	hybrid_hvg_svg_union	2000	cellcharter	clustering_eval	PAS	0.0559235461	0	34.6299094986	2810.41796875	2000	cache_signature=c3160c7a8f8ea66de899a8932850231d	PAS	-1	-0.0559235461	-0.9762004657	-0.0226779495	0.9535225162	ok	0.9535225162	0.9651339155235777
MouseBrainSerialSections	Visium	2	hybrid_hvg_svg_union	2000	cellcharter	integration_eval	bASW	0.5268805246	0	34.7216568682	2810.41796875	2000	cache_signature=b57f99b11c1900f8348a84659de27250	bASW	1	0.5268805246	0.0654689148	0.9842992541	0.9188303393	ok	0.9188303393	0.5021728060824819
MouseBrainSerialSections	Visium	2	hybrid_hvg_svg_union	2000	cellcharter	integration_eval	iLISI	0.5674929305	0	34.7216568682	2810.41796875	2000	cache_signature=b57f99b11c1900f8348a84659de27250	iLISI	1	0.5674929305	0.0	0.8848293675	0.8848293675	ok	0.8848293675	0.6413586069180734
MouseBrainSerialSections	Visium	2	hybrid_hvg_svg_union	2000	cellcharter	integration_eval	dASW	0.472242156	0	34.7216568682	2810.41796875	2000	cache_signature=b57f99b11c1900f8348a84659de27250	dASW	1	0.472242156	0.2939853966	0.4960020958	0.2020166991999999	ok	0.2020166991999999	0.8823862586900445
MouseBrainSerialSections	Visium	2	hybrid_hvg_svg_union	2000	cellcharter	integration_eval	dLISI	0.9037332711	0	34.7216568682	2810.41796875	2000	cache_signature=b57f99b11c1900f8348a84659de27250	dLISI	1	0.9037332711	0.4308970575	0.9526374718	0.5217404143	ok	0.5217404143	0.9062671793105909
MouseBrainSerialSections	Visium	2	hybrid_hvg_svg_union	2000	cellcharter	integration_eval	ILL	0.4437299035	0	34.7216568682	2810.41796875	2000	cache_signature=b57f99b11c1900f8348a84659de27250	ILL	1	0.4437299035	0.0529482551	0.4750430293	0.4220947741999999	ok	0.4220947741999999	0.925814940828519
MouseBrainSerialSections	Visium	2	hybrid_hvg_svg_union	2000	cellcharter	integration_eval	GC	0.8174837301	0	34.7216568682	2810.41796875	2000	cache_signature=b57f99b11c1900f8348a84659de27250	GC	1	0.8174837301	0.3598446367	0.9682639717666668	0.6084193350666667	ok	0.6084193350666667	0.7521771038881512
MouseBrainSerialSections	Visium	2	hybrid_hvg_svg_union	2000	cellcharter	alignment_eval	Accuracy	0.2174	1	26.7139381822	3268.4140625	2000	cache_signature=7c30ce4eb42adb0836360ac75d7fea55	Accuracy	1	0.2174	0.0216	0.226	0.2044	ok	0.2044	0.9579256360078278
MouseBrainSerialSections	Visium	2	hybrid_hvg_svg_union	2000	cellcharter	alignment_eval	Ratio	1.0613182809	1	26.7139381822	3268.4140625	2000	cache_signature=7c30ce4eb42adb0836360ac75d7fea55	Ratio	-1	-1.0613182809	-9.4952311292	-0.796076736	8.6991543932	ok	8.6991543932	0.96950950254345
MouseBrainSerialSections	Visium	2	hybrid_hvg_svg_union	2000	cellcharter	clustering_eval	silhouette	0.3629145026	1	27.4500189601	3268.4140625	2000	cache_signature=b4ed5cf3f6ccf5254ba49fb72afbd3c4	silhouette	1	0.3629145026	0.0036862821	0.859418869	0.8557325869	ok	0.8557325869	0.41979027794342844
MouseBrainSerialSections	Visium	2	hybrid_hvg_svg_union	2000	cellcharter	clustering_eval	ari	0.308561351	1	27.4500189601	3268.4140625	2000	cache_signature=b4ed5cf3f6ccf5254ba49fb72afbd3c4	ari	1	0.308561351	0.0012709551	0.4013912207	0.4001202655999999	ok	0.4001202655999999	0.767995081276883
MouseBrainSerialSections	Visium	2	hybrid_hvg_svg_union	2000	cellcharter	clustering_eval	nmi	0.4421216998	1	27.4500189601	3268.4140625	2000	cache_signature=b4ed5cf3f6ccf5254ba49fb72afbd3c4	nmi	1	0.4421216998	0.0225759272	0.5184147746	0.4958388473999999	ok	0.4958388473999999	0.8461333249702937
MouseBrainSerialSections	Visium	2	hybrid_hvg_svg_union	2000	cellcharter	clustering_eval	CHAOS	0.0623743578	1	27.4500189601	3268.4140625	2000	cache_signature=b4ed5cf3f6ccf5254ba49fb72afbd3c4	CHAOS	-1	-0.0623743578	-0.10243881	-0.0620070386	0.0404317714	ok	0.0404317714	0.990915085159984
MouseBrainSerialSections	Visium	2	hybrid_hvg_svg_union	2000	cellcharter	clustering_eval	PAS	0.0431547907	1	27.4500189601	3268.4140625	2000	cache_signature=b4ed5cf3f6ccf5254ba49fb72afbd3c4	PAS	-1	-0.0431547907	-0.9762004657	-0.0226779495	0.9535225162	ok	0.9535225162	0.978525057508233
MouseBrainSerialSections	Visium	2	hybrid_hvg_svg_union	2000	cellcharter	integration_eval	bASW	0.5067860163	1	27.5757421255	3268.4140625	2000	cache_signature=6fff99b959ee1e59c51da573a34117ee	bASW	1	0.5067860163	0.0654689148	0.9842992541	0.9188303393	ok	0.9188303393	0.48030314479625497
MouseBrainSerialSections	Visium	2	hybrid_hvg_svg_union	2000	cellcharter	integration_eval	iLISI	0.5426119292	1	27.5757421255	3268.4140625	2000	cache_signature=6fff99b959ee1e59c51da573a34117ee	iLISI	1	0.5426119292	0.0	0.8848293675	0.8848293675	ok	0.8848293675	0.6132390595636509
MouseBrainSerialSections	Visium	2	hybrid_hvg_svg_union	2000	cellcharter	integration_eval	dASW	0.462995328	1	27.5757421255	3268.4140625	2000	cache_signature=6fff99b959ee1e59c51da573a34117ee	dASW	1	0.462995328	0.2939853966	0.4960020958	0.2020166991999999	ok	0.2020166991999999	0.8366136664408982
MouseBrainSerialSections	Visium	2	hybrid_hvg_svg_union	2000	cellcharter	integration_eval	dLISI	0.9069042072	1	27.5757421255	3268.4140625	2000	cache_signature=6fff99b959ee1e59c51da573a34117ee	dLISI	1	0.9069042072	0.4308970575	0.9526374718	0.5217404143	ok	0.5217404143	0.9123447918801563
MouseBrainSerialSections	Visium	2	hybrid_hvg_svg_union	2000	cellcharter	integration_eval	ILL	0.4569536424	1	27.5757421255	3268.4140625	2000	cache_signature=6fff99b959ee1e59c51da573a34117ee	ILL	1	0.4569536424	0.0529482551	0.4750430293	0.4220947741999999	ok	0.4220947741999999	0.9571437790617406
MouseBrainSerialSections	Visium	2	hybrid_hvg_svg_union	2000	cellcharter	integration_eval	GC	0.8242483136	1	27.5757421255	3268.4140625	2000	cache_signature=6fff99b959ee1e59c51da573a34117ee	GC	1	0.8242483136	0.3598446367	0.9682639717666668	0.6084193350666667	ok	0.6084193350666667	0.7632953953528016
MouseBrainSerialSections	Visium	2	hybrid_hvg_svg_union	2000	cellcharter	alignment_eval	Accuracy	0.219	2	28.7453493495	3347.796875	2000	cache_signature=bf00a9ba5a088d6212bfa3cf71855eb3	Accuracy	1	0.219	0.0216	0.226	0.2044	ok	0.2044	0.9657534246575342
MouseBrainSerialSections	Visium	2	hybrid_hvg_svg_union	2000	cellcharter	alignment_eval	Ratio	0.9983417694	2	28.7453493495	3347.796875	2000	cache_signature=bf00a9ba5a088d6212bfa3cf71855eb3	Ratio	-1	-0.9983417694	-9.4952311292	-0.796076736	8.6991543932	ok	8.6991543932	0.9767488856666221
MouseBrainSerialSections	Visium	2	hybrid_hvg_svg_union	2000	cellcharter	clustering_eval	silhouette	0.3433312774	2	29.4781413227	3347.796875	2000	cache_signature=48c33f57dbf1de9d01d7773937635021	silhouette	1	0.3433312774	0.0036862821	0.859418869	0.8557325869	ok	0.8557325869	0.39690552924998124
MouseBrainSerialSections	Visium	2	hybrid_hvg_svg_union	2000	cellcharter	clustering_eval	ari	0.2872517412	2	29.4781413227	3347.796875	2000	cache_signature=48c33f57dbf1de9d01d7773937635021	ari	1	0.2872517412	0.0012709551	0.4013912207	0.4001202655999999	ok	0.4001202655999999	0.7147370695437228
MouseBrainSerialSections	Visium	2	hybrid_hvg_svg_union	2000	cellcharter	clustering_eval	nmi	0.4442033394	2	29.4781413227	3347.796875	2000	cache_signature=48c33f57dbf1de9d01d7773937635021	nmi	1	0.4442033394	0.0225759272	0.5184147746	0.4958388473999999	ok	0.4958388473999999	0.850331543022218
MouseBrainSerialSections	Visium	2	hybrid_hvg_svg_union	2000	cellcharter	clustering_eval	CHAOS	0.0621104651	2	29.4781413227	3347.796875	2000	cache_signature=48c33f57dbf1de9d01d7773937635021	CHAOS	-1	-0.0621104651	-0.10243881	-0.0620070386	0.0404317714	ok	0.0404317714	0.9974419498226588
MouseBrainSerialSections	Visium	2	hybrid_hvg_svg_union	2000	cellcharter	clustering_eval	PAS	0.0449007194	2	29.4781413227	3347.796875	2000	cache_signature=48c33f57dbf1de9d01d7773937635021	PAS	-1	-0.0449007194	-0.9762004657	-0.0226779495	0.9535225162	ok	0.9535225162	0.9766940271231741
MouseBrainSerialSections	Visium	2	hybrid_hvg_svg_union	2000	cellcharter	integration_eval	bASW	0.5197928913	2	29.5172183793	3347.79296875	2000	cache_signature=e799631947736c11a72148952a01527d	bASW	1	0.5197928913	0.0654689148	0.9842992541	0.9188303393	ok	0.9188303393	0.4944590498025144
MouseBrainSerialSections	Visium	2	hybrid_hvg_svg_union	2000	cellcharter	integration_eval	iLISI	0.5980463552	2	29.5172183793	3347.79296875	2000	cache_signature=e799631947736c11a72148952a01527d	iLISI	1	0.5980463552	0.0	0.8848293675	0.8848293675	ok	0.8848293675	0.6758889082645644
MouseBrainSerialSections	Visium	2	hybrid_hvg_svg_union	2000	cellcharter	integration_eval	dASW	0.4679081738	2	29.5172183793	3347.79296875	2000	cache_signature=e799631947736c11a72148952a01527d	dASW	1	0.4679081738	0.2939853966	0.4960020958	0.2020166991999999	ok	0.2020166991999999	0.8609326748172117
MouseBrainSerialSections	Visium	2	hybrid_hvg_svg_union	2000	cellcharter	integration_eval	dLISI	0.9012658046	2	29.5172183793	3347.79296875	2000	cache_signature=e799631947736c11a72148952a01527d	dLISI	1	0.9012658046	0.4308970575	0.9526374718	0.5217404143	ok	0.5217404143	0.9015378801565077
MouseBrainSerialSections	Visium	2	hybrid_hvg_svg_union	2000	cellcharter	integration_eval	ILL	0.4310618067	2	29.5172183793	3347.79296875	2000	cache_signature=e799631947736c11a72148952a01527d	ILL	1	0.4310618067	0.0529482551	0.4750430293	0.4220947741999999	ok	0.4220947741999999	0.895802494396293
MouseBrainSerialSections	Visium	2	hybrid_hvg_svg_union	2000	cellcharter	integration_eval	GC	0.7726006402	2	29.5172183793	3347.79296875	2000	cache_signature=e799631947736c11a72148952a01527d	GC	1	0.7726006402	0.3598446367	0.9682639717666668	0.6084193350666667	ok	0.6084193350666667	0.6784071111986815
MouseBrainSerialSections	Visium	2	hybrid_hvg_svg_intersection	2000	scvi	alignment_eval	Accuracy	0.1988	0	13.2517538536	3268.4140625	1157	cache_signature=d8ec26ab69ebe4110d56c121eaf0bccc	Accuracy	1	0.1988	0.0216	0.226	0.2044	ok	0.2044	0.8669275929549902
MouseBrainSerialSections	Visium	2	hybrid_hvg_svg_intersection	2000	scvi	alignment_eval	Ratio	0.9845730356	0	13.2517538536	3268.4140625	1157	cache_signature=d8ec26ab69ebe4110d56c121eaf0bccc	Ratio	-1	-0.9845730356	-9.4952311292	-0.796076736	8.6991543932	ok	8.6991543932	0.9783316525859863
MouseBrainSerialSections	Visium	2	hybrid_hvg_svg_intersection	2000	scvi	clustering_eval	silhouette	0.4258568585	0	13.8538078303	3268.4140625	1157	cache_signature=e690fd8ab538cda7b1779f4155028a94	silhouette	1	0.4258568585	0.0036862821	0.859418869	0.8557325869	ok	0.8557325869	0.49334404563155243
MouseBrainSerialSections	Visium	2	hybrid_hvg_svg_intersection	2000	scvi	clustering_eval	ari	0.2947194261	0	13.8538078303	3268.4140625	1157	cache_signature=e690fd8ab538cda7b1779f4155028a94	ari	1	0.2947194261	0.0012709551	0.4013912207	0.4001202655999999	ok	0.4001202655999999	0.7334006703208588
MouseBrainSerialSections	Visium	2	hybrid_hvg_svg_intersection	2000	scvi	clustering_eval	nmi	0.4402317188	0	13.8538078303	3268.4140625	1157	cache_signature=e690fd8ab538cda7b1779f4155028a94	nmi	1	0.4402317188	0.0225759272	0.5184147746	0.4958388473999999	ok	0.4958388473999999	0.8423216409727401
MouseBrainSerialSections	Visium	2	hybrid_hvg_svg_intersection	2000	scvi	clustering_eval	CHAOS	0.0661767021	0	13.8538078303	3268.4140625	1157	cache_signature=e690fd8ab538cda7b1779f4155028a94	CHAOS	-1	-0.0661767021	-0.10243881	-0.0620070386	0.0404317714	ok	0.0404317714	0.8968716097361
MouseBrainSerialSections	Visium	2	hybrid_hvg_svg_intersection	2000	scvi	clustering_eval	PAS	0.1682594669	0	13.8538078303	3268.4140625	1157	cache_signature=e690fd8ab538cda7b1779f4155028a94	PAS	-1	-0.1682594669	-0.9762004657	-0.0226779495	0.9535225162	ok	0.9535225162	0.8473224125003624
MouseBrainSerialSections	Visium	2	hybrid_hvg_svg_intersection	2000	scvi	integration_eval	bASW	0.4736578907	0	14.3495190162	3268.4140625	1157	cache_signature=7991d2902bd7839ac580fe3193d13aa8	bASW	1	0.4736578907	0.0654689148	0.9842992541	0.9188303393	ok	0.9188303393	0.44424847378349946
MouseBrainSerialSections	Visium	2	hybrid_hvg_svg_intersection	2000	scvi	integration_eval	iLISI	0.7412339098	0	14.3495190162	3268.4140625	1157	cache_signature=7991d2902bd7839ac580fe3193d13aa8	iLISI	1	0.7412339098	0.0	0.8848293675	0.8848293675	ok	0.8848293675	0.8377139559622495
MouseBrainSerialSections	Visium	2	hybrid_hvg_svg_intersection	2000	scvi	integration_eval	dASW	0.4569951668	0	14.3495190162	3268.4140625	1157	cache_signature=7991d2902bd7839ac580fe3193d13aa8	dASW	1	0.4569951668	0.2939853966	0.4960020958	0.2020166991999999	ok	0.2020166991999999	0.8069123535110215
MouseBrainSerialSections	Visium	2	hybrid_hvg_svg_intersection	2000	scvi	integration_eval	dLISI	0.8772875385	0	14.3495190162	3268.4140625	1157	cache_signature=7991d2902bd7839ac580fe3193d13aa8	dLISI	1	0.8772875385	0.4308970575	0.9526374718	0.5217404143	ok	0.5217404143	0.8555796498895063
MouseBrainSerialSections	Visium	2	hybrid_hvg_svg_intersection	2000	scvi	integration_eval	ILL	0.3278688525	0	14.3495190162	3268.4140625	1157	cache_signature=7991d2902bd7839ac580fe3193d13aa8	ILL	1	0.3278688525	0.0529482551	0.4750430293	0.4220947741999999	ok	0.4220947741999999	0.6513243333113031
MouseBrainSerialSections	Visium	2	hybrid_hvg_svg_intersection	2000	scvi	integration_eval	GC	0.8324361747	0	14.3495190162	3268.4140625	1157	cache_signature=7991d2902bd7839ac580fe3193d13aa8	GC	1	0.8324361747	0.3598446367	0.9682639717666668	0.6084193350666667	ok	0.6084193350666667	0.7767529905147023
MouseBrainSerialSections	Visium	2	hybrid_hvg_svg_intersection	2000	scvi	alignment_eval	Accuracy	0.1926	1	8.5441173511	3268.4140625	1157	cache_signature=f39a1f64a188918a609bd808f3e219d7	Accuracy	1	0.1926	0.0216	0.226	0.2044	ok	0.2044	0.8365949119373777
MouseBrainSerialSections	Visium	2	hybrid_hvg_svg_intersection	2000	scvi	alignment_eval	Ratio	0.9806414462	1	8.5441173511	3268.4140625	1157	cache_signature=f39a1f64a188918a609bd808f3e219d7	Ratio	-1	-0.9806414462	-9.4952311292	-0.796076736	8.6991543932	ok	8.6991543932	0.9787836033414614
MouseBrainSerialSections	Visium	2	hybrid_hvg_svg_intersection	2000	scvi	clustering_eval	silhouette	0.4082793891	1	8.9724841518	3268.4140625	1157	cache_signature=9bd4dedba6a1d1bc494b38665d91a522	silhouette	1	0.4082793891	0.0036862821	0.859418869	0.8557325869	ok	0.8557325869	0.4728032018339864
MouseBrainSerialSections	Visium	2	hybrid_hvg_svg_intersection	2000	scvi	clustering_eval	ari	0.2776858368	1	8.9724841518	3268.4140625	1157	cache_signature=9bd4dedba6a1d1bc494b38665d91a522	ari	1	0.2776858368	0.0012709551	0.4013912207	0.4001202655999999	ok	0.4001202655999999	0.6908294966902071
MouseBrainSerialSections	Visium	2	hybrid_hvg_svg_intersection	2000	scvi	clustering_eval	nmi	0.4442821528	1	8.9724841518	3268.4140625	1157	cache_signature=9bd4dedba6a1d1bc494b38665d91a522	nmi	1	0.4442821528	0.0225759272	0.5184147746	0.4958388473999999	ok	0.4958388473999999	0.8504904926495279
MouseBrainSerialSections	Visium	2	hybrid_hvg_svg_intersection	2000	scvi	clustering_eval	CHAOS	0.066537329	1	8.9724841518	3268.4140625	1157	cache_signature=9bd4dedba6a1d1bc494b38665d91a522	CHAOS	-1	-0.066537329	-0.10243881	-0.0620070386	0.0404317714	ok	0.0404317714	0.8879522157171674
MouseBrainSerialSections	Visium	2	hybrid_hvg_svg_intersection	2000	scvi	clustering_eval	PAS	0.1980636791	1	8.9724841518	3268.4140625	1157	cache_signature=9bd4dedba6a1d1bc494b38665d91a522	PAS	-1	-0.1980636791	-0.9762004657	-0.0226779495	0.9535225162	ok	0.9535225162	0.8160654555920176
MouseBrainSerialSections	Visium	2	hybrid_hvg_svg_intersection	2000	scvi	integration_eval	bASW	0.4591352855	1	9.3287201002	3268.4140625	1157	cache_signature=738db48f9d406dc1a460df74cbf97b42	bASW	1	0.4591352855	0.0654689148	0.9842992541	0.9188303393	ok	0.9188303393	0.4284429386603734
MouseBrainSerialSections	Visium	2	hybrid_hvg_svg_intersection	2000	scvi	integration_eval	iLISI	0.7143629334	1	9.3287201002	3268.4140625	1157	cache_signature=738db48f9d406dc1a460df74cbf97b42	iLISI	1	0.7143629334	0.0	0.8848293675	0.8848293675	ok	0.8848293675	0.8073454155555027
MouseBrainSerialSections	Visium	2	hybrid_hvg_svg_intersection	2000	scvi	integration_eval	dASW	0.4532139599	1	9.3287201002	3268.4140625	1157	cache_signature=738db48f9d406dc1a460df74cbf97b42	dASW	1	0.4532139599	0.2939853966	0.4960020958	0.2020166991999999	ok	0.2020166991999999	0.7881950548175282
MouseBrainSerialSections	Visium	2	hybrid_hvg_svg_intersection	2000	scvi	integration_eval	dLISI	0.8691086806	1	9.3287201002	3268.4140625	1157	cache_signature=738db48f9d406dc1a460df74cbf97b42	dLISI	1	0.8691086806	0.4308970575	0.9526374718	0.5217404143	ok	0.5217404143	0.8399035441560196
MouseBrainSerialSections	Visium	2	hybrid_hvg_svg_intersection	2000	scvi	integration_eval	ILL	0.3467011643	1	9.3287201002	3268.4140625	1157	cache_signature=738db48f9d406dc1a460df74cbf97b42	ILL	1	0.3467011643	0.0529482551	0.4750430293	0.4220947741999999	ok	0.4220947741999999	0.6959406445075103
MouseBrainSerialSections	Visium	2	hybrid_hvg_svg_intersection	2000	scvi	integration_eval	GC	0.7750474851	1	9.3287201002	3268.4140625	1157	cache_signature=738db48f9d406dc1a460df74cbf97b42	GC	1	0.7750474851	0.3598446367	0.9682639717666668	0.6084193350666667	ok	0.6084193350666667	0.68242875344273
MouseBrainSerialSections	Visium	2	hybrid_hvg_svg_intersection	2000	scvi	alignment_eval	Accuracy	0.1726	2	8.4761122633	3347.796875	1157	cache_signature=ffd3d7ec949d0e7d2215908c7e4136b1	Accuracy	1	0.1726	0.0216	0.226	0.2044	ok	0.2044	0.738747553816047
MouseBrainSerialSections	Visium	2	hybrid_hvg_svg_intersection	2000	scvi	alignment_eval	Ratio	1.0491405785	2	8.4761122633	3347.796875	1157	cache_signature=ffd3d7ec949d0e7d2215908c7e4136b1	Ratio	-1	-1.0491405785	-9.4952311292	-0.796076736	8.6991543932	ok	8.6991543932	0.9709093745137095
MouseBrainSerialSections	Visium	2	hybrid_hvg_svg_intersection	2000	scvi	clustering_eval	silhouette	0.4928830564	2	8.9681192031	3347.796875	1157	cache_signature=4799d208a806e1ec0b70ba513ecf620c	silhouette	1	0.4928830564	0.0036862821	0.859418869	0.8557325869	ok	0.8557325869	0.5716701476476168
MouseBrainSerialSections	Visium	2	hybrid_hvg_svg_intersection	2000	scvi	clustering_eval	ari	0.3549467627	2	8.9681192031	3347.796875	1157	cache_signature=4799d208a806e1ec0b70ba513ecf620c	ari	1	0.3549467627	0.0012709551	0.4013912207	0.4001202655999999	ok	0.4001202655999999	0.8839237549481423
MouseBrainSerialSections	Visium	2	hybrid_hvg_svg_intersection	2000	scvi	clustering_eval	nmi	0.4623052743	2	8.9681192031	3347.796875	1157	cache_signature=4799d208a806e1ec0b70ba513ecf620c	nmi	1	0.4623052743	0.0225759272	0.5184147746	0.4958388473999999	ok	0.4958388473999999	0.8868392410271646
MouseBrainSerialSections	Visium	2	hybrid_hvg_svg_intersection	2000	scvi	clustering_eval	CHAOS	0.0659484421	2	8.9681192031	3347.796875	1157	cache_signature=4799d208a806e1ec0b70ba513ecf620c	CHAOS	-1	-0.0659484421	-0.10243881	-0.0620070386	0.0404317714	ok	0.0404317714	0.9025171699501646
MouseBrainSerialSections	Visium	2	hybrid_hvg_svg_intersection	2000	scvi	clustering_eval	PAS	0.1895041197	2	8.9681192031	3347.796875	1157	cache_signature=4799d208a806e1ec0b70ba513ecf620c	PAS	-1	-0.1895041197	-0.9762004657	-0.0226779495	0.9535225162	ok	0.9535225162	0.8250422330194787
MouseBrainSerialSections	Visium	2	hybrid_hvg_svg_intersection	2000	scvi	integration_eval	bASW	0.4147758582	2	9.3187235808	3347.796875	1157	cache_signature=889bd04b8ebc663b4463bd203480d9ef	bASW	1	0.4147758582	0.0654689148	0.9842992541	0.9188303393	ok	0.9188303393	0.3801647904509938
MouseBrainSerialSections	Visium	2	hybrid_hvg_svg_intersection	2000	scvi	integration_eval	iLISI	0.556468829	2	9.3187235808	3347.796875	1157	cache_signature=889bd04b8ebc663b4463bd203480d9ef	iLISI	1	0.556468829	0.0	0.8848293675	0.8848293675	ok	0.8848293675	0.6288995928924116
MouseBrainSerialSections	Visium	2	hybrid_hvg_svg_intersection	2000	scvi	integration_eval	dASW	0.4383994341	2	9.3187235808	3347.796875	1157	cache_signature=889bd04b8ebc663b4463bd203480d9ef	dASW	1	0.4383994341	0.2939853966	0.4960020958	0.2020166991999999	ok	0.2020166991999999	0.7148618805865533
MouseBrainSerialSections	Visium	2	hybrid_hvg_svg_intersection	2000	scvi	integration_eval	dLISI	0.8836525412	2	9.3187235808	3347.796875	1157	cache_signature=889bd04b8ebc663b4463bd203480d9ef	dLISI	1	0.8836525412	0.4308970575	0.9526374718	0.5217404143	ok	0.5217404143	0.8677792083778779
MouseBrainSerialSections	Visium	2	hybrid_hvg_svg_intersection	2000	scvi	integration_eval	ILL	0.3371356147	2	9.3187235808	3347.796875	1157	cache_signature=889bd04b8ebc663b4463bd203480d9ef	ILL	1	0.3371356147	0.0529482551	0.4750430293	0.4220947741999999	ok	0.4220947741999999	0.6732785548900075
MouseBrainSerialSections	Visium	2	hybrid_hvg_svg_intersection	2000	scvi	integration_eval	GC	0.8250111812	2	9.3187235808	3347.796875	1157	cache_signature=889bd04b8ebc663b4463bd203480d9ef	GC	1	0.8250111812	0.3598446367	0.9682639717666668	0.6084193350666667	ok	0.6084193350666667	0.7645492470238969
MouseBrainSerialSections	Visium	2	hybrid_hvg_svg_union	2000	scvi	alignment_eval	Accuracy	0.1468	0	16.5188073711	2606.9921875	2000	cache_signature=ce312641ea75f47847545c5eb1f7efdb	Accuracy	1	0.1468	0.0216	0.226	0.2044	ok	0.2044	0.6125244618395304
MouseBrainSerialSections	Visium	2	hybrid_hvg_svg_union	2000	scvi	alignment_eval	Ratio	1.9646791594	0	16.5188073711	2606.9921875	2000	cache_signature=ce312641ea75f47847545c5eb1f7efdb	Ratio	-1	-1.9646791594	-9.4952311292	-0.796076736	8.6991543932	ok	8.6991543932	0.8656648255014902
MouseBrainSerialSections	Visium	2	hybrid_hvg_svg_union	2000	scvi	clustering_eval	silhouette	0.4875029922	0	17.103262499	2606.9921875	2000	cache_signature=be17237225223b68774c13a792c7e078	silhouette	1	0.4875029922	0.0036862821	0.859418869	0.8557325869	ok	0.8557325869	0.5653830618425874
MouseBrainSerialSections	Visium	2	hybrid_hvg_svg_union	2000	scvi	clustering_eval	ari	0.1716319894	0	17.103262499	2606.9921875	2000	cache_signature=be17237225223b68774c13a792c7e078	ari	1	0.1716319894	0.0012709551	0.4013912207	0.4001202655999999	ok	0.4001202655999999	0.4257745706644858
MouseBrainSerialSections	Visium	2	hybrid_hvg_svg_union	2000	scvi	clustering_eval	nmi	0.2661516387	0	17.103262499	2606.9921875	2000	cache_signature=be17237225223b68774c13a792c7e078	nmi	1	0.2661516387	0.0225759272	0.5184147746	0.4958388473999999	ok	0.4958388473999999	0.4912396694555564
MouseBrainSerialSections	Visium	2	hybrid_hvg_svg_union	2000	scvi	clustering_eval	CHAOS	0.0757443912	0	17.103262499	2606.9921875	2000	cache_signature=be17237225223b68774c13a792c7e078	CHAOS	-1	-0.0757443912	-0.10243881	-0.0620070386	0.0404317714	ok	0.0404317714	0.6602337190697515
MouseBrainSerialSections	Visium	2	hybrid_hvg_svg_union	2000	scvi	clustering_eval	PAS	0.5431505846	0	17.103262499	2606.9921875	2000	cache_signature=be17237225223b68774c13a792c7e078	PAS	-1	-0.5431505846	-0.9762004657	-0.0226779495	0.9535225162	ok	0.9535225162	0.4541580022942724
MouseBrainSerialSections	Visium	2	hybrid_hvg_svg_union	2000	scvi	integration_eval	bASW	0.5978748333	0	17.520822051	2606.0390625	2000	cache_signature=bd13b575a50fbe52b5e147adcf19f064	bASW	1	0.5978748333	0.0654689148	0.9842992541	0.9188303393	ok	0.9188303393	0.5794387665797008
MouseBrainSerialSections	Visium	2	hybrid_hvg_svg_union	2000	scvi	integration_eval	iLISI	0.0686845156	0	17.520822051	2606.0390625	2000	cache_signature=bd13b575a50fbe52b5e147adcf19f064	iLISI	1	0.0686845156	0.0	0.8848293675	0.8848293675	ok	0.8848293675	0.07762458856226875
MouseBrainSerialSections	Visium	2	hybrid_hvg_svg_union	2000	scvi	integration_eval	dASW	0.3780683726	0	17.520822051	2606.0390625	2000	cache_signature=bd13b575a50fbe52b5e147adcf19f064	dASW	1	0.3780683726	0.2939853966	0.4960020958	0.2020166991999999	ok	0.2020166991999999	0.41621794798635153
MouseBrainSerialSections	Visium	2	hybrid_hvg_svg_union	2000	scvi	integration_eval	dLISI	0.8987895077	0	17.520822051	2606.0390625	2000	cache_signature=bd13b575a50fbe52b5e147adcf19f064	dLISI	1	0.8987895077	0.4308970575	0.9526374718	0.5217404143	ok	0.5217404143	0.8967916561107389
MouseBrainSerialSections	Visium	2	hybrid_hvg_svg_union	2000	scvi	integration_eval	ILL	0.2816281628	0	17.520822051	2606.0390625	2000	cache_signature=bd13b575a50fbe52b5e147adcf19f064	ILL	1	0.2816281628	0.0529482551	0.4750430293	0.4220947741999999	ok	0.4220947741999999	0.5417738424585311
MouseBrainSerialSections	Visium	2	hybrid_hvg_svg_union	2000	scvi	integration_eval	GC	0.6465416848	0	17.520822051	2606.0390625	2000	cache_signature=bd13b575a50fbe52b5e147adcf19f064	GC	1	0.6465416848	0.3598446367	0.9682639717666668	0.6084193350666667	ok	0.6084193350666667	0.47121620168199546
MouseBrainSerialSections	Visium	2	hybrid_hvg_svg_union	2000	scvi	alignment_eval	Accuracy	0.1232	1	10.3898258768	3268.4140625	2000	cache_signature=47a45c46a01e1030aab8a28f67f1d84a	Accuracy	1	0.1232	0.0216	0.226	0.2044	ok	0.2044	0.49706457925636005
MouseBrainSerialSections	Visium	2	hybrid_hvg_svg_union	2000	scvi	alignment_eval	Ratio	2.181825255	1	10.3898258768	3268.4140625	2000	cache_signature=47a45c46a01e1030aab8a28f67f1d84a	Ratio	-1	-2.181825255	-9.4952311292	-0.796076736	8.6991543932	ok	8.6991543932	0.8407030779815543
MouseBrainSerialSections	Visium	2	hybrid_hvg_svg_union	2000	scvi	clustering_eval	silhouette	0.4514414966	1	10.9023304069	3268.4140625	2000	cache_signature=69fa5b01fd75f458c62a79eee8ae8020	silhouette	1	0.4514414966	0.0036862821	0.859418869	0.8557325869	ok	0.8557325869	0.5232419816125621
MouseBrainSerialSections	Visium	2	hybrid_hvg_svg_union	2000	scvi	clustering_eval	ari	0.1794212427	1	10.9023304069	3268.4140625	2000	cache_signature=69fa5b01fd75f458c62a79eee8ae8020	ari	1	0.1794212427	0.0012709551	0.4013912207	0.4001202655999999	ok	0.4001202655999999	0.44524185080416995
MouseBrainSerialSections	Visium	2	hybrid_hvg_svg_union	2000	scvi	clustering_eval	nmi	0.2634475058	1	10.9023304069	3268.4140625	2000	cache_signature=69fa5b01fd75f458c62a79eee8ae8020	nmi	1	0.2634475058	0.0225759272	0.5184147746	0.4958388473999999	ok	0.4958388473999999	0.4857860166928099
MouseBrainSerialSections	Visium	2	hybrid_hvg_svg_union	2000	scvi	clustering_eval	CHAOS	0.0765079814	1	10.9023304069	3268.4140625	2000	cache_signature=69fa5b01fd75f458c62a79eee8ae8020	CHAOS	-1	-0.0765079814	-0.10243881	-0.0620070386	0.0404317714	ok	0.0404317714	0.6413478238057116
MouseBrainSerialSections	Visium	2	hybrid_hvg_svg_union	2000	scvi	clustering_eval	PAS	0.5319613538	1	10.9023304069	3268.4140625	2000	cache_signature=69fa5b01fd75f458c62a79eee8ae8020	PAS	-1	-0.5319613538	-0.9762004657	-0.0226779495	0.9535225162	ok	0.9535225162	0.46589262901771006
MouseBrainSerialSections	Visium	2	hybrid_hvg_svg_union	2000	scvi	integration_eval	bASW	0.5146452449	1	11.4352297205	3268.4140625	2000	cache_signature=ad35eaa4e547d403da73df37885415f4	bASW	1	0.5146452449	0.0654689148	0.9842992541	0.9188303393	ok	0.9188303393	0.4888566592633408
MouseBrainSerialSections	Visium	2	hybrid_hvg_svg_union	2000	scvi	integration_eval	iLISI	0.1663300274	1	11.4352297205	3268.4140625	2000	cache_signature=ad35eaa4e547d403da73df37885415f4	iLISI	1	0.1663300274	0.0	0.8848293675	0.8848293675	ok	0.8848293675	0.18797977724219242
MouseBrainSerialSections	Visium	2	hybrid_hvg_svg_union	2000	scvi	integration_eval	dASW	0.3753302842	1	11.4352297205	3268.4140625	2000	cache_signature=ad35eaa4e547d403da73df37885415f4	dASW	1	0.3753302842	0.2939853966	0.4960020958	0.2020166991999999	ok	0.2020166991999999	0.40266417539803073
MouseBrainSerialSections	Visium	2	hybrid_hvg_svg_union	2000	scvi	integration_eval	dLISI	0.8678559133	1	11.4352297205	3268.4140625	2000	cache_signature=ad35eaa4e547d403da73df37885415f4	dLISI	1	0.8678559133	0.4308970575	0.9526374718	0.5217404143	ok	0.5217404143	0.8375024127395838
MouseBrainSerialSections	Visium	2	hybrid_hvg_svg_union	2000	scvi	integration_eval	ILL	0.2834994463	1	11.4352297205	3268.4140625	2000	cache_signature=ad35eaa4e547d403da73df37885415f4	ILL	1	0.2834994463	0.0529482551	0.4750430293	0.4220947741999999	ok	0.4220947741999999	0.5462071678972236
MouseBrainSerialSections	Visium	2	hybrid_hvg_svg_union	2000	scvi	integration_eval	GC	0.5296223789	1	11.4352297205	3268.4140625	2000	cache_signature=ad35eaa4e547d403da73df37885415f4	GC	1	0.5296223789	0.3598446367	0.9682639717666668	0.6084193350666667	ok	0.6084193350666667	0.27904724984027146
MouseBrainSerialSections	Visium	2	hybrid_hvg_svg_union	2000	scvi	alignment_eval	Accuracy	0.1556	2	10.3402277026	3268.4140625	2000	cache_signature=5476322f90d911d41eab4f8974bb0031	Accuracy	1	0.1556	0.0216	0.226	0.2044	ok	0.2044	0.6555772994129158
MouseBrainSerialSections	Visium	2	hybrid_hvg_svg_union	2000	scvi	alignment_eval	Ratio	2.389917651	2	10.3402277026	3268.4140625	2000	cache_signature=5476322f90d911d41eab4f8974bb0031	Ratio	-1	-2.389917651	-9.4952311292	-0.796076736	8.6991543932	ok	8.6991543932	0.8167820867455943
MouseBrainSerialSections	Visium	2	hybrid_hvg_svg_union	2000	scvi	clustering_eval	silhouette	0.4953154922	2	10.8866899479	3268.4140625	2000	cache_signature=cb7ed491fc06c1ad5d0c96c57cc186f7	silhouette	1	0.4953154922	0.0036862821	0.859418869	0.8557325869	ok	0.8557325869	0.574512666253589
MouseBrainSerialSections	Visium	2	hybrid_hvg_svg_union	2000	scvi	clustering_eval	ari	0.1326537795	2	10.8866899479	3268.4140625	2000	cache_signature=cb7ed491fc06c1ad5d0c96c57cc186f7	ari	1	0.1326537795	0.0012709551	0.4013912207	0.4001202655999999	ok	0.4001202655999999	0.3283583354694245
MouseBrainSerialSections	Visium	2	hybrid_hvg_svg_union	2000	scvi	clustering_eval	nmi	0.2429861967	2	10.8866899479	3268.4140625	2000	cache_signature=cb7ed491fc06c1ad5d0c96c57cc186f7	nmi	1	0.2429861967	0.0225759272	0.5184147746	0.4958388473999999	ok	0.4958388473999999	0.44451996985664183
MouseBrainSerialSections	Visium	2	hybrid_hvg_svg_union	2000	scvi	clustering_eval	CHAOS	0.074964074	2	10.8866899479	3268.4140625	2000	cache_signature=cb7ed491fc06c1ad5d0c96c57cc186f7	CHAOS	-1	-0.074964074	-0.10243881	-0.0620070386	0.0404317714	ok	0.0404317714	0.679533323637658
MouseBrainSerialSections	Visium	2	hybrid_hvg_svg_union	2000	scvi	clustering_eval	PAS	0.5545626733	2	10.8866899479	3268.4140625	2000	cache_signature=cb7ed491fc06c1ad5d0c96c57cc186f7	PAS	-1	-0.5545626733	-0.9762004657	-0.0226779495	0.9535225162	ok	0.9535225162	0.44218965492322165
MouseBrainSerialSections	Visium	2	hybrid_hvg_svg_union	2000	scvi	integration_eval	bASW	0.5476464322	2	11.2118028104	3268.4140625	2000	cache_signature=e2bb63725f36fb8b8ad81b3c35de6861	bASW	1	0.5476464322	0.0654689148	0.9842992541	0.9188303393	ok	0.9188303393	0.5247731782206291
MouseBrainSerialSections	Visium	2	hybrid_hvg_svg_union	2000	scvi	integration_eval	iLISI	0.0053110786	2	11.2118028104	3268.4140625	2000	cache_signature=e2bb63725f36fb8b8ad81b3c35de6861	iLISI	1	0.0053110786	0.0	0.8848293675	0.8848293675	ok	0.8848293675	0.006002376045684311
MouseBrainSerialSections	Visium	2	hybrid_hvg_svg_union	2000	scvi	integration_eval	dASW	0.3768475726	2	11.2118028104	3268.4140625	2000	cache_signature=e2bb63725f36fb8b8ad81b3c35de6861	dASW	1	0.3768475726	0.2939853966	0.4960020958	0.2020166991999999	ok	0.2020166991999999	0.4101748832058932
MouseBrainSerialSections	Visium	2	hybrid_hvg_svg_union	2000	scvi	integration_eval	dLISI	0.8927800995	2	11.2118028104	3268.4140625	2000	cache_signature=e2bb63725f36fb8b8ad81b3c35de6861	dLISI	1	0.8927800995	0.4308970575	0.9526374718	0.5217404143	ok	0.5217404143	0.8852736520702381
MouseBrainSerialSections	Visium	2	hybrid_hvg_svg_union	2000	scvi	integration_eval	ILL	0.271884655	2	11.2118028104	3268.4140625	2000	cache_signature=e2bb63725f36fb8b8ad81b3c35de6861	ILL	1	0.271884655	0.0529482551	0.4750430293	0.4220947741999999	ok	0.4220947741999999	0.5186901456312795
MouseBrainSerialSections	Visium	2	hybrid_hvg_svg_union	2000	scvi	integration_eval	GC	0.5028687596	2	11.2118028104	3268.4140625	2000	cache_signature=e2bb63725f36fb8b8ad81b3c35de6861	GC	1	0.5028687596	0.3598446367	0.9682639717666668	0.6084193350666667	ok	0.6084193350666667	0.23507491405467634
STOmics0212	Visium	10	hybrid_hvg_svg_intersection	2000	cellcharter	clustering_eval	silhouette	0.2038917392	0	28.1405669525	2592.6640625	488	cache_signature=1a20d2194ae77ad4923c8508aa9bdd4f	silhouette	1	0.2038917392	0.0385055691	0.7208960056	0.6823904365	ok	0.6823904365	0.24236296591181786
STOmics0212	Visium	10	hybrid_hvg_svg_intersection	2000	cellcharter	clustering_eval	ari	0.148022685	0	28.1405669525	2592.6640625	488	cache_signature=1a20d2194ae77ad4923c8508aa9bdd4f	ari	1	0.148022685	0.0076496369	0.1688099933	0.1611603564	ok	0.1611603564	0.8710147534769287
STOmics0212	Visium	10	hybrid_hvg_svg_intersection	2000	cellcharter	clustering_eval	nmi	0.2903461379	0	28.1405669525	2592.6640625	488	cache_signature=1a20d2194ae77ad4923c8508aa9bdd4f	nmi	1	0.2903461379	0.0147818701	0.3051013896	0.2903195195	ok	0.2903195195	0.9491758193682186
STOmics0212	Visium	10	hybrid_hvg_svg_intersection	2000	cellcharter	clustering_eval	CHAOS	0.1117301127	0	28.1405669525	2592.6640625	488	cache_signature=1a20d2194ae77ad4923c8508aa9bdd4f	CHAOS	-1	-0.1117301127	-0.1751944338	-0.1118312248	0.0633632089999999	ok	0.0633632089999999	1.001595754091307
STOmics0212	Visium	10	hybrid_hvg_svg_intersection	2000	cellcharter	clustering_eval	PAS	0.0277773085	0	28.1405669525	2592.6640625	488	cache_signature=1a20d2194ae77ad4923c8508aa9bdd4f	PAS	-1	-0.0277773085	-0.8910629844	-0.00850812	0.8825548644	ok	0.8825548644	0.9781665828638313
STOmics0212	Visium	10	hybrid_hvg_svg_intersection	2000	cellcharter	integration_eval	bASW	0.7396287143	0	28.3270271383	2592.6640625	488	cache_signature=67088f6900addf827646b9bf8cd7f3d3	bASW	1	0.7396287143	0.7068503737	0.9739813784	0.2671310046999999	ok	0.2671310046999999	0.122705114806166
STOmics0212	Visium	10	hybrid_hvg_svg_intersection	2000	cellcharter	integration_eval	iLISI	0.0051505613	0	28.3270271383	2592.6640625	488	cache_signature=67088f6900addf827646b9bf8cd7f3d3	iLISI	1	0.0051505613	0.0014062527	0.4076922063	0.4062859536	ok	0.4062859536	0.009215944008948873
STOmics0212	Visium	10	hybrid_hvg_svg_intersection	2000	cellcharter	integration_eval	dASW	0.4477171116	0	28.3270271383	2592.6640625	488	cache_signature=67088f6900addf827646b9bf8cd7f3d3	dASW	1	0.4477171116	0.3437324315	0.4827909749	0.1390585434	ok	0.1390585434	0.7477762786633647
STOmics0212	Visium	10	hybrid_hvg_svg_intersection	2000	cellcharter	integration_eval	dLISI	0.9336364838	0	28.3270271383	2592.6640625	488	cache_signature=67088f6900addf827646b9bf8cd7f3d3	dLISI	1	0.9336364838	0.687384244	0.9384981886	0.2511139446	ok	0.2511139446	0.9806394471332754
STOmics0212	Visium	10	hybrid_hvg_svg_intersection	2000	cellcharter	integration_eval	ILL	0.4808987683	0	28.3270271383	2592.6640625	488	cache_signature=67088f6900addf827646b9bf8cd7f3d3	ILL	1	0.4808987683	0.0396478794	0.5673981191	0.5277502397	ok	0.5277502397	0.8360979412360463
STOmics0212	Visium	10	hybrid_hvg_svg_intersection	2000	cellcharter	integration_eval	GC	0.6643238573	0	28.3270271383	2592.6640625	488	cache_signature=67088f6900addf827646b9bf8cd7f3d3	GC	1	0.6643238573	0.4446001872	0.9779866342	0.533386447	ok	0.533386447	0.41194085701993843
STOmics0212	Visium	10	hybrid_hvg_svg_intersection	2000	cellcharter	clustering_eval	silhouette	0.191301167	1	24.6814546362	2792.73828125	488	cache_signature=8ed35aec85f1ea89e68642813e62e74a	silhouette	1	0.191301167	0.0385055691	0.7208960056	0.6823904365	ok	0.6823904365	0.2239122791399202
STOmics0212	Visium	10	hybrid_hvg_svg_intersection	2000	cellcharter	clustering_eval	ari	0.1377678926	1	24.6814546362	2792.73828125	488	cache_signature=8ed35aec85f1ea89e68642813e62e74a	ari	1	0.1377678926	0.0076496369	0.1688099933	0.1611603564	ok	0.1611603564	0.8073837673642672
STOmics0212	Visium	10	hybrid_hvg_svg_intersection	2000	cellcharter	clustering_eval	nmi	0.2411653533	1	24.6814546362	2792.73828125	488	cache_signature=8ed35aec85f1ea89e68642813e62e74a	nmi	1	0.2411653533	0.0147818701	0.3051013896	0.2903195195	ok	0.2903195195	0.7797735529112433
STOmics0212	Visium	10	hybrid_hvg_svg_intersection	2000	cellcharter	clustering_eval	CHAOS	0.1129559433	1	24.6814546362	2792.73828125	488	cache_signature=8ed35aec85f1ea89e68642813e62e74a	CHAOS	-1	-0.1129559433	-0.1751944338	-0.1118312248	0.0633632089999999	ok	0.0633632089999999	0.9822496600511519
STOmics0212	Visium	10	hybrid_hvg_svg_intersection	2000	cellcharter	clustering_eval	PAS	0.0443007367	1	24.6814546362	2792.73828125	488	cache_signature=8ed35aec85f1ea89e68642813e62e74a	PAS	-1	-0.0443007367	-0.8910629844	-0.00850812	0.8825548644	ok	0.8825548644	0.9594443154258365
STOmics0212	Visium	10	hybrid_hvg_svg_intersection	2000	cellcharter	integration_eval	bASW	0.7563402504	1	25.0720762527	2792.73828125	488	cache_signature=981da91080f54f7eba1c728bac02199b	bASW	1	0.7563402504	0.7068503737	0.9739813784	0.2671310046999999	ok	0.2671310046999999	0.18526444264895153
STOmics0212	Visium	10	hybrid_hvg_svg_intersection	2000	cellcharter	integration_eval	iLISI	0.0088299869	1	25.0720762527	2792.73828125	488	cache_signature=981da91080f54f7eba1c728bac02199b	iLISI	1	0.0088299869	0.0014062527	0.4076922063	0.4062859536	ok	0.4062859536	0.01827219015134566
STOmics0212	Visium	10	hybrid_hvg_svg_intersection	2000	cellcharter	integration_eval	dASW	0.4440989755	1	25.0720762527	2792.73828125	488	cache_signature=981da91080f54f7eba1c728bac02199b	dASW	1	0.4440989755	0.3437324315	0.4827909749	0.1390585434	ok	0.1390585434	0.7217574810293892
STOmics0212	Visium	10	hybrid_hvg_svg_intersection	2000	cellcharter	integration_eval	dLISI	0.9309776983	1	25.0720762527	2792.73828125	488	cache_signature=981da91080f54f7eba1c728bac02199b	dLISI	1	0.9309776983	0.687384244	0.9384981886	0.2511139446	ok	0.2511139446	0.9700514827562466
STOmics0212	Visium	10	hybrid_hvg_svg_intersection	2000	cellcharter	integration_eval	ILL	0.4472927073	1	25.0720762527	2792.73828125	488	cache_signature=981da91080f54f7eba1c728bac02199b	ILL	1	0.4472927073	0.0396478794	0.5673981191	0.5277502397	ok	0.5277502397	0.7724199767900172
STOmics0212	Visium	10	hybrid_hvg_svg_intersection	2000	cellcharter	integration_eval	GC	0.7394422474	1	25.0720762527	2792.73828125	488	cache_signature=981da91080f54f7eba1c728bac02199b	GC	1	0.7394422474	0.4446001872	0.9779866342	0.533386447	ok	0.533386447	0.5527738131673975
STOmics0212	Visium	10	hybrid_hvg_svg_intersection	2000	cellcharter	clustering_eval	silhouette	0.1976422518	2	24.8451256622	2912.44140625	488	cache_signature=14d26c0db57c6ab5533f2f0d1353a11b	silhouette	1	0.1976422518	0.0385055691	0.7208960056	0.6823904365	ok	0.6823904365	0.23320473762237437
STOmics0212	Visium	10	hybrid_hvg_svg_intersection	2000	cellcharter	clustering_eval	ari	0.1456124019	2	24.8451256622	2912.44140625	488	cache_signature=14d26c0db57c6ab5533f2f0d1353a11b	ari	1	0.1456124019	0.0076496369	0.1688099933	0.1611603564	ok	0.1611603564	0.8560589470128522
STOmics0212	Visium	10	hybrid_hvg_svg_intersection	2000	cellcharter	clustering_eval	nmi	0.2743619854	2	24.8451256622	2912.44140625	488	cache_signature=14d26c0db57c6ab5533f2f0d1353a11b	nmi	1	0.2743619854	0.0147818701	0.3051013896	0.2903195195	ok	0.2903195195	0.8941187135713761
STOmics0212	Visium	10	hybrid_hvg_svg_intersection	2000	cellcharter	clustering_eval	CHAOS	0.1122811208	2	24.8451256622	2912.44140625	488	cache_signature=14d26c0db57c6ab5533f2f0d1353a11b	CHAOS	-1	-0.1122811208	-0.1751944338	-0.1118312248	0.0633632089999999	ok	0.0633632089999999	0.9928997282950125
STOmics0212	Visium	10	hybrid_hvg_svg_intersection	2000	cellcharter	clustering_eval	PAS	0.0407179465	2	24.8451256622	2912.44140625	488	cache_signature=14d26c0db57c6ab5533f2f0d1353a11b	PAS	-1	-0.0407179465	-0.8910629844	-0.00850812	0.8825548644	ok	0.8825548644	0.9635038819689723
STOmics0212	Visium	10	hybrid_hvg_svg_intersection	2000	cellcharter	integration_eval	bASW	0.7510739714	2	25.3594317744	2912.44140625	488	cache_signature=c79b6a04369825ba108a9b87489e3fef	bASW	1	0.7510739714	0.7068503737	0.9739813784	0.2671310046999999	ok	0.2671310046999999	0.16555022412941184
STOmics0212	Visium	10	hybrid_hvg_svg_intersection	2000	cellcharter	integration_eval	iLISI	0.0079718347	2	25.3594317744	2912.44140625	488	cache_signature=c79b6a04369825ba108a9b87489e3fef	iLISI	1	0.0079718347	0.0014062527	0.4076922063	0.4062859536	ok	0.4062859536	0.01616000243627423
STOmics0212	Visium	10	hybrid_hvg_svg_intersection	2000	cellcharter	integration_eval	dASW	0.4441287071	2	25.3594317744	2912.44140625	488	cache_signature=c79b6a04369825ba108a9b87489e3fef	dASW	1	0.4441287071	0.3437324315	0.4827909749	0.1390585434	ok	0.1390585434	0.721971287382261
STOmics0212	Visium	10	hybrid_hvg_svg_intersection	2000	cellcharter	integration_eval	dLISI	0.9315324039	2	25.3594317744	2912.44140625	488	cache_signature=c79b6a04369825ba108a9b87489e3fef	dLISI	1	0.9315324039	0.687384244	0.9384981886	0.2511139446	ok	0.2511139446	0.9722604624323201
STOmics0212	Visium	10	hybrid_hvg_svg_intersection	2000	cellcharter	integration_eval	ILL	0.4588974855	2	25.3594317744	2912.44140625	488	cache_signature=c79b6a04369825ba108a9b87489e3fef	ILL	1	0.4588974855	0.0396478794	0.5673981191	0.5277502397	ok	0.5277502397	0.7944091249268265
STOmics0212	Visium	10	hybrid_hvg_svg_intersection	2000	cellcharter	integration_eval	GC	0.6706706518	2	25.3594317744	2912.44140625	488	cache_signature=c79b6a04369825ba108a9b87489e3fef	GC	1	0.6706706518	0.4446001872	0.9779866342	0.533386447	ok	0.533386447	0.42383991170289326
STOmics0212	Visium	10	hybrid_hvg_svg_union	2000	cellcharter	clustering_eval	silhouette	0.1776313484	0	31.2812554073	2564.96484375	2000	cache_signature=8180cca3dba046fb06e2c9606c77dc0f	silhouette	1	0.1776313484	0.0385055691	0.7208960056	0.6823904365	ok	0.6823904365	0.20388002506831734
STOmics0212	Visium	10	hybrid_hvg_svg_union	2000	cellcharter	clustering_eval	ari	0.1021324885	0	31.2812554073	2564.96484375	2000	cache_signature=8180cca3dba046fb06e2c9606c77dc0f	ari	1	0.1021324885	0.0076496369	0.1688099933	0.1611603564	ok	0.1611603564	0.586266087458218
STOmics0212	Visium	10	hybrid_hvg_svg_union	2000	cellcharter	clustering_eval	nmi	0.2280933817	0	31.2812554073	2564.96484375	2000	cache_signature=8180cca3dba046fb06e2c9606c77dc0f	nmi	1	0.2280933817	0.0147818701	0.3051013896	0.2903195195	ok	0.2903195195	0.7347473982024139
STOmics0212	Visium	10	hybrid_hvg_svg_union	2000	cellcharter	clustering_eval	CHAOS	0.1137248187	0	31.2812554073	2564.96484375	2000	cache_signature=8180cca3dba046fb06e2c9606c77dc0f	CHAOS	-1	-0.1137248187	-0.1751944338	-0.1118312248	0.0633632089999999	ok	0.0633632089999999	0.970115246214883
STOmics0212	Visium	10	hybrid_hvg_svg_union	2000	cellcharter	clustering_eval	PAS	0.0792695325	0	31.2812554073	2564.96484375	2000	cache_signature=8180cca3dba046fb06e2c9606c77dc0f	PAS	-1	-0.0792695325	-0.8910629844	-0.00850812	0.8825548644	ok	0.8825548644	0.9198220809217263
STOmics0212	Visium	10	hybrid_hvg_svg_union	2000	cellcharter	integration_eval	bASW	0.7836364336	0	31.6842016652	2564.96484375	2000	cache_signature=b8209d31663cfdfe7c4b999a5bfa9276	bASW	1	0.7836364336	0.7068503737	0.9739813784	0.2671310046999999	ok	0.2671310046999999	0.287447202118055
STOmics0212	Visium	10	hybrid_hvg_svg_union	2000	cellcharter	integration_eval	iLISI	0.0109487008	0	31.6842016652	2564.96484375	2000	cache_signature=b8209d31663cfdfe7c4b999a5bfa9276	iLISI	1	0.0109487008	0.0014062527	0.4076922063	0.4062859536	ok	0.4062859536	0.02348702438626468
STOmics0212	Visium	10	hybrid_hvg_svg_union	2000	cellcharter	integration_eval	dASW	0.4365736619	0	31.6842016652	2564.96484375	2000	cache_signature=b8209d31663cfdfe7c4b999a5bfa9276	dASW	1	0.4365736619	0.3437324315	0.4827909749	0.1390585434	ok	0.1390585434	0.6676413266673122
STOmics0212	Visium	10	hybrid_hvg_svg_union	2000	cellcharter	integration_eval	dLISI	0.9310803463	0	31.6842016652	2564.96484375	2000	cache_signature=b8209d31663cfdfe7c4b999a5bfa9276	dLISI	1	0.9310803463	0.687384244	0.9384981886	0.2511139446	ok	0.2511139446	0.9704602533649979
STOmics0212	Visium	10	hybrid_hvg_svg_union	2000	cellcharter	integration_eval	ILL	0.5078760163	0	31.6842016652	2564.96484375	2000	cache_signature=b8209d31663cfdfe7c4b999a5bfa9276	ILL	1	0.5078760163	0.0396478794	0.5673981191	0.5277502397	ok	0.5277502397	0.8872153940965798
STOmics0212	Visium	10	hybrid_hvg_svg_union	2000	cellcharter	integration_eval	GC	0.8137518482	0	31.6842016652	2564.96484375	2000	cache_signature=b8209d31663cfdfe7c4b999a5bfa9276	GC	1	0.8137518482	0.4446001872	0.9779866342	0.533386447	ok	0.533386447	0.6920904403857115
STOmics0212	Visium	10	hybrid_hvg_svg_union	2000	cellcharter	clustering_eval	silhouette	0.171189189	1	30.765888432	2792.73828125	2000	cache_signature=415556cc697552d764a65d1cc694ba6d	silhouette	1	0.171189189	0.0385055691	0.7208960056	0.6823904365	ok	0.6823904365	0.19443944815601177
STOmics0212	Visium	10	hybrid_hvg_svg_union	2000	cellcharter	clustering_eval	ari	0.1188834368	1	30.765888432	2792.73828125	2000	cache_signature=415556cc697552d764a65d1cc694ba6d	ari	1	0.1188834368	0.0076496369	0.1688099933	0.1611603564	ok	0.1611603564	0.690205720468362
STOmics0212	Visium	10	hybrid_hvg_svg_union	2000	cellcharter	clustering_eval	nmi	0.2235821222	1	30.765888432	2792.73828125	2000	cache_signature=415556cc697552d764a65d1cc694ba6d	nmi	1	0.2235821222	0.0147818701	0.3051013896	0.2903195195	ok	0.2903195195	0.7192084516384024
STOmics0212	Visium	10	hybrid_hvg_svg_union	2000	cellcharter	clustering_eval	CHAOS	0.1138610147	1	30.765888432	2792.73828125	2000	cache_signature=415556cc697552d764a65d1cc694ba6d	CHAOS	-1	-0.1138610147	-0.1751944338	-0.1118312248	0.0633632089999999	ok	0.0633632089999999	0.9679657969974356
STOmics0212	Visium	10	hybrid_hvg_svg_union	2000	cellcharter	clustering_eval	PAS	0.0838111636	1	30.765888432	2792.73828125	2000	cache_signature=415556cc697552d764a65d1cc694ba6d	PAS	-1	-0.0838111636	-0.8910629844	-0.00850812	0.8825548644	ok	0.8825548644	0.9146760766525327
STOmics0212	Visium	10	hybrid_hvg_svg_union	2000	cellcharter	integration_eval	bASW	0.7799100406	1	31.1620404748	2792.73828125	2000	cache_signature=d67b109af37795efbb75b934003e740f	bASW	1	0.7799100406	0.7068503737	0.9739813784	0.2671310046999999	ok	0.2671310046999999	0.2734975185005173
STOmics0212	Visium	10	hybrid_hvg_svg_union	2000	cellcharter	integration_eval	iLISI	0.0112456507	1	31.1620404748	2792.73828125	2000	cache_signature=d67b109af37795efbb75b934003e740f	iLISI	1	0.0112456507	0.0014062527	0.4076922063	0.4062859536	ok	0.4062859536	0.024217913301741077
STOmics0212	Visium	10	hybrid_hvg_svg_union	2000	cellcharter	integration_eval	dASW	0.4341471419	1	31.1620404748	2792.73828125	2000	cache_signature=d67b109af37795efbb75b934003e740f	dASW	1	0.4341471419	0.3437324315	0.4827909749	0.1390585434	ok	0.1390585434	0.6501916976069806
STOmics0212	Visium	10	hybrid_hvg_svg_union	2000	cellcharter	integration_eval	dLISI	0.930076783	1	31.1620404748	2792.73828125	2000	cache_signature=d67b109af37795efbb75b934003e740f	dLISI	1	0.930076783	0.687384244	0.9384981886	0.2511139446	ok	0.2511139446	0.9664638074424161
STOmics0212	Visium	10	hybrid_hvg_svg_union	2000	cellcharter	integration_eval	ILL	0.4869961295	1	31.1620404748	2792.73828125	2000	cache_signature=d67b109af37795efbb75b934003e740f	ILL	1	0.4869961295	0.0396478794	0.5673981191	0.5277502397	ok	0.5277502397	0.847651438972904
STOmics0212	Visium	10	hybrid_hvg_svg_union	2000	cellcharter	integration_eval	GC	0.8064379436	1	31.1620404748	2792.73828125	2000	cache_signature=d67b109af37795efbb75b934003e740f	GC	1	0.8064379436	0.4446001872	0.9779866342	0.533386447	ok	0.533386447	0.6783782348335521
STOmics0212	Visium	10	hybrid_hvg_svg_union	2000	cellcharter	clustering_eval	silhouette	0.1814411581	2	29.8067107927	2912.44140625	2000	cache_signature=4a49d74cfe19e5dd60f0b4db9570ec9e	silhouette	1	0.1814411581	0.0385055691	0.7208960056	0.6823904365	ok	0.6823904365	0.2094630600820268
STOmics0212	Visium	10	hybrid_hvg_svg_union	2000	cellcharter	clustering_eval	ari	0.0993085658	2	29.8067107927	2912.44140625	2000	cache_signature=4a49d74cfe19e5dd60f0b4db9570ec9e	ari	1	0.0993085658	0.0076496369	0.1688099933	0.1611603564	ok	0.1611603564	0.5687436473055603
STOmics0212	Visium	10	hybrid_hvg_svg_union	2000	cellcharter	clustering_eval	nmi	0.2244566568	2	29.8067107927	2912.44140625	2000	cache_signature=4a49d74cfe19e5dd60f0b4db9570ec9e	nmi	1	0.2244566568	0.0147818701	0.3051013896	0.2903195195	ok	0.2903195195	0.7222207692445564
STOmics0212	Visium	10	hybrid_hvg_svg_union	2000	cellcharter	clustering_eval	CHAOS	0.1145307608	2	29.8067107927	2912.44140625	2000	cache_signature=4a49d74cfe19e5dd60f0b4db9570ec9e	CHAOS	-1	-0.1145307608	-0.1751944338	-0.1118312248	0.0633632089999999	ok	0.0633632089999999	0.9573958446454326
STOmics0212	Visium	10	hybrid_hvg_svg_union	2000	cellcharter	clustering_eval	PAS	0.077892968	2	29.8067107927	2912.44140625	2000	cache_signature=4a49d74cfe19e5dd60f0b4db9570ec9e	PAS	-1	-0.077892968	-0.8910629844	-0.00850812	0.8825548644	ok	0.8825548644	0.9213818304121286
STOmics0212	Visium	10	hybrid_hvg_svg_union	2000	cellcharter	integration_eval	bASW	0.7986811507	2	30.3457950735	2912.44140625	2000	cache_signature=07ad9bc45b8d6bb9c4ec2a68d6c26d31	bASW	1	0.7986811507	0.7068503737	0.9739813784	0.2671310046999999	ok	0.2671310046999999	0.34376682370932593
STOmics0212	Visium	10	hybrid_hvg_svg_union	2000	cellcharter	integration_eval	iLISI	0.0143041987	2	30.3457950735	2912.44140625	2000	cache_signature=07ad9bc45b8d6bb9c4ec2a68d6c26d31	iLISI	1	0.0143041987	0.0014062527	0.4076922063	0.4062859536	ok	0.4062859536	0.0317459805974449
STOmics0212	Visium	10	hybrid_hvg_svg_union	2000	cellcharter	integration_eval	dASW	0.4384103753	2	30.3457950735	2912.44140625	2000	cache_signature=07ad9bc45b8d6bb9c4ec2a68d6c26d31	dASW	1	0.4384103753	0.3437324315	0.4827909749	0.1390585434	ok	0.1390585434	0.680849529163125
STOmics0212	Visium	10	hybrid_hvg_svg_union	2000	cellcharter	integration_eval	dLISI	0.9291966221	2	30.3457950735	2912.44140625	2000	cache_signature=07ad9bc45b8d6bb9c4ec2a68d6c26d31	dLISI	1	0.9291966221	0.687384244	0.9384981886	0.2511139446	ok	0.2511139446	0.9629587814614735
STOmics0212	Visium	10	hybrid_hvg_svg_union	2000	cellcharter	integration_eval	ILL	0.4854368932	2	30.3457950735	2912.44140625	2000	cache_signature=07ad9bc45b8d6bb9c4ec2a68d6c26d31	ILL	1	0.4854368932	0.0396478794	0.5673981191	0.5277502397	ok	0.5277502397	0.844696942351763
STOmics0212	Visium	10	hybrid_hvg_svg_union	2000	cellcharter	integration_eval	GC	0.8635498981	2	30.3457950735	2912.44140625	2000	cache_signature=07ad9bc45b8d6bb9c4ec2a68d6c26d31	GC	1	0.8635498981	0.4446001872	0.9779866342	0.533386447	ok	0.533386447	0.785452486197123
STOmics0212	Visium	10	hybrid_hvg_svg_intersection	2000	scvi	clustering_eval	silhouette	0.2210862041	0	10.15092263	2592.6640625	488	cache_signature=88e42614bc9081e614b653a217027c37	silhouette	1	0.2210862041	0.0385055691	0.7208960056	0.6823904365	ok	0.6823904365	0.26756036608083383
STOmics0212	Visium	10	hybrid_hvg_svg_intersection	2000	scvi	clustering_eval	ari	0.1216994495	0	10.15092263	2592.6640625	488	cache_signature=88e42614bc9081e614b653a217027c37	ari	1	0.1216994495	0.0076496369	0.1688099933	0.1611603564	ok	0.1611603564	0.7076790790715823
STOmics0212	Visium	10	hybrid_hvg_svg_intersection	2000	scvi	clustering_eval	nmi	0.2189558025	0	10.15092263	2592.6640625	488	cache_signature=88e42614bc9081e614b653a217027c37	nmi	1	0.2189558025	0.0147818701	0.3051013896	0.2903195195	ok	0.2903195195	0.7032731824289202
STOmics0212	Visium	10	hybrid_hvg_svg_intersection	2000	scvi	clustering_eval	CHAOS	0.1234173671	0	10.15092263	2592.6640625	488	cache_signature=88e42614bc9081e614b653a217027c37	CHAOS	-1	-0.1234173671	-0.1751944338	-0.1118312248	0.0633632089999999	ok	0.0633632089999999	0.8171471665836886
STOmics0212	Visium	10	hybrid_hvg_svg_intersection	2000	scvi	clustering_eval	PAS	0.1897786507	0	10.15092263	2592.6640625	488	cache_signature=88e42614bc9081e614b653a217027c37	PAS	-1	-0.1897786507	-0.8910629844	-0.00850812	0.8825548644	ok	0.8825548644	0.7946070686231663
STOmics0212	Visium	10	hybrid_hvg_svg_intersection	2000	scvi	integration_eval	bASW	0.8569803774	0	10.4682439398	2592.6640625	488	cache_signature=a8db75fb25cf3089220562c33392af8d	bASW	1	0.8569803774	0.7068503737	0.9739813784	0.2671310046999999	ok	0.2671310046999999	0.5620089059620866
STOmics0212	Visium	10	hybrid_hvg_svg_intersection	2000	scvi	integration_eval	iLISI	0.070795347	0	10.4682439398	2592.6640625	488	cache_signature=a8db75fb25cf3089220562c33392af8d	iLISI	1	0.070795347	0.0014062527	0.4076922063	0.4062859536	ok	0.4062859536	0.17078880942144387
STOmics0212	Visium	10	hybrid_hvg_svg_intersection	2000	scvi	integration_eval	dASW	0.4369210675	0	10.4682439398	2592.6640625	488	cache_signature=a8db75fb25cf3089220562c33392af8d	dASW	1	0.4369210675	0.3437324315	0.4827909749	0.1390585434	ok	0.1390585434	0.6701395953209731
STOmics0212	Visium	10	hybrid_hvg_svg_intersection	2000	scvi	integration_eval	dLISI	0.8951539199	0	10.4682439398	2592.6640625	488	cache_signature=a8db75fb25cf3089220562c33392af8d	dLISI	1	0.8951539199	0.687384244	0.9384981886	0.2511139446	ok	0.2511139446	0.8273920280729804
STOmics0212	Visium	10	hybrid_hvg_svg_intersection	2000	scvi	integration_eval	ILL	0.2848793363	0	10.4682439398	2592.6640625	488	cache_signature=a8db75fb25cf3089220562c33392af8d	ILL	1	0.2848793363	0.0396478794	0.5673981191	0.5277502397	ok	0.5277502397	0.464673321682245
STOmics0212	Visium	10	hybrid_hvg_svg_intersection	2000	scvi	integration_eval	GC	0.9511965135	0	10.4682439398	2592.6640625	488	cache_signature=a8db75fb25cf3089220562c33392af8d	GC	1	0.9511965135	0.4446001872	0.9779866342	0.533386447	ok	0.533386447	0.949773525647906
STOmics0212	Visium	10	hybrid_hvg_svg_intersection	2000	scvi	clustering_eval	silhouette	0.2238954753	1	7.3472714154	2792.73828125	488	cache_signature=cca5b6c1ed3579148aebf5308eba1820	silhouette	1	0.2238954753	0.0385055691	0.7208960056	0.6823904365	ok	0.6823904365	0.2716771752413034
STOmics0212	Visium	10	hybrid_hvg_svg_intersection	2000	scvi	clustering_eval	ari	0.0981255241	1	7.3472714154	2792.73828125	488	cache_signature=cca5b6c1ed3579148aebf5308eba1820	ari	1	0.0981255241	0.0076496369	0.1688099933	0.1611603564	ok	0.1611603564	0.5614028736412002
STOmics0212	Visium	10	hybrid_hvg_svg_intersection	2000	scvi	clustering_eval	nmi	0.2095308429	1	7.3472714154	2792.73828125	488	cache_signature=cca5b6c1ed3579148aebf5308eba1820	nmi	1	0.2095308429	0.0147818701	0.3051013896	0.2903195195	ok	0.2903195195	0.6708090903960041
STOmics0212	Visium	10	hybrid_hvg_svg_intersection	2000	scvi	clustering_eval	CHAOS	0.122973525	1	7.3472714154	2792.73828125	488	cache_signature=cca5b6c1ed3579148aebf5308eba1820	CHAOS	-1	-0.122973525	-0.1751944338	-0.1118312248	0.0633632089999999	ok	0.0633632089999999	0.8241518954635026
STOmics0212	Visium	10	hybrid_hvg_svg_intersection	2000	scvi	clustering_eval	PAS	0.2308403274	1	7.3472714154	2792.73828125	488	cache_signature=cca5b6c1ed3579148aebf5308eba1820	PAS	-1	-0.2308403274	-0.8910629844	-0.00850812	0.8825548644	ok	0.8825548644	0.7480811489819942
STOmics0212	Visium	10	hybrid_hvg_svg_intersection	2000	scvi	integration_eval	bASW	0.8615983292	1	7.7887638686	2792.73828125	488	cache_signature=528bae6e6749577f86dd1fe82dd2767b	bASW	1	0.8615983292	0.7068503737	0.9739813784	0.2671310046999999	ok	0.2671310046999999	0.5792961235397923
STOmics0212	Visium	10	hybrid_hvg_svg_intersection	2000	scvi	integration_eval	iLISI	0.0735475663	1	7.7887638686	2792.73828125	488	cache_signature=528bae6e6749577f86dd1fe82dd2767b	iLISI	1	0.0735475663	0.0014062527	0.4076922063	0.4062859536	ok	0.4062859536	0.17756290356772994
STOmics0212	Visium	10	hybrid_hvg_svg_intersection	2000	scvi	integration_eval	dASW	0.4359643385	1	7.7887638686	2792.73828125	488	cache_signature=528bae6e6749577f86dd1fe82dd2767b	dASW	1	0.4359643385	0.3437324315	0.4827909749	0.1390585434	ok	0.1390585434	0.6632595505814854
STOmics0212	Visium	10	hybrid_hvg_svg_intersection	2000	scvi	integration_eval	dLISI	0.8938265685	1	7.7887638686	2792.73828125	488	cache_signature=528bae6e6749577f86dd1fe82dd2767b	dLISI	1	0.8938265685	0.687384244	0.9384981886	0.2511139446	ok	0.2511139446	0.8221061750626492
STOmics0212	Visium	10	hybrid_hvg_svg_intersection	2000	scvi	integration_eval	ILL	0.2694550622	1	7.7887638686	2792.73828125	488	cache_signature=528bae6e6749577f86dd1fe82dd2767b	ILL	1	0.2694550622	0.0396478794	0.5673981191	0.5277502397	ok	0.5277502397	0.4354468563209636
STOmics0212	Visium	10	hybrid_hvg_svg_intersection	2000	scvi	integration_eval	GC	0.9428283518	1	7.7887638686	2792.73828125	488	cache_signature=528bae6e6749577f86dd1fe82dd2767b	GC	1	0.9428283518	0.4446001872	0.9779866342	0.533386447	ok	0.533386447	0.9340847848726834
STOmics0212	Visium	10	hybrid_hvg_svg_intersection	2000	scvi	clustering_eval	silhouette	0.2268694937	2	8.0397070218	2912.44140625	488	cache_signature=21771ef320d6923642f493b5ad0fd761	silhouette	1	0.2268694937	0.0385055691	0.7208960056	0.6823904365	ok	0.6823904365	0.27603541099744006
STOmics0212	Visium	10	hybrid_hvg_svg_intersection	2000	scvi	clustering_eval	ari	0.101369727	2	8.0397070218	2912.44140625	488	cache_signature=21771ef320d6923642f493b5ad0fd761	ari	1	0.101369727	0.0076496369	0.1688099933	0.1611603564	ok	0.1611603564	0.581533152404967
STOmics0212	Visium	10	hybrid_hvg_svg_intersection	2000	scvi	clustering_eval	nmi	0.1986776717	2	8.0397070218	2912.44140625	488	cache_signature=21771ef320d6923642f493b5ad0fd761	nmi	1	0.1986776717	0.0147818701	0.3051013896	0.2903195195	ok	0.2903195195	0.6334255509815969
STOmics0212	Visium	10	hybrid_hvg_svg_intersection	2000	scvi	clustering_eval	CHAOS	0.1259741591	2	8.0397070218	2912.44140625	488	cache_signature=21771ef320d6923642f493b5ad0fd761	CHAOS	-1	-0.1259741591	-0.1751944338	-0.1118312248	0.0633632089999999	ok	0.0633632089999999	0.7767958011722552
STOmics0212	Visium	10	hybrid_hvg_svg_intersection	2000	scvi	clustering_eval	PAS	0.2609010905	2	8.0397070218	2912.44140625	488	cache_signature=21771ef320d6923642f493b5ad0fd761	PAS	-1	-0.2609010905	-0.8910629844	-0.00850812	0.8825548644	ok	0.8825548644	0.7140200788858742
STOmics0212	Visium	10	hybrid_hvg_svg_intersection	2000	scvi	integration_eval	bASW	0.8577968817	2	8.7752450258	2912.44140625	488	cache_signature=a28c5b049664776766a7bf1d2d399e15	bASW	1	0.8577968817	0.7068503737	0.9739813784	0.2671310046999999	ok	0.2671310046999999	0.5650654747827557
STOmics0212	Visium	10	hybrid_hvg_svg_intersection	2000	scvi	integration_eval	iLISI	0.0745988486	2	8.7752450258	2912.44140625	488	cache_signature=a28c5b049664776766a7bf1d2d399e15	iLISI	1	0.0745988486	0.0014062527	0.4076922063	0.4062859536	ok	0.4062859536	0.18015044638255
STOmics0212	Visium	10	hybrid_hvg_svg_intersection	2000	scvi	integration_eval	dASW	0.4405657649	2	8.7752450258	2912.44140625	488	cache_signature=a28c5b049664776766a7bf1d2d399e15	dASW	1	0.4405657649	0.3437324315	0.4827909749	0.1390585434	ok	0.1390585434	0.6963494009962425
STOmics0212	Visium	10	hybrid_hvg_svg_intersection	2000	scvi	integration_eval	dLISI	0.8914467353	2	8.7752450258	2912.44140625	488	cache_signature=a28c5b049664776766a7bf1d2d399e15	dLISI	1	0.8914467353	0.687384244	0.9384981886	0.2511139446	ok	0.2511139446	0.8126290701420488
STOmics0212	Visium	10	hybrid_hvg_svg_intersection	2000	scvi	integration_eval	ILL	0.262840329	2	8.7752450258	2912.44140625	488	cache_signature=a28c5b049664776766a7bf1d2d399e15	ILL	1	0.262840329	0.0396478794	0.5673981191	0.5277502397	ok	0.5277502397	0.42291302364329364
STOmics0212	Visium	10	hybrid_hvg_svg_intersection	2000	scvi	integration_eval	GC	0.9056294672	2	8.7752450258	2912.44140625	488	cache_signature=a28c5b049664776766a7bf1d2d399e15	GC	1	0.9056294672	0.4446001872	0.9779866342	0.533386447	ok	0.533386447	0.8643438216194496
STOmics0212	Visium	10	hybrid_hvg_svg_union	2000	scvi	clustering_eval	silhouette	0.2748823166	0	14.8852141472	2391.04296875	2000	cache_signature=92a8106ccfedd6768370d5fd05a0cd13	silhouette	1	0.2748823166	0.0385055691	0.7208960056	0.6823904365	ok	0.6823904365	0.3463951644931941
STOmics0212	Visium	10	hybrid_hvg_svg_union	2000	scvi	clustering_eval	ari	0.0987649645	0	14.8852141472	2391.04296875	2000	cache_signature=92a8106ccfedd6768370d5fd05a0cd13	ari	1	0.0987649645	0.0076496369	0.1688099933	0.1611603564	ok	0.1611603564	0.5653706012777221
STOmics0212	Visium	10	hybrid_hvg_svg_union	2000	scvi	clustering_eval	nmi	0.1873483785	0	14.8852141472	2391.04296875	2000	cache_signature=92a8106ccfedd6768370d5fd05a0cd13	nmi	1	0.1873483785	0.0147818701	0.3051013896	0.2903195195	ok	0.2903195195	0.5944020184974161
STOmics0212	Visium	10	hybrid_hvg_svg_union	2000	scvi	clustering_eval	CHAOS	0.1244207485	0	14.8852141472	2391.04296875	2000	cache_signature=92a8106ccfedd6768370d5fd05a0cd13	CHAOS	-1	-0.1244207485	-0.1751944338	-0.1118312248	0.0633632089999999	ok	0.0633632089999999	0.8013117722620404
STOmics0212	Visium	10	hybrid_hvg_svg_union	2000	scvi	clustering_eval	PAS	0.2582863727	0	14.8852141472	2391.04296875	2000	cache_signature=92a8106ccfedd6768370d5fd05a0cd13	PAS	-1	-0.2582863727	-0.8910629844	-0.00850812	0.8825548644	ok	0.8825548644	0.7169827477300118
STOmics0212	Visium	10	hybrid_hvg_svg_union	2000	scvi	integration_eval	bASW	0.8334109686	0	15.3346231887	2390.12890625	2000	cache_signature=d5fbef07687ef7e2efe50bdabfa334ad	bASW	1	0.8334109686	0.7068503737	0.9739813784	0.2671310046999999	ok	0.2671310046999999	0.47377725787440195
STOmics0212	Visium	10	hybrid_hvg_svg_union	2000	scvi	integration_eval	iLISI	0.1116133449	0	15.3346231887	2390.12890625	2000	cache_signature=d5fbef07687ef7e2efe50bdabfa334ad	iLISI	1	0.1116133449	0.0014062527	0.4076922063	0.4062859536	ok	0.4062859536	0.2712549898008583
STOmics0212	Visium	10	hybrid_hvg_svg_union	2000	scvi	integration_eval	dASW	0.4268462881	0	15.3346231887	2390.12890625	2000	cache_signature=d5fbef07687ef7e2efe50bdabfa334ad	dASW	1	0.4268462881	0.3437324315	0.4827909749	0.1390585434	ok	0.1390585434	0.5976896821141305
STOmics0212	Visium	10	hybrid_hvg_svg_union	2000	scvi	integration_eval	dLISI	0.8666447978	0	15.3346231887	2390.12890625	2000	cache_signature=d5fbef07687ef7e2efe50bdabfa334ad	dLISI	1	0.8666447978	0.687384244	0.9384981886	0.2511139446	ok	0.2511139446	0.7138614069622641
STOmics0212	Visium	10	hybrid_hvg_svg_union	2000	scvi	integration_eval	ILL	0.2760682738	0	15.3346231887	2390.12890625	2000	cache_signature=d5fbef07687ef7e2efe50bdabfa334ad	ILL	1	0.2760682738	0.0396478794	0.5673981191	0.5277502397	ok	0.5277502397	0.44797780581661756
STOmics0212	Visium	10	hybrid_hvg_svg_union	2000	scvi	integration_eval	GC	0.8173687258	0	15.3346231887	2390.12890625	2000	cache_signature=d5fbef07687ef7e2efe50bdabfa334ad	GC	1	0.8173687258	0.4446001872	0.9779866342	0.533386447	ok	0.533386447	0.698871410581604
STOmics0212	Visium	10	hybrid_hvg_svg_union	2000	scvi	clustering_eval	silhouette	0.2410848886	1	9.9798857374	2670.0	2000	cache_signature=5f47189816273a331cbb58f18e47e862	silhouette	1	0.2410848886	0.0385055691	0.7208960056	0.6823904365	ok	0.6823904365	0.296867172610207
STOmics0212	Visium	10	hybrid_hvg_svg_union	2000	scvi	clustering_eval	ari	0.0880128191	1	9.9798857374	2670.0	2000	cache_signature=5f47189816273a331cbb58f18e47e862	ari	1	0.0880128191	0.0076496369	0.1688099933	0.1611603564	ok	0.1611603564	0.49865353983543304
STOmics0212	Visium	10	hybrid_hvg_svg_union	2000	scvi	clustering_eval	nmi	0.1753495379	1	9.9798857374	2670.0	2000	cache_signature=5f47189816273a331cbb58f18e47e862	nmi	1	0.1753495379	0.0147818701	0.3051013896	0.2903195195	ok	0.2903195195	0.5530722428741136
STOmics0212	Visium	10	hybrid_hvg_svg_union	2000	scvi	clustering_eval	CHAOS	0.1236094231	1	9.9798857374	2670.0	2000	cache_signature=5f47189816273a331cbb58f18e47e862	CHAOS	-1	-0.1236094231	-0.1751944338	-0.1118312248	0.0633632089999999	ok	0.0633632089999999	0.8141161332280388
STOmics0212	Visium	10	hybrid_hvg_svg_union	2000	scvi	clustering_eval	PAS	0.3502712454	1	9.9798857374	2670.0	2000	cache_signature=5f47189816273a331cbb58f18e47e862	PAS	-1	-0.3502712454	-0.8910629844	-0.00850812	0.8825548644	ok	0.8825548644	0.6127570769978751
STOmics0212	Visium	10	hybrid_hvg_svg_union	2000	scvi	integration_eval	bASW	0.863884563	1	10.2260668967	2669.28515625	2000	cache_signature=3765c3b789b13a295f9d7c7d15c24d84	bASW	1	0.863884563	0.7068503737	0.9739813784	0.2671310046999999	ok	0.2671310046999999	0.5878545976958252
STOmics0212	Visium	10	hybrid_hvg_svg_union	2000	scvi	integration_eval	iLISI	0.1123446229	1	10.2260668967	2669.28515625	2000	cache_signature=3765c3b789b13a295f9d7c7d15c24d84	iLISI	1	0.1123446229	0.0014062527	0.4076922063	0.4062859536	ok	0.4062859536	0.2730548994298286
STOmics0212	Visium	10	hybrid_hvg_svg_union	2000	scvi	integration_eval	dASW	0.4387108982	1	10.2260668967	2669.28515625	2000	cache_signature=3765c3b789b13a295f9d7c7d15c24d84	dASW	1	0.4387108982	0.3437324315	0.4827909749	0.1390585434	ok	0.1390585434	0.6830106542019192
STOmics0212	Visium	10	hybrid_hvg_svg_union	2000	scvi	integration_eval	dLISI	0.8785815304	1	10.2260668967	2669.28515625	2000	cache_signature=3765c3b789b13a295f9d7c7d15c24d84	dLISI	1	0.8785815304	0.687384244	0.9384981886	0.2511139446	ok	0.2511139446	0.7613965313816347
STOmics0212	Visium	10	hybrid_hvg_svg_union	2000	scvi	integration_eval	ILL	0.3067067736	1	10.2260668967	2669.28515625	2000	cache_signature=3765c3b789b13a295f9d7c7d15c24d84	ILL	1	0.3067067736	0.0396478794	0.5673981191	0.5277502397	ok	0.5277502397	0.5060327293300895
STOmics0212	Visium	10	hybrid_hvg_svg_union	2000	scvi	integration_eval	GC	0.8328168787	1	10.2260668967	2669.28515625	2000	cache_signature=3765c3b789b13a295f9d7c7d15c24d84	GC	1	0.8328168787	0.4446001872	0.9779866342	0.533386447	ok	0.533386447	0.7278338129577558
STOmics0212	Visium	10	hybrid_hvg_svg_union	2000	scvi	clustering_eval	silhouette	0.2862074375	2	10.4395049317	2793.3046875	2000	cache_signature=add12c46d575da1c5f7613588e723001	silhouette	1	0.2862074375	0.0385055691	0.7208960056	0.6823904365	ok	0.6823904365	0.3629914124683077
STOmics0212	Visium	10	hybrid_hvg_svg_union	2000	scvi	clustering_eval	ari	0.108799795	2	10.4395049317	2793.3046875	2000	cache_signature=add12c46d575da1c5f7613588e723001	ari	1	0.108799795	0.0076496369	0.1688099933	0.1611603564	ok	0.1611603564	0.6276367238165278
STOmics0212	Visium	10	hybrid_hvg_svg_union	2000	scvi	clustering_eval	nmi	0.1947069045	2	10.4395049317	2793.3046875	2000	cache_signature=add12c46d575da1c5f7613588e723001	nmi	1	0.1947069045	0.0147818701	0.3051013896	0.2903195195	ok	0.2903195195	0.6197483197474084
STOmics0212	Visium	10	hybrid_hvg_svg_union	2000	scvi	clustering_eval	CHAOS	0.1233249209	2	10.4395049317	2793.3046875	2000	cache_signature=add12c46d575da1c5f7613588e723001	CHAOS	-1	-0.1233249209	-0.1751944338	-0.1118312248	0.0633632089999999	ok	0.0633632089999999	0.8186061551901526
STOmics0212	Visium	10	hybrid_hvg_svg_union	2000	scvi	clustering_eval	PAS	0.2546364137	2	10.4395049317	2793.3046875	2000	cache_signature=add12c46d575da1c5f7613588e723001	PAS	-1	-0.2546364137	-0.8910629844	-0.00850812	0.8825548644	ok	0.8825548644	0.7211184214962897
STOmics0212	Visium	10	hybrid_hvg_svg_union	2000	scvi	integration_eval	bASW	0.8409091696	2	10.7033738559	2792.73828125	2000	cache_signature=0bd6b20d399188756f7655caab4f384f	bASW	1	0.8409091696	0.7068503737	0.9739813784	0.2671310046999999	ok	0.2671310046999999	0.5018466353261912
STOmics0212	Visium	10	hybrid_hvg_svg_union	2000	scvi	integration_eval	iLISI	0.1089522924	2	10.7033738559	2792.73828125	2000	cache_signature=0bd6b20d399188756f7655caab4f384f	iLISI	1	0.1089522924	0.0014062527	0.4076922063	0.4062859536	ok	0.4062859536	0.26470528638034607
STOmics0212	Visium	10	hybrid_hvg_svg_union	2000	scvi	integration_eval	dASW	0.4325520992	2	10.7033738559	2792.73828125	2000	cache_signature=0bd6b20d399188756f7655caab4f384f	dASW	1	0.4325520992	0.3437324315	0.4827909749	0.1390585434	ok	0.1390585434	0.6387214012770969
STOmics0212	Visium	10	hybrid_hvg_svg_union	2000	scvi	integration_eval	dLISI	0.8784270373	2	10.7033738559	2792.73828125	2000	cache_signature=0bd6b20d399188756f7655caab4f384f	dLISI	1	0.8784270373	0.687384244	0.9384981886	0.2511139446	ok	0.2511139446	0.760781300314933
STOmics0212	Visium	10	hybrid_hvg_svg_union	2000	scvi	integration_eval	ILL	0.3104473649	2	10.7033738559	2792.73828125	2000	cache_signature=0bd6b20d399188756f7655caab4f384f	ILL	1	0.3104473649	0.0396478794	0.5673981191	0.5277502397	ok	0.5277502397	0.5131205353008198
STOmics0212	Visium	10	hybrid_hvg_svg_union	2000	scvi	integration_eval	GC	0.8267403111	2	10.7033738559	2792.73828125	2000	cache_signature=0bd6b20d399188756f7655caab4f384f	GC	1	0.8267403111	0.4446001872	0.9779866342	0.533386447	ok	0.533386447	0.7164413832584688
STOmics0218	Visium	7	hybrid_hvg_svg_intersection	2000	cellcharter	clustering_eval	silhouette	0.2043391615	0	59.1992482785	6957.6796875	889	cache_signature=abfb3fe9cb53113282ff9267f4dafd2c	silhouette	1	0.2043391615	-0.0131755173	0.9114953279	0.9246708452	ok	0.9246708452	0.23523471073963953
STOmics0218	Visium	7	hybrid_hvg_svg_intersection	2000	cellcharter	clustering_eval	ari	0.1597247824	0	59.1992482785	6957.6796875	889	cache_signature=abfb3fe9cb53113282ff9267f4dafd2c	ari	1	0.1597247824	-0.0974905756	0.3044317262	0.4019223018	ok	0.4019223018	0.6399628904593421
STOmics0218	Visium	7	hybrid_hvg_svg_intersection	2000	cellcharter	clustering_eval	nmi	0.3449939967	0	59.1992482785	6957.6796875	889	cache_signature=abfb3fe9cb53113282ff9267f4dafd2c	nmi	1	0.3449939967	0.0389249396	0.3903573009	0.3514323613	ok	0.3514323613	0.8709188191087627
STOmics0218	Visium	7	hybrid_hvg_svg_intersection	2000	cellcharter	clustering_eval	CHAOS	0.0694744551	0	59.1992482785	6957.6796875	889	cache_signature=abfb3fe9cb53113282ff9267f4dafd2c	CHAOS	-1	-0.0694744551	-0.1319056764	-0.0695042012	0.0624014752	ok	0.0624014752	1.0004766890510948
STOmics0218	Visium	7	hybrid_hvg_svg_intersection	2000	cellcharter	clustering_eval	PAS	0.0440073346	0	59.1992482785	6957.6796875	889	cache_signature=abfb3fe9cb53113282ff9267f4dafd2c	PAS	-1	-0.0440073346	-0.9626604434	-0.0273378896	0.9353225538	ok	0.9353225538	0.9821778648100853
STOmics0218	Visium	7	hybrid_hvg_svg_intersection	2000	cellcharter	integration_eval	bASW	0.8424408324	0	62.2336403746	6957.6796875	889	cache_signature=a8fd8cda467060feb91bcc03db05348e	bASW	1	0.8424408324	0.2294717183	0.9820746967	0.7526029784	ok	0.7526029784	0.8144654375446995
STOmics0218	Visium	7	hybrid_hvg_svg_intersection	2000	cellcharter	integration_eval	iLISI	0.3616864182	0	62.2336403746	6957.6796875	889	cache_signature=a8fd8cda467060feb91bcc03db05348e	iLISI	1	0.3616864182	0.0072132686	0.6533330692	0.6461198006	ok	0.6461198006	0.5486183046407633
STOmics0218	Visium	7	hybrid_hvg_svg_intersection	2000	cellcharter	integration_eval	dASW	0.52530629	0	62.2336403746	6957.6796875	889	cache_signature=a8fd8cda467060feb91bcc03db05348e	dASW	1	0.52530629	0.3357064426	0.5507691577	0.2150627151	ok	0.2150627151	0.8816025935125004
STOmics0218	Visium	7	hybrid_hvg_svg_intersection	2000	cellcharter	integration_eval	dLISI	0.9618799403	0	62.2336403746	6957.6796875	889	cache_signature=a8fd8cda467060feb91bcc03db05348e	dLISI	1	0.9618799403	0.8510269188	0.973819228	0.1227923091999999	ok	0.1227923091999999	0.9027684406475848
STOmics0218	Visium	7	hybrid_hvg_svg_intersection	2000	cellcharter	integration_eval	ILL	0.3780396825	0	62.2336403746	6957.6796875	889	cache_signature=a8fd8cda467060feb91bcc03db05348e	ILL	1	0.3780396825	0.0187654182	0.5862423569	0.5674769387	ok	0.5674769387	0.6331081314476682
STOmics0218	Visium	7	hybrid_hvg_svg_intersection	2000	cellcharter	integration_eval	GC	0.9365257969	0	62.2336403746	6957.6796875	889	cache_signature=a8fd8cda467060feb91bcc03db05348e	GC	1	0.9365257969	0.3507730146	0.9588739417	0.6081009271	ok	0.6081009271	0.963249283459282
STOmics0218	Visium	7	hybrid_hvg_svg_intersection	2000	cellcharter	clustering_eval	silhouette	0.1915733516	1	44.7265555514	6957.6796875	889	cache_signature=9de56fde453a1ba150a99ff21d4f29ee	silhouette	1	0.1915733516	-0.0131755173	0.9114953279	0.9246708452	ok	0.9246708452	0.22142892247858664
STOmics0218	Visium	7	hybrid_hvg_svg_intersection	2000	cellcharter	clustering_eval	ari	0.1429925903	1	44.7265555514	6957.6796875	889	cache_signature=9de56fde453a1ba150a99ff21d4f29ee	ari	1	0.1429925903	-0.0974905756	0.3044317262	0.4019223018	ok	0.4019223018	0.5983324757621101
STOmics0218	Visium	7	hybrid_hvg_svg_intersection	2000	cellcharter	clustering_eval	nmi	0.3356682147	1	44.7265555514	6957.6796875	889	cache_signature=9de56fde453a1ba150a99ff21d4f29ee	nmi	1	0.3356682147	0.0389249396	0.3903573009	0.3514323613	ok	0.3514323613	0.8443823272344727
STOmics0218	Visium	7	hybrid_hvg_svg_intersection	2000	cellcharter	clustering_eval	CHAOS	0.0696453603	1	44.7265555514	6957.6796875	889	cache_signature=9de56fde453a1ba150a99ff21d4f29ee	CHAOS	-1	-0.0696453603	-0.1319056764	-0.0695042012	0.0624014752	ok	0.0624014752	0.9977378884145355
STOmics0218	Visium	7	hybrid_hvg_svg_intersection	2000	cellcharter	clustering_eval	PAS	0.0454242374	1	44.7265555514	6957.6796875	889	cache_signature=9de56fde453a1ba150a99ff21d4f29ee	PAS	-1	-0.0454242374	-0.9626604434	-0.0273378896	0.9353225538	ok	0.9353225538	0.9806629833456711
STOmics0218	Visium	7	hybrid_hvg_svg_intersection	2000	cellcharter	integration_eval	bASW	0.8500337815	1	48.2448907858	6957.6796875	889	cache_signature=6721d3c7c7680907e411ff855585af48	bASW	1	0.8500337815	0.2294717183	0.9820746967	0.7526029784	ok	0.7526029784	0.8245543547001195
STOmics0218	Visium	7	hybrid_hvg_svg_intersection	2000	cellcharter	integration_eval	iLISI	0.3238833994	1	48.2448907858	6957.6796875	889	cache_signature=6721d3c7c7680907e411ff855585af48	iLISI	1	0.3238833994	0.0072132686	0.6533330692	0.6461198006	ok	0.6461198006	0.490110549941255
STOmics0218	Visium	7	hybrid_hvg_svg_intersection	2000	cellcharter	integration_eval	dASW	0.5297431462	1	48.2448907858	6957.6796875	889	cache_signature=6721d3c7c7680907e411ff855585af48	dASW	1	0.5297431462	0.3357064426	0.5507691577	0.2150627151	ok	0.2150627151	0.9022331160925624
STOmics0218	Visium	7	hybrid_hvg_svg_intersection	2000	cellcharter	integration_eval	dLISI	0.9644167407	1	48.2448907858	6957.6796875	889	cache_signature=6721d3c7c7680907e411ff855585af48	dLISI	1	0.9644167407	0.8510269188	0.973819228	0.1227923091999999	ok	0.1227923091999999	0.9234277182239042
STOmics0218	Visium	7	hybrid_hvg_svg_intersection	2000	cellcharter	integration_eval	ILL	0.3937539696	1	48.2448907858	6957.6796875	889	cache_signature=6721d3c7c7680907e411ff855585af48	ILL	1	0.3937539696	0.0187654182	0.5862423569	0.5674769387	ok	0.5674769387	0.6607996304819708
STOmics0218	Visium	7	hybrid_hvg_svg_intersection	2000	cellcharter	integration_eval	GC	0.9028665394	1	48.2448907858	6957.6796875	889	cache_signature=6721d3c7c7680907e411ff855585af48	GC	1	0.9028665394	0.3507730146	0.9588739417	0.6081009271	ok	0.6081009271	0.9078978508270062
STOmics0218	Visium	7	hybrid_hvg_svg_intersection	2000	cellcharter	clustering_eval	silhouette	0.2081294954	2	40.7419303339	7065.57421875	889	cache_signature=abdbee2e3f925cbef9e71089ded7e9b1	silhouette	1	0.2081294954	-0.0131755173	0.9114953279	0.9246708452	ok	0.9246708452	0.23933382765208006
STOmics0218	Visium	7	hybrid_hvg_svg_intersection	2000	cellcharter	clustering_eval	ari	0.1421387518	2	40.7419303339	7065.57421875	889	cache_signature=abdbee2e3f925cbef9e71089ded7e9b1	ari	1	0.1421387518	-0.0974905756	0.3044317262	0.4019223018	ok	0.4019223018	0.5962080887943402
STOmics0218	Visium	7	hybrid_hvg_svg_intersection	2000	cellcharter	clustering_eval	nmi	0.3322497439	2	40.7419303339	7065.57421875	889	cache_signature=abdbee2e3f925cbef9e71089ded7e9b1	nmi	1	0.3322497439	0.0389249396	0.3903573009	0.3514323613	ok	0.3514323613	0.8346550762000073
STOmics0218	Visium	7	hybrid_hvg_svg_intersection	2000	cellcharter	clustering_eval	CHAOS	0.0702462854	2	40.7419303339	7065.57421875	889	cache_signature=abdbee2e3f925cbef9e71089ded7e9b1	CHAOS	-1	-0.0702462854	-0.1319056764	-0.0695042012	0.0624014752	ok	0.0624014752	0.988107906141296
STOmics0218	Visium	7	hybrid_hvg_svg_intersection	2000	cellcharter	clustering_eval	PAS	0.0420903484	2	40.7419303339	7065.57421875	889	cache_signature=abdbee2e3f925cbef9e71089ded7e9b1	PAS	-1	-0.0420903484	-0.9626604434	-0.0273378896	0.9353225538	ok	0.9353225538	0.9842274103836541
STOmics0218	Visium	7	hybrid_hvg_svg_intersection	2000	cellcharter	integration_eval	bASW	0.8534177809	2	43.7436911864	7065.57421875	889	cache_signature=ea87c6ed2f737104977b5fbabc823af2	bASW	1	0.8534177809	0.2294717183	0.9820746967	0.7526029784	ok	0.7526029784	0.8290507485453766
STOmics0218	Visium	7	hybrid_hvg_svg_intersection	2000	cellcharter	integration_eval	iLISI	0.3536062844	2	43.7436911864	7065.57421875	889	cache_signature=ea87c6ed2f737104977b5fbabc823af2	iLISI	1	0.3536062844	0.0072132686	0.6533330692	0.6461198006	ok	0.6461198006	0.5361126767486966
STOmics0218	Visium	7	hybrid_hvg_svg_intersection	2000	cellcharter	integration_eval	dASW	0.5356102027	2	43.7436911864	7065.57421875	889	cache_signature=ea87c6ed2f737104977b5fbabc823af2	dASW	1	0.5356102027	0.3357064426	0.5507691577	0.2150627151	ok	0.2150627151	0.9295137932535106
STOmics0218	Visium	7	hybrid_hvg_svg_intersection	2000	cellcharter	integration_eval	dLISI	0.9635952865	2	43.7436911864	7065.57421875	889	cache_signature=ea87c6ed2f737104977b5fbabc823af2	dLISI	1	0.9635952865	0.8510269188	0.973819228	0.1227923091999999	ok	0.1227923091999999	0.916737932802066
STOmics0218	Visium	7	hybrid_hvg_svg_intersection	2000	cellcharter	integration_eval	ILL	0.3791275559	2	43.7436911864	7065.57421875	889	cache_signature=ea87c6ed2f737104977b5fbabc823af2	ILL	1	0.3791275559	0.0187654182	0.5862423569	0.5674769387	ok	0.5674769387	0.6350251668826098
STOmics0218	Visium	7	hybrid_hvg_svg_intersection	2000	cellcharter	integration_eval	GC	0.9410288351	2	43.7436911864	7065.57421875	889	cache_signature=ea87c6ed2f737104977b5fbabc823af2	GC	1	0.9410288351	0.3507730146	0.9588739417	0.6081009271	ok	0.6081009271	0.9706543670553138
STOmics0218	Visium	7	hybrid_hvg_svg_union	2000	cellcharter	clustering_eval	silhouette	0.2281982452	0	70.3145914664	5261.6484375	2000	cache_signature=322f4e4e2f4108ee077e0bb5d75df5f1	silhouette	1	0.2281982452	-0.0131755173	0.9114953279	0.9246708452	ok	0.9246708452	0.2610374964810235
STOmics0218	Visium	7	hybrid_hvg_svg_union	2000	cellcharter	clustering_eval	ari	0.1875836922	0	70.3145914664	5261.6484375	2000	cache_signature=322f4e4e2f4108ee077e0bb5d75df5f1	ari	1	0.1875836922	-0.0974905756	0.3044317262	0.4019223018	ok	0.4019223018	0.7092770580863548
STOmics0218	Visium	7	hybrid_hvg_svg_union	2000	cellcharter	clustering_eval	nmi	0.3557831166	0	70.3145914664	5261.6484375	2000	cache_signature=322f4e4e2f4108ee077e0bb5d75df5f1	nmi	1	0.3557831166	0.0389249396	0.3903573009	0.3514323613	ok	0.3514323613	0.9016192357126561
STOmics0218	Visium	7	hybrid_hvg_svg_union	2000	cellcharter	clustering_eval	CHAOS	0.0699355175	0	70.3145914664	5261.6484375	2000	cache_signature=322f4e4e2f4108ee077e0bb5d75df5f1	CHAOS	-1	-0.0699355175	-0.1319056764	-0.0695042012	0.0624014752	ok	0.0624014752	0.9930880432134399
STOmics0218	Visium	7	hybrid_hvg_svg_union	2000	cellcharter	clustering_eval	PAS	0.045674279	0	70.3145914664	5261.6484375	2000	cache_signature=322f4e4e2f4108ee077e0bb5d75df5f1	PAS	-1	-0.045674279	-0.9626604434	-0.0273378896	0.9353225538	ok	0.9353225538	0.9803956513980088
STOmics0218	Visium	7	hybrid_hvg_svg_union	2000	cellcharter	integration_eval	bASW	0.8346269556	0	73.5059653744	5261.6484375	2000	cache_signature=d057edf86ff8cb704d53b297dc47e707	bASW	1	0.8346269556	0.2294717183	0.9820746967	0.7526029784	ok	0.7526029784	0.8040829689334112
STOmics0218	Visium	7	hybrid_hvg_svg_union	2000	cellcharter	integration_eval	iLISI	0.2724568807	0	73.5059653744	5261.6484375	2000	cache_signature=d057edf86ff8cb704d53b297dc47e707	iLISI	1	0.2724568807	0.0072132686	0.6533330692	0.6461198006	ok	0.6461198006	0.4105176963369478
STOmics0218	Visium	7	hybrid_hvg_svg_union	2000	cellcharter	integration_eval	dASW	0.5410882272	0	73.5059653744	5261.6484375	2000	cache_signature=d057edf86ff8cb704d53b297dc47e707	dASW	1	0.5410882272	0.3357064426	0.5507691577	0.2150627151	ok	0.2150627151	0.9549855469112882
STOmics0218	Visium	7	hybrid_hvg_svg_union	2000	cellcharter	integration_eval	dLISI	0.9659440412	0	73.5059653744	5261.6484375	2000	cache_signature=d057edf86ff8cb704d53b297dc47e707	dLISI	1	0.9659440412	0.8510269188	0.973819228	0.1227923091999999	ok	0.1227923091999999	0.9358657976928091
STOmics0218	Visium	7	hybrid_hvg_svg_union	2000	cellcharter	integration_eval	ILL	0.3882105802	0	73.5059653744	5261.6484375	2000	cache_signature=d057edf86ff8cb704d53b297dc47e707	ILL	1	0.3882105802	0.0187654182	0.5862423569	0.5674769387	ok	0.5674769387	0.6510311464750276
STOmics0218	Visium	7	hybrid_hvg_svg_union	2000	cellcharter	integration_eval	GC	0.9359772773	0	73.5059653744	5261.6484375	2000	cache_signature=d057edf86ff8cb704d53b297dc47e707	GC	1	0.9359772773	0.3507730146	0.9588739417	0.6081009271	ok	0.6081009271	0.9623472627986396
STOmics0218	Visium	7	hybrid_hvg_svg_union	2000	cellcharter	clustering_eval	silhouette	0.2228589356	1	48.8401391143	6957.6796875	2000	cache_signature=fa6524f11752fd59f92f91a7bcd15c96	silhouette	1	0.2228589356	-0.0131755173	0.9114953279	0.9246708452	ok	0.9246708452	0.25526321514868067
STOmics0218	Visium	7	hybrid_hvg_svg_union	2000	cellcharter	clustering_eval	ari	0.1509900213	1	48.8401391143	6957.6796875	2000	cache_signature=fa6524f11752fd59f92f91a7bcd15c96	ari	1	0.1509900213	-0.0974905756	0.3044317262	0.4019223018	ok	0.4019223018	0.618230428585787
STOmics0218	Visium	7	hybrid_hvg_svg_union	2000	cellcharter	clustering_eval	nmi	0.3395447092	1	48.8401391143	6957.6796875	2000	cache_signature=fa6524f11752fd59f92f91a7bcd15c96	nmi	1	0.3395447092	0.0389249396	0.3903573009	0.3514323613	ok	0.3514323613	0.8554128836853934
STOmics0218	Visium	7	hybrid_hvg_svg_union	2000	cellcharter	clustering_eval	CHAOS	0.0698485672	1	48.8401391143	6957.6796875	2000	cache_signature=fa6524f11752fd59f92f91a7bcd15c96	CHAOS	-1	-0.0698485672	-0.1319056764	-0.0695042012	0.0624014752	ok	0.0624014752	0.9944814445668746
STOmics0218	Visium	7	hybrid_hvg_svg_union	2000	cellcharter	clustering_eval	PAS	0.0525087515	1	48.8401391143	6957.6796875	2000	cache_signature=fa6524f11752fd59f92f91a7bcd15c96	PAS	-1	-0.0525087515	-0.9626604434	-0.0273378896	0.9353225538	ok	0.9353225538	0.9730885759166862
STOmics0218	Visium	7	hybrid_hvg_svg_union	2000	cellcharter	integration_eval	bASW	0.8399381228	1	51.5113022765	6957.6796875	2000	cache_signature=f639d86c8bf1cb0683315b6634d8eb92	bASW	1	0.8399381228	0.2294717183	0.9820746967	0.7526029784	ok	0.7526029784	0.8111400326873859
STOmics0218	Visium	7	hybrid_hvg_svg_union	2000	cellcharter	integration_eval	iLISI	0.3068609361	1	51.5113022765	6957.6796875	2000	cache_signature=f639d86c8bf1cb0683315b6634d8eb92	iLISI	1	0.3068609361	0.0072132686	0.6533330692	0.6461198006	ok	0.6461198006	0.46376487335899796
STOmics0218	Visium	7	hybrid_hvg_svg_union	2000	cellcharter	integration_eval	dASW	0.5404735357	1	51.5113022765	6957.6796875	2000	cache_signature=f639d86c8bf1cb0683315b6634d8eb92	dASW	1	0.5404735357	0.3357064426	0.5507691577	0.2150627151	ok	0.2150627151	0.9521273504093319
STOmics0218	Visium	7	hybrid_hvg_svg_union	2000	cellcharter	integration_eval	dLISI	0.9653789321	1	51.5113022765	6957.6796875	2000	cache_signature=f639d86c8bf1cb0683315b6634d8eb92	dLISI	1	0.9653789321	0.8510269188	0.973819228	0.1227923091999999	ok	0.1227923091999999	0.9312636438308801
STOmics0218	Visium	7	hybrid_hvg_svg_union	2000	cellcharter	integration_eval	ILL	0.3764760829	1	51.5113022765	6957.6796875	2000	cache_signature=f639d86c8bf1cb0683315b6634d8eb92	ILL	1	0.3764760829	0.0187654182	0.5862423569	0.5674769387	ok	0.5674769387	0.6303527778934217
STOmics0218	Visium	7	hybrid_hvg_svg_union	2000	cellcharter	integration_eval	GC	0.9423269001	1	51.5113022765	6957.6796875	2000	cache_signature=f639d86c8bf1cb0683315b6634d8eb92	GC	1	0.9423269001	0.3507730146	0.9588739417	0.6081009271	ok	0.6081009271	0.9727889880403374
STOmics0218	Visium	7	hybrid_hvg_svg_union	2000	cellcharter	clustering_eval	silhouette	0.2137742192	2	48.2409137469	7065.57421875	2000	cache_signature=deb08d4b22bca95d29659e9388feb47e	silhouette	1	0.2137742192	-0.0131755173	0.9114953279	0.9246708452	ok	0.9246708452	0.2454384040311256
STOmics0218	Visium	7	hybrid_hvg_svg_union	2000	cellcharter	clustering_eval	ari	0.1580645681	2	48.2409137469	7065.57421875	2000	cache_signature=deb08d4b22bca95d29659e9388feb47e	ari	1	0.1580645681	-0.0974905756	0.3044317262	0.4019223018	ok	0.4019223018	0.6358322057658956
STOmics0218	Visium	7	hybrid_hvg_svg_union	2000	cellcharter	clustering_eval	nmi	0.3469203351	2	48.2409137469	7065.57421875	2000	cache_signature=deb08d4b22bca95d29659e9388feb47e	nmi	1	0.3469203351	0.0389249396	0.3903573009	0.3514323613	ok	0.3514323613	0.8764002107281177
STOmics0218	Visium	7	hybrid_hvg_svg_union	2000	cellcharter	clustering_eval	CHAOS	0.0702005008	2	48.2409137469	7065.57421875	2000	cache_signature=deb08d4b22bca95d29659e9388feb47e	CHAOS	-1	-0.0702005008	-0.1319056764	-0.0695042012	0.0624014752	ok	0.0624014752	0.9888416163597364
STOmics0218	Visium	7	hybrid_hvg_svg_union	2000	cellcharter	clustering_eval	PAS	0.047507918	2	48.2409137469	7065.57421875	2000	cache_signature=deb08d4b22bca95d29659e9388feb47e	PAS	-1	-0.047507918	-0.9626604434	-0.0273378896	0.9353225538	ok	0.9353225538	0.9784352164736606
STOmics0218	Visium	7	hybrid_hvg_svg_union	2000	cellcharter	integration_eval	bASW	0.8488973379	2	51.2652736148	7065.50390625	2000	cache_signature=defabdf50fa0b8cf2f8d9fc3ef369714	bASW	1	0.8488973379	0.2294717183	0.9820746967	0.7526029784	ok	0.7526029784	0.8230443372903877
STOmics0218	Visium	7	hybrid_hvg_svg_union	2000	cellcharter	integration_eval	iLISI	0.3242490234	2	51.2652736148	7065.50390625	2000	cache_signature=defabdf50fa0b8cf2f8d9fc3ef369714	iLISI	1	0.3242490234	0.0072132686	0.6533330692	0.6461198006	ok	0.6461198006	0.4906764264236976
STOmics0218	Visium	7	hybrid_hvg_svg_union	2000	cellcharter	integration_eval	dASW	0.5410032161	2	51.2652736148	7065.50390625	2000	cache_signature=defabdf50fa0b8cf2f8d9fc3ef369714	dASW	1	0.5410032161	0.3357064426	0.5507691577	0.2150627151	ok	0.2150627151	0.9545902617501179
STOmics0218	Visium	7	hybrid_hvg_svg_union	2000	cellcharter	integration_eval	dLISI	0.9633811818	2	51.2652736148	7065.50390625	2000	cache_signature=defabdf50fa0b8cf2f8d9fc3ef369714	dLISI	1	0.9633811818	0.8510269188	0.973819228	0.1227923091999999	ok	0.1227923091999999	0.9149942999850357
STOmics0218	Visium	7	hybrid_hvg_svg_union	2000	cellcharter	integration_eval	ILL	0.3430683446	2	51.2652736148	7065.50390625	2000	cache_signature=defabdf50fa0b8cf2f8d9fc3ef369714	ILL	1	0.3430683446	0.0187654182	0.5862423569	0.5674769387	ok	0.5674769387	0.5714821242655724
STOmics0218	Visium	7	hybrid_hvg_svg_union	2000	cellcharter	integration_eval	GC	0.9425093901	2	51.2652736148	7065.50390625	2000	cache_signature=defabdf50fa0b8cf2f8d9fc3ef369714	GC	1	0.9425093901	0.3507730146	0.9588739417	0.6081009271	ok	0.6081009271	0.9730890862507946
STOmics0218	Visium	7	hybrid_hvg_svg_intersection	2000	scvi	clustering_eval	silhouette	0.262961328	0	39.8933402924	6957.6796875	889	cache_signature=447a2515ea18feb22100f2629eb3e563	silhouette	1	0.262961328	-0.0131755173	0.9114953279	0.9246708452	ok	0.9246708452	0.2986325855664601
STOmics0218	Visium	7	hybrid_hvg_svg_intersection	2000	scvi	clustering_eval	ari	0.1611749038	0	39.8933402924	6957.6796875	889	cache_signature=447a2515ea18feb22100f2629eb3e563	ari	1	0.1611749038	-0.0974905756	0.3044317262	0.4019223018	ok	0.4019223018	0.6435708549676703
STOmics0218	Visium	7	hybrid_hvg_svg_intersection	2000	scvi	clustering_eval	nmi	0.3665314265	0	39.8933402924	6957.6796875	889	cache_signature=447a2515ea18feb22100f2629eb3e563	nmi	1	0.3665314265	0.0389249396	0.3903573009	0.3514323613	ok	0.3514323613	0.9322035275526005
STOmics0218	Visium	7	hybrid_hvg_svg_intersection	2000	scvi	clustering_eval	CHAOS	0.0758252946	0	39.8933402924	6957.6796875	889	cache_signature=447a2515ea18feb22100f2629eb3e563	CHAOS	-1	-0.0758252946	-0.1319056764	-0.0695042012	0.0624014752	ok	0.0624014752	0.8987028210512563
STOmics0218	Visium	7	hybrid_hvg_svg_intersection	2000	scvi	clustering_eval	PAS	0.1244374062	0	39.8933402924	6957.6796875	889	cache_signature=447a2515ea18feb22100f2629eb3e563	PAS	-1	-0.1244374062	-0.9626604434	-0.0273378896	0.9353225538	ok	0.9353225538	0.8961860630800498
STOmics0218	Visium	7	hybrid_hvg_svg_intersection	2000	scvi	integration_eval	bASW	0.7901091659	0	42.494756395	6957.6796875	889	cache_signature=0e526f9e78e7a2732ec41d93922438ae	bASW	1	0.7901091659	0.2294717183	0.9820746967	0.7526029784	ok	0.7526029784	0.7449312103333552
STOmics0218	Visium	7	hybrid_hvg_svg_intersection	2000	scvi	integration_eval	iLISI	0.5879442333	0	42.494756395	6957.6796875	889	cache_signature=0e526f9e78e7a2732ec41d93922438ae	iLISI	1	0.5879442333	0.0072132686	0.6533330692	0.6461198006	ok	0.6461198006	0.8987976597539983
STOmics0218	Visium	7	hybrid_hvg_svg_intersection	2000	scvi	integration_eval	dASW	0.5080980975	0	42.494756395	6957.6796875	889	cache_signature=0e526f9e78e7a2732ec41d93922438ae	dASW	1	0.5080980975	0.3357064426	0.5507691577	0.2150627151	ok	0.2150627151	0.8015878290192758
STOmics0218	Visium	7	hybrid_hvg_svg_intersection	2000	scvi	integration_eval	dLISI	0.9499728537	0	42.494756395	6957.6796875	889	cache_signature=0e526f9e78e7a2732ec41d93922438ae	dLISI	1	0.9499728537	0.8510269188	0.973819228	0.1227923091999999	ok	0.1227923091999999	0.8057991216603002
STOmics0218	Visium	7	hybrid_hvg_svg_intersection	2000	scvi	integration_eval	ILL	0.2613302468	0	42.494756395	6957.6796875	889	cache_signature=0e526f9e78e7a2732ec41d93922438ae	ILL	1	0.2613302468	0.0187654182	0.5862423569	0.5674769387	ok	0.5674769387	0.42744438065743723
STOmics0218	Visium	7	hybrid_hvg_svg_intersection	2000	scvi	integration_eval	GC	0.7889858885	0	42.494756395	6957.6796875	889	cache_signature=0e526f9e78e7a2732ec41d93922438ae	GC	1	0.7889858885	0.3507730146	0.9588739417	0.6081009271	ok	0.6081009271	0.7206252356657523
STOmics0218	Visium	7	hybrid_hvg_svg_intersection	2000	scvi	clustering_eval	silhouette	0.2614309192	1	23.0957640568	6957.6796875	889	cache_signature=ac08de1eee6f938b0a85c4f43ab8ad26	silhouette	1	0.2614309192	-0.0131755173	0.9114953279	0.9246708452	ok	0.9246708452	0.29697750061602135
STOmics0218	Visium	7	hybrid_hvg_svg_intersection	2000	scvi	clustering_eval	ari	0.1497546258	1	23.0957640568	6957.6796875	889	cache_signature=ac08de1eee6f938b0a85c4f43ab8ad26	ari	1	0.1497546258	-0.0974905756	0.3044317262	0.4019223018	ok	0.4019223018	0.6151567113661469
STOmics0218	Visium	7	hybrid_hvg_svg_intersection	2000	scvi	clustering_eval	nmi	0.3705909171	1	23.0957640568	6957.6796875	889	cache_signature=ac08de1eee6f938b0a85c4f43ab8ad26	nmi	1	0.3705909171	0.0389249396	0.3903573009	0.3514323613	ok	0.3514323613	0.9437547989977894
STOmics0218	Visium	7	hybrid_hvg_svg_intersection	2000	scvi	clustering_eval	CHAOS	0.0763243845	1	23.0957640568	6957.6796875	889	cache_signature=ac08de1eee6f938b0a85c4f43ab8ad26	CHAOS	-1	-0.0763243845	-0.1319056764	-0.0695042012	0.0624014752	ok	0.0624014752	0.8907047745563555
STOmics0218	Visium	7	hybrid_hvg_svg_intersection	2000	scvi	clustering_eval	PAS	0.1283547258	1	23.0957640568	6957.6796875	889	cache_signature=ac08de1eee6f938b0a85c4f43ab8ad26	PAS	-1	-0.1283547258	-0.9626604434	-0.0273378896	0.9353225538	ok	0.9353225538	0.891997861283691
STOmics0218	Visium	7	hybrid_hvg_svg_intersection	2000	scvi	integration_eval	bASW	0.8073518326	1	25.862839425	6957.6796875	889	cache_signature=f0c6431d774d676696ba731bed3ef8a2	bASW	1	0.8073518326	0.2294717183	0.9820746967	0.7526029784	ok	0.7526029784	0.7678419178310283
STOmics0218	Visium	7	hybrid_hvg_svg_intersection	2000	scvi	integration_eval	iLISI	0.5918023961	1	25.862839425	6957.6796875	889	cache_signature=f0c6431d774d676696ba731bed3ef8a2	iLISI	1	0.5918023961	0.0072132686	0.6533330692	0.6461198006	ok	0.6461198006	0.9047689406161807
STOmics0218	Visium	7	hybrid_hvg_svg_intersection	2000	scvi	integration_eval	dASW	0.4998925392	1	25.862839425	6957.6796875	889	cache_signature=f0c6431d774d676696ba731bed3ef8a2	dASW	1	0.4998925392	0.3357064426	0.5507691577	0.2150627151	ok	0.2150627151	0.7634335711034647
STOmics0218	Visium	7	hybrid_hvg_svg_intersection	2000	scvi	integration_eval	dLISI	0.948412448	1	25.862839425	6957.6796875	889	cache_signature=f0c6431d774d676696ba731bed3ef8a2	dLISI	1	0.948412448	0.8510269188	0.973819228	0.1227923091999999	ok	0.1227923091999999	0.7930914389872885
STOmics0218	Visium	7	hybrid_hvg_svg_intersection	2000	scvi	integration_eval	ILL	0.2837057455	1	25.862839425	6957.6796875	889	cache_signature=f0c6431d774d676696ba731bed3ef8a2	ILL	1	0.2837057455	0.0187654182	0.5862423569	0.5674769387	ok	0.5674769387	0.46687417449409735
STOmics0218	Visium	7	hybrid_hvg_svg_intersection	2000	scvi	integration_eval	GC	0.8267184349	1	25.862839425	6957.6796875	889	cache_signature=f0c6431d774d676696ba731bed3ef8a2	GC	1	0.8267184349	0.3507730146	0.9588739417	0.6081009271	ok	0.6081009271	0.7826750446998291
STOmics0218	Visium	7	hybrid_hvg_svg_intersection	2000	scvi	clustering_eval	silhouette	0.2922938466	2	22.5017879019	7065.57421875	889	cache_signature=644a1d5f91f27bc76e1aa29f7ee4c635	silhouette	1	0.2922938466	-0.0131755173	0.9114953279	0.9246708452	ok	0.9246708452	0.33035470458023264
STOmics0218	Visium	7	hybrid_hvg_svg_intersection	2000	scvi	clustering_eval	ari	0.133489256	2	22.5017879019	7065.57421875	889	cache_signature=644a1d5f91f27bc76e1aa29f7ee4c635	ari	1	0.133489256	-0.0974905756	0.3044317262	0.4019223018	ok	0.4019223018	0.5746877706600555
STOmics0218	Visium	7	hybrid_hvg_svg_intersection	2000	scvi	clustering_eval	nmi	0.3510489896	2	22.5017879019	7065.57421875	889	cache_signature=644a1d5f91f27bc76e1aa29f7ee4c635	nmi	1	0.3510489896	0.0389249396	0.3903573009	0.3514323613	ok	0.3514323613	0.8881482878964455
STOmics0218	Visium	7	hybrid_hvg_svg_intersection	2000	scvi	clustering_eval	CHAOS	0.0762386231	2	22.5017879019	7065.57421875	889	cache_signature=644a1d5f91f27bc76e1aa29f7ee4c635	CHAOS	-1	-0.0762386231	-0.1319056764	-0.0695042012	0.0624014752	ok	0.0624014752	0.8920791234755938
STOmics0218	Visium	7	hybrid_hvg_svg_intersection	2000	scvi	clustering_eval	PAS	0.1714452409	2	22.5017879019	7065.57421875	889	cache_signature=644a1d5f91f27bc76e1aa29f7ee4c635	PAS	-1	-0.1714452409	-0.9626604434	-0.0273378896	0.9353225538	ok	0.9353225538	0.8459276420583198
STOmics0218	Visium	7	hybrid_hvg_svg_intersection	2000	scvi	integration_eval	bASW	0.7994703306	2	24.625122685	7065.57421875	889	cache_signature=a0dcaf46981660b5dee91246dcc81bfd	bASW	1	0.7994703306	0.2294717183	0.9820746967	0.7526029784	ok	0.7526029784	0.757369594140846
STOmics0218	Visium	7	hybrid_hvg_svg_intersection	2000	scvi	integration_eval	iLISI	0.5900625118	2	24.625122685	7065.57421875	889	cache_signature=a0dcaf46981660b5dee91246dcc81bfd	iLISI	1	0.5900625118	0.0072132686	0.6533330692	0.6461198006	ok	0.6461198006	0.9020761206493817
STOmics0218	Visium	7	hybrid_hvg_svg_intersection	2000	scvi	integration_eval	dASW	0.5098079303	2	24.625122685	7065.57421875	889	cache_signature=a0dcaf46981660b5dee91246dcc81bfd	dASW	1	0.5098079303	0.3357064426	0.5507691577	0.2150627151	ok	0.2150627151	0.809538220602517
STOmics0218	Visium	7	hybrid_hvg_svg_intersection	2000	scvi	integration_eval	dLISI	0.9503239019	2	24.625122685	7065.57421875	889	cache_signature=a0dcaf46981660b5dee91246dcc81bfd	dLISI	1	0.9503239019	0.8510269188	0.973819228	0.1227923091999999	ok	0.1227923091999999	0.8086579994050646
STOmics0218	Visium	7	hybrid_hvg_svg_intersection	2000	scvi	integration_eval	ILL	0.2749843421	2	24.625122685	7065.57421875	889	cache_signature=a0dcaf46981660b5dee91246dcc81bfd	ILL	1	0.2749843421	0.0187654182	0.5862423569	0.5674769387	ok	0.5674769387	0.4515054382420492
STOmics0218	Visium	7	hybrid_hvg_svg_intersection	2000	scvi	integration_eval	GC	0.7948642097	2	24.625122685	7065.57421875	889	cache_signature=a0dcaf46981660b5dee91246dcc81bfd	GC	1	0.7948642097	0.3507730146	0.9588739417	0.6081009271	ok	0.6081009271	0.7302919224574227
STOmics0218	Visium	7	hybrid_hvg_svg_union	2000	scvi	clustering_eval	silhouette	0.2791437507	0	48.1803546259	5140.46875	2000	cache_signature=196377a9f6761120e8a9f72881c8f6b7	silhouette	1	0.2791437507	-0.0131755173	0.9114953279	0.9246708452	ok	0.9246708452	0.3161333241092655
STOmics0218	Visium	7	hybrid_hvg_svg_union	2000	scvi	clustering_eval	ari	0.1526429524	0	48.1803546259	5140.46875	2000	cache_signature=196377a9f6761120e8a9f72881c8f6b7	ari	1	0.1526429524	-0.0974905756	0.3044317262	0.4019223018	ok	0.4019223018	0.6223429923639037
STOmics0218	Visium	7	hybrid_hvg_svg_union	2000	scvi	clustering_eval	nmi	0.3677162583	0	48.1803546259	5140.46875	2000	cache_signature=196377a9f6761120e8a9f72881c8f6b7	nmi	1	0.3677162583	0.0389249396	0.3903573009	0.3514323613	ok	0.3514323613	0.9355749637960277
STOmics0218	Visium	7	hybrid_hvg_svg_union	2000	scvi	clustering_eval	CHAOS	0.078645599	0	48.1803546259	5140.46875	2000	cache_signature=196377a9f6761120e8a9f72881c8f6b7	CHAOS	-1	-0.078645599	-0.1319056764	-0.0695042012	0.0624014752	ok	0.0624014752	0.853506703636391
STOmics0218	Visium	7	hybrid_hvg_svg_union	2000	scvi	clustering_eval	PAS	0.1643607268	0	48.1803546259	5140.46875	2000	cache_signature=196377a9f6761120e8a9f72881c8f6b7	PAS	-1	-0.1643607268	-0.9626604434	-0.0273378896	0.9353225538	ok	0.9353225538	0.8535020494873049
STOmics0218	Visium	7	hybrid_hvg_svg_union	2000	scvi	integration_eval	bASW	0.7930938468	0	50.4274043199	5140.46875	2000	cache_signature=956de45ecb602001e99b5be03ace9d8c	bASW	1	0.7930938468	0.2294717183	0.9820746967	0.7526029784	ok	0.7526029784	0.7488970209741066
STOmics0218	Visium	7	hybrid_hvg_svg_union	2000	scvi	integration_eval	iLISI	0.5599411548	0	50.4274043199	5140.46875	2000	cache_signature=956de45ecb602001e99b5be03ace9d8c	iLISI	1	0.5599411548	0.0072132686	0.6533330692	0.6461198006	ok	0.6461198006	0.8554572784903444
STOmics0218	Visium	7	hybrid_hvg_svg_union	2000	scvi	integration_eval	dASW	0.5041057486	0	50.4274043199	5140.46875	2000	cache_signature=956de45ecb602001e99b5be03ace9d8c	dASW	1	0.5041057486	0.3357064426	0.5507691577	0.2150627151	ok	0.2150627151	0.7830241793501845
STOmics0218	Visium	7	hybrid_hvg_svg_union	2000	scvi	integration_eval	dLISI	0.9501272862	0	50.4274043199	5140.46875	2000	cache_signature=956de45ecb602001e99b5be03ace9d8c	dLISI	1	0.9501272862	0.8510269188	0.973819228	0.1227923091999999	ok	0.1227923091999999	0.8070567940748526
STOmics0218	Visium	7	hybrid_hvg_svg_union	2000	scvi	integration_eval	ILL	0.2517881903	0	50.4274043199	5140.46875	2000	cache_signature=956de45ecb602001e99b5be03ace9d8c	ILL	1	0.2517881903	0.0187654182	0.5862423569	0.5674769387	ok	0.5674769387	0.4106295008812487
STOmics0218	Visium	7	hybrid_hvg_svg_union	2000	scvi	integration_eval	GC	0.8155051764	0	50.4274043199	5140.46875	2000	cache_signature=956de45ecb602001e99b5be03ace9d8c	GC	1	0.8155051764	0.3507730146	0.9588739417	0.6081009271	ok	0.6081009271	0.764235246304067
STOmics0218	Visium	7	hybrid_hvg_svg_union	2000	scvi	clustering_eval	silhouette	0.2927292585	1	30.610814698	6957.6796875	2000	cache_signature=38e2d467a11a3782e46b538f6a2e1c97	silhouette	1	0.2927292585	-0.0131755173	0.9114953279	0.9246708452	ok	0.9246708452	0.3308255877082778
STOmics0218	Visium	7	hybrid_hvg_svg_union	2000	scvi	clustering_eval	ari	0.126381017	1	30.610814698	6957.6796875	2000	cache_signature=38e2d467a11a3782e46b538f6a2e1c97	ari	1	0.126381017	-0.0974905756	0.3044317262	0.4019223018	ok	0.4019223018	0.5570021658350286
STOmics0218	Visium	7	hybrid_hvg_svg_union	2000	scvi	clustering_eval	nmi	0.3485107553	1	30.610814698	6957.6796875	2000	cache_signature=38e2d467a11a3782e46b538f6a2e1c97	nmi	1	0.3485107553	0.0389249396	0.3903573009	0.3514323613	ok	0.3514323613	0.8809257478588384
STOmics0218	Visium	7	hybrid_hvg_svg_union	2000	scvi	clustering_eval	CHAOS	0.0772486726	1	30.610814698	6957.6796875	2000	cache_signature=38e2d467a11a3782e46b538f6a2e1c97	CHAOS	-1	-0.0772486726	-0.1319056764	-0.0695042012	0.0624014752	ok	0.0624014752	0.8758928154313891
STOmics0218	Visium	7	hybrid_hvg_svg_union	2000	scvi	clustering_eval	PAS	0.1996166028	1	30.610814698	6957.6796875	2000	cache_signature=38e2d467a11a3782e46b538f6a2e1c97	PAS	-1	-0.1996166028	-0.9626604434	-0.0273378896	0.9353225538	ok	0.9353225538	0.8158082337477363
STOmics0218	Visium	7	hybrid_hvg_svg_union	2000	scvi	integration_eval	bASW	0.8111975255	1	32.9192431485	6957.6796875	2000	cache_signature=b656018079d7c6a123bd42ffdb88f635	bASW	1	0.8111975255	0.2294717183	0.9820746967	0.7526029784	ok	0.7526029784	0.7729517739043803
STOmics0218	Visium	7	hybrid_hvg_svg_union	2000	scvi	integration_eval	iLISI	0.5636619528	1	32.9192431485	6957.6796875	2000	cache_signature=b656018079d7c6a123bd42ffdb88f635	iLISI	1	0.5636619528	0.0072132686	0.6533330692	0.6461198006	ok	0.6461198006	0.8612159597697987
STOmics0218	Visium	7	hybrid_hvg_svg_union	2000	scvi	integration_eval	dASW	0.5064009856	1	32.9192431485	6957.6796875	2000	cache_signature=b656018079d7c6a123bd42ffdb88f635	dASW	1	0.5064009856	0.3357064426	0.5507691577	0.2150627151	ok	0.2150627151	0.7936965871589149
STOmics0218	Visium	7	hybrid_hvg_svg_union	2000	scvi	integration_eval	dLISI	0.9508147951	1	32.9192431485	6957.6796875	2000	cache_signature=b656018079d7c6a123bd42ffdb88f635	dLISI	1	0.9508147951	0.8510269188	0.973819228	0.1227923091999999	ok	0.1227923091999999	0.8126557514075975
STOmics0218	Visium	7	hybrid_hvg_svg_union	2000	scvi	integration_eval	ILL	0.2748089464	1	32.9192431485	6957.6796875	2000	cache_signature=b656018079d7c6a123bd42ffdb88f635	ILL	1	0.2748089464	0.0187654182	0.5862423569	0.5674769387	ok	0.5674769387	0.4511963583693026
STOmics0218	Visium	7	hybrid_hvg_svg_union	2000	scvi	integration_eval	GC	0.8308954396	1	32.9192431485	6957.6796875	2000	cache_signature=b656018079d7c6a123bd42ffdb88f635	GC	1	0.8308954396	0.3507730146	0.9588739417	0.6081009271	ok	0.6081009271	0.7895439779868082
STOmics0218	Visium	7	hybrid_hvg_svg_union	2000	scvi	clustering_eval	silhouette	0.2890462875	2	26.6335549066	6957.6796875	2000	cache_signature=cce24671c9ad8c841fde2d4dd8774695	silhouette	1	0.2890462875	-0.0131755173	0.9114953279	0.9246708452	ok	0.9246708452	0.32684258011252804
STOmics0218	Visium	7	hybrid_hvg_svg_union	2000	scvi	clustering_eval	ari	0.1655343763	2	26.6335549066	6957.6796875	2000	cache_signature=cce24671c9ad8c841fde2d4dd8774695	ari	1	0.1655343763	-0.0974905756	0.3044317262	0.4019223018	ok	0.4019223018	0.6544174103354023
STOmics0218	Visium	7	hybrid_hvg_svg_union	2000	scvi	clustering_eval	nmi	0.3670850499	2	26.6335549066	6957.6796875	2000	cache_signature=cce24671c9ad8c841fde2d4dd8774695	nmi	1	0.3670850499	0.0389249396	0.3903573009	0.3514323613	ok	0.3514323613	0.9337788617021139
STOmics0218	Visium	7	hybrid_hvg_svg_union	2000	scvi	clustering_eval	CHAOS	0.077202073	2	26.6335549066	6957.6796875	2000	cache_signature=cce24671c9ad8c841fde2d4dd8774695	CHAOS	-1	-0.077202073	-0.1319056764	-0.0695042012	0.0624014752	ok	0.0624014752	0.8766395862384998
STOmics0218	Visium	7	hybrid_hvg_svg_union	2000	scvi	clustering_eval	PAS	0.203033839	2	26.6335549066	6957.6796875	2000	cache_signature=cce24671c9ad8c841fde2d4dd8774695	PAS	-1	-0.203033839	-0.9626604434	-0.0273378896	0.9353225538	ok	0.9353225538	0.8121546960605325
STOmics0218	Visium	7	hybrid_hvg_svg_union	2000	scvi	integration_eval	bASW	0.8085358143	2	28.7513850015	6957.6796875	2000	cache_signature=09834bb4de706de64acff03e281630ce	bASW	1	0.8085358143	0.2294717183	0.9820746967	0.7526029784	ok	0.7526029784	0.7694151001515621
STOmics0218	Visium	7	hybrid_hvg_svg_union	2000	scvi	integration_eval	iLISI	0.5569338193	2	28.7513850015	6957.6796875	2000	cache_signature=09834bb4de706de64acff03e281630ce	iLISI	1	0.5569338193	0.0072132686	0.6533330692	0.6461198006	ok	0.6461198006	0.850802823546838
STOmics0218	Visium	7	hybrid_hvg_svg_union	2000	scvi	integration_eval	dASW	0.5059751743	2	28.7513850015	6957.6796875	2000	cache_signature=09834bb4de706de64acff03e281630ce	dASW	1	0.5059751743	0.3357064426	0.5507691577	0.2150627151	ok	0.2150627151	0.7917166470293486
STOmics0218	Visium	7	hybrid_hvg_svg_union	2000	scvi	integration_eval	dLISI	0.9520695518	2	28.7513850015	6957.6796875	2000	cache_signature=09834bb4de706de64acff03e281630ce	dLISI	1	0.9520695518	0.8510269188	0.973819228	0.1227923091999999	ok	0.1227923091999999	0.8228742798168668
STOmics0218	Visium	7	hybrid_hvg_svg_union	2000	scvi	integration_eval	ILL	0.2574788604	2	28.7513850015	6957.6796875	2000	cache_signature=09834bb4de706de64acff03e281630ce	ILL	1	0.2574788604	0.0187654182	0.5862423569	0.5674769387	ok	0.5674769387	0.4206575208974214
STOmics0218	Visium	7	hybrid_hvg_svg_union	2000	scvi	integration_eval	GC	0.8291563495	2	28.7513850015	6957.6796875	2000	cache_signature=09834bb4de706de64acff03e281630ce	GC	1	0.8291563495	0.3507730146	0.9588739417	0.6081009271	ok	0.6081009271	0.7866841071619212
STOmics0224	Visium	8	hybrid_hvg_svg_intersection	2000	cellcharter	clustering_eval	silhouette	0.0503025576	0	60.077711124	5443.12109375	134	cache_signature=f2957bae542e6c56afbb9ffb942516b7	silhouette	1	0.0503025576	-0.0102415066	0.4495570362	0.4597985428	ok	0.4597985428	0.13167519807981434
STOmics0224	Visium	8	hybrid_hvg_svg_intersection	2000	cellcharter	clustering_eval	ari	0.0542373806	0	60.077711124	5443.12109375	134	cache_signature=f2957bae542e6c56afbb9ffb942516b7	ari	1	0.0542373806	0.0047920156	0.0801896449	0.0753976292999999	ok	0.0753976292999999	0.6557946908816147
STOmics0224	Visium	8	hybrid_hvg_svg_intersection	2000	cellcharter	clustering_eval	nmi	0.0900157477	0	60.077711124	5443.12109375	134	cache_signature=f2957bae542e6c56afbb9ffb942516b7	nmi	1	0.0900157477	0.0061898033	0.1129254461	0.1067356427999999	ok	0.1067356427999999	0.7853603744821412
STOmics0224	Visium	8	hybrid_hvg_svg_intersection	2000	cellcharter	clustering_eval	CHAOS	0.0745182787	0	60.077711124	5443.12109375	134	cache_signature=f2957bae542e6c56afbb9ffb942516b7	CHAOS	-1	-0.0745182787	-0.1318392451	-0.0726271142	0.0592121309	ok	0.0592121309	0.9680611984190558
STOmics0224	Visium	8	hybrid_hvg_svg_intersection	2000	cellcharter	clustering_eval	PAS	0.1196666667	0	60.077711124	5443.12109375	134	cache_signature=f2957bae542e6c56afbb9ffb942516b7	PAS	-1	-0.1196666667	-0.9725833333	-0.06725	0.9053333333	ok	0.9053333333	0.9421023563675296
STOmics0224	Visium	8	hybrid_hvg_svg_intersection	2000	cellcharter	integration_eval	bASW	0.9619417119	0	62.0151396645	5443.12109375	134	cache_signature=e3700d7f33fb8c49c8c3d698f525048a	bASW	1	0.9619417119	0.8545520338	0.9956572162	0.1411051824	ok	0.1411051824	0.7610611904782881
STOmics0224	Visium	8	hybrid_hvg_svg_intersection	2000	cellcharter	integration_eval	iLISI	0.1536004679	0	62.0151396645	5443.12109375	134	cache_signature=e3700d7f33fb8c49c8c3d698f525048a	iLISI	1	0.1536004679	0.0349506773	0.62555076	0.5906000827	ok	0.5906000827	0.20089700979650743
STOmics0224	Visium	8	hybrid_hvg_svg_intersection	2000	cellcharter	integration_eval	dASW	0.4908084804	0	62.0151396645	5443.12109375	134	cache_signature=e3700d7f33fb8c49c8c3d698f525048a	dASW	1	0.4908084804	0.3916968753	0.4969716542	0.1052747788999999	ok	0.1052747788999999	0.9414563120968008
STOmics0224	Visium	8	hybrid_hvg_svg_intersection	2000	cellcharter	integration_eval	dLISI	0.6871220097	0	62.0151396645	5443.12109375	134	cache_signature=e3700d7f33fb8c49c8c3d698f525048a	dLISI	1	0.6871220097	0.5420381727	0.7748628095	0.2328246367999999	ok	0.2328246367999999	0.6231464117976028
STOmics0224	Visium	8	hybrid_hvg_svg_intersection	2000	cellcharter	integration_eval	ILL	0.1	0	62.0151396645	5443.12109375	134	cache_signature=e3700d7f33fb8c49c8c3d698f525048a	ILL	1	0.1	0.0	0.2352941176	0.2352941176	ok	0.2352941176	0.42500000008500005
STOmics0224	Visium	8	hybrid_hvg_svg_intersection	2000	cellcharter	integration_eval	GC	0.8275253513	0	62.0151396645	5443.12109375	134	cache_signature=e3700d7f33fb8c49c8c3d698f525048a	GC	1	0.8275253513	0.3776592718666666	0.9255524114	0.5478931395333333	ok	0.5478931395333333	0.8210836146196425
STOmics0224	Visium	8	hybrid_hvg_svg_intersection	2000	cellcharter	clustering_eval	silhouette	0.040880017	1	44.041853481	5443.12109375	134	cache_signature=390e238699ab72004bb123fde224ea03	silhouette	1	0.040880017	-0.0102415066	0.4495570362	0.4597985428	ok	0.4597985428	0.11118243935417708
STOmics0224	Visium	8	hybrid_hvg_svg_intersection	2000	cellcharter	clustering_eval	ari	0.0546016994	1	44.041853481	5443.12109375	134	cache_signature=390e238699ab72004bb123fde224ea03	ari	1	0.0546016994	0.0047920156	0.0801896449	0.0753976292999999	ok	0.0753976292999999	0.6606266571301874
STOmics0224	Visium	8	hybrid_hvg_svg_intersection	2000	cellcharter	clustering_eval	nmi	0.1022672777	1	44.041853481	5443.12109375	134	cache_signature=390e238699ab72004bb123fde224ea03	nmi	1	0.1022672777	0.0061898033	0.1129254461	0.1067356427999999	ok	0.1067356427999999	0.9001442431000198
STOmics0224	Visium	8	hybrid_hvg_svg_intersection	2000	cellcharter	clustering_eval	CHAOS	0.0759422525	1	44.041853481	5443.12109375	134	cache_signature=390e238699ab72004bb123fde224ea03	CHAOS	-1	-0.0759422525	-0.1318392451	-0.0726271142	0.0592121309	ok	0.0592121309	0.9440125148409412
STOmics0224	Visium	8	hybrid_hvg_svg_intersection	2000	cellcharter	clustering_eval	PAS	0.1374166667	1	44.041853481	5443.12109375	134	cache_signature=390e238699ab72004bb123fde224ea03	PAS	-1	-0.1374166667	-0.9725833333	-0.06725	0.9053333333	ok	0.9053333333	0.9224963180752025
STOmics0224	Visium	8	hybrid_hvg_svg_intersection	2000	cellcharter	integration_eval	bASW	0.9615303076	1	46.4187111994	5443.12109375	134	cache_signature=6af3d3c36b917756612c7d155c303afe	bASW	1	0.9615303076	0.8545520338	0.9956572162	0.1411051824	ok	0.1411051824	0.7581456044381261
STOmics0224	Visium	8	hybrid_hvg_svg_intersection	2000	cellcharter	integration_eval	iLISI	0.1374287428	1	46.4187111994	5443.12109375	134	cache_signature=6af3d3c36b917756612c7d155c303afe	iLISI	1	0.1374287428	0.0349506773	0.62555076	0.5906000827	ok	0.5906000827	0.17351515602827056
STOmics0224	Visium	8	hybrid_hvg_svg_intersection	2000	cellcharter	integration_eval	dASW	0.49134597	1	46.4187111994	5443.12109375	134	cache_signature=6af3d3c36b917756612c7d155c303afe	dASW	1	0.49134597	0.3916968753	0.4969716542	0.1052747788999999	ok	0.1052747788999999	0.9465618996422333
STOmics0224	Visium	8	hybrid_hvg_svg_intersection	2000	cellcharter	integration_eval	dLISI	0.6940859833	1	46.4187111994	5443.12109375	134	cache_signature=6af3d3c36b917756612c7d155c303afe	dLISI	1	0.6940859833	0.5420381727	0.7748628095	0.2328246367999999	ok	0.2328246367999999	0.6530572223360175
STOmics0224	Visium	8	hybrid_hvg_svg_intersection	2000	cellcharter	integration_eval	ILL	0.1834862385	1	46.4187111994	5443.12109375	134	cache_signature=6af3d3c36b917756612c7d155c303afe	ILL	1	0.1834862385	0.0	0.2352941176	0.2352941176	ok	0.2352941176	0.7798165137809634
STOmics0224	Visium	8	hybrid_hvg_svg_intersection	2000	cellcharter	integration_eval	GC	0.8397148743	1	46.4187111994	5443.12109375	134	cache_signature=6af3d3c36b917756612c7d155c303afe	GC	1	0.8397148743	0.3776592718666666	0.9255524114	0.5478931395333333	ok	0.5478931395333333	0.8433316081068075
STOmics0224	Visium	8	hybrid_hvg_svg_intersection	2000	cellcharter	clustering_eval	silhouette	0.0495625734	2	41.6234094789	5670.36328125	134	cache_signature=37db3339bdfd692007594deb44f5389c	silhouette	1	0.0495625734	-0.0102415066	0.4495570362	0.4597985428	ok	0.4597985428	0.1300658319528715
STOmics0224	Visium	8	hybrid_hvg_svg_intersection	2000	cellcharter	clustering_eval	ari	0.0554900461	2	41.6234094789	5670.36328125	134	cache_signature=37db3339bdfd692007594deb44f5389c	ari	1	0.0554900461	0.0047920156	0.0801896449	0.0753976292999999	ok	0.0753976292999999	0.6724088140527261
STOmics0224	Visium	8	hybrid_hvg_svg_intersection	2000	cellcharter	clustering_eval	nmi	0.0843795687	2	41.6234094789	5670.36328125	134	cache_signature=37db3339bdfd692007594deb44f5389c	nmi	1	0.0843795687	0.0061898033	0.1129254461	0.1067356427999999	ok	0.1067356427999999	0.7325553427968868
STOmics0224	Visium	8	hybrid_hvg_svg_intersection	2000	cellcharter	clustering_eval	CHAOS	0.0755607529	2	41.6234094789	5670.36328125	134	cache_signature=37db3339bdfd692007594deb44f5389c	CHAOS	-1	-0.0755607529	-0.1318392451	-0.0726271142	0.0592121309	ok	0.0592121309	0.9504554445953912
STOmics0224	Visium	8	hybrid_hvg_svg_intersection	2000	cellcharter	clustering_eval	PAS	0.1213333333	2	41.6234094789	5670.36328125	134	cache_signature=37db3339bdfd692007594deb44f5389c	PAS	-1	-0.1213333333	-0.9725833333	-0.06725	0.9053333333	ok	0.9053333333	0.9402614138785075
STOmics0224	Visium	8	hybrid_hvg_svg_intersection	2000	cellcharter	integration_eval	bASW	0.9659842745	2	44.0958321011	5670.36328125	134	cache_signature=2f18ec0098be9afe50c04e12cd9aa372	bASW	1	0.9659842745	0.8545520338	0.9956572162	0.1411051824	ok	0.1411051824	0.7897104755806618
STOmics0224	Visium	8	hybrid_hvg_svg_intersection	2000	cellcharter	integration_eval	iLISI	0.1682125304	2	44.0958321011	5670.36328125	134	cache_signature=2f18ec0098be9afe50c04e12cd9aa372	iLISI	1	0.1682125304	0.0349506773	0.62555076	0.5906000827	ok	0.5906000827	0.22563805357218586
STOmics0224	Visium	8	hybrid_hvg_svg_intersection	2000	cellcharter	integration_eval	dASW	0.4901472889	2	44.0958321011	5670.36328125	134	cache_signature=2f18ec0098be9afe50c04e12cd9aa372	dASW	1	0.4901472889	0.3916968753	0.4969716542	0.1052747788999999	ok	0.1052747788999999	0.9351756862250703
STOmics0224	Visium	8	hybrid_hvg_svg_intersection	2000	cellcharter	integration_eval	dLISI	0.6749127991	2	44.0958321011	5670.36328125	134	cache_signature=2f18ec0098be9afe50c04e12cd9aa372	dLISI	1	0.6749127991	0.5420381727	0.7748628095	0.2328246367999999	ok	0.2328246367999999	0.5707068986609929
STOmics0224	Visium	8	hybrid_hvg_svg_intersection	2000	cellcharter	integration_eval	ILL	0.0721649485	2	44.0958321011	5670.36328125	134	cache_signature=2f18ec0098be9afe50c04e12cd9aa372	ILL	1	0.0721649485	0.0	0.2352941176	0.2352941176	ok	0.2352941176	0.30670103118634023
STOmics0224	Visium	8	hybrid_hvg_svg_intersection	2000	cellcharter	integration_eval	GC	0.8217809131	2	44.0958321011	5670.36328125	134	cache_signature=2f18ec0098be9afe50c04e12cd9aa372	GC	1	0.8217809131	0.3776592718666666	0.9255524114	0.5478931395333333	ok	0.5478931395333333	0.8105990186546468
STOmics0224	Visium	8	hybrid_hvg_svg_union	2000	cellcharter	clustering_eval	silhouette	0.0869559348	0	73.6214838633	4462.82421875	2000	cache_signature=5b6a1a10427b3f268f25974859fca327	silhouette	1	0.0869559348	-0.0102415066	0.4495570362	0.4597985428	ok	0.4597985428	0.21139136459220637
STOmics0224	Visium	8	hybrid_hvg_svg_union	2000	cellcharter	clustering_eval	ari	0.0447855239	0	73.6214838633	4462.82421875	2000	cache_signature=5b6a1a10427b3f268f25974859fca327	ari	1	0.0447855239	0.0047920156	0.0801896449	0.0753976292999999	ok	0.0753976292999999	0.5304345596977551
STOmics0224	Visium	8	hybrid_hvg_svg_union	2000	cellcharter	clustering_eval	nmi	0.0879401319	0	73.6214838633	4462.82421875	2000	cache_signature=5b6a1a10427b3f268f25974859fca327	nmi	1	0.0879401319	0.0061898033	0.1129254461	0.1067356427999999	ok	0.1067356427999999	0.765914051346305
STOmics0224	Visium	8	hybrid_hvg_svg_union	2000	cellcharter	clustering_eval	CHAOS	0.0749852586	0	73.6214838633	4462.82421875	2000	cache_signature=5b6a1a10427b3f268f25974859fca327	CHAOS	-1	-0.0749852586	-0.1318392451	-0.0726271142	0.0592121309	ok	0.0592121309	0.960174640497527
STOmics0224	Visium	8	hybrid_hvg_svg_union	2000	cellcharter	clustering_eval	PAS	0.1290833333	0	73.6214838633	4462.82421875	2000	cache_signature=5b6a1a10427b3f268f25974859fca327	PAS	-1	-0.1290833333	-0.9725833333	-0.06725	0.9053333333	ok	0.9053333333	0.9317010309621393
STOmics0224	Visium	8	hybrid_hvg_svg_union	2000	cellcharter	integration_eval	bASW	0.9499268566	0	75.9731059624	4462.82421875	2000	cache_signature=618befb30da2829469d98b98f169a6db	bASW	1	0.9499268566	0.8545520338	0.9956572162	0.1411051824	ok	0.1411051824	0.6759129691610815
STOmics0224	Visium	8	hybrid_hvg_svg_union	2000	cellcharter	integration_eval	iLISI	0.0687452568	0	75.9731059624	4462.82421875	2000	cache_signature=618befb30da2829469d98b98f169a6db	iLISI	1	0.0687452568	0.0349506773	0.62555076	0.5906000827	ok	0.5906000827	0.05722074969157467
STOmics0224	Visium	8	hybrid_hvg_svg_union	2000	cellcharter	integration_eval	dASW	0.477089053	0	75.9731059624	4462.82421875	2000	cache_signature=618befb30da2829469d98b98f169a6db	dASW	1	0.477089053	0.3916968753	0.4969716542	0.1052747788999999	ok	0.1052747788999999	0.8111361390852567
STOmics0224	Visium	8	hybrid_hvg_svg_union	2000	cellcharter	integration_eval	dLISI	0.7467469005	0	75.9731059624	4462.82421875	2000	cache_signature=618befb30da2829469d98b98f169a6db	dLISI	1	0.7467469005	0.5420381727	0.7748628095	0.2328246367999999	ok	0.2328246367999999	0.8792399748307054
STOmics0224	Visium	8	hybrid_hvg_svg_union	2000	cellcharter	integration_eval	ILL	0.1155555556	0	75.9731059624	4462.82421875	2000	cache_signature=618befb30da2829469d98b98f169a6db	ILL	1	0.1155555556	0.0	0.2352941176	0.2352941176	ok	0.2352941176	0.4911111113982222
STOmics0224	Visium	8	hybrid_hvg_svg_union	2000	cellcharter	integration_eval	GC	0.8055950055	0	75.9731059624	4462.82421875	2000	cache_signature=618befb30da2829469d98b98f169a6db	GC	1	0.8055950055	0.3776592718666666	0.9255524114	0.5478931395333333	ok	0.5478931395333333	0.7810569301850113
STOmics0224	Visium	8	hybrid_hvg_svg_union	2000	cellcharter	clustering_eval	silhouette	0.1026043966	1	51.9773619128	5443.12109375	2000	cache_signature=88d890d43f99172217d50a03d71080f7	silhouette	1	0.1026043966	-0.0102415066	0.4495570362	0.4597985428	ok	0.4597985428	0.24542466470818056
STOmics0224	Visium	8	hybrid_hvg_svg_union	2000	cellcharter	clustering_eval	ari	0.0542023299	1	51.9773619128	5443.12109375	2000	cache_signature=88d890d43f99172217d50a03d71080f7	ari	1	0.0542023299	0.0047920156	0.0801896449	0.0753976292999999	ok	0.0753976292999999	0.6553298128698599
STOmics0224	Visium	8	hybrid_hvg_svg_union	2000	cellcharter	clustering_eval	nmi	0.0832834309	1	51.9773619128	5443.12109375	2000	cache_signature=88d890d43f99172217d50a03d71080f7	nmi	1	0.0832834309	0.0061898033	0.1129254461	0.1067356427999999	ok	0.1067356427999999	0.722285691804538
STOmics0224	Visium	8	hybrid_hvg_svg_union	2000	cellcharter	clustering_eval	CHAOS	0.0738887302	1	51.9773619128	5443.12109375	2000	cache_signature=88d890d43f99172217d50a03d71080f7	CHAOS	-1	-0.0738887302	-0.1318392451	-0.0726271142	0.0592121309	ok	0.0592121309	0.9786932849599574
STOmics0224	Visium	8	hybrid_hvg_svg_union	2000	cellcharter	clustering_eval	PAS	0.1186666667	1	51.9773619128	5443.12109375	2000	cache_signature=88d890d43f99172217d50a03d71080f7	PAS	-1	-0.1186666667	-0.9725833333	-0.06725	0.9053333333	ok	0.9053333333	0.9432069219051255
STOmics0224	Visium	8	hybrid_hvg_svg_union	2000	cellcharter	integration_eval	bASW	0.9416257186	1	54.5191774983	5443.12109375	2000	cache_signature=292dd6d3e057fe5ff52f7c172ee03484	bASW	1	0.9416257186	0.8545520338	0.9956572162	0.1411051824	ok	0.1411051824	0.6170835352678017
STOmics0224	Visium	8	hybrid_hvg_svg_union	2000	cellcharter	integration_eval	iLISI	0.0529536386	1	54.5191774983	5443.12109375	2000	cache_signature=292dd6d3e057fe5ff52f7c172ee03484	iLISI	1	0.0529536386	0.0349506773	0.62555076	0.5906000827	ok	0.5906000827	0.030482490313406784
STOmics0224	Visium	8	hybrid_hvg_svg_union	2000	cellcharter	integration_eval	dASW	0.481305737	1	54.5191774983	5443.12109375	2000	cache_signature=292dd6d3e057fe5ff52f7c172ee03484	dASW	1	0.481305737	0.3916968753	0.4969716542	0.1052747788999999	ok	0.1052747788999999	0.8511902151332856
STOmics0224	Visium	8	hybrid_hvg_svg_union	2000	cellcharter	integration_eval	dLISI	0.7548786606	1	54.5191774983	5443.12109375	2000	cache_signature=292dd6d3e057fe5ff52f7c172ee03484	dLISI	1	0.7548786606	0.5420381727	0.7748628095	0.2328246367999999	ok	0.2328246367999999	0.9141665195974659
STOmics0224	Visium	8	hybrid_hvg_svg_union	2000	cellcharter	integration_eval	ILL	0.1387283237	1	54.5191774983	5443.12109375	2000	cache_signature=292dd6d3e057fe5ff52f7c172ee03484	ILL	1	0.1387283237	0.0	0.2352941176	0.2352941176	ok	0.2352941176	0.5895953758429191
STOmics0224	Visium	8	hybrid_hvg_svg_union	2000	cellcharter	integration_eval	GC	0.8233813919	1	54.5191774983	5443.12109375	2000	cache_signature=292dd6d3e057fe5ff52f7c172ee03484	GC	1	0.8233813919	0.3776592718666666	0.9255524114	0.5478931395333333	ok	0.5478931395333333	0.8135201700334781
STOmics0224	Visium	8	hybrid_hvg_svg_union	2000	cellcharter	clustering_eval	silhouette	0.0831470266	2	51.9744382957	5670.36328125	2000	cache_signature=01cac6d64245b44a21b5f18e1543972d	silhouette	1	0.0831470266	-0.0102415066	0.4495570362	0.4597985428	ok	0.4597985428	0.20310750145335174
STOmics0224	Visium	8	hybrid_hvg_svg_union	2000	cellcharter	clustering_eval	ari	0.0468262958	2	51.9744382957	5670.36328125	2000	cache_signature=01cac6d64245b44a21b5f18e1543972d	ari	1	0.0468262958	0.0047920156	0.0801896449	0.0753976292999999	ok	0.0753976292999999	0.5575013510404904
STOmics0224	Visium	8	hybrid_hvg_svg_union	2000	cellcharter	clustering_eval	nmi	0.0879105036	2	51.9744382957	5670.36328125	2000	cache_signature=01cac6d64245b44a21b5f18e1543972d	nmi	1	0.0879105036	0.0061898033	0.1129254461	0.1067356427999999	ok	0.1067356427999999	0.7656364655350167
STOmics0224	Visium	8	hybrid_hvg_svg_union	2000	cellcharter	clustering_eval	CHAOS	0.0740318249	2	51.9744382957	5670.36328125	2000	cache_signature=01cac6d64245b44a21b5f18e1543972d	CHAOS	-1	-0.0740318249	-0.1318392451	-0.0726271142	0.0592121309	ok	0.0592121309	0.9762766399612888
STOmics0224	Visium	8	hybrid_hvg_svg_union	2000	cellcharter	clustering_eval	PAS	0.113	2	51.9744382957	5670.36328125	2000	cache_signature=01cac6d64245b44a21b5f18e1543972d	PAS	-1	-0.113	-0.9725833333	-0.06725	0.9053333333	ok	0.9053333333	0.9494661266549878
STOmics0224	Visium	8	hybrid_hvg_svg_union	2000	cellcharter	integration_eval	bASW	0.9436814072	2	54.3998923749	5669.953125	2000	cache_signature=3a79e32d850dbf420d753971709ea507	bASW	1	0.9436814072	0.8545520338	0.9956572162	0.1411051824	ok	0.1411051824	0.6316520193237073
STOmics0224	Visium	8	hybrid_hvg_svg_union	2000	cellcharter	integration_eval	iLISI	0.06047733	2	54.3998923749	5669.953125	2000	cache_signature=3a79e32d850dbf420d753971709ea507	iLISI	1	0.06047733	0.0349506773	0.62555076	0.5906000827	ok	0.5906000827	0.0432215528709407
STOmics0224	Visium	8	hybrid_hvg_svg_union	2000	cellcharter	integration_eval	dASW	0.4771204293	2	54.3998923749	5669.953125	2000	cache_signature=3a79e32d850dbf420d753971709ea507	dASW	1	0.4771204293	0.3916968753	0.4969716542	0.1052747788999999	ok	0.1052747788999999	0.81143418103156
STOmics0224	Visium	8	hybrid_hvg_svg_union	2000	cellcharter	integration_eval	dLISI	0.7467260779	2	54.3998923749	5669.953125	2000	cache_signature=3a79e32d850dbf420d753971709ea507	dLISI	1	0.7467260779	0.5420381727	0.7748628095	0.2328246367999999	ok	0.2328246367999999	0.8791505401373404
STOmics0224	Visium	8	hybrid_hvg_svg_union	2000	cellcharter	integration_eval	ILL	0.1094224924	2	54.3998923749	5669.953125	2000	cache_signature=3a79e32d850dbf420d753971709ea507	ILL	1	0.1094224924	0.0	0.2352941176	0.2352941176	ok	0.2352941176	0.46504559279300917
STOmics0224	Visium	8	hybrid_hvg_svg_union	2000	cellcharter	integration_eval	GC	0.7813414423	2	54.3998923749	5669.953125	2000	cache_signature=3a79e32d850dbf420d753971709ea507	GC	1	0.7813414423	0.3776592718666666	0.9255524114	0.5478931395333333	ok	0.5478931395333333	0.7367899710829904
STOmics0224	Visium	8	hybrid_hvg_svg_intersection	2000	scvi	clustering_eval	silhouette	0.1144159213	0	38.8256045012	5443.12109375	134	cache_signature=7ee4d5e8318ef41c9eb6adca50da2788	silhouette	1	0.1144159213	-0.0102415066	0.4495570362	0.4597985428	ok	0.4597985428	0.2711131425969365
STOmics0224	Visium	8	hybrid_hvg_svg_intersection	2000	scvi	clustering_eval	ari	0.0499512437	0	38.8256045012	5443.12109375	134	cache_signature=7ee4d5e8318ef41c9eb6adca50da2788	ari	1	0.0499512437	0.0047920156	0.0801896449	0.0753976292999999	ok	0.0753976292999999	0.5989475865390381
STOmics0224	Visium	8	hybrid_hvg_svg_intersection	2000	scvi	clustering_eval	nmi	0.0694690768	0	38.8256045012	5443.12109375	134	cache_signature=7ee4d5e8318ef41c9eb6adca50da2788	nmi	1	0.0694690768	0.0061898033	0.1129254461	0.1067356427999999	ok	0.1067356427999999	0.5928598155217186
STOmics0224	Visium	8	hybrid_hvg_svg_intersection	2000	scvi	clustering_eval	CHAOS	0.1129054392	0	38.8256045012	5443.12109375	134	cache_signature=7ee4d5e8318ef41c9eb6adca50da2788	CHAOS	-1	-0.1129054392	-0.1318392451	-0.0726271142	0.0592121309	ok	0.0592121309	0.3197622786448309
STOmics0224	Visium	8	hybrid_hvg_svg_intersection	2000	scvi	clustering_eval	PAS	0.6484166667	0	38.8256045012	5443.12109375	134	cache_signature=7ee4d5e8318ef41c9eb6adca50da2788	PAS	-1	-0.6484166667	-0.9725833333	-0.06725	0.9053333333	ok	0.9053333333	0.358063328363699
STOmics0224	Visium	8	hybrid_hvg_svg_intersection	2000	scvi	integration_eval	bASW	0.9828499719	0	40.2754544737	5443.12109375	134	cache_signature=84844766dc650827db21f20e6146109f	bASW	1	0.9828499719	0.8545520338	0.9956572162	0.1411051824	ok	0.1411051824	0.9092361876284992
STOmics0224	Visium	8	hybrid_hvg_svg_intersection	2000	scvi	integration_eval	iLISI	0.5267895528	0	40.2754544737	5443.12109375	134	cache_signature=84844766dc650827db21f20e6146109f	iLISI	1	0.5267895528	0.0349506773	0.62555076	0.5906000827	ok	0.5906000827	0.8327782028940782
STOmics0224	Visium	8	hybrid_hvg_svg_intersection	2000	scvi	integration_eval	dASW	0.4844409199	0	40.2754544737	5443.12109375	134	cache_signature=84844766dc650827db21f20e6146109f	dASW	1	0.4844409199	0.3916968753	0.4969716542	0.1052747788999999	ok	0.1052747788999999	0.8809711648798348
STOmics0224	Visium	8	hybrid_hvg_svg_intersection	2000	scvi	integration_eval	dLISI	0.6358135163	0	40.2754544737	5443.12109375	134	cache_signature=84844766dc650827db21f20e6146109f	dLISI	1	0.6358135163	0.5420381727	0.7748628095	0.2328246367999999	ok	0.2328246367999999	0.40277242515599665
STOmics0224	Visium	8	hybrid_hvg_svg_intersection	2000	scvi	integration_eval	ILL	0.0481927711	0	40.2754544737	5443.12109375	134	cache_signature=84844766dc650827db21f20e6146109f	ILL	1	0.0481927711	0.0	0.2352941176	0.2352941176	ok	0.2352941176	0.20481927721596385
STOmics0224	Visium	8	hybrid_hvg_svg_intersection	2000	scvi	integration_eval	GC	0.6956601702	0	40.2754544737	5443.12109375	134	cache_signature=84844766dc650827db21f20e6146109f	GC	1	0.6956601702	0.3776592718666666	0.9255524114	0.5478931395333333	ok	0.5478931395333333	0.5804067899156211
STOmics0224	Visium	8	hybrid_hvg_svg_intersection	2000	scvi	clustering_eval	silhouette	0.0994330645	1	20.5987595459	5443.12109375	134	cache_signature=ded5b04e006e05ec70357efb8336a244	silhouette	1	0.0994330645	-0.0102415066	0.4495570362	0.4597985428	ok	0.4597985428	0.2385274438499156
STOmics0224	Visium	8	hybrid_hvg_svg_intersection	2000	scvi	clustering_eval	ari	0.0512352658	1	20.5987595459	5443.12109375	134	cache_signature=ded5b04e006e05ec70357efb8336a244	ari	1	0.0512352658	0.0047920156	0.0801896449	0.0753976292999999	ok	0.0753976292999999	0.6159775928127235
STOmics0224	Visium	8	hybrid_hvg_svg_intersection	2000	scvi	clustering_eval	nmi	0.0659340899	1	20.5987595459	5443.12109375	134	cache_signature=ded5b04e006e05ec70357efb8336a244	nmi	1	0.0659340899	0.0061898033	0.1129254461	0.1067356427999999	ok	0.1067356427999999	0.5597407298323785
STOmics0224	Visium	8	hybrid_hvg_svg_intersection	2000	scvi	clustering_eval	CHAOS	0.1143034817	1	20.5987595459	5443.12109375	134	cache_signature=ded5b04e006e05ec70357efb8336a244	CHAOS	-1	-0.1143034817	-0.1318392451	-0.0726271142	0.0592121309	ok	0.0592121309	0.29615153404317024
STOmics0224	Visium	8	hybrid_hvg_svg_intersection	2000	scvi	clustering_eval	PAS	0.68025	1	20.5987595459	5443.12109375	134	cache_signature=ded5b04e006e05ec70357efb8336a244	PAS	-1	-0.68025	-0.9725833333	-0.06725	0.9053333333	ok	0.9053333333	0.3229013254537151
STOmics0224	Visium	8	hybrid_hvg_svg_intersection	2000	scvi	integration_eval	bASW	0.9827361735	1	22.3631217154	5443.12109375	134	cache_signature=191703dcaa466b4cbe91b0cd3c42039d	bASW	1	0.9827361735	0.8545520338	0.9956572162	0.1411051824	ok	0.1411051824	0.9084297083903559
STOmics0224	Visium	8	hybrid_hvg_svg_intersection	2000	scvi	integration_eval	iLISI	0.540424211	1	22.3631217154	5443.12109375	134	cache_signature=191703dcaa466b4cbe91b0cd3c42039d	iLISI	1	0.540424211	0.0349506773	0.62555076	0.5906000827	ok	0.5906000827	0.8558643124280756
STOmics0224	Visium	8	hybrid_hvg_svg_intersection	2000	scvi	integration_eval	dASW	0.4865000593	1	22.3631217154	5443.12109375	134	cache_signature=191703dcaa466b4cbe91b0cd3c42039d	dASW	1	0.4865000593	0.3916968753	0.4969716542	0.1052747788999999	ok	0.1052747788999999	0.9005308298016296
STOmics0224	Visium	8	hybrid_hvg_svg_intersection	2000	scvi	integration_eval	dLISI	0.6332696902	1	22.3631217154	5443.12109375	134	cache_signature=191703dcaa466b4cbe91b0cd3c42039d	dLISI	1	0.6332696902	0.5420381727	0.7748628095	0.2328246367999999	ok	0.2328246367999999	0.39184649336903876
STOmics0224	Visium	8	hybrid_hvg_svg_intersection	2000	scvi	integration_eval	ILL	0.0811594203	1	22.3631217154	5443.12109375	134	cache_signature=191703dcaa466b4cbe91b0cd3c42039d	ILL	1	0.0811594203	0.0	0.2352941176	0.2352941176	ok	0.2352941176	0.3449275363439855
STOmics0224	Visium	8	hybrid_hvg_svg_intersection	2000	scvi	integration_eval	GC	0.6946548175	1	22.3631217154	5443.12109375	134	cache_signature=191703dcaa466b4cbe91b0cd3c42039d	GC	1	0.6946548175	0.3776592718666666	0.9255524114	0.5478931395333333	ok	0.5478931395333333	0.5785718468811887
STOmics0224	Visium	8	hybrid_hvg_svg_intersection	2000	scvi	clustering_eval	silhouette	0.1001168266	2	21.4284664886	5670.36328125	134	cache_signature=b9ea74b11ea49bb9fdc6254a34397419	silhouette	1	0.1001168266	-0.0102415066	0.4495570362	0.4597985428	ok	0.4597985428	0.24001453446972518
STOmics0224	Visium	8	hybrid_hvg_svg_intersection	2000	scvi	clustering_eval	ari	0.0371152406	2	21.4284664886	5670.36328125	134	cache_signature=b9ea74b11ea49bb9fdc6254a34397419	ari	1	0.0371152406	0.0047920156	0.0801896449	0.0753976292999999	ok	0.0753976292999999	0.428703465879398
STOmics0224	Visium	8	hybrid_hvg_svg_intersection	2000	scvi	clustering_eval	nmi	0.0508247521	2	21.4284664886	5670.36328125	134	cache_signature=b9ea74b11ea49bb9fdc6254a34397419	nmi	1	0.0508247521	0.0061898033	0.1129254461	0.1067356427999999	ok	0.1067356427999999	0.4181822269402217
STOmics0224	Visium	8	hybrid_hvg_svg_intersection	2000	scvi	clustering_eval	CHAOS	0.1109161249	2	21.4284664886	5670.36328125	134	cache_signature=b9ea74b11ea49bb9fdc6254a34397419	CHAOS	-1	-0.1109161249	-0.1318392451	-0.0726271142	0.0592121309	ok	0.0592121309	0.3533586763721757
STOmics0224	Visium	8	hybrid_hvg_svg_intersection	2000	scvi	clustering_eval	PAS	0.6755	2	21.4284664886	5670.36328125	134	cache_signature=b9ea74b11ea49bb9fdc6254a34397419	PAS	-1	-0.6755	-0.9725833333	-0.06725	0.9053333333	ok	0.9053333333	0.32814801175729563
STOmics0224	Visium	8	hybrid_hvg_svg_intersection	2000	scvi	integration_eval	bASW	0.9801575836	2	22.9689723486	5670.36328125	134	cache_signature=a5c7f8705095b72b733a17735a7b1d13	bASW	1	0.9801575836	0.8545520338	0.9956572162	0.1411051824	ok	0.1411051824	0.8901554688752527
STOmics0224	Visium	8	hybrid_hvg_svg_intersection	2000	scvi	integration_eval	iLISI	0.5323262653	2	22.9689723486	5670.36328125	134	cache_signature=a5c7f8705095b72b733a17735a7b1d13	iLISI	1	0.5323262653	0.0349506773	0.62555076	0.5906000827	ok	0.5906000827	0.8421529264374417
STOmics0224	Visium	8	hybrid_hvg_svg_intersection	2000	scvi	integration_eval	dASW	0.4849608382	2	22.9689723486	5670.36328125	134	cache_signature=a5c7f8705095b72b733a17735a7b1d13	dASW	1	0.4849608382	0.3916968753	0.4969716542	0.1052747788999999	ok	0.1052747788999999	0.8859098435019377
STOmics0224	Visium	8	hybrid_hvg_svg_intersection	2000	scvi	integration_eval	dLISI	0.6290179165	2	22.9689723486	5670.36328125	134	cache_signature=a5c7f8705095b72b733a17735a7b1d13	dLISI	1	0.6290179165	0.5420381727	0.7748628095	0.2328246367999999	ok	0.2328246367999999	0.37358479323954474
STOmics0224	Visium	8	hybrid_hvg_svg_intersection	2000	scvi	integration_eval	ILL	0.04	2	22.9689723486	5670.36328125	134	cache_signature=a5c7f8705095b72b733a17735a7b1d13	ILL	1	0.04	0.0	0.2352941176	0.2352941176	ok	0.2352941176	0.170000000034
STOmics0224	Visium	8	hybrid_hvg_svg_intersection	2000	scvi	integration_eval	GC	0.7047797541	2	22.9689723486	5670.36328125	134	cache_signature=a5c7f8705095b72b733a17735a7b1d13	GC	1	0.7047797541	0.3776592718666666	0.9255524114	0.5478931395333333	ok	0.5478931395333333	0.5970516121299814
STOmics0224	Visium	8	hybrid_hvg_svg_union	2000	scvi	clustering_eval	silhouette	0.238937214	0	52.8036726369	4050.7109375	2000	cache_signature=ff36b335c7721c89410cc1095c0c9a54	silhouette	1	0.238937214	-0.0102415066	0.4495570362	0.4597985428	ok	0.4597985428	0.5419302094404115
STOmics0224	Visium	8	hybrid_hvg_svg_union	2000	scvi	clustering_eval	ari	0.0558826001	0	52.8036726369	4050.7109375	2000	cache_signature=ff36b335c7721c89410cc1095c0c9a54	ari	1	0.0558826001	0.0047920156	0.0801896449	0.0753976292999999	ok	0.0753976292999999	0.6776152642242304
STOmics0224	Visium	8	hybrid_hvg_svg_union	2000	scvi	clustering_eval	nmi	0.101011478	0	52.8036726369	4050.7109375	2000	cache_signature=ff36b335c7721c89410cc1095c0c9a54	nmi	1	0.101011478	0.0061898033	0.1129254461	0.1067356427999999	ok	0.1067356427999999	0.8883787290968569
STOmics0224	Visium	8	hybrid_hvg_svg_union	2000	scvi	clustering_eval	CHAOS	0.0977792149	0	52.8036726369	4050.7109375	2000	cache_signature=ff36b335c7721c89410cc1095c0c9a54	CHAOS	-1	-0.0977792149	-0.1318392451	-0.0726271142	0.0592121309	ok	0.0592121309	0.5752204773295874
STOmics0224	Visium	8	hybrid_hvg_svg_union	2000	scvi	clustering_eval	PAS	0.5556666667	0	52.8036726369	4050.7109375	2000	cache_signature=ff36b335c7721c89410cc1095c0c9a54	PAS	-1	-0.5556666667	-0.9725833333	-0.06725	0.9053333333	ok	0.9053333333	0.46051178197571846
STOmics0224	Visium	8	hybrid_hvg_svg_union	2000	scvi	integration_eval	bASW	0.961056053	0	54.6925433818	4050.7109375	2000	cache_signature=590a48c14c8a7b3ef28279ac206d5c6e	bASW	1	0.961056053	0.8545520338	0.9956572162	0.1411051824	ok	0.1411051824	0.7547846038573277
STOmics0224	Visium	8	hybrid_hvg_svg_union	2000	scvi	integration_eval	iLISI	0.415279276	0	54.6925433818	4050.7109375	2000	cache_signature=590a48c14c8a7b3ef28279ac206d5c6e	iLISI	1	0.415279276	0.0349506773	0.62555076	0.5906000827	ok	0.5906000827	0.6439697687837794
STOmics0224	Visium	8	hybrid_hvg_svg_union	2000	scvi	integration_eval	dASW	0.4557548985	0	54.6925433818	4050.7109375	2000	cache_signature=590a48c14c8a7b3ef28279ac206d5c6e	dASW	1	0.4557548985	0.3916968753	0.4969716542	0.1052747788999999	ok	0.1052747788999999	0.6084840440353567
STOmics0224	Visium	8	hybrid_hvg_svg_union	2000	scvi	integration_eval	dLISI	0.6875031742	0	54.6925433818	4050.7109375	2000	cache_signature=590a48c14c8a7b3ef28279ac206d5c6e	dLISI	1	0.6875031742	0.5420381727	0.7748628095	0.2328246367999999	ok	0.2328246367999999	0.6247835430962435
STOmics0224	Visium	8	hybrid_hvg_svg_union	2000	scvi	integration_eval	ILL	0.0447761194	0	54.6925433818	4050.7109375	2000	cache_signature=590a48c14c8a7b3ef28279ac206d5c6e	ILL	1	0.0447761194	0.0	0.2352941176	0.2352941176	ok	0.2352941176	0.1902985074880597
STOmics0224	Visium	8	hybrid_hvg_svg_union	2000	scvi	integration_eval	GC	0.6528899151	0	54.6925433818	4050.7109375	2000	cache_signature=590a48c14c8a7b3ef28279ac206d5c6e	GC	1	0.6528899151	0.3776592718666666	0.9255524114	0.5478931395333333	ok	0.5478931395333333	0.5023436567717575
STOmics0224	Visium	8	hybrid_hvg_svg_union	2000	scvi	clustering_eval	silhouette	0.1961037815	1	31.2985149706	5443.12109375	2000	cache_signature=9b011db853320bd86b745b64a033c0bb	silhouette	1	0.1961037815	-0.0102415066	0.4495570362	0.4597985428	ok	0.4597985428	0.44877325370244736
STOmics0224	Visium	8	hybrid_hvg_svg_union	2000	scvi	clustering_eval	ari	0.0601717649	1	31.2985149706	5443.12109375	2000	cache_signature=9b011db853320bd86b745b64a033c0bb	ari	1	0.0601717649	0.0047920156	0.0801896449	0.0753976292999999	ok	0.0753976292999999	0.7345025276544084
STOmics0224	Visium	8	hybrid_hvg_svg_union	2000	scvi	clustering_eval	nmi	0.1098005939	1	31.2985149706	5443.12109375	2000	cache_signature=9b011db853320bd86b745b64a033c0bb	nmi	1	0.1098005939	0.0061898033	0.1129254461	0.1067356427999999	ok	0.1067356427999999	0.9707234423476023
STOmics0224	Visium	8	hybrid_hvg_svg_union	2000	scvi	clustering_eval	CHAOS	0.0986074501	1	31.2985149706	5443.12109375	2000	cache_signature=9b011db853320bd86b745b64a033c0bb	CHAOS	-1	-0.0986074501	-0.1318392451	-0.0726271142	0.0592121309	ok	0.0592121309	0.5612328841217232
STOmics0224	Visium	8	hybrid_hvg_svg_union	2000	scvi	clustering_eval	PAS	0.4975833333	1	31.2985149706	5443.12109375	2000	cache_signature=9b011db853320bd86b745b64a033c0bb	PAS	-1	-0.4975833333	-0.9725833333	-0.06725	0.9053333333	ok	0.9053333333	0.5246686303580512
STOmics0224	Visium	8	hybrid_hvg_svg_union	2000	scvi	integration_eval	bASW	0.973445121	1	32.7308841674	5443.12109375	2000	cache_signature=f443f2fdece6948a5d1e9138f71a535c	bASW	1	0.973445121	0.8545520338	0.9956572162	0.1411051824	ok	0.1411051824	0.8425848376211024
STOmics0224	Visium	8	hybrid_hvg_svg_union	2000	scvi	integration_eval	iLISI	0.4365527726	1	32.7308841674	5443.12109375	2000	cache_signature=f443f2fdece6948a5d1e9138f71a535c	iLISI	1	0.4365527726	0.0349506773	0.62555076	0.5906000827	ok	0.5906000827	0.6799899069841427
STOmics0224	Visium	8	hybrid_hvg_svg_union	2000	scvi	integration_eval	dASW	0.4750158992	1	32.7308841674	5443.12109375	2000	cache_signature=f443f2fdece6948a5d1e9138f71a535c	dASW	1	0.4750158992	0.3916968753	0.4969716542	0.1052747788999999	ok	0.1052747788999999	0.7914433520600824
STOmics0224	Visium	8	hybrid_hvg_svg_union	2000	scvi	integration_eval	dLISI	0.6845596415	1	32.7308841674	5443.12109375	2000	cache_signature=f443f2fdece6948a5d1e9138f71a535c	dLISI	1	0.6845596415	0.5420381727	0.7748628095	0.2328246367999999	ok	0.2328246367999999	0.6121408402429004
STOmics0224	Visium	8	hybrid_hvg_svg_union	2000	scvi	integration_eval	ILL	0.0646766169	1	32.7308841674	5443.12109375	2000	cache_signature=f443f2fdece6948a5d1e9138f71a535c	ILL	1	0.0646766169	0.0	0.2352941176	0.2352941176	ok	0.2352941176	0.2748756218799751
STOmics0224	Visium	8	hybrid_hvg_svg_union	2000	scvi	integration_eval	GC	0.6744929965	1	32.7308841674	5443.12109375	2000	cache_signature=f443f2fdece6948a5d1e9138f71a535c	GC	1	0.6744929965	0.3776592718666666	0.9255524114	0.5478931395333333	ok	0.5478931395333333	0.541773026919375
STOmics0224	Visium	8	hybrid_hvg_svg_union	2000	scvi	clustering_eval	silhouette	0.2194566131	2	31.2966223536	5443.12109375	2000	cache_signature=b6ca8bbe6eec39697d1053e868272904	silhouette	1	0.2194566131	-0.0102415066	0.4495570362	0.4597985428	ok	0.4597985428	0.49956252210201657
STOmics0224	Visium	8	hybrid_hvg_svg_union	2000	scvi	clustering_eval	ari	0.0527477366	2	31.2966223536	5443.12109375	2000	cache_signature=b6ca8bbe6eec39697d1053e868272904	ari	1	0.0527477366	0.0047920156	0.0801896449	0.0753976292999999	ok	0.0753976292999999	0.6360375179594681
STOmics0224	Visium	8	hybrid_hvg_svg_union	2000	scvi	clustering_eval	nmi	0.0923642574	2	31.2966223536	5443.12109375	2000	cache_signature=b6ca8bbe6eec39697d1053e868272904	nmi	1	0.0923642574	0.0061898033	0.1129254461	0.1067356427999999	ok	0.1067356427999999	0.807363424619766
STOmics0224	Visium	8	hybrid_hvg_svg_union	2000	scvi	clustering_eval	CHAOS	0.1007669108	2	31.2966223536	5443.12109375	2000	cache_signature=b6ca8bbe6eec39697d1053e868272904	CHAOS	-1	-0.1007669108	-0.1318392451	-0.0726271142	0.0592121309	ok	0.0592121309	0.5247629806209188
STOmics0224	Visium	8	hybrid_hvg_svg_union	2000	scvi	clustering_eval	PAS	0.5921666667	2	31.2966223536	5443.12109375	2000	cache_signature=b6ca8bbe6eec39697d1053e868272904	PAS	-1	-0.5921666667	-0.9725833333	-0.06725	0.9053333333	ok	0.9053333333	0.42019513985346824
STOmics0224	Visium	8	hybrid_hvg_svg_union	2000	scvi	integration_eval	bASW	0.9649895185	2	32.858271745	5443.12109375	2000	cache_signature=b68d05562709f5fa565c5a1df3cf96f5	bASW	1	0.9649895185	0.8545520338	0.9956572162	0.1411051824	ok	0.1411051824	0.7826607274205971
STOmics0224	Visium	8	hybrid_hvg_svg_union	2000	scvi	integration_eval	iLISI	0.4465945012	2	32.858271745	5443.12109375	2000	cache_signature=b68d05562709f5fa565c5a1df3cf96f5	iLISI	1	0.4465945012	0.0349506773	0.62555076	0.5906000827	ok	0.5906000827	0.6969924928186942
STOmics0224	Visium	8	hybrid_hvg_svg_union	2000	scvi	integration_eval	dASW	0.4692100715	2	32.858271745	5443.12109375	2000	cache_signature=b68d05562709f5fa565c5a1df3cf96f5	dASW	1	0.4692100715	0.3916968753	0.4969716542	0.1052747788999999	ok	0.1052747788999999	0.7362940773651917
STOmics0224	Visium	8	hybrid_hvg_svg_union	2000	scvi	integration_eval	dLISI	0.6824881903	2	32.858271745	5443.12109375	2000	cache_signature=b68d05562709f5fa565c5a1df3cf96f5	dLISI	1	0.6824881903	0.5420381727	0.7748628095	0.2328246367999999	ok	0.2328246367999999	0.6032437955466405
STOmics0224	Visium	8	hybrid_hvg_svg_union	2000	scvi	integration_eval	ILL	0.0700808625	2	32.858271745	5443.12109375	2000	cache_signature=b68d05562709f5fa565c5a1df3cf96f5	ILL	1	0.0700808625	0.0	0.2352941176	0.2352941176	ok	0.2352941176	0.2978436656845687
STOmics0224	Visium	8	hybrid_hvg_svg_union	2000	scvi	integration_eval	GC	0.6822927754	2	32.858271745	5443.12109375	2000	cache_signature=b68d05562709f5fa565c5a1df3cf96f5	GC	1	0.6822927754	0.3776592718666666	0.9255524114	0.5478931395333333	ok	0.5478931395333333	0.5560089761167739
