dataset	fs_method	n_features	integration_method	BatchMixingMean	BatchMixingSD	BatchMixingNSeeds	BiologicalConservationMean	BiologicalConservationSD	BiologicalConservationNSeeds	IntegrationMean	IntegrationSD	IntegrationNSeeds	LabelIndependentClusteringMean	LabelIndependentClusteringSD	LabelIndependentClusteringNSeeds	LabelAgreementMean	LabelAgreementSD	LabelAgreementNSeeds	ClusteringMean	ClusteringSD	ClusteringNSeeds	AlignmentMean	AlignmentSD	AlignmentNSeeds	CoreOverallMean	CoreOverallSD	CoreOverallNSeeds	AlignmentEligibleOverallMean	AlignmentEligibleOverallSD	AlignmentEligibleOverallNSeeds	MethodGroup	NFeatures	Dataset	Integrator	Method
DLPFC	Brennecke	100	cellcharter	0.6858220328131459	NA	1	0.7381215624820828	NA	1	0.7119717976476143	NA	1	0.6456586771036245	NA	1	0.49602704061659497	NA	1	0.5708428588601098	NA	1	0.8068105877074865	NA	1	0.641407328253862	NA	1	0.6965417480717369	NA	1	expression_driven	100	DLPFC	CellCharter	Brennecke
DLPFC	Brennecke	100	scvi	0.9450910251743656	NA	1	0.5225841481510018	NA	1	0.7338375866626838	NA	1	0.29088618214979584	NA	1	0.22224888895170375	NA	1	0.2565675355507498	NA	1	0.661302634944192	NA	1	0.4952025611067168	NA	1	0.5505692523858752	NA	1	expression_driven	100	DLPFC	scVI	Brennecke
DLPFC	Brennecke	1000	cellcharter	0.6245082361534342	NA	1	0.8227021963396777	NA	1	0.7236052162465559	NA	1	0.6622729088764655	NA	1	0.520955805355681	NA	1	0.5916143571160732	NA	1	0.8339454211134885	NA	1	0.6576097866813146	NA	1	0.7163883314920393	NA	1	expression_driven	1000	DLPFC	CellCharter	Brennecke
DLPFC	Brennecke	1000	scvi	0.936278967210276	NA	1	0.5941069204920529	NA	1	0.7651929438511644	NA	1	0.389189057272809	NA	1	0.36385052389270667	NA	1	0.37651979058275786	NA	1	0.71571490324001	NA	1	0.5708563672169611	NA	1	0.6191425458913108	NA	1	expression_driven	1000	DLPFC	scVI	Brennecke
DLPFC	Brennecke	10000	cellcharter	0.5303616751849818	NA	1	0.8685344294979205	NA	1	0.6994480523414511	NA	1	0.731044712949292	NA	1	0.6120184930758827	NA	1	0.6715316030125873	NA	1	0.856719415086207	NA	1	0.6854898276770192	NA	1	0.742566356813415	NA	1	expression_driven	10000	DLPFC	CellCharter	Brennecke
DLPFC	Brennecke	10000	scvi	0.5842219917090772	NA	1	0.5374468798014863	NA	1	0.5608344357552817	NA	1	0.4703128444954266	NA	1	0.4273033921770735	NA	1	0.44880811833625006	NA	1	0.6873549313727524	NA	1	0.5048212770457658	NA	1	0.5656658284880947	NA	1	expression_driven	10000	DLPFC	scVI	Brennecke
DLPFC	Brennecke	200	cellcharter	0.6727010661005005	NA	1	0.7753825871812542	NA	1	0.7240418266408774	NA	1	0.6326795039054441	NA	1	0.44210077605390014	NA	1	0.5373901399796721	NA	1	0.83178018252577	NA	1	0.6307159833102747	NA	1	0.6977373830487732	NA	1	expression_driven	200	DLPFC	CellCharter	Brennecke
DLPFC	Brennecke	200	scvi	0.9513497485734002	NA	1	0.5586543614956285	NA	1	0.7550020550345143	NA	1	0.3201785699882518	NA	1	0.29019258212225485	NA	1	0.3051855760552533	NA	1	0.6936695177152791	NA	1	0.5300938155448838	NA	1	0.5846190496016822	NA	1	expression_driven	200	DLPFC	scVI	Brennecke
DLPFC	Brennecke	2000	cellcharter	0.6027768003037455	0.00147564082655397	3	0.8511928773946383	0.00913436603831417	3	0.72698483884919185	0.00447837745042111	3	0.6770619605031593	0.00776379645290557	3	0.6045300817662366	0.03787579263149182	3	0.6407960211346979	0.01765152254127703	3	0.8515784664846677	0.00628356529615124	3	0.6838904299919449	0.00950445038848679	3	0.7397864421561859	0.00833971488035098	3	expression_driven	2000	DLPFC	CellCharter	Brennecke
DLPFC	Brennecke	2000	scvi	0.8575313007763056	0.01914874520371093	3	0.6286432292469821	0.01780618470654689	3	0.7430872650116438	0.0112579290956537	3	0.4279932018445287	0.00835427910596929	3	0.45230455729909974	0.02404773835873207	3	0.4401488795718142	0.01191741525653639	3	0.7251048785642406	0.00892836027958051	3	0.591618072291729	0.01006267397583725	3	0.6361136743825662	0.00961087956248197	3	expression_driven	2000	DLPFC	scVI	Brennecke
DLPFC	Brennecke	500	cellcharter	0.6638983869353356	NA	1	0.8007827468396076	NA	1	0.7323405668874716	NA	1	0.6511846946031519	NA	1	0.5004590816261922	NA	1	0.575821888114672	NA	1	0.8343922415007805	NA	1	0.6540812275010719	NA	1	0.7141848988343081	NA	1	expression_driven	500	DLPFC	CellCharter	Brennecke
DLPFC	Brennecke	500	scvi	0.9514139478838002	NA	1	0.5935636014558129	NA	1	0.7724887746698066	NA	1	0.3567340887875465	NA	1	0.373254709814837	NA	1	0.3649943993011917	NA	1	0.7195124315175738	NA	1	0.5687415869854991	NA	1	0.6189985351628574	NA	1	expression_driven	500	DLPFC	scVI	Brennecke
DLPFC	Brennecke	5000	cellcharter	0.5610763938588825	NA	1	0.7804397190308754	NA	1	0.670758056444879	NA	1	0.7169643941171583	NA	1	0.5959480150406145	NA	1	0.6564562045788864	NA	1	0.8749527333861775	NA	1	0.6636071305118827	NA	1	0.7340556648033143	NA	1	expression_driven	5000	DLPFC	CellCharter	Brennecke
DLPFC	Brennecke	5000	scvi	0.7989942897994505	NA	1	0.6453087203670403	NA	1	0.7221515050832454	NA	1	0.5255106041318083	NA	1	0.576929095728806	NA	1	0.5512198499303071	NA	1	0.7491673744216649	NA	1	0.6366856775067763	NA	1	0.6741795764784059	NA	1	expression_driven	5000	DLPFC	scVI	Brennecke
DLPFC	anticor	100	cellcharter	0.6344775926457714	NA	1	0.8737648689618149	NA	1	0.7541212308037932	NA	1	0.6994940461412466	NA	1	0.8120531950977988	NA	1	0.7557736206195227	NA	1	0.9139828682135842	NA	1	0.754947425711658	NA	1	0.8079592398789668	NA	1	expression_driven	100	DLPFC	CellCharter	Anticor
DLPFC	anticor	100	scvi	0.7958368624135539	NA	1	0.6922988535758003	NA	1	0.7440678579946771	NA	1	0.41081377153383186	NA	1	0.6786657408421223	NA	1	0.5447397561879771	NA	1	0.7785851962241208	NA	1	0.6444038070913272	NA	1	0.6891309368022585	NA	1	expression_driven	100	DLPFC	scVI	Anticor
DLPFC	anticor	1000	cellcharter	0.5427285995750608	NA	1	0.8933329854279026	NA	1	0.7180307925014817	NA	1	0.7187034655486849	NA	1	0.7009184855177977	NA	1	0.7098109755332414	NA	1	0.9122719185756216	NA	1	0.7139208840173615	NA	1	0.7800378955367816	NA	1	expression_driven	1000	DLPFC	CellCharter	Anticor
DLPFC	anticor	1000	scvi	0.7738429379993843	NA	1	0.7449837324303468	NA	1	0.7594133352148655	NA	1	0.4957375914949007	NA	1	0.7088397322670281	NA	1	0.6022886618809644	NA	1	0.8100546773279825	NA	1	0.680850998547915	NA	1	0.7239188914746042	NA	1	expression_driven	1000	DLPFC	scVI	Anticor
DLPFC	anticor	10000	cellcharter	0.5176904993495925	NA	1	0.9369429306521372	NA	1	0.7273167150008648	NA	1	0.6742287498286575	NA	1	0.518002482939484	NA	1	0.5961156163840708	NA	1	0.8791883621710292	NA	1	0.6617161656924678	NA	1	0.7342068978519883	NA	1	expression_driven	10000	DLPFC	CellCharter	Anticor
DLPFC	anticor	10000	scvi	0.4608678617553389	NA	1	0.39237233744990063	NA	1	0.42662009960261976	NA	1	0.49166300644563127	NA	1	0.38965959773687736	NA	1	0.4406613020912543	NA	1	0.6167673850384023	NA	1	0.43364070084693707	NA	1	0.4946829289107588	NA	1	expression_driven	10000	DLPFC	scVI	Anticor
DLPFC	anticor	200	cellcharter	0.6066898448728619	NA	1	0.8376014313246092	NA	1	0.7221456380987356	NA	1	0.7073194525929392	NA	1	0.8452977823322729	NA	1	0.776308617462606	NA	1	0.9324435674523248	NA	1	0.7492271277806708	NA	1	0.8102992743378888	NA	1	expression_driven	200	DLPFC	CellCharter	Anticor
DLPFC	anticor	200	scvi	0.8132224341429337	NA	1	0.740382543558509	NA	1	0.7768024888507213	NA	1	0.4598450401816406	NA	1	0.7248023719322434	NA	1	0.592323706056942	NA	1	0.7826544936790101	NA	1	0.6845630974538317	NA	1	0.7172602295288911	NA	1	expression_driven	200	DLPFC	scVI	Anticor
DLPFC	anticor	2000	cellcharter	0.5361794303507982	0.00183185688866307	3	0.9182927755907048	0.03115159642415035	3	0.7272361029707515	0.01649161063570326	3	0.7232766891251775	0.00159877294303123	3	0.6962529099944604	0.0192892902546022	3	0.709764799559819	0.01016956929124894	3	0.917312075942172	0.00748969204496592	3	0.7185004512652852	0.01308991167787545	3	0.7847709928242476	0.00698801412518439	3	expression_driven	2000	DLPFC	CellCharter	Anticor
DLPFC	anticor	2000	scvi	0.7278972203226646	0.05340987949761991	3	0.7303041041834142	0.02390390854064959	3	0.7291006622530394	0.03834261502500337	3	0.4972734964850218	0.01144510264436443	3	0.6943105858480122	0.03215721524219624	3	0.5957920411665171	0.01095232468274411	3	0.7989031743850794	0.0324055230094983	3	0.6624463517097782	0.01612733589137658	3	0.7079319592682118	0.02147680649783045	3	expression_driven	2000	DLPFC	scVI	Anticor
DLPFC	anticor	500	cellcharter	0.5691579760028721	NA	1	0.8921521603894205	NA	1	0.7306550681961463	NA	1	0.716923960133191	NA	1	0.6699055373107912	NA	1	0.693414748721991	NA	1	0.92612070567909	NA	1	0.7120349084590687	NA	1	0.7833968408657425	NA	1	expression_driven	500	DLPFC	CellCharter	Anticor
DLPFC	anticor	500	scvi	0.8218280912228026	NA	1	0.743341178852955	NA	1	0.7825846350378789	NA	1	0.4738161190531122	NA	1	0.6949550410596503	NA	1	0.5843855800563813	NA	1	0.8049932144099496	NA	1	0.6834851075471301	NA	1	0.7239878098347367	NA	1	expression_driven	500	DLPFC	scVI	Anticor
DLPFC	anticor	5000	cellcharter	0.5202156440485838	NA	1	0.9019734618591484	NA	1	0.7110945529538661	NA	1	0.7395763174891271	NA	1	0.5522434970853736	NA	1	0.6459099072872503	NA	1	0.9009749864574388	NA	1	0.6785022301205582	NA	1	0.7526598155661851	NA	1	expression_driven	5000	DLPFC	CellCharter	Anticor
DLPFC	anticor	5000	scvi	0.6570189562860843	NA	1	0.7004295518143242	NA	1	0.6787242540502043	NA	1	0.47914591734154294	NA	1	0.6942869000229173	NA	1	0.5867164086822301	NA	1	0.7654425657446102	NA	1	0.6327203313662172	NA	1	0.6769610761590149	NA	1	expression_driven	5000	DLPFC	scVI	Anticor
DLPFC	dubstepr	100	cellcharter	0.652229058084169	NA	1	0.8363434759538302	NA	1	0.7442862670189996	NA	1	0.6894420399077568	NA	1	0.6506600631865394	NA	1	0.6700510515471481	NA	1	0.8539681193909683	NA	1	0.7071686592830738	NA	1	0.7561018126523719	NA	1	expression_driven	100	DLPFC	CellCharter	DUBStepR
DLPFC	dubstepr	100	scvi	0.8485295755160386	NA	1	0.6579958477964423	NA	1	0.7532627116562405	NA	1	0.4132122890892152	NA	1	0.5852597535983879	NA	1	0.4992360213438015	NA	1	0.7633139741140241	NA	1	0.626249366500021	NA	1	0.6719375690380222	NA	1	expression_driven	100	DLPFC	scVI	DUBStepR
DLPFC	dubstepr	1000	cellcharter	0.5788171004364548	NA	1	0.943995599588836	NA	1	0.7614063500126454	NA	1	0.7062465926827063	NA	1	0.721022778707546	NA	1	0.7136346856951261	NA	1	0.9295483313840472	NA	1	0.7375205178538857	NA	1	0.8015297890306062	NA	1	expression_driven	1000	DLPFC	CellCharter	DUBStepR
DLPFC	dubstepr	1000	scvi	0.8448817280777785	NA	1	0.7051210276574336	NA	1	0.775001377867606	NA	1	0.4855978702138393	NA	1	0.6484161439586437	NA	1	0.5670070070862415	NA	1	0.811211308430736	NA	1	0.6710041924769238	NA	1	0.7177398977948611	NA	1	expression_driven	1000	DLPFC	scVI	DUBStepR
DLPFC	dubstepr	10000	cellcharter	0.569567852575858	NA	1	0.9496315259837084	NA	1	0.7595996892797832	NA	1	0.7079471166818698	NA	1	0.7291846639584767	NA	1	0.7185658903201733	NA	1	0.926813199783142	NA	1	0.7390827897999782	NA	1	0.8016595931276994	NA	1	expression_driven	10000	DLPFC	CellCharter	DUBStepR
DLPFC	dubstepr	10000	scvi	0.8083164994559824	NA	1	0.7344513077761624	NA	1	0.7713839036160723	NA	1	0.5064769226477521	NA	1	0.6991200524603893	NA	1	0.6027984875540707	NA	1	0.8184298396814251	NA	1	0.6870911955850716	NA	1	0.7308707436171895	NA	1	expression_driven	10000	DLPFC	scVI	DUBStepR
DLPFC	dubstepr	200	cellcharter	0.6392078180770862	NA	1	0.8769300518714895	NA	1	0.7580689349742878	NA	1	0.6710857882059743	NA	1	0.6806241203745782	NA	1	0.6758549542902763	NA	1	0.9043384053725944	NA	1	0.7169619446322821	NA	1	0.7794207648790529	NA	1	expression_driven	200	DLPFC	CellCharter	DUBStepR
DLPFC	dubstepr	200	scvi	0.8730858572395872	NA	1	0.6495752787582443	NA	1	0.7613305679989157	NA	1	0.47803062325214657	NA	1	0.5667135073714433	NA	1	0.5223720653117949	NA	1	0.7689534542051154	NA	1	0.6418513166553553	NA	1	0.6842186958386086	NA	1	expression_driven	200	DLPFC	scVI	DUBStepR
DLPFC	dubstepr	2000	cellcharter	0.5676949608535634	0.00354540563060426	3	0.95425417985785	0.00482316593215758	3	0.7609745703557067	0.00121294088401619	3	0.706922386740961	9.8346322377897e-4	3	0.6881526847236229	0.06312300425674074	3	0.6975375357322919	0.0319874030802809	3	0.9296509408060478	0.00349043899866116	3	0.7292560530439993	0.01556544671689863	3	0.7960543489646822	0.01068162684338409	3	expression_driven	2000	DLPFC	CellCharter	DUBStepR
DLPFC	dubstepr	2000	scvi	0.8113686337161141	0.03376355122178883	3	0.7281999369782866	0.00627503723244716	3	0.7697842853472004	0.01530640504896613	3	0.5152503300898409	0.00820371246263675	3	0.7086935325682492	0.01684271547368015	3	0.611971931329045	0.00982664722193326	3	0.8141767943246973	0.00368408771496214	3	0.6908781083381227	0.01101318275599946	3	0.7319776703336475	0.00710030160976855	3	expression_driven	2000	DLPFC	scVI	DUBStepR
DLPFC	dubstepr	500	cellcharter	0.6076155193643279	NA	1	0.9233644734595626	NA	1	0.7654899964119453	NA	1	0.6873684734986153	NA	1	0.7629703318648586	NA	1	0.725169402681737	NA	1	0.9190224956916913	NA	1	0.7453296995468411	NA	1	0.8032272982617913	NA	1	expression_driven	500	DLPFC	CellCharter	DUBStepR
DLPFC	dubstepr	500	scvi	0.7857758548148206	NA	1	0.6915148731991883	NA	1	0.7386453640070044	NA	1	0.5017337448559371	NA	1	0.6373594573177901	NA	1	0.5695466010868636	NA	1	0.7872015975534583	NA	1	0.654095982546934	NA	1	0.6984645208824422	NA	1	expression_driven	500	DLPFC	scVI	DUBStepR
DLPFC	dubstepr	5000	cellcharter	0.569567852575858	NA	1	0.9496315259837084	NA	1	0.7595996892797832	NA	1	0.7079471166818698	NA	1	0.7291846639584767	NA	1	0.7185658903201733	NA	1	0.926813199783142	NA	1	0.7390827897999782	NA	1	0.8016595931276994	NA	1	expression_driven	5000	DLPFC	CellCharter	DUBStepR
DLPFC	dubstepr	5000	scvi	0.8083164994559824	NA	1	0.7344513077761624	NA	1	0.7713839036160723	NA	1	0.5064769226477521	NA	1	0.6991200524603893	NA	1	0.6027984875540707	NA	1	0.8184298396814251	NA	1	0.6870911955850716	NA	1	0.7308707436171895	NA	1	expression_driven	5000	DLPFC	scVI	DUBStepR
DLPFC	hotspot	100	cellcharter	0.6279621388530826	NA	1	0.8469948616318193	NA	1	0.7374785002424509	NA	1	0.6808308520368045	NA	1	0.6200346309349607	NA	1	0.6504327414858826	NA	1	0.8471186942707205	NA	1	0.6939556208641667	NA	1	0.7450099786663514	NA	1	expression_driven	100	DLPFC	CellCharter	Hotspot
DLPFC	hotspot	100	scvi	0.8919777804826359	NA	1	0.6505992844473927	NA	1	0.7712885324650143	NA	1	0.4204182606423597	NA	1	0.5915584084857981	NA	1	0.5059883345640789	NA	1	0.7598303979254957	NA	1	0.6386384335145465	NA	1	0.6790357549848629	NA	1	expression_driven	100	DLPFC	scVI	Hotspot
DLPFC	hotspot	1000	cellcharter	0.5542244612203909	NA	1	0.9160994703640302	NA	1	0.7351619657922106	NA	1	0.7216025964802354	NA	1	0.6788463364046453	NA	1	0.7002244664424404	NA	1	0.9250903260048652	NA	1	0.7176932161173255	NA	1	0.7868255860798388	NA	1	expression_driven	1000	DLPFC	CellCharter	Hotspot
DLPFC	hotspot	1000	scvi	0.7766308918016307	NA	1	0.7149248194850899	NA	1	0.7457778556433603	NA	1	0.5122169560667365	NA	1	0.6763465180035669	NA	1	0.5942817370351516	NA	1	0.8049634279340393	NA	1	0.670029796339256	NA	1	0.7150076735375172	NA	1	expression_driven	1000	DLPFC	scVI	Hotspot
DLPFC	hotspot	10000	cellcharter	0.5308817368492194	NA	1	0.9461980127267172	NA	1	0.7385398747879683	NA	1	0.694034113745885	NA	1	0.5252751965044915	NA	1	0.6096546551251882	NA	1	0.8954401589898895	NA	1	0.6740972649565783	NA	1	0.7478782296343486	NA	1	expression_driven	10000	DLPFC	CellCharter	Hotspot
DLPFC	hotspot	10000	scvi	0.45623572551645664	NA	1	0.3645326515586544	NA	1	0.41038418853755554	NA	1	0.4529840427186021	NA	1	0.4045638244194505	NA	1	0.42877393356902627	NA	1	0.5792035887043858	NA	1	0.4195790610532909	NA	1	0.4727872369369892	NA	1	expression_driven	10000	DLPFC	scVI	Hotspot
DLPFC	hotspot	200	cellcharter	0.60024949830683	NA	1	0.8855900511253496	NA	1	0.7429197747160898	NA	1	0.7068817303017078	NA	1	0.7262993893323664	NA	1	0.716590559817037	NA	1	0.8969576662296992	NA	1	0.7297551672665634	NA	1	0.7854893335876086	NA	1	expression_driven	200	DLPFC	CellCharter	Hotspot
DLPFC	hotspot	200	scvi	0.8185136944897982	NA	1	0.6939646104809414	NA	1	0.7562391524853698	NA	1	0.5014217651516472	NA	1	0.6558419123917045	NA	1	0.5786318387716758	NA	1	0.7662289737664558	NA	1	0.6674354956285228	NA	1	0.7003666550078339	NA	1	expression_driven	200	DLPFC	scVI	Hotspot
DLPFC	hotspot	2000	cellcharter	0.5412582743306723	0.00430140376503161	3	0.9255143520029544	0.04417705817898314	3	0.7333863131668134	0.02084912087422701	3	0.7263796062481965	0.00408616387356042	3	0.6857936671180017	0.09677445587553236	3	0.7060866366830991	0.04686337577261118	3	0.9274054422436844	0.00373761690078995	3	0.7197364749249563	0.02738010429937702	3	0.788959464031199	0.01921288605078998	3	expression_driven	2000	DLPFC	CellCharter	Hotspot
DLPFC	hotspot	2000	scvi	0.7897886676170446	0.02529868963279548	3	0.7497895507475962	0.02193654146513175	3	0.7697891091823204	0.00529669503990386	3	0.5134706464352076	0.01398646544816705	3	0.7423528445564743	0.03306564264066205	3	0.6279117454958408	0.02111694154990194	3	0.8157064165572464	0.01282609309504514	3	0.6988504273390808	0.0129465240109499	3	0.7378024237451358	0.01101575773952919	3	expression_driven	2000	DLPFC	scVI	Hotspot
DLPFC	hotspot	500	cellcharter	0.5704512864826713	NA	1	0.9094754867469248	NA	1	0.7399633866147981	NA	1	0.6947974928148152	NA	1	0.5843248734887035	NA	1	0.6395611831517594	NA	1	0.9136750615291434	NA	1	0.6897622848832787	NA	1	0.7643998770985668	NA	1	expression_driven	500	DLPFC	CellCharter	Hotspot
DLPFC	hotspot	500	scvi	0.8109146667302957	NA	1	0.7031182179830497	NA	1	0.7570164423566728	NA	1	0.4783704303425478	NA	1	0.6483716296764895	NA	1	0.5633710300095187	NA	1	0.7780113959276477	NA	1	0.6601937361830957	NA	1	0.6994662894312796	NA	1	expression_driven	500	DLPFC	scVI	Hotspot
DLPFC	hotspot	5000	cellcharter	0.525026371733057	NA	1	0.8995407937128537	NA	1	0.7122835827229553	NA	1	0.7106360786540323	NA	1	0.6418561131425713	NA	1	0.6762460958983019	NA	1	0.9141977484734524	NA	1	0.6942648393106285	NA	1	0.7675758090315697	NA	1	expression_driven	5000	DLPFC	CellCharter	Hotspot
DLPFC	hotspot	5000	scvi	0.6603379409884962	NA	1	0.7337190834563947	NA	1	0.6970285122224454	NA	1	0.480965862858093	NA	1	0.7536288523283272	NA	1	0.6172973575932101	NA	1	0.7752603271397923	NA	1	0.6571629349078278	NA	1	0.6965287323184827	NA	1	expression_driven	5000	DLPFC	scVI	Hotspot
DLPFC	morans_i	100	cellcharter	0.6417616395447494	NA	1	0.9049210018541672	NA	1	0.7733413206994583	NA	1	0.6764932142042467	NA	1	0.7312351917558308	NA	1	0.7038642029800388	NA	1	0.9383202915782104	NA	1	0.7386027618397486	NA	1	0.8051752717525691	NA	1	spatially_informed	100	DLPFC	CellCharter	Moran's I
DLPFC	morans_i	100	scvi	0.9124913318694992	NA	1	0.6977842765618327	NA	1	0.8051378042156659	NA	1	0.4327267447481716	NA	1	0.5035446241823589	NA	1	0.4681356844652652	NA	1	0.785898750249498	NA	1	0.6366367443404656	NA	1	0.686390746310143	NA	1	spatially_informed	100	DLPFC	scVI	Moran's I
DLPFC	morans_i	1000	cellcharter	0.5529282995063969	NA	1	0.9582750948914752	NA	1	0.755601697198936	NA	1	0.7007893857143076	NA	1	0.759344519901057	NA	1	0.7300669528076823	NA	1	0.9306915766474834	NA	1	0.7428343250033091	NA	1	0.8054534088847006	NA	1	spatially_informed	1000	DLPFC	CellCharter	Moran's I
DLPFC	morans_i	1000	scvi	0.8047570964251355	NA	1	0.7506197925387135	NA	1	0.7776884444819245	NA	1	0.5004319977309611	NA	1	0.6655983636758547	NA	1	0.5830151807034079	NA	1	0.8282087149946207	NA	1	0.6803518125926662	NA	1	0.729637446726651	NA	1	spatially_informed	1000	DLPFC	scVI	Moran's I
DLPFC	morans_i	10000	cellcharter	0.5132712794701964	NA	1	0.9222232539261488	NA	1	0.7177472666981726	NA	1	0.7310227757460256	NA	1	0.6080152558380969	NA	1	0.6695190157920612	NA	1	0.8847582554815531	NA	1	0.6936331412451169	NA	1	0.7573415126572622	NA	1	spatially_informed	10000	DLPFC	CellCharter	Moran's I
DLPFC	morans_i	10000	scvi	0.4554063372324174	NA	1	0.3662273710339197	NA	1	0.4108168541331686	NA	1	0.44812121318283465	NA	1	0.404534690100099	NA	1	0.42632795164146686	NA	1	0.5685003398672974	NA	1	0.4185724028873178	NA	1	0.4685483818806443	NA	1	spatially_informed	10000	DLPFC	scVI	Moran's I
DLPFC	morans_i	200	cellcharter	0.6036658706790226	NA	1	0.9287621755943096	NA	1	0.7662140231366661	NA	1	0.6655055080504266	NA	1	0.6683361764305651	NA	1	0.6669208422404959	NA	1	0.9307264059005084	NA	1	0.7165674326885809	NA	1	0.7879537570925569	NA	1	spatially_informed	200	DLPFC	CellCharter	Moran's I
DLPFC	morans_i	200	scvi	0.8993651292154574	NA	1	0.7089484901569778	NA	1	0.8041568096862176	NA	1	0.4824003023900956	NA	1	0.5461981727109733	NA	1	0.5142992375505344	NA	1	0.7944816960344605	NA	1	0.6592280236183761	NA	1	0.7043125810904042	NA	1	spatially_informed	200	DLPFC	scVI	Moran's I
DLPFC	morans_i	2000	cellcharter	0.5459196402667331	0.00415331568532605	3	0.9744285784086872	0.00484338460181494	3	0.7601741093377101	0.00440554399957659	3	0.698563637265868	0.01844589835051208	3	0.7285136362404397	0.08652604807738752	3	0.7135386367531537	0.05211184665368525	3	0.9193199181987696	0.00385866387677077	3	0.736856373045432	0.02781149313036945	3	0.7976775547632111	0.01964732319293031	3	spatially_informed	2000	DLPFC	CellCharter	Moran's I
DLPFC	morans_i	2000	scvi	0.698759013827436	0.16038260611812422	3	0.6502586101598645	0.1653863105950298	3	0.6745088119936503	0.1628823486133435	3	0.48581028785245167	0.02397480112790521	3	0.6448747745035474	0.20484201838700664	3	0.5653425311779995	0.11438241139414146	3	0.7576587837341928	0.10382952731459476	3	0.6199256715858249	0.13863093468570728	3	0.6658367089686142	0.1270287443994633	3	spatially_informed	2000	DLPFC	scVI	Moran's I
DLPFC	morans_i	500	cellcharter	0.5698121175317763	NA	1	0.9595099914645266	NA	1	0.7646610544981515	NA	1	0.6833094153537878	NA	1	0.7445443980303363	NA	1	0.713926906692062	NA	1	0.9341478016354908	NA	1	0.7392939805951068	NA	1	0.8042452542752349	NA	1	spatially_informed	500	DLPFC	CellCharter	Moran's I
DLPFC	morans_i	500	scvi	0.8752721112490587	NA	1	0.7329765930569863	NA	1	0.8041243521530225	NA	1	0.5107479846756376	NA	1	0.7085567397886492	NA	1	0.6096523622321435	NA	1	0.8217879821388929	NA	1	0.706888357192583	NA	1	0.7451882321746863	NA	1	spatially_informed	500	DLPFC	scVI	Moran's I
DLPFC	morans_i	5000	cellcharter	0.5254650701295608	NA	1	0.9674750737298684	NA	1	0.7464700719297146	NA	1	0.7040457530303228	NA	1	0.5864254108891762	NA	1	0.6452355819597495	NA	1	0.898365230910289	NA	1	0.695852826944732	NA	1	0.7633569615999177	NA	1	spatially_informed	5000	DLPFC	CellCharter	Moran's I
DLPFC	morans_i	5000	scvi	0.6085217291243654	NA	1	0.6686922361452116	NA	1	0.6386069826347884	NA	1	0.457554249972528	NA	1	0.6251749146323831	NA	1	0.5413645823024555	NA	1	0.7719395038607739	NA	1	0.589985782468622	NA	1	0.6506370229326727	NA	1	spatially_informed	5000	DLPFC	scVI	Moran's I
DLPFC	nbumi	100	cellcharter	0.6441150695918484	NA	1	0.8631216145167085	NA	1	0.7536183420542785	NA	1	0.6576854708892529	NA	1	0.55678787778576	NA	1	0.6072366743375064	NA	1	0.8992592870634211	NA	1	0.6804275081958924	NA	1	0.7533714344850685	NA	1	expression_driven	100	DLPFC	CellCharter	NBumi
DLPFC	nbumi	100	scvi	0.9449769049113	NA	1	0.6267650387082241	NA	1	0.7858709718097621	NA	1	0.3342409829160033	NA	1	0.312228826081689	NA	1	0.3232349044988462	NA	1	0.7528824375282102	NA	1	0.5545529381543042	NA	1	0.6206627712789395	NA	1	expression_driven	100	DLPFC	scVI	NBumi
DLPFC	nbumi	1000	cellcharter	0.59061617817351	NA	1	0.961494865134066	NA	1	0.7760555216537879	NA	1	0.6986552568118273	NA	1	0.8483051647590454	NA	1	0.7734802107854364	NA	1	0.9524727088885592	NA	1	0.7747678662196121	NA	1	0.8340028137759278	NA	1	expression_driven	1000	DLPFC	CellCharter	NBumi
DLPFC	nbumi	1000	scvi	0.8184320849814264	NA	1	0.7466258386806016	NA	1	0.7825289618310141	NA	1	0.4834943113402621	NA	1	0.6741283927828519	NA	1	0.578811352061557	NA	1	0.8153443481791947	NA	1	0.6806701569462855	NA	1	0.7255615540239219	NA	1	expression_driven	1000	DLPFC	scVI	NBumi
DLPFC	nbumi	10000	cellcharter	0.5493205780213652	NA	1	0.9573922345871728	NA	1	0.753356406304269	NA	1	0.7202178318433586	NA	1	0.6576643602519467	NA	1	0.6889410960476527	NA	1	0.9071383330818006	NA	1	0.7211487511759609	NA	1	0.7831452784779075	NA	1	expression_driven	10000	DLPFC	CellCharter	NBumi
DLPFC	nbumi	10000	scvi	0.577341003668302	NA	1	0.630082208003802	NA	1	0.603711605836052	NA	1	0.5053818104360729	NA	1	0.5254524612611676	NA	1	0.5154171358486203	NA	1	0.7374215605181726	NA	1	0.5595643708423361	NA	1	0.6188501007342816	NA	1	expression_driven	10000	DLPFC	scVI	NBumi
DLPFC	nbumi	200	cellcharter	0.6308961983836723	NA	1	0.9058782094636592	NA	1	0.7683872039236658	NA	1	0.6719646513812664	NA	1	0.7812943759449021	NA	1	0.7266295136630843	NA	1	0.9229322789184832	NA	1	0.7475083587933751	NA	1	0.8059829988350778	NA	1	expression_driven	200	DLPFC	CellCharter	NBumi
DLPFC	nbumi	200	scvi	0.9395991489860308	NA	1	0.666257120327442	NA	1	0.8029281346567365	NA	1	0.41237674713820766	NA	1	0.4519388982592034	NA	1	0.4321578226987055	NA	1	0.7872135774164964	NA	1	0.617542978677721	NA	1	0.6740998449239796	NA	1	expression_driven	200	DLPFC	scVI	NBumi
DLPFC	nbumi	2000	cellcharter	0.5764380952018068	0.00461647302336906	3	0.9654127168890068	0.01095055838986076	3	0.7709254060454068	0.0070593524270235	3	0.7063641968272801	0.00392930941656978	3	0.7932598511724201	0.17632263150251318	3	0.7498120239998501	0.09010851520377666	3	0.9380541998952318	0.01117214007407864	3	0.7603687150226285	0.04799458340856147	3	0.8195972099801629	0.03385881965688889	3	expression_driven	2000	DLPFC	CellCharter	NBumi
DLPFC	nbumi	2000	scvi	0.8518838857950825	0.02076708814844022	3	0.7423024175793085	0.00221590394648212	3	0.7970931516871955	0.00930782623517932	3	0.5041929104968407	0.02883659722832818	3	0.7081819500403999	0.04186858727319957	3	0.6061874302686202	0.03513610742571836	3	0.8233633062808771	0.00103800443609863	3	0.7016402909779078	0.02199291209100546	3	0.7422146294122309	0.01491452833737384	3	expression_driven	2000	DLPFC	scVI	NBumi
DLPFC	nbumi	500	cellcharter	0.606348461299448	NA	1	0.9361785370147904	NA	1	0.7712634991571192	NA	1	0.6869895623916777	NA	1	0.8276162750158758	NA	1	0.7573029187037768	NA	1	0.941251255453336	NA	1	0.764283208930448	NA	1	0.8232725577714106	NA	1	expression_driven	500	DLPFC	CellCharter	NBumi
DLPFC	nbumi	500	scvi	0.8518171973105859	NA	1	0.6872850812600911	NA	1	0.7695511392853385	NA	1	0.46172910690952446	NA	1	0.5965700289451613	NA	1	0.5291495679273429	NA	1	0.7994287827999037	NA	1	0.6493503536063407	NA	1	0.6993764966708618	NA	1	expression_driven	500	DLPFC	scVI	NBumi
DLPFC	nbumi	5000	cellcharter	0.5635255733642426	NA	1	0.9664037727509864	NA	1	0.7649646730576145	NA	1	0.7140038454126408	NA	1	0.6924640599305273	NA	1	0.7032339526715841	NA	1	0.9306575427419906	NA	1	0.7340993128645993	NA	1	0.7996187228237298	NA	1	expression_driven	5000	DLPFC	CellCharter	NBumi
DLPFC	nbumi	5000	scvi	0.8396967019885779	NA	1	0.7466512106747335	NA	1	0.7931739563316558	NA	1	0.5526070850899552	NA	1	0.7563969738233972	NA	1	0.6545020294566761	NA	1	0.8207489360299128	NA	1	0.723837992894166	NA	1	0.7561416406060816	NA	1	expression_driven	5000	DLPFC	scVI	NBumi
DLPFC	nnsvg	100	cellcharter	0.6371483984450738	NA	1	0.8974457242295937	NA	1	0.7672970613373338	NA	1	0.66890547593345	NA	1	0.7948734746923373	NA	1	0.7318894753128936	NA	1	0.9196132847545292	NA	1	0.7495932683251136	NA	1	0.8062666071349188	NA	1	spatially_informed	100	DLPFC	CellCharter	nnSVG
DLPFC	nnsvg	100	scvi	0.920049515973878	NA	1	0.7120955607693876	NA	1	0.8160725383716327	NA	1	0.42615612626674354	NA	1	0.6282217727756558	NA	1	0.5271889495211997	NA	1	0.7941877853871708	NA	1	0.6716307439464162	NA	1	0.7124830910933344	NA	1	spatially_informed	100	DLPFC	scVI	nnSVG
DLPFC	nnsvg	1000	cellcharter	0.5521628820035486	NA	1	0.9632635832126916	NA	1	0.75771323260812	NA	1	0.6977553858242916	NA	1	0.7031187235119463	NA	1	0.7004370546681189	NA	1	0.9195558580792704	NA	1	0.7290751436381194	NA	1	0.7925687151185031	NA	1	spatially_informed	1000	DLPFC	CellCharter	nnSVG
DLPFC	nnsvg	1000	scvi	0.8056647766809264	NA	1	0.7130964736740969	NA	1	0.7593806251775117	NA	1	0.49076377959345185	NA	1	0.6879910900305787	NA	1	0.5893774348120153	NA	1	0.7986279367038912	NA	1	0.6743790299947635	NA	1	0.7157953322311394	NA	1	spatially_informed	1000	DLPFC	scVI	nnSVG
DLPFC	nnsvg	10000	cellcharter	0.5358741844031102	NA	1	0.933983288954774	NA	1	0.7349287366789421	NA	1	0.7223486746639343	NA	1	0.6388271273267878	NA	1	0.680587900995361	NA	1	0.8810236196174432	NA	1	0.7077583188371516	NA	1	0.7655134190972488	NA	1	spatially_informed	10000	DLPFC	CellCharter	nnSVG
DLPFC	nnsvg	10000	scvi	0.47414424917521897	NA	1	0.33787681105566925	NA	1	0.4060105301154441	NA	1	0.5006239790882403	NA	1	0.393122880922696	NA	1	0.44687343000546814	NA	1	0.5598524784796055	NA	1	0.4264419800604561	NA	1	0.4709121462001726	NA	1	spatially_informed	10000	DLPFC	scVI	nnSVG
DLPFC	nnsvg	200	cellcharter	0.6081021089313079	NA	1	0.9323924225282804	NA	1	0.7702472657297941	NA	1	0.6809577181149482	NA	1	0.8607810393984046	NA	1	0.7708693787566764	NA	1	0.919676968908415	NA	1	0.7705583222432353	NA	1	0.8202645377982952	NA	1	spatially_informed	200	DLPFC	CellCharter	nnSVG
DLPFC	nnsvg	200	scvi	0.8893984794868259	NA	1	0.6877637577834915	NA	1	0.7885811186351588	NA	1	0.47139287540722896	NA	1	0.6240382477134636	NA	1	0.5477155615603463	NA	1	0.793867870421028	NA	1	0.6681483400977526	NA	1	0.7100548502055112	NA	1	spatially_informed	200	DLPFC	scVI	nnSVG
DLPFC	nnsvg	2000	cellcharter	0.547219783474144	0.00345690087803646	3	0.9607505270724342	0.00632701173193673	3	0.7539851552732891	0.00455723955452574	3	0.7053232358859338	0.01283679848563252	3	0.6569153092802317	0.05237583744549274	3	0.6811192725830827	0.03043759371377829	3	0.917565164806463	0.00685815220640223	3	0.7175522139281859	0.01612157883550796	3	0.7842231975542783	0.01063819554951753	3	spatially_informed	2000	DLPFC	CellCharter	nnSVG
DLPFC	nnsvg	2000	scvi	0.6864561436411921	0.07907887888914568	3	0.6887374557941951	0.06819756550952957	3	0.6875967997176936	0.07332746674498865	3	0.5007532338777834	0.03304943381529615	3	0.6764145090189068	0.14149706401315026	3	0.588583871448345	0.08556481843922516	3	0.7741724318388187	0.05265259017654091	3	0.6380903355830193	0.07944539142914002	3	0.6834510343349525	0.07043226456954098	3	spatially_informed	2000	DLPFC	scVI	nnSVG
DLPFC	nnsvg	500	cellcharter	0.5705529981138036	NA	1	0.9546010607311842	NA	1	0.7625770294224938	NA	1	0.6945465252009203	NA	1	0.7290069865814129	NA	1	0.7117767558911666	NA	1	0.9256508860281968	NA	1	0.7371768926568303	NA	1	0.8000015571139524	NA	1	spatially_informed	500	DLPFC	CellCharter	nnSVG
DLPFC	nnsvg	500	scvi	0.8181068397096499	NA	1	0.7130311139702854	NA	1	0.7655689768399676	NA	1	0.4756836823892261	NA	1	0.6875273604515079	NA	1	0.581605521420367	NA	1	0.8091984427096754	NA	1	0.6735872491301673	NA	1	0.7187909803233367	NA	1	spatially_informed	500	DLPFC	scVI	nnSVG
DLPFC	nnsvg	5000	cellcharter	0.5358741844031102	NA	1	0.933983288954774	NA	1	0.7349287366789421	NA	1	0.7223486746639343	NA	1	0.6388271273267878	NA	1	0.680587900995361	NA	1	0.8810236196174432	NA	1	0.7077583188371516	NA	1	0.7655134190972488	NA	1	spatially_informed	5000	DLPFC	CellCharter	nnSVG
DLPFC	nnsvg	5000	scvi	0.47414424917521897	NA	1	0.33787681105566925	NA	1	0.4060105301154441	NA	1	0.5006239790882403	NA	1	0.393122880922696	NA	1	0.44687343000546814	NA	1	0.5598524784796055	NA	1	0.4264419800604561	NA	1	0.4709121462001726	NA	1	spatially_informed	5000	DLPFC	scVI	nnSVG
DLPFC	osca	100	cellcharter	0.689447490596208	NA	1	0.8599034331585973	NA	1	0.7746754618774027	NA	1	0.6639906922076072	NA	1	0.6477446636874581	NA	1	0.6558676779475326	NA	1	0.8817726963260992	NA	1	0.7152715699124677	NA	1	0.7707719453836782	NA	1	expression_driven	100	DLPFC	CellCharter	OSCA
DLPFC	osca	100	scvi	0.9371680720572466	NA	1	0.6721284572493893	NA	1	0.804648264653318	NA	1	0.3878554871892516	NA	1	0.307666903330748	NA	1	0.3477611952599998	NA	1	0.7724938118238288	NA	1	0.5762047299566588	NA	1	0.6416344239123822	NA	1	expression_driven	100	DLPFC	scVI	OSCA
DLPFC	osca	1000	cellcharter	0.5693919854257048	NA	1	0.9188275741964862	NA	1	0.7441097798110955	NA	1	0.6973955805191695	NA	1	0.6888347470335471	NA	1	0.6931151637763583	NA	1	0.9048251365551988	NA	1	0.7186124717937269	NA	1	0.780683360047551	NA	1	expression_driven	1000	DLPFC	CellCharter	OSCA
DLPFC	osca	1000	scvi	0.7987029742200462	NA	1	0.7030995482724609	NA	1	0.7509012612462536	NA	1	0.48112462125042105	NA	1	0.6077247534872217	NA	1	0.5444246873688213	NA	1	0.7871761301908966	NA	1	0.6476629743075375	NA	1	0.6941673596019905	NA	1	expression_driven	1000	DLPFC	scVI	OSCA
DLPFC	osca	10000	cellcharter	0.5380433979308585	NA	1	0.9132678714328618	NA	1	0.7256556346818601	NA	1	0.7238217358642385	NA	1	0.5703196635376595	NA	1	0.647070699700949	NA	1	0.8612873793128388	NA	1	0.6863631671914046	NA	1	0.7446712378985493	NA	1	expression_driven	10000	DLPFC	CellCharter	OSCA
DLPFC	osca	10000	scvi	0.47864813711560583	NA	1	0.4414524563876705	NA	1	0.46005029675163817	NA	1	0.47056365996734745	NA	1	0.3869805435806279	NA	1	0.42877210177398767	NA	1	0.581091602087507	NA	1	0.4444111992628129	NA	1	0.48997133353771094	NA	1	expression_driven	10000	DLPFC	scVI	OSCA
DLPFC	osca	200	cellcharter	0.6292967949754956	NA	1	0.8900826646679842	NA	1	0.75968972982174	NA	1	0.6759226385444533	NA	1	0.7507443458412039	NA	1	0.7133334921928286	NA	1	0.8985621223296434	NA	1	0.7365116110072842	NA	1	0.7905284481147373	NA	1	expression_driven	200	DLPFC	CellCharter	OSCA
DLPFC	osca	200	scvi	0.8821932807307453	NA	1	0.6853432905475889	NA	1	0.7837682856391671	NA	1	0.46449869979843705	NA	1	0.59884144043477	NA	1	0.5316700701166035	NA	1	0.7904862325556119	NA	1	0.6577191778778853	NA	1	0.7019748627704608	NA	1	expression_driven	200	DLPFC	scVI	OSCA
DLPFC	osca	2000	cellcharter	0.5622053590716142	0.00412522979046178	3	0.931156208495062	0.00862294050847173	3	0.7466807837833381	0.00550767988887571	3	0.6981781371165617	0.00376809231247092	3	0.7022189713986094	0.05598337004186277	3	0.7001985542575856	0.02967186394516324	3	0.906084961666548	0.00547456423751618	3	0.7234396690204618	0.01363707372636841	3	0.7843214332358238	0.00726922762776074	3	expression_driven	2000	DLPFC	CellCharter	OSCA
DLPFC	osca	2000	scvi	0.8176657187954599	0.03263647152708836	3	0.7177709373609353	0.0123841573324253	3	0.7677183280781975	0.02222785571839232	3	0.5020304506587058	0.01105655942015552	3	0.6683947872481344	0.04282847509405544	3	0.58521261895342	0.02200532030082692	3	0.7872302684091482	0.00678401076128411	3	0.6764654735158088	0.0219635115903417	3	0.7133870718135887	0.0155776491230081	3	expression_driven	2000	DLPFC	scVI	OSCA
DLPFC	osca	500	cellcharter	0.5863160847011302	NA	1	0.9195091773233236	NA	1	0.7529126310122268	NA	1	0.7002304816613146	NA	1	0.6593953552475648	NA	1	0.6798129184544397	NA	1	0.905274008278156	NA	1	0.7163627747333332	NA	1	0.7793331859149407	NA	1	expression_driven	500	DLPFC	CellCharter	OSCA
DLPFC	osca	500	scvi	0.8374103510499551	NA	1	0.7091900856187463	NA	1	0.7733002183343507	NA	1	0.4722292960176062	NA	1	0.6463846705874396	NA	1	0.5593069833025229	NA	1	0.7852829913952187	NA	1	0.6663036008184369	NA	1	0.7059633976773642	NA	1	expression_driven	500	DLPFC	scVI	OSCA
DLPFC	osca	5000	cellcharter	0.5527137677024012	NA	1	0.931836741467952	NA	1	0.7422752545851766	NA	1	0.7176477085028661	NA	1	0.6832244472901265	NA	1	0.7004360778964963	NA	1	0.9009700096265169	NA	1	0.7213556662408365	NA	1	0.7812271140360633	NA	1	expression_driven	5000	DLPFC	CellCharter	OSCA
DLPFC	osca	5000	scvi	0.7182644685728731	NA	1	0.6835094873346093	NA	1	0.7008869779537412	NA	1	0.4462655807210895	NA	1	0.5895929872862486	NA	1	0.5179292840036691	NA	1	0.7749514865686415	NA	1	0.6094081309787052	NA	1	0.6645892495086839	NA	1	expression_driven	5000	DLPFC	scVI	OSCA
DLPFC	scPNMF	100	cellcharter	0.6305327911526082	NA	1	0.8380297463663254	NA	1	0.7342812687594669	NA	1	0.6649886703035558	NA	1	0.5220309431415902	NA	1	0.593509806722573	NA	1	0.8356956928351255	NA	1	0.66389553774102	NA	1	0.7211622561057217	NA	1	expression_driven	100	DLPFC	CellCharter	scPNMF
DLPFC	scPNMF	100	scvi	0.8951092236650046	NA	1	0.6739843515596688	NA	1	0.7845467876123366	NA	1	0.44704483702789233	NA	1	0.5513880164810698	NA	1	0.4992164267544811	NA	1	0.750710968933445	NA	1	0.6418816071834088	NA	1	0.6781580611000875	NA	1	expression_driven	100	DLPFC	scVI	scPNMF
DLPFC	scPNMF	1000	cellcharter	0.5472281444029817	NA	1	0.8778514403993009	NA	1	0.7125397924011413	NA	1	0.7130183082013559	NA	1	0.6387229258435911	NA	1	0.6758706170224735	NA	1	0.8846933949028928	NA	1	0.6942052047118075	NA	1	0.7577012681088359	NA	1	expression_driven	1000	DLPFC	CellCharter	scPNMF
DLPFC	scPNMF	1000	scvi	0.7499315828855915	NA	1	0.6888331560815146	NA	1	0.719382369483553	NA	1	0.4672405843350805	NA	1	0.6397492233589352	NA	1	0.5534949038470078	NA	1	0.7679255971566826	NA	1	0.6364386366652804	NA	1	0.6802676234957478	NA	1	expression_driven	1000	DLPFC	scVI	scPNMF
DLPFC	scPNMF	10000	cellcharter	0.509021501197967	NA	1	0.8463848588401314	NA	1	0.6777031800190492	NA	1	0.7194019692318223	NA	1	0.5479688654806281	NA	1	0.6336854173562252	NA	1	0.827520179975653	NA	1	0.6556942986876372	NA	1	0.7129695924503091	NA	1	expression_driven	10000	DLPFC	CellCharter	scPNMF
DLPFC	scPNMF	10000	scvi	0.5203583674581477	NA	1	0.4942132924863076	NA	1	0.5072858299722276	NA	1	0.46721677093471414	NA	1	0.4167002313313636	NA	1	0.44195850113303886	NA	1	0.675194546315154	NA	1	0.47462216555263326	NA	1	0.5414796258068068	NA	1	expression_driven	10000	DLPFC	scVI	scPNMF
DLPFC	scPNMF	200	cellcharter	0.6112351481684601	NA	1	0.8763210048493915	NA	1	0.7437780765089258	NA	1	0.6759701860430062	NA	1	0.6438180683847938	NA	1	0.6598941272139001	NA	1	0.8591617513486496	NA	1	0.701836101861413	NA	1	0.7542779850238253	NA	1	expression_driven	200	DLPFC	CellCharter	scPNMF
DLPFC	scPNMF	200	scvi	0.8764311051949703	NA	1	0.6805649321174942	NA	1	0.7784980186562322	NA	1	0.4576369706913628	NA	1	0.48642454950575176	NA	1	0.47203076009855727	NA	1	0.7554776893037967	NA	1	0.6252643893773948	NA	1	0.6686688226861954	NA	1	expression_driven	200	DLPFC	scVI	scPNMF
DLPFC	scPNMF	2000	cellcharter	0.5338140807986014	0.00208771153846951	3	0.8578558782181313	0.02481871701382669	3	0.6958349795083664	0.0134348572523924	3	0.7215796441352968	0.00935193771048598	3	0.63428050007992	0.04028998788107341	3	0.6779300721076084	0.02279588043961386	3	0.8851432076825811	0.01714672470751839	3	0.6868825258079875	0.00480988000565418	3	0.7529694197661853	0.00670127274576334	3	expression_driven	2000	DLPFC	CellCharter	scPNMF
DLPFC	scPNMF	2000	scvi	0.7395810832067745	0.03076441927496931	3	0.6783471967663429	0.0371194434298909	3	0.7089641399865587	0.03051366575289937	3	0.4560271074658014	0.00964712320549733	3	0.6298211475002679	0.08988337475044893	3	0.5429241274830346	0.04957881060995341	3	0.7534124212984222	0.02076986592699428	3	0.6259441337347967	0.03995642785407869	3	0.6684335629226719	0.03350050329880089	3	expression_driven	2000	DLPFC	scVI	scPNMF
DLPFC	scPNMF	500	cellcharter	0.5680710087749473	NA	1	0.8260443633813401	NA	1	0.6970576860781437	NA	1	0.7030320005595065	NA	1	0.6259332993879694	NA	1	0.664482649973738	NA	1	0.8660133152408755	NA	1	0.6807701680259408	NA	1	0.7425178837642523	NA	1	expression_driven	500	DLPFC	CellCharter	scPNMF
DLPFC	scPNMF	500	scvi	0.7992135122645374	NA	1	0.6907431466675247	NA	1	0.744978329466031	NA	1	0.46299831710086137	NA	1	0.6213729131501166	NA	1	0.5421856151254889	NA	1	0.7531595278857897	NA	1	0.64358197229576	NA	1	0.6801078241591032	NA	1	expression_driven	500	DLPFC	scVI	scPNMF
DLPFC	scPNMF	5000	cellcharter	0.5145640888811618	NA	1	0.8436336269404807	NA	1	0.6790988579108213	NA	1	0.7327258814856782	NA	1	0.5136250254838388	NA	1	0.6231754534847584	NA	1	0.8471230238542112	NA	1	0.6511371556977898	NA	1	0.716465778416597	NA	1	expression_driven	5000	DLPFC	CellCharter	scPNMF
DLPFC	scPNMF	5000	scvi	0.5550843078942155	NA	1	0.490189597421501	NA	1	0.5226369526578583	NA	1	0.4843858103061589	NA	1	0.3832245811277173	NA	1	0.4338051957169381	NA	1	0.6569379308044546	NA	1	0.4782210741873982	NA	1	0.537793359726417	NA	1	expression_driven	5000	DLPFC	scVI	scPNMF
DLPFC	scanpy_cell_ranger	100	cellcharter	0.7866961980957123	NA	1	0.6713555623058648	NA	1	0.7290258802007885	NA	1	0.5645678306900614	NA	1	0.33009785534737535	NA	1	0.4473328430187184	NA	1	0.7050456771571372	NA	1	0.5881793616097535	NA	1	0.627134800125548	NA	1	expression_driven	100	DLPFC	CellCharter	Scanpy Cell Ranger
DLPFC	scanpy_cell_ranger	100	scvi	0.9782336268611372	NA	1	0.467201315878242	NA	1	0.7227174713696896	NA	1	0.1608311923964725	NA	1	0.1611778551077884	NA	1	0.16100452375213045	NA	1	0.606911132454267	NA	1	0.44186099756091	NA	1	0.49687770919202895	NA	1	expression_driven	100	DLPFC	scVI	Scanpy Cell Ranger
DLPFC	scanpy_cell_ranger	1000	cellcharter	0.695734209488617	NA	1	0.8017050026415701	NA	1	0.7487196060650936	NA	1	0.6403572053207202	NA	1	0.5249610303850059	NA	1	0.5826591178528631	NA	1	0.8143063194771889	NA	1	0.6656893619589783	NA	1	0.7152283477983818	NA	1	expression_driven	1000	DLPFC	CellCharter	Scanpy Cell Ranger
DLPFC	scanpy_cell_ranger	1000	scvi	0.9632788915096556	NA	1	0.5888389698718479	NA	1	0.7760589306907517	NA	1	0.2756686128888895	NA	1	0.2998197843218096	NA	1	0.28774419860534955	NA	1	0.7062460866715623	NA	1	0.5319015646480506	NA	1	0.5900164053225545	NA	1	expression_driven	1000	DLPFC	scVI	Scanpy Cell Ranger
DLPFC	scanpy_cell_ranger	10000	cellcharter	0.5824213771347643	NA	1	0.9320256099353734	NA	1	0.7572234935350688	NA	1	0.7094395137077308	NA	1	0.7233361876196495	NA	1	0.7163878506636902	NA	1	0.9012416651166172	NA	1	0.7368056720993794	NA	1	0.7916176697717919	NA	1	expression_driven	10000	DLPFC	CellCharter	Scanpy Cell Ranger
DLPFC	scanpy_cell_ranger	10000	scvi	0.8077881675038174	NA	1	0.6998415596490677	NA	1	0.7538148635764426	NA	1	0.49546663537141766	NA	1	0.6907393083986744	NA	1	0.593102971885046	NA	1	0.7694146310004377	NA	1	0.6734589177307443	NA	1	0.7054441554873088	NA	1	expression_driven	10000	DLPFC	scVI	Scanpy Cell Ranger
DLPFC	scanpy_cell_ranger	200	cellcharter	0.7818743022504859	NA	1	0.7173059502139156	NA	1	0.7495901262322008	NA	1	0.6107064567789388	NA	1	0.4898130448787036	NA	1	0.5502597508288212	NA	1	0.7633100721249564	NA	1	0.649924938530511	NA	1	0.6877199830619928	NA	1	expression_driven	200	DLPFC	CellCharter	Scanpy Cell Ranger
DLPFC	scanpy_cell_ranger	200	scvi	0.9816583626788324	NA	1	0.5038124634177893	NA	1	0.7427354130483108	NA	1	0.20391318810921016	NA	1	0.2006177854628383	NA	1	0.2022654867860242	NA	1	0.6364081139914145	NA	1	0.4725004499171675	NA	1	0.5271363379419165	NA	1	expression_driven	200	DLPFC	scVI	Scanpy Cell Ranger
DLPFC	scanpy_cell_ranger	2000	cellcharter	0.6506506383508414	0.00802877481845629	3	0.8313601643158227	0.0089413877200697	3	0.7410054013333319	0.00199807774192415	3	0.6565935342692327	0.00398126169662709	3	0.5379264183662706	0.05522739757238493	3	0.5972599763177516	0.02865190492812607	3	0.8434622317417121	0.00659225101195778	3	0.6691326888255418	0.01420117123715674	3	0.7272425364642653	0.00740622132047229	3	expression_driven	2000	DLPFC	CellCharter	Scanpy Cell Ranger
DLPFC	scanpy_cell_ranger	2000	scvi	0.9439210763666178	0.01003928385741247	3	0.6325063347915036	0.00515329247985198	3	0.7882137055790607	0.00697958395438334	3	0.33174666273416026	0.01890400490054972	3	0.369614743477406	0.0263253410864864	3	0.3506807031057832	0.02243119440018361	3	0.7353666434207701	0.00615087916819501	3	0.5694472043424219	0.01015647241165045	3	0.6247536840352047	0.00503393786807669	3	expression_driven	2000	DLPFC	scVI	Scanpy Cell Ranger
DLPFC	scanpy_cell_ranger	500	cellcharter	0.7446627042151958	NA	1	0.7722264050278371	NA	1	0.7584445546215164	NA	1	0.6357873321739322	NA	1	0.49008686376924165	NA	1	0.562937097971587	NA	1	0.7848653766616116	NA	1	0.6606908262965516	NA	1	0.7020823430849049	NA	1	expression_driven	500	DLPFC	CellCharter	Scanpy Cell Ranger
DLPFC	scanpy_cell_ranger	500	scvi	0.9782711118373068	NA	1	0.5353717210622564	NA	1	0.7568214164497816	NA	1	0.23778229889589345	NA	1	0.25809093359151414	NA	1	0.24793661624370375	NA	1	0.6583746953464303	NA	1	0.5023790163467428	NA	1	0.5543775760133053	NA	1	expression_driven	500	DLPFC	scVI	Scanpy Cell Ranger
DLPFC	scanpy_cell_ranger	5000	cellcharter	0.6058922780041434	NA	1	0.8919304533421302	NA	1	0.7489113656731368	NA	1	0.6737313540491052	NA	1	0.7609968831895777	NA	1	0.7173641186193415	NA	1	0.8930244045426028	NA	1	0.7331377421462391	NA	1	0.7864332962783603	NA	1	expression_driven	5000	DLPFC	CellCharter	Scanpy Cell Ranger
DLPFC	scanpy_cell_ranger	5000	scvi	0.7755075364234195	NA	1	0.694636449772653	NA	1	0.7350719930980363	NA	1	0.4312148857951323	NA	1	0.49874558363498434	NA	1	0.46498023471505834	NA	1	0.7738000602001283	NA	1	0.6000261139065473	NA	1	0.6579507626710742	NA	1	expression_driven	5000	DLPFC	scVI	Scanpy Cell Ranger
DLPFC	scanpy_cell_ranger_batch	100	cellcharter	0.780207058475048	NA	1	0.6503313463070232	NA	1	0.7152692023910356	NA	1	0.5538093729075663	NA	1	0.38644963114804454	NA	1	0.4701295020278054	NA	1	0.6825235344433861	NA	1	0.5926993522094205	NA	1	0.622640746287409	NA	1	expression_driven	100	DLPFC	CellCharter	Scanpy Cell Ranger, batch
DLPFC	scanpy_cell_ranger_batch	100	scvi	0.9636862252674464	NA	1	0.4481861985913283	NA	1	0.7059362119293874	NA	1	0.17147001909949777	NA	1	0.12081155299397987	NA	1	0.14614078604673883	NA	1	0.5979179266395105	NA	1	0.4260384989880631	NA	1	0.4833316415385456	NA	1	expression_driven	100	DLPFC	scVI	Scanpy Cell Ranger, batch
DLPFC	scanpy_cell_ranger_batch	1000	cellcharter	0.7447079967227737	NA	1	0.7812254637917728	NA	1	0.7629667302572732	NA	1	0.6460230904314038	NA	1	0.5750143355348987	NA	1	0.6105187129831513	NA	1	0.8185822212249818	NA	1	0.6867427216202122	NA	1	0.7306892214884687	NA	1	expression_driven	1000	DLPFC	CellCharter	Scanpy Cell Ranger, batch
DLPFC	scanpy_cell_ranger_batch	1000	scvi	0.9611322357337098	NA	1	0.5821641450240757	NA	1	0.7716481903788928	NA	1	0.283288143597179	NA	1	0.28038866398959766	NA	1	0.2818384037933883	NA	1	0.6967104638276103	NA	1	0.5267432970861405	NA	1	0.5833990193332971	NA	1	expression_driven	1000	DLPFC	scVI	Scanpy Cell Ranger, batch
DLPFC	scanpy_cell_ranger_batch	10000	cellcharter	0.5747383102604513	NA	1	0.9186262325642962	NA	1	0.7466822714123738	NA	1	0.7097009918510248	NA	1	0.5787035377121548	NA	1	0.6442022647815897	NA	1	0.8760521511670616	NA	1	0.6954422680969817	NA	1	0.7556455624536751	NA	1	expression_driven	10000	DLPFC	CellCharter	Scanpy Cell Ranger, batch
DLPFC	scanpy_cell_ranger_batch	10000	scvi	0.8324940789188673	NA	1	0.6898941886063831	NA	1	0.7611941337626251	NA	1	0.48477172466311086	NA	1	0.6874070441325042	NA	1	0.5860893843978076	NA	1	0.7697283066115851	NA	1	0.6736417590802164	NA	1	0.7056706082573393	NA	1	expression_driven	10000	DLPFC	scVI	Scanpy Cell Ranger, batch
DLPFC	scanpy_cell_ranger_batch	200	cellcharter	0.7931243266168424	NA	1	0.6884182410286743	NA	1	0.7407712838227584	NA	1	0.5867456542214152	NA	1	0.3580270964925302	NA	1	0.4723863753569727	NA	1	0.7471187718164587	NA	1	0.6065788295898655	NA	1	0.6534254769987299	NA	1	expression_driven	200	DLPFC	CellCharter	Scanpy Cell Ranger, batch
DLPFC	scanpy_cell_ranger_batch	200	scvi	0.9784143065303864	NA	1	0.4794013579332925	NA	1	0.7289078322318394	NA	1	0.17455632012734126	NA	1	0.16694522211473353	NA	1	0.1707507711210374	NA	1	0.6312254388036742	NA	1	0.4498293016764384	NA	1	0.5102946807188503	NA	1	expression_driven	200	DLPFC	scVI	Scanpy Cell Ranger, batch
DLPFC	scanpy_cell_ranger_batch	2000	cellcharter	0.6871906372374587	0.01031764615199472	3	0.8215578936081789	0.00208338502394981	3	0.7543742654228188	0.0049852377877227	3	0.6607627037759004	0.00591389494773137	3	0.613625973226889	0.04419882489102909	3	0.6371943385013947	0.02337338207855848	3	0.8424189991481601	0.00486220627748432	3	0.6957843019621067	0.012518472947788	3	0.7446625343574578	0.00673051350222253	3	expression_driven	2000	DLPFC	CellCharter	Scanpy Cell Ranger, batch
DLPFC	scanpy_cell_ranger_batch	2000	scvi	0.9304714156776812	0.01073580377023141	3	0.6132140357919287	0.00727051220562497	3	0.7718427257348047	0.00254674255223411	3	0.3782685329109444	0.00907150064504912	3	0.3405732043732392	0.06855329446862941	3	0.35942086864209183	0.03850903311733184	3	0.7253960092487546	0.01299653744293658	3	0.5656317971884484	0.01798136438375214	3	0.6188865345418838	0.016081592596896042	3	expression_driven	2000	DLPFC	scVI	Scanpy Cell Ranger, batch
DLPFC	scanpy_cell_ranger_batch	500	cellcharter	0.778132268150715	NA	1	0.7447435061845804	NA	1	0.7614378871676477	NA	1	0.6367619860067989	NA	1	0.4872643793842542	NA	1	0.5620131826955266	NA	1	0.7889158342420068	NA	1	0.6617255349315871	NA	1	0.7041223013683937	NA	1	expression_driven	500	DLPFC	CellCharter	Scanpy Cell Ranger, batch
DLPFC	scanpy_cell_ranger_batch	500	scvi	0.9765614771087104	NA	1	0.5218249284932847	NA	1	0.7491932028009975	NA	1	0.2413794833028501	NA	1	0.21545013718214084	NA	1	0.2284148102424955	NA	1	0.6559847994797787	NA	1	0.4888040065217465	NA	1	0.5445309375077573	NA	1	expression_driven	500	DLPFC	scVI	Scanpy Cell Ranger, batch
DLPFC	scanpy_cell_ranger_batch	5000	cellcharter	0.607837124625806	NA	1	0.8836057946536697	NA	1	0.7457214596397379	NA	1	0.683403121103095	NA	1	0.6930367933357229	NA	1	0.688219957219409	NA	1	0.8773599575196998	NA	1	0.7169707084295734	NA	1	0.7704337914596154	NA	1	expression_driven	5000	DLPFC	CellCharter	Scanpy Cell Ranger, batch
DLPFC	scanpy_cell_ranger_batch	5000	scvi	0.8695011668879533	NA	1	0.6643241122397533	NA	1	0.7669126395638532	NA	1	0.46823179186736513	NA	1	0.6071845314067312	NA	1	0.5377081616370482	NA	1	0.7652513095558591	NA	1	0.6523104006004508	NA	1	0.6899573702522535	NA	1	expression_driven	5000	DLPFC	scVI	Scanpy Cell Ranger, batch
DLPFC	scanpy_pearson	100	cellcharter	0.6288175767513215	NA	1	0.8299546607700232	NA	1	0.7293861187606724	NA	1	0.6602943191408357	NA	1	0.5786921205601743	NA	1	0.619493219850505	NA	1	0.8671649476205934	NA	1	0.6744396693055887	NA	1	0.7386814287439236	NA	1	expression_driven	100	DLPFC	CellCharter	Scanpy Pearson
DLPFC	scanpy_pearson	100	scvi	0.9106985610261203	NA	1	0.6303451490793601	NA	1	0.7705218550527403	NA	1	0.4380549200895067	NA	1	0.4505553269987361	NA	1	0.44430512354412144	NA	1	0.7364171758474557	NA	1	0.6074134892984309	NA	1	0.6504147181481058	NA	1	expression_driven	100	DLPFC	scVI	Scanpy Pearson
DLPFC	scanpy_pearson	1000	cellcharter	0.5808499988136732	NA	1	0.8139820801910923	NA	1	0.6974160395023827	NA	1	0.7063472590607164	NA	1	0.5413098406048908	NA	1	0.6238285498328036	NA	1	0.9086983032262946	NA	1	0.6606222946675931	NA	1	0.7433142975204937	NA	1	expression_driven	1000	DLPFC	CellCharter	Scanpy Pearson
DLPFC	scanpy_pearson	1000	scvi	0.769187196969201	NA	1	0.6927195677073777	NA	1	0.7309533823382894	NA	1	0.49444093853210114	NA	1	0.687211151867534	NA	1	0.5908260451998175	NA	1	0.775480123170816	NA	1	0.6608897137690535	NA	1	0.6990865169029744	NA	1	expression_driven	1000	DLPFC	scVI	Scanpy Pearson
DLPFC	scanpy_pearson	10000	cellcharter	0.5180391837164238	NA	1	0.8951402650112146	NA	1	0.7065897243638192	NA	1	0.7160973903423349	NA	1	0.5574208568732323	NA	1	0.6367591236077836	NA	1	0.872314561044049	NA	1	0.6716744239858015	NA	1	0.7385544696718839	NA	1	expression_driven	10000	DLPFC	CellCharter	Scanpy Pearson
DLPFC	scanpy_pearson	10000	scvi	0.5326582406203788	NA	1	0.5447203290232414	NA	1	0.5386892848218101	NA	1	0.40666664755543086	NA	1	0.4200906884410774	NA	1	0.41337866799825407	NA	1	0.6906697197101377	NA	1	0.4760339764100321	NA	1	0.547579224176734	NA	1	expression_driven	10000	DLPFC	scVI	Scanpy Pearson
DLPFC	scanpy_pearson	200	cellcharter	0.6177669702117231	NA	1	0.8540092534311463	NA	1	0.7358881118214347	NA	1	0.6653514205227173	NA	1	0.7025341734885444	NA	1	0.6839427970056309	NA	1	0.8856460128970424	NA	1	0.7099154544135328	NA	1	0.7684923072413693	NA	1	expression_driven	200	DLPFC	CellCharter	Scanpy Pearson
DLPFC	scanpy_pearson	200	scvi	0.9136400513708542	NA	1	0.640752644485847	NA	1	0.7771963479283506	NA	1	0.454087329600136	NA	1	0.45276870119098633	NA	1	0.4534280153955611	NA	1	0.7467387641585937	NA	1	0.6153121816619559	NA	1	0.6591210424941685	NA	1	expression_driven	200	DLPFC	scVI	Scanpy Pearson
DLPFC	scanpy_pearson	2000	cellcharter	0.5600066687257245	0.00246389006547372	3	0.8500377019586668	0.02053327019368124	3	0.7050221853421957	0.00942067460572726	3	0.7106463675637729	0.00244683717959328	3	0.6568901267336595	0.02660830768614482	3	0.6837682471487162	0.0145274947702204	3	0.91392672731018	0.01405003700914435	3	0.694395216245456	0.0030464859019611	3	0.767572386600364	0.00277847248393341	3	expression_driven	2000	DLPFC	CellCharter	Scanpy Pearson
DLPFC	scanpy_pearson	2000	scvi	0.7801377871643731	0.05039804867248524	3	0.7028281709222838	0.01371282512995286	3	0.7414829790433285	0.01852903811614644	3	0.49912744030904826	0.00475921369807598	3	0.6557120170681964	0.02692435928885034	3	0.5774197286886222	0.0111450869617825	3	0.7743164311135903	0.0021422532408754	3	0.6594513538659753	0.00374487737108882	3	0.6977397129485138	0.00270946214008777	3	expression_driven	2000	DLPFC	scVI	Scanpy Pearson
DLPFC	scanpy_pearson	500	cellcharter	0.5946507565149604	NA	1	0.82152449748196	NA	1	0.7080876269984602	NA	1	0.6943165095827731	NA	1	0.6113443263471365	NA	1	0.6528304179649549	NA	1	0.8871868241539079	NA	1	0.6804590224817075	NA	1	0.7493682897057744	NA	1	expression_driven	500	DLPFC	CellCharter	Scanpy Pearson
DLPFC	scanpy_pearson	500	scvi	0.8569143704997726	NA	1	0.6728917306202106	NA	1	0.7649030505599916	NA	1	0.4750628453418156	NA	1	0.6531996682175756	NA	1	0.5641312567796956	NA	1	0.7612781475818136	NA	1	0.6645171536698435	NA	1	0.6967708183071668	NA	1	expression_driven	500	DLPFC	scVI	Scanpy Pearson
DLPFC	scanpy_pearson	5000	cellcharter	0.5371474497100355	NA	1	0.7816372560651647	NA	1	0.6593923528876	NA	1	0.7217050668359354	NA	1	0.7101127796144189	NA	1	0.7159089232251772	NA	1	0.903148338480782	NA	1	0.6876506380563886	NA	1	0.7594832048645198	NA	1	expression_driven	5000	DLPFC	CellCharter	Scanpy Pearson
DLPFC	scanpy_pearson	5000	scvi	0.6897795824233799	NA	1	0.640911053685868	NA	1	0.6653453180546239	NA	1	0.4806742745907107	NA	1	0.4897790269590135	NA	1	0.4852266507748621	NA	1	0.7528896147878712	NA	1	0.575285984414743	NA	1	0.6344871945391191	NA	1	expression_driven	5000	DLPFC	scVI	Scanpy Pearson
DLPFC	scanpy_pearson_batch	100	cellcharter	0.7019316848945655	NA	1	0.8274023540378982	NA	1	0.7646670194662318	NA	1	0.648643936177686	NA	1	0.5967539512211029	NA	1	0.6226989436993944	NA	1	0.859172565835558	NA	1	0.6936829815828132	NA	1	0.7488461763337281	NA	1	expression_driven	100	DLPFC	CellCharter	Scanpy Pearson, batch
DLPFC	scanpy_pearson_batch	100	scvi	0.962533906943462	NA	1	0.6108217513592004	NA	1	0.7866778291513312	NA	1	0.3923523690888665	NA	1	0.34226516455744826	NA	1	0.3673087668231574	NA	1	0.7293492854114996	NA	1	0.5769932979872443	NA	1	0.6277786271286627	NA	1	expression_driven	100	DLPFC	scVI	Scanpy Pearson, batch
DLPFC	scanpy_pearson_batch	1000	cellcharter	0.5957359950156721	NA	1	0.8935290532181621	NA	1	0.7446325241169172	NA	1	0.6819305675079083	NA	1	0.7373422745535657	NA	1	0.709636421030737	NA	1	0.8793542458685271	NA	1	0.7271344725738271	NA	1	0.7778743970053937	NA	1	expression_driven	1000	DLPFC	CellCharter	Scanpy Pearson, batch
DLPFC	scanpy_pearson_batch	1000	scvi	0.8536792763604946	NA	1	0.6452418251364767	NA	1	0.7494605507484856	NA	1	0.4806418954804805	NA	1	0.6449709427331513	NA	1	0.5628064191068158	NA	1	0.7532658625269999	NA	1	0.6561334849276508	NA	1	0.6885109441274339	NA	1	expression_driven	1000	DLPFC	scVI	Scanpy Pearson, batch
DLPFC	scanpy_pearson_batch	10000	cellcharter	0.5212265798717655	NA	1	0.8655683042069494	NA	1	0.6933974420393574	NA	1	0.7060966829062801	NA	1	0.5915357105459542	NA	1	0.6488161967261172	NA	1	0.8724271405369062	NA	1	0.6711068193827373	NA	1	0.7382135931007937	NA	1	expression_driven	10000	DLPFC	CellCharter	Scanpy Pearson, batch
DLPFC	scanpy_pearson_batch	10000	scvi	0.6103958450248963	NA	1	0.5788022112645594	NA	1	0.5945990281447279	NA	1	0.49903546248755465	NA	1	0.47151485000926874	NA	1	0.48527515624841167	NA	1	0.7349860993351005	NA	1	0.5399370921965698	NA	1	0.6049534279094134	NA	1	expression_driven	10000	DLPFC	scVI	Scanpy Pearson, batch
DLPFC	scanpy_pearson_batch	200	cellcharter	0.6783200247681296	NA	1	0.8494281762426216	NA	1	0.7638741005053755	NA	1	0.6507838824707007	NA	1	0.5150915083830652	NA	1	0.582937695426883	NA	1	0.8780239475770657	NA	1	0.6734058979661293	NA	1	0.741611914503108	NA	1	expression_driven	200	DLPFC	CellCharter	Scanpy Pearson, batch
DLPFC	scanpy_pearson_batch	200	scvi	0.9167705360200968	NA	1	0.6541471503796796	NA	1	0.7854588431998882	NA	1	0.4635711528336248	NA	1	0.4136907476426784	NA	1	0.4386309502381516	NA	1	0.7514528915422031	NA	1	0.61204489671902	NA	1	0.6585142283267477	NA	1	expression_driven	200	DLPFC	scVI	Scanpy Pearson, batch
DLPFC	scanpy_pearson_batch	2000	cellcharter	0.5749978860560825	0.00385891156400619	3	0.9093643503637988	0.01362737829431084	3	0.7421811182099406	0.00604788395967202	3	0.6902786903800707	0.00241007090179421	3	0.644904734340968	0.06956057696120506	3	0.6675917123605194	0.03378804150809484	3	0.8965870513188002	0.00431212289299874	3	0.70488641528523	0.01968827251582823	3	0.7687866272964201	0.01262383546788089	3	expression_driven	2000	DLPFC	CellCharter	Scanpy Pearson, batch
DLPFC	scanpy_pearson_batch	2000	scvi	0.8526960496759868	0.02715308765131876	3	0.6807919170989885	0.00677324787445872	3	0.7667439833874877	0.01352008664014481	3	0.48148671639753654	0.01347598193540116	3	0.6481529357473046	0.01477938704387201	3	0.5648198260724205	0.01412683516606283	3	0.7631596247388345	0.00222071738916571	3	0.6657819047299541	0.01048034006614627	3	0.6982411447329141	0.00646443940648197	3	expression_driven	2000	DLPFC	scVI	Scanpy Pearson, batch
DLPFC	scanpy_pearson_batch	500	cellcharter	0.613501603493633	NA	1	0.875075442583114	NA	1	0.7442885230383736	NA	1	0.6640252923085813	NA	1	0.789415179103826	NA	1	0.7267202357062037	NA	1	0.8835570620608528	NA	1	0.7355043793722886	NA	1	0.78485527360181	NA	1	expression_driven	500	DLPFC	CellCharter	Scanpy Pearson, batch
DLPFC	scanpy_pearson_batch	500	scvi	0.8847056701365887	NA	1	0.6775016539237451	NA	1	0.7811036620301669	NA	1	0.4503120859015699	NA	1	0.6460667245622352	NA	1	0.5481894052319026	NA	1	0.7714491853707324	NA	1	0.6646465336310348	NA	1	0.7002474175442673	NA	1	expression_driven	500	DLPFC	scVI	Scanpy Pearson, batch
DLPFC	scanpy_pearson_batch	5000	cellcharter	0.5454383716940898	NA	1	0.8193673427527594	NA	1	0.6824028572234246	NA	1	0.7115999334437567	NA	1	0.6395921782549294	NA	1	0.675596055849343	NA	1	0.8966717125498642	NA	1	0.6789994565363838	NA	1	0.751556875207544	NA	1	expression_driven	5000	DLPFC	CellCharter	Scanpy Pearson, batch
DLPFC	scanpy_pearson_batch	5000	scvi	0.8101929234742977	NA	1	0.6726967343095229	NA	1	0.7414448288919103	NA	1	0.4917443512669298	NA	1	0.6314386432445322	NA	1	0.561591497255731	NA	1	0.7713199012539469	NA	1	0.6515181630738207	NA	1	0.6914520758005294	NA	1	expression_driven	5000	DLPFC	scVI	Scanpy Pearson, batch
DLPFC	scanpy_seurat	100	cellcharter	0.7031908901957804	NA	1	0.7314061154069915	NA	1	0.717298502801386	NA	1	0.6167169191210978	NA	1	0.48012239844874366	NA	1	0.5484196587849207	NA	1	0.7815987298254686	NA	1	0.6328590807931533	NA	1	0.6824389638039251	NA	1	expression_driven	100	DLPFC	CellCharter	Scanpy Seurat
DLPFC	scanpy_seurat	100	scvi	0.955882007213588	NA	1	0.5101498212531959	NA	1	0.7330159142333919	NA	1	0.22748259272515825	NA	1	0.1896104091408114	NA	1	0.2085465009329848	NA	1	0.6443810527412075	NA	1	0.4707812075831883	NA	1	0.5286478226358614	NA	1	expression_driven	100	DLPFC	scVI	Scanpy Seurat
DLPFC	scanpy_seurat	1000	cellcharter	0.6355872123092361	NA	1	0.8352823927365326	NA	1	0.7354348025228843	NA	1	0.6650450982047	NA	1	0.5439972435226375	NA	1	0.6045211708636687	NA	1	0.848209576175938	NA	1	0.6699779866932765	NA	1	0.7293885165208303	NA	1	expression_driven	1000	DLPFC	CellCharter	Scanpy Seurat
DLPFC	scanpy_seurat	1000	scvi	0.9527067845703368	NA	1	0.6096823080534655	NA	1	0.7811945463119012	NA	1	0.3437932012880866	NA	1	0.29801172397646375	NA	1	0.3209024626322752	NA	1	0.7178922776702816	NA	1	0.5510485044720882	NA	1	0.6066630955381527	NA	1	expression_driven	1000	DLPFC	scVI	Scanpy Seurat
DLPFC	scanpy_seurat	10000	cellcharter	0.5396232160947224	NA	1	0.8862710137101786	NA	1	0.7129471149024504	NA	1	0.7224400027580385	NA	1	0.5775954077189256	NA	1	0.6500177052384821	NA	1	0.8395827485180679	NA	1	0.6814824100704663	NA	1	0.7341825228863335	NA	1	expression_driven	10000	DLPFC	CellCharter	Scanpy Seurat
DLPFC	scanpy_seurat	10000	scvi	0.47922613889572113	NA	1	0.40790932463280233	NA	1	0.4435677317642618	NA	1	0.4837873650134498	NA	1	0.4033679813811985	NA	1	0.4435776731973241	NA	1	0.5884998761279379	NA	1	0.44357270248079295	NA	1	0.4918817603631746	NA	1	expression_driven	10000	DLPFC	scVI	Scanpy Seurat
DLPFC	scanpy_seurat	200	cellcharter	0.6735360823240079	NA	1	0.7672239538684256	NA	1	0.7203800180962168	NA	1	0.6441324408993955	NA	1	0.5507682572022453	NA	1	0.5974503490508204	NA	1	0.798623909441148	NA	1	0.6589151835735185	NA	1	0.7054847588627284	NA	1	expression_driven	200	DLPFC	CellCharter	Scanpy Seurat
DLPFC	scanpy_seurat	200	scvi	0.9535335952149222	NA	1	0.5503731176092714	NA	1	0.7519533564120968	NA	1	0.25652970264264224	NA	1	0.1833011007358568	NA	1	0.2199154016892495	NA	1	0.6732306284342685	NA	1	0.4859343790506731	NA	1	0.5483664621785382	NA	1	expression_driven	200	DLPFC	scVI	Scanpy Seurat
DLPFC	scanpy_seurat	2000	cellcharter	0.6020213065476914	0.01149084563849097	3	0.8655979854084426	0.01156333494119615	3	0.733809645978067	0.00366827711786356	3	0.6768816010970342	0.00780549698957004	3	0.6063872496854968	0.08011437382519916	3	0.6416344253912655	0.03980891851644115	3	0.8635108364383889	0.0086673500943935	3	0.6877220356846663	0.02120569307203333	3	0.7463183026025737	0.01620810367913665	3	expression_driven	2000	DLPFC	CellCharter	Scanpy Seurat
DLPFC	scanpy_seurat	2000	scvi	0.8419671161800389	0.021381256307723	3	0.6341816752407855	0.00529790167402111	3	0.7380743957104122	0.01142272079775965	3	0.44186506344047305	0.01728518723885293	3	0.495159738162598	0.06994195138959297	3	0.4685124008015355	0.04349365957357972	3	0.7254310396377935	0.00926845990481681	3	0.603293398255974	0.02249259219711157	3	0.6440059453832471	0.01804838994408781	3	expression_driven	2000	DLPFC	scVI	Scanpy Seurat
DLPFC	scanpy_seurat	500	cellcharter	0.6462286462714932	NA	1	0.8089814008682084	NA	1	0.7276050235698508	NA	1	0.6565530680791559	NA	1	0.5551340541002592	NA	1	0.6058435610897075	NA	1	0.823227001152341	NA	1	0.6667242923297791	NA	1	0.7188918619372998	NA	1	expression_driven	500	DLPFC	CellCharter	Scanpy Seurat
DLPFC	scanpy_seurat	500	scvi	0.96279714497553	NA	1	0.6068829656441881	NA	1	0.7848400553098591	NA	1	0.29020685361726256	NA	1	0.29493886830324484	NA	1	0.2925728609602537	NA	1	0.7011178584335227	NA	1	0.5387064581350565	NA	1	0.5928435915678786	NA	1	expression_driven	500	DLPFC	scVI	Scanpy Seurat
DLPFC	scanpy_seurat	5000	cellcharter	0.5613753835932439	NA	1	0.8788420369717105	NA	1	0.7201087102824772	NA	1	0.7003871533993314	NA	1	0.6510943353779608	NA	1	0.6757407443886461	NA	1	0.8778559279234008	NA	1	0.6979247273355617	NA	1	0.7579017941981747	NA	1	expression_driven	5000	DLPFC	CellCharter	Scanpy Seurat
DLPFC	scanpy_seurat	5000	scvi	0.7456695379117501	NA	1	0.5991345051139761	NA	1	0.6724020215128631	NA	1	0.4679425127587997	NA	1	0.4095367085303577	NA	1	0.4387396106445786	NA	1	0.7336028194580404	NA	1	0.5555708160787209	NA	1	0.6149148172051607	NA	1	expression_driven	5000	DLPFC	scVI	Scanpy Seurat
DLPFC	scanpy_seurat_batch	100	cellcharter	0.7484217245263394	NA	1	0.7743746186807148	NA	1	0.7613981716035271	NA	1	0.6346837619008645	NA	1	0.5980591232711823	NA	1	0.6163714425860234	NA	1	0.8200642734248149	NA	1	0.6888848070947753	NA	1	0.7326112958714551	NA	1	expression_driven	100	DLPFC	CellCharter	Scanpy Seurat, batch
DLPFC	scanpy_seurat_batch	100	scvi	0.9658808157965416	NA	1	0.5564247532289424	NA	1	0.7611527845127419	NA	1	0.2951172040870122	NA	1	0.2167565049640682	NA	1	0.2559368545255402	NA	1	0.6797747205880946	NA	1	0.5085448195191411	NA	1	0.5656214532087923	NA	1	expression_driven	100	DLPFC	scVI	Scanpy Seurat, batch
DLPFC	scanpy_seurat_batch	1000	cellcharter	0.6234400860052848	NA	1	0.8806282819153007	NA	1	0.7520341839602928	NA	1	0.6679823799450589	NA	1	0.6138052409258135	NA	1	0.6408938104354363	NA	1	0.8887213115351215	NA	1	0.6964639971978646	NA	1	0.7605497686436169	NA	1	expression_driven	1000	DLPFC	CellCharter	Scanpy Seurat, batch
DLPFC	scanpy_seurat_batch	1000	scvi	0.8831740600513192	NA	1	0.6677753747254591	NA	1	0.7754747173883891	NA	1	0.4612646527793021	NA	1	0.5009263626105638	NA	1	0.4810955076949329	NA	1	0.7633950288625055	NA	1	0.6282851125416611	NA	1	0.6733217513152759	NA	1	expression_driven	1000	DLPFC	scVI	Scanpy Seurat, batch
DLPFC	scanpy_seurat_batch	10000	cellcharter	0.5427430503450905	NA	1	0.9320398724943646	NA	1	0.7373914614197276	NA	1	0.6996183411111462	NA	1	0.5820529698383032	NA	1	0.6408356554747248	NA	1	0.847616533095692	NA	1	0.6891135584472261	NA	1	0.741947883330048	NA	1	expression_driven	10000	DLPFC	CellCharter	Scanpy Seurat, batch
DLPFC	scanpy_seurat_batch	10000	scvi	0.4919634176740973	NA	1	0.5196683835195093	NA	1	0.5058159005968033	NA	1	0.4750536558003699	NA	1	0.4041243832049318	NA	1	0.4395890195026509	NA	1	0.654839257473332	NA	1	0.47270246004972705	NA	1	0.5334147258575954	NA	1	expression_driven	10000	DLPFC	scVI	Scanpy Seurat, batch
DLPFC	scanpy_seurat_batch	200	cellcharter	0.7305555149379431	NA	1	0.7903012693180509	NA	1	0.7604283921279971	NA	1	0.6559294179492005	NA	1	0.5263939321595774	NA	1	0.5911616750543889	NA	1	0.8279413683171168	NA	1	0.675795033591193	NA	1	0.7265104784998343	NA	1	expression_driven	200	DLPFC	CellCharter	Scanpy Seurat, batch
DLPFC	scanpy_seurat_batch	200	scvi	0.9621191841214676	NA	1	0.5834298797360461	NA	1	0.7727745319287569	NA	1	0.3825413883575623	NA	1	0.3510358353224091	NA	1	0.36678861183998573	NA	1	0.7127757566791292	NA	1	0.5697815718843713	NA	1	0.6174463001492906	NA	1	expression_driven	200	DLPFC	scVI	Scanpy Seurat, batch
DLPFC	scanpy_seurat_batch	2000	cellcharter	0.5969073080532247	0.0033929929047653	3	0.8725819728473737	0.00674040962658142	3	0.7347446404502992	0.00266732744613844	3	0.6821812007348518	0.00828325063153453	3	0.6181742734684929	0.02286908863295067	3	0.6501777371016723	0.0129050495168568	3	0.8783270707635858	0.01037736612122072	3	0.6924611887759857	0.00748067398349231	3	0.7544164827718524	0.00653921173280017	3	expression_driven	2000	DLPFC	CellCharter	Scanpy Seurat, batch
DLPFC	scanpy_seurat_batch	2000	scvi	0.8699244221102359	0.02004533298422965	3	0.6683365543634713	0.01936715802847412	3	0.7691304882368537	0.01369392647898665	3	0.4689563142176046	0.02520217839878621	3	0.5591916753418434	0.05652775386252762	3	0.514073994779724	0.0156788542263962	3	0.7554266708950795	0.01355087971770692	3	0.6416022415082888	0.00322691014436903	3	0.6795437179705525	0.00343642652361403	3	expression_driven	2000	DLPFC	scVI	Scanpy Seurat, batch
DLPFC	scanpy_seurat_batch	500	cellcharter	0.7128558237719937	NA	1	0.824942464272897	NA	1	0.7688991440224453	NA	1	0.6689142694531891	NA	1	0.6406755657094482	NA	1	0.6547949175813186	NA	1	0.8364156184757664	NA	1	0.7118470308018819	NA	1	0.7533698933598435	NA	1	expression_driven	500	DLPFC	CellCharter	Scanpy Seurat, batch
DLPFC	scanpy_seurat_batch	500	scvi	0.9439102969243064	NA	1	0.6204362572082852	NA	1	0.7821732770662959	NA	1	0.3717301303311673	NA	1	0.3110409328325898	NA	1	0.34138553158187857	NA	1	0.7381470770099651	NA	1	0.5617794043240872	NA	1	0.6205686285527131	NA	1	expression_driven	500	DLPFC	scVI	Scanpy Seurat, batch
DLPFC	scanpy_seurat_batch	5000	cellcharter	0.5714770838318095	NA	1	0.8992565126810039	NA	1	0.7353667982564067	NA	1	0.7084383569414702	NA	1	0.6212261500591671	NA	1	0.6648322535003186	NA	1	0.884524445140809	NA	1	0.7000995258783627	NA	1	0.7615744989658447	NA	1	expression_driven	5000	DLPFC	CellCharter	Scanpy Seurat, batch
DLPFC	scanpy_seurat_batch	5000	scvi	0.7955187323350013	NA	1	0.6543069734192636	NA	1	0.7249128528771325	NA	1	0.49972985100105455	NA	1	0.6217003033414732	NA	1	0.5607150771712639	NA	1	0.7568909582968381	NA	1	0.6428139650241982	NA	1	0.6808396294484115	NA	1	expression_driven	5000	DLPFC	scVI	Scanpy Seurat, batch
DLPFC	scanpy_seurat_v3	100	cellcharter	0.7681984490583529	NA	1	0.8414499031488126	NA	1	0.8048241761035828	NA	1	0.6486838921512521	NA	1	0.7728300148821232	NA	1	0.7107569535166877	NA	1	0.8994250166232652	NA	1	0.7577905648101353	NA	1	0.8050020487478453	NA	1	expression_driven	100	DLPFC	CellCharter	Scanpy Seurat v3
DLPFC	scanpy_seurat_v3	100	scvi	0.9666572136843864	NA	1	0.610512800800883	NA	1	0.7885850072426348	NA	1	0.32092747111586956	NA	1	0.3460485468337271	NA	1	0.33348800897479836	NA	1	0.7463661904049705	NA	1	0.5610365081087165	NA	1	0.6228130688741346	NA	1	expression_driven	100	DLPFC	scVI	Scanpy Seurat v3
DLPFC	scanpy_seurat_v3	1000	cellcharter	0.5906554245508923	NA	1	0.9577690685680376	NA	1	0.774212246559465	NA	1	0.6990021068552932	NA	1	0.754084950653633	NA	1	0.726543528754463	NA	1	0.9444902723078472	NA	1	0.750377887656964	NA	1	0.815082015873925	NA	1	expression_driven	1000	DLPFC	CellCharter	Scanpy Seurat v3
DLPFC	scanpy_seurat_v3	1000	scvi	0.7982945128346928	NA	1	0.7240269353765549	NA	1	0.7611607241056239	NA	1	0.5008223934819069	NA	1	0.6535331630479215	NA	1	0.5771777782649142	NA	1	0.8034283155270381	NA	1	0.669169251185269	NA	1	0.7139222726325253	NA	1	expression_driven	1000	DLPFC	scVI	Scanpy Seurat v3
DLPFC	scanpy_seurat_v3	10000	cellcharter	0.5584057789640473	NA	1	0.9748215087275668	NA	1	0.766613643845807	NA	1	0.7339892261919617	NA	1	0.6898984873080736	NA	1	0.7119438567500176	NA	1	0.9133062878576668	NA	1	0.7392787502979123	NA	1	0.7972879294844972	NA	1	expression_driven	10000	DLPFC	CellCharter	Scanpy Seurat v3
DLPFC	scanpy_seurat_v3	10000	scvi	0.495254926173867	NA	1	0.5322823166631125	NA	1	0.5137686214184898	NA	1	0.48145816893037713	NA	1	0.4521484553616258	NA	1	0.46680331214600146	NA	1	0.6688969633981016	NA	1	0.4902859667822456	NA	1	0.5498229656541976	NA	1	expression_driven	10000	DLPFC	scVI	Scanpy Seurat v3
DLPFC	scanpy_seurat_v3	200	cellcharter	0.683262823368491	NA	1	0.8686274789468396	NA	1	0.7759451511576653	NA	1	0.6614864799872765	NA	1	0.7987498390262555	NA	1	0.7301181595067661	NA	1	0.8962335543098848	NA	1	0.7530316553322156	NA	1	0.8007656216581053	NA	1	expression_driven	200	DLPFC	CellCharter	Scanpy Seurat v3
DLPFC	scanpy_seurat_v3	200	scvi	0.9500700361943456	NA	1	0.6526558666662975	NA	1	0.8013629514303215	NA	1	0.3427268359911644	NA	1	0.3827434839342282	NA	1	0.3627351599626963	NA	1	0.7486216064248576	NA	1	0.5820490556965089	NA	1	0.6375732392726251	NA	1	expression_driven	200	DLPFC	scVI	Scanpy Seurat v3
DLPFC	scanpy_seurat_v3	2000	cellcharter	0.5820499744950093	0.00275442350787223	3	0.9444041072028988	0.04267015965186052	3	0.7632270408489541	0.02036180699338992	3	0.7040129981170452	0.00654734107981939	3	0.8614342411768349	0.03830326534220637	3	0.7827236196469401	0.02080478885525762	3	0.9475429071983914	0.00561855811753061	3	0.772975330247947	0.0204029522455813	3	0.8311645225647618	0.01181042390518948	3	expression_driven	2000	DLPFC	CellCharter	Scanpy Seurat v3
DLPFC	scanpy_seurat_v3	2000	scvi	0.7729590414690658	0.00965302443558921	3	0.7522828556578077	0.00907087988871706	3	0.7626209485634368	0.00721735076206008	3	0.4980303230047285	0.01729024826042639	3	0.6802745608528532	0.08262614390654323	3	0.5891524419287908	0.04983899300250735	3	0.8207670668972575	0.00820326627280881	3	0.6758866952461138	0.02792514398340244	3	0.7241801524631617	0.02077743002721108	3	expression_driven	2000	DLPFC	scVI	Scanpy Seurat v3
DLPFC	scanpy_seurat_v3	500	cellcharter	0.6274061785643948	NA	1	0.9160117330123028	NA	1	0.7717089557883487	NA	1	0.6714971357169963	NA	1	0.8754274587000047	NA	1	0.7734622972085006	NA	1	0.9338277759336124	NA	1	0.7725856264984247	NA	1	0.8263330096434872	NA	1	expression_driven	500	DLPFC	CellCharter	Scanpy Seurat v3
DLPFC	scanpy_seurat_v3	500	scvi	0.9223429627702624	NA	1	0.7162071926742581	NA	1	0.8192750777222603	NA	1	0.4112358439233204	NA	1	0.6191142514199166	NA	1	0.5151750476716185	NA	1	0.8058818265881791	NA	1	0.6672250626969394	NA	1	0.7134439839940193	NA	1	expression_driven	500	DLPFC	scVI	Scanpy Seurat v3
DLPFC	scanpy_seurat_v3	5000	cellcharter	0.5742981413085142	NA	1	0.9762964616946372	NA	1	0.7752973015015757	NA	1	0.6946742680167978	NA	1	0.671714485870698	NA	1	0.6831943769437478	NA	1	0.9346171933400912	NA	1	0.7292458392226617	NA	1	0.7977029572618047	NA	1	expression_driven	5000	DLPFC	CellCharter	Scanpy Seurat v3
DLPFC	scanpy_seurat_v3	5000	scvi	0.6139525724215638	NA	1	0.642043420875843	NA	1	0.6279979966487034	NA	1	0.4985408671545674	NA	1	0.5122027004086086	NA	1	0.5053717837815881	NA	1	0.7489309353952052	NA	1	0.5666848902151458	NA	1	0.6274335719418322	NA	1	expression_driven	5000	DLPFC	scVI	Scanpy Seurat v3
DLPFC	scanpy_seurat_v3_batch	100	cellcharter	0.770846447933303	NA	1	0.8219066411023935	NA	1	0.7963765445178483	NA	1	0.6564603186229692	NA	1	0.7584009993438706	NA	1	0.7074306589834198	NA	1	0.891197103842053	NA	1	0.7519036017506341	NA	1	0.7983347691144403	NA	1	expression_driven	100	DLPFC	CellCharter	Scanpy Seurat v3, batch
DLPFC	scanpy_seurat_v3_batch	100	scvi	0.9633983502971388	NA	1	0.6009258182343729	NA	1	0.7821620842657557	NA	1	0.3336356817118151	NA	1	0.2910543172004305	NA	1	0.3123449994561228	NA	1	0.7312188348720088	NA	1	0.5472535418609392	NA	1	0.6085753061979624	NA	1	expression_driven	100	DLPFC	scVI	Scanpy Seurat v3, batch
DLPFC	scanpy_seurat_v3_batch	1000	cellcharter	0.690568143532293	NA	1	0.9007585338736892	NA	1	0.7956633387029912	NA	1	0.6782355801496648	NA	1	0.8667678119335896	NA	1	0.7725016960416272	NA	1	0.9323978583405864	NA	1	0.7840825173723092	NA	1	0.833520964361735	NA	1	expression_driven	1000	DLPFC	CellCharter	Scanpy Seurat v3, batch
DLPFC	scanpy_seurat_v3_batch	1000	scvi	0.907455532133226	NA	1	0.679990304544843	NA	1	0.7937229183390345	NA	1	0.4834316251201538	NA	1	0.6800126250133375	NA	1	0.5817221250667457	NA	1	0.7735895204400794	NA	1	0.6877225217028902	NA	1	0.7163448546152865	NA	1	expression_driven	1000	DLPFC	scVI	Scanpy Seurat v3, batch
DLPFC	scanpy_seurat_v3_batch	10000	cellcharter	0.5640574305556615	NA	1	0.9726441693937352	NA	1	0.7683507999746984	NA	1	0.6937392694802433	NA	1	0.6601657532952339	NA	1	0.6769525113877386	NA	1	0.90344070661443	NA	1	0.7226516556812185	NA	1	0.7829146726589556	NA	1	expression_driven	10000	DLPFC	CellCharter	Scanpy Seurat v3, batch
DLPFC	scanpy_seurat_v3_batch	10000	scvi	0.5457500796489595	NA	1	0.5517657476124591	NA	1	0.5487579136307092	NA	1	0.5175615508735032	NA	1	0.4549495328653346	NA	1	0.4862555418694189	NA	1	0.7285657595795199	NA	1	0.517506727750064	NA	1	0.5878597383598826	NA	1	expression_driven	10000	DLPFC	scVI	Scanpy Seurat v3, batch
DLPFC	scanpy_seurat_v3_batch	200	cellcharter	0.7457922827953247	NA	1	0.8682221258715228	NA	1	0.8070072043334238	NA	1	0.6674245059513497	NA	1	0.8609586755534211	NA	1	0.7641915907523854	NA	1	0.91415107077408	NA	1	0.7855993975429045	NA	1	0.8284499552866297	NA	1	expression_driven	200	DLPFC	CellCharter	Scanpy Seurat v3, batch
DLPFC	scanpy_seurat_v3_batch	200	scvi	0.9603555475611596	NA	1	0.6404252236924655	NA	1	0.8003903856268125	NA	1	0.32776444331912274	NA	1	0.2915784972509612	NA	1	0.30967147028504194	NA	1	0.7546886655380566	NA	1	0.5550309279559272	NA	1	0.6215835071499703	NA	1	expression_driven	200	DLPFC	scVI	Scanpy Seurat v3, batch
DLPFC	scanpy_seurat_v3_batch	2000	cellcharter	0.606414394836013	0.00878552757023124	3	0.9521007646028914	0.00646079017515508	3	0.7792575797194522	0.00287086956478237	3	0.6879204435177982	0.00311197320222068	3	0.7983224042778471	0.04719556912940684	3	0.7431214238978227	0.02437233633789396	3	0.93478754157188	0.00467483734349868	3	0.7611895018086375	0.01361316839177086	3	0.8190555150630517	0.00998991548774336	3	expression_driven	2000	DLPFC	CellCharter	Scanpy Seurat v3, batch
DLPFC	scanpy_seurat_v3_batch	2000	scvi	0.8634130477080775	0.0157919665037641	3	0.7047140051264827	0.01011226672899967	3	0.78406352641728	0.00403074676208692	3	0.4821780621165251	0.01368534730587754	3	0.7161782246930195	0.01852988975022521	3	0.5991781434047724	0.00695686184271357	3	0.7751378352839663	0.00845769423195009	3	0.6916208349110261	0.00244654524523727	3	0.7194598350353395	0.00362609503406224	3	expression_driven	2000	DLPFC	scVI	Scanpy Seurat v3, batch
DLPFC	scanpy_seurat_v3_batch	500	cellcharter	0.7186685844085061	NA	1	0.8782887907975955	NA	1	0.7984786876030507	NA	1	0.6651449294569717	NA	1	0.91446263258183	NA	1	0.789803781019401	NA	1	0.911356383113169	NA	1	0.7941412343112259	NA	1	0.8332129505785403	NA	1	expression_driven	500	DLPFC	CellCharter	Scanpy Seurat v3, batch
DLPFC	scanpy_seurat_v3_batch	500	scvi	0.9287149479810258	NA	1	0.6444981093227061	NA	1	0.786606528651866	NA	1	0.40467122393726546	NA	1	0.48695716168636416	NA	1	0.4458141928118148	NA	1	0.7543206590900633	NA	1	0.6162103607318403	NA	1	0.662247126851248	NA	1	expression_driven	500	DLPFC	scVI	Scanpy Seurat v3, batch
DLPFC	scanpy_seurat_v3_batch	5000	cellcharter	0.5785089820729726	NA	1	0.9733139385448402	NA	1	0.7759114603089063	NA	1	0.7087738390651529	NA	1	0.9023645073940142	NA	1	0.8055691732295835	NA	1	0.9265688242313868	NA	1	0.7907403167692449	NA	1	0.8360164859232923	NA	1	expression_driven	5000	DLPFC	CellCharter	Scanpy Seurat v3, batch
DLPFC	scanpy_seurat_v3_batch	5000	scvi	0.6228163511408706	NA	1	0.62689554920263	NA	1	0.6248559501717503	NA	1	0.49664196381727743	NA	1	0.5803490523520014	NA	1	0.5384955080846394	NA	1	0.7379604838449637	NA	1	0.5816757291281949	NA	1	0.6337706473671179	NA	1	expression_driven	5000	DLPFC	scVI	Scanpy Seurat v3, batch
DLPFC	scry	100	cellcharter	0.6150378221674456	NA	1	0.899802895984435	NA	1	0.7574203590759403	NA	1	0.6796382023713909	NA	1	0.7725007114947904	NA	1	0.7260694569330907	NA	1	0.9217004329983226	NA	1	0.7417449080045155	NA	1	0.8017300830024512	NA	1	expression_driven	100	DLPFC	CellCharter	scry
DLPFC	scry	100	scvi	0.9042422255754944	NA	1	0.7087155095441864	NA	1	0.8064788675598403	NA	1	0.47019932193686786	NA	1	0.6508084238840706	NA	1	0.5605038729104692	NA	1	0.7940501133750668	NA	1	0.6834913702351548	NA	1	0.7203442846151255	NA	1	expression_driven	100	DLPFC	scVI	scry
DLPFC	scry	1000	cellcharter	0.5626368421843388	NA	1	0.9484323787432708	NA	1	0.7555346104638048	NA	1	0.6993939919224842	NA	1	0.6686548397075991	NA	1	0.6840244158150417	NA	1	0.9136775173949788	NA	1	0.7197795131394232	NA	1	0.7844121812246083	NA	1	expression_driven	1000	DLPFC	CellCharter	scry
DLPFC	scry	1000	scvi	0.7755686654887586	NA	1	0.6888911939271598	NA	1	0.7322299297079592	NA	1	0.5121738728135076	NA	1	0.6843499586110535	NA	1	0.5982619157122806	NA	1	0.780040260017654	NA	1	0.66524592271012	NA	1	0.7035107018126313	NA	1	expression_driven	1000	DLPFC	scVI	scry
DLPFC	scry	10000	cellcharter	0.5143455628599111	NA	1	0.9193251803710724	NA	1	0.7168353716154918	NA	1	0.6876060189782547	NA	1	0.48713001412497103	NA	1	0.5873680165516129	NA	1	0.8807000787159189	NA	1	0.6521016940835523	NA	1	0.7283011556276745	NA	1	expression_driven	10000	DLPFC	CellCharter	scry
DLPFC	scry	10000	scvi	0.4794425301051179	NA	1	0.3498265163677287	NA	1	0.41463452323642336	NA	1	0.5751693559493031	NA	1	0.4186637086434783	NA	1	0.4969165322963907	NA	1	0.5399875705951188	NA	1	0.45577552776640706	NA	1	0.48384620870931094	NA	1	expression_driven	10000	DLPFC	scVI	scry
DLPFC	scry	200	cellcharter	0.5987965724684816	NA	1	0.9040910619857846	NA	1	0.7514438172271332	NA	1	0.7019892926567756	NA	1	0.7827360701887193	NA	1	0.7423626814227474	NA	1	0.941981952844576	NA	1	0.7469032493249403	NA	1	0.8119294838314856	NA	1	expression_driven	200	DLPFC	CellCharter	scry
DLPFC	scry	200	scvi	0.8794465193292802	NA	1	0.7115615696939244	NA	1	0.7955040445116023	NA	1	0.47825456617808754	NA	1	0.6518164304134284	NA	1	0.5650354982957579	NA	1	0.7967135880083007	NA	1	0.6802697714036801	NA	1	0.7190843769385536	NA	1	expression_driven	200	DLPFC	scVI	scry
DLPFC	scry	2000	cellcharter	0.5452140062474627	0.00358175582750129	3	0.933236010218468	0.00853125682569594	3	0.7392250082329656	0.00247582350018792	3	0.702595542776239	0.01229994556653604	3	0.5914239085595017	0.02089637424715777	3	0.6470097256678703	0.01631096454795864	3	0.9005674793760144	0.00380391086759844	3	0.6931173669504179	0.00921670991076269	3	0.7622674044256167	0.0063874597657567	3	expression_driven	2000	DLPFC	CellCharter	scry
DLPFC	scry	2000	scvi	0.6757710764904324	0.06756509665642767	3	0.6481758036255147	0.07205331803805143	3	0.66197344005797365	0.06977760092490914	3	0.46345552783627914	0.00847392191851239	3	0.641836330543534	0.09753871522921954	3	0.5526459291899065	0.04806316004325854	3	0.735758162874291	0.03134334758200759	3	0.6073096846239401	0.05882610762719541	3	0.6501258440407237	0.04965440065411024	3	expression_driven	2000	DLPFC	scVI	scry
DLPFC	scry	500	cellcharter	0.5669946431990904	NA	1	0.8973478399057716	NA	1	0.7321712415524311	NA	1	0.7028550627272482	NA	1	0.734556088556275	NA	1	0.7187055756417615	NA	1	0.9242843709384734	NA	1	0.7254384085970963	NA	1	0.7917203960442221	NA	1	expression_driven	500	DLPFC	CellCharter	scry
DLPFC	scry	500	scvi	0.81535698849224	NA	1	0.7043096859672993	NA	1	0.7598333372297696	NA	1	0.4810262735812258	NA	1	0.6842290050264221	NA	1	0.582627639303824	NA	1	0.793409099192209	NA	1	0.6712304882667968	NA	1	0.7119566919086009	NA	1	expression_driven	500	DLPFC	scVI	scry
DLPFC	scry	5000	cellcharter	0.5363733306377526	NA	1	0.9442131476421868	NA	1	0.7402932391399697	NA	1	0.7034665411976101	NA	1	0.581145651007386	NA	1	0.642306096102498	NA	1	0.8962009823905477	NA	1	0.6912996676212338	NA	1	0.7596001058776718	NA	1	expression_driven	5000	DLPFC	CellCharter	scry
DLPFC	scry	5000	scvi	0.5820934694852401	NA	1	0.59925360460622	NA	1	0.5906735370457301	NA	1	0.4360931219934148	NA	1	0.580694171316338	NA	1	0.5083936466548764	NA	1	0.7363925781291287	NA	1	0.5495335918503033	NA	1	0.6118199206099117	NA	1	expression_driven	5000	DLPFC	scVI	scry
DLPFC	seurat_disp	100	cellcharter	0.6443254377193833	NA	1	0.8262235216850785	NA	1	0.7352744797022309	NA	1	0.6685972464977553	NA	1	0.4657005288425593	NA	1	0.5671488876701574	NA	1	0.8599064925058939	NA	1	0.6512116836861941	NA	1	0.7207766199594273	NA	1	expression_driven	100	DLPFC	CellCharter	Seurat Dispersion
DLPFC	seurat_disp	100	scvi	0.9145835366184502	NA	1	0.5385452110232952	NA	1	0.7265643738208727	NA	1	0.3949564302214444	NA	1	0.303859636923226	NA	1	0.3494080335723352	NA	1	0.6864998563183263	NA	1	0.5379862036966039	NA	1	0.5874907545705114	NA	1	expression_driven	100	DLPFC	scVI	Seurat Dispersion
DLPFC	seurat_disp	1000	cellcharter	0.5764877236281396	NA	1	0.8824279581464843	NA	1	0.729457840887312	NA	1	0.6832994366292656	NA	1	0.6593052498703853	NA	1	0.6713023432498255	NA	1	0.8966262287459399	NA	1	0.7003800920685688	NA	1	0.7657954709610258	NA	1	expression_driven	1000	DLPFC	CellCharter	Seurat Dispersion
DLPFC	seurat_disp	1000	scvi	0.8012493384524921	NA	1	0.6522999288441638	NA	1	0.726774633648328	NA	1	0.4731487695369679	NA	1	0.5603793129591679	NA	1	0.5167640412480679	NA	1	0.7458853421019618	NA	1	0.6217693374481978	NA	1	0.6631413389994525	NA	1	expression_driven	1000	DLPFC	scVI	Seurat Dispersion
DLPFC	seurat_disp	10000	cellcharter	0.520121615525426	NA	1	0.9205588400546536	NA	1	0.7203402277900398	NA	1	0.7057726798548378	NA	1	0.5583691913594235	NA	1	0.6320709356071307	NA	1	0.8564800082780395	NA	1	0.6762055816985852	NA	1	0.73629705722507	NA	1	expression_driven	10000	DLPFC	CellCharter	Seurat Dispersion
DLPFC	seurat_disp	10000	scvi	0.45526442304687287	NA	1	0.3683915799746109	NA	1	0.4118280015107419	NA	1	0.495389956856577	NA	1	0.4122614303400781	NA	1	0.4538256935983276	NA	1	0.5772568539905563	NA	1	0.4328268475545347	NA	1	0.48097018303320854	NA	1	expression_driven	10000	DLPFC	scVI	Seurat Dispersion
DLPFC	seurat_disp	200	cellcharter	0.6652060232331278	NA	1	0.8359629720534687	NA	1	0.7505844976432983	NA	1	0.6576162797771637	NA	1	0.5663946392474892	NA	1	0.6120054595123265	NA	1	0.872789877866563	NA	1	0.6812949785778124	NA	1	0.7451266116740626	NA	1	expression_driven	200	DLPFC	CellCharter	Seurat Dispersion
DLPFC	seurat_disp	200	scvi	0.927458692911098	NA	1	0.5700350898891824	NA	1	0.7487468914001403	NA	1	0.4209687645147393	NA	1	0.3539687761382404	NA	1	0.38746877032648985	NA	1	0.714428119009066	NA	1	0.5681078308633151	NA	1	0.616881260245232	NA	1	expression_driven	200	DLPFC	scVI	Seurat Dispersion
DLPFC	seurat_disp	2000	cellcharter	0.5660235355339216	0.00681338441519984	3	0.8050961836880687	0.01816987874425553	3	0.6855598596109952	0.01191054499574797	3	0.7143693504830823	0.01080709354579625	3	0.6074428912261881	0.07590257093211668	3	0.6609061208546353	0.03956254292487111	3	0.8884851253167355	8.6748985205438e-4	3	0.6732329902328152	0.02567706519988409	3	0.7449837019274553	0.01682976826743314	3	expression_driven	2000	DLPFC	CellCharter	Seurat Dispersion
DLPFC	seurat_disp	2000	scvi	0.8159380887372837	0.01884549041423578	3	0.668200914661275	0.00706222406581227	3	0.7420695016992793	0.01055203817331907	3	0.508577197030685	0.02150170764863817	3	0.6138236984248576	0.00305187474934553	3	0.5612004477277713	0.01217496757919606	3	0.7526168717075192	0.0035017305711579	3	0.6516349747135253	0.00598199316364671	3	0.6852956070448565	0.00282076258505851	3	expression_driven	2000	DLPFC	scVI	Seurat Dispersion
DLPFC	seurat_disp	500	cellcharter	0.6104249280421572	NA	1	0.8732159123811611	NA	1	0.7418204202116592	NA	1	0.6769838045077261	NA	1	0.6990966708165758	NA	1	0.6880402376621509	NA	1	0.9073187431420284	NA	1	0.7149303289369051	NA	1	0.7790598003386129	NA	1	expression_driven	500	DLPFC	CellCharter	Seurat Dispersion
DLPFC	seurat_disp	500	scvi	0.8841654383059733	NA	1	0.6460945053975279	NA	1	0.7651299718517506	NA	1	0.4664854047197808	NA	1	0.5673297079371185	NA	1	0.5169075563284496	NA	1	0.74559479780331706	NA	1	0.6410187640901002	NA	1	0.6758774419945057	NA	1	expression_driven	500	DLPFC	scVI	Seurat Dispersion
DLPFC	seurat_disp	5000	cellcharter	0.5302378251015237	NA	1	0.8452732413071005	NA	1	0.6877555332043122	NA	1	0.7419060784590489	NA	1	0.6513825914299529	NA	1	0.6966443349445008	NA	1	0.8877839859121366	NA	1	0.6921999340744065	NA	1	0.7573946180203165	NA	1	expression_driven	5000	DLPFC	CellCharter	Seurat Dispersion
DLPFC	seurat_disp	5000	scvi	0.8371661874219555	NA	1	0.6762361948270634	NA	1	0.7567011911245094	NA	1	0.5356755556359406	NA	1	0.6450046722881727	NA	1	0.5903401139620567	NA	1	0.7701852775626434	NA	1	0.6735206525432831	NA	1	0.7057421942164032	NA	1	expression_driven	5000	DLPFC	scVI	Seurat Dispersion
DLPFC	seurat_mvp	100	cellcharter	0.6929276102853814	NA	1	0.8135589661378719	NA	1	0.7532432882116267	NA	1	0.6546791712632097	NA	1	0.6055923364100073	NA	1	0.6301357538366086	NA	1	0.8471263474668107	NA	1	0.6916895210241176	NA	1	0.7435017965050154	NA	1	expression_driven	100	DLPFC	CellCharter	Seurat MVP
DLPFC	seurat_mvp	100	scvi	0.9455740810634672	NA	1	0.6146497749634416	NA	1	0.7801119280134544	NA	1	0.3665160899247617	NA	1	0.28133514452198466	NA	1	0.3239256172233732	NA	1	0.726970278519435	NA	1	0.5520187726184138	NA	1	0.6103359412520876	NA	1	expression_driven	100	DLPFC	scVI	Seurat MVP
DLPFC	seurat_mvp	1000	cellcharter	0.6130506119177803	NA	1	0.8600584891389539	NA	1	0.736554550528367	NA	1	0.6750550821536612	NA	1	0.589854326558475	NA	1	0.6324547043560681	NA	1	0.872959965200968	NA	1	0.6845046274422175	NA	1	0.7473230733618009	NA	1	expression_driven	1000	DLPFC	CellCharter	Seurat MVP
DLPFC	seurat_mvp	1000	scvi	0.8738517020528704	NA	1	0.6409107465313115	NA	1	0.757381224292091	NA	1	0.4615745164941802	NA	1	0.556650708779094	NA	1	0.5091126126366371	NA	1	0.7346176832993498	NA	1	0.6332469184643641	NA	1	0.6670371734093594	NA	1	expression_driven	1000	DLPFC	scVI	Seurat MVP
DLPFC	seurat_mvp	10000	cellcharter	0.6130506119177803	NA	1	0.8600584891389539	NA	1	0.736554550528367	NA	1	0.6750550821536612	NA	1	0.589854326558475	NA	1	0.6324547043560681	NA	1	0.872959965200968	NA	1	0.6845046274422175	NA	1	0.7473230733618009	NA	1	expression_driven	10000	DLPFC	CellCharter	Seurat MVP
DLPFC	seurat_mvp	10000	scvi	0.8738517020528704	NA	1	0.6409107465313115	NA	1	0.757381224292091	NA	1	0.4615745164941802	NA	1	0.556650708779094	NA	1	0.5091126126366371	NA	1	0.7346176832993498	NA	1	0.6332469184643641	NA	1	0.6670371734093594	NA	1	expression_driven	10000	DLPFC	scVI	Seurat MVP
DLPFC	seurat_mvp	200	cellcharter	0.6522374519997649	NA	1	0.847676147720617	NA	1	0.7499567998601909	NA	1	0.6716906644652111	NA	1	0.7495972079861809	NA	1	0.710643936225696	NA	1	0.8572748989806909	NA	1	0.7303003680429434	NA	1	0.7726252116888593	NA	1	expression_driven	200	DLPFC	CellCharter	Seurat MVP
DLPFC	seurat_mvp	200	scvi	0.9272962633477124	NA	1	0.6438767085338206	NA	1	0.7855864859407665	NA	1	0.421717806221126	NA	1	0.34276789558488363	NA	1	0.3822428509030048	NA	1	0.736982394291807	NA	1	0.5839146684218857	NA	1	0.6349372437118594	NA	1	expression_driven	200	DLPFC	scVI	Seurat MVP
DLPFC	seurat_mvp	2000	cellcharter	0.6142814023528627	0.00221571819953712	3	0.8595975476759098	0.00369997242814961	3	0.7369394750143862	9.2975715451577e-4	3	0.6759781100011523	0.00834238739354488	3	0.6503719679881725	0.06898118074544637	3	0.6631750389946625	0.03227577238797965	3	0.8661184053867802	0.00592536697728373	3	0.7000572570045241	0.01652307584349592	3	0.7554109731319428	0.00949028112892186	3	expression_driven	2000	DLPFC	CellCharter	Seurat MVP
DLPFC	seurat_mvp	2000	scvi	0.8776818994010996	0.00404206943713678	3	0.6408861427929076	0.01094990803795127	3	0.7592840210970037	0.00683160246888403	3	0.4535616195202874	0.00735581155344384	3	0.450352658796046	0.1156282955517636	3	0.4519571391581667	0.05991706247170673	3	0.7376019400040662	0.00507452661113775	3	0.6056205801275851	0.03131011029205969	3	0.6496143667530788	0.021219792085862232	3	expression_driven	2000	DLPFC	scVI	Seurat MVP
DLPFC	seurat_mvp	500	cellcharter	0.6308560845157819	NA	1	0.8610526186876007	NA	1	0.7459543516016913	NA	1	0.6675905804507046	NA	1	0.6760399919956938	NA	1	0.6718152862231992	NA	1	0.8680360684150759	NA	1	0.7088848189124453	NA	1	0.7619352354133221	NA	1	expression_driven	500	DLPFC	CellCharter	Seurat MVP
DLPFC	seurat_mvp	500	scvi	0.8849816669557089	NA	1	0.6346886775295355	NA	1	0.7598351722426222	NA	1	0.46122408130616394	NA	1	0.4923775540900584	NA	1	0.4768008176981112	NA	1	0.737452544917205	NA	1	0.6183179949703667	NA	1	0.6580295116193128	NA	1	expression_driven	500	DLPFC	scVI	Seurat MVP
DLPFC	seurat_mvp	5000	cellcharter	0.6130506119177803	NA	1	0.8600584891389539	NA	1	0.736554550528367	NA	1	0.6750550821536612	NA	1	0.589854326558475	NA	1	0.6324547043560681	NA	1	0.872959965200968	NA	1	0.6845046274422175	NA	1	0.7473230733618009	NA	1	expression_driven	5000	DLPFC	CellCharter	Seurat MVP
DLPFC	seurat_mvp	5000	scvi	0.8738517020528704	NA	1	0.6409107465313115	NA	1	0.757381224292091	NA	1	0.4615745164941802	NA	1	0.556650708779094	NA	1	0.5091126126366371	NA	1	0.7346176832993498	NA	1	0.6332469184643641	NA	1	0.6670371734093594	NA	1	expression_driven	5000	DLPFC	scVI	Seurat MVP
DLPFC	seurat_sct	100	cellcharter	0.6277362090650783	NA	1	0.8560513293266665	NA	1	0.7418937691958725	NA	1	0.667181169307182	NA	1	0.5649870978986792	NA	1	0.6160841336029306	NA	1	0.8772603515922097	NA	1	0.6789889513994015	NA	1	0.7450794181303376	NA	1	expression_driven	100	DLPFC	CellCharter	Seurat sctransform
DLPFC	seurat_sct	100	scvi	0.93508318723694	NA	1	0.6574130753481746	NA	1	0.7962481312925573	NA	1	0.4209103930988345	NA	1	0.4461450854111381	NA	1	0.43352773925498633	NA	1	0.77608236471131	NA	1	0.6148879352737718	NA	1	0.6686194117529513	NA	1	expression_driven	100	DLPFC	scVI	Seurat sctransform
DLPFC	seurat_sct	1000	cellcharter	0.5601257599781422	NA	1	0.8995682504855309	NA	1	0.7298470052318365	NA	1	0.6973560986697911	NA	1	0.6751611909648451	NA	1	0.686258644817318	NA	1	0.9170783665527004	NA	1	0.7080528250245772	NA	1	0.7777280055339517	NA	1	expression_driven	1000	DLPFC	CellCharter	Seurat sctransform
DLPFC	seurat_sct	1000	scvi	0.8040893571510939	NA	1	0.7195050393798649	NA	1	0.7617971982654794	NA	1	0.49762485079791247	NA	1	0.6893887050268721	NA	1	0.5935067779123923	NA	1	0.7911615417583797	NA	1	0.6776519880889358	NA	1	0.7154885059787505	NA	1	expression_driven	1000	DLPFC	scVI	Seurat sctransform
DLPFC	seurat_sct	10000	cellcharter	0.5243129104862984	NA	1	0.9252678493379513	NA	1	0.7247903799121248	NA	1	0.6914206982369117	NA	1	0.516726367826165	NA	1	0.6040735330315383	NA	1	0.8813224359565941	NA	1	0.6644319564718315	NA	1	0.7367287829667525	NA	1	expression_driven	10000	DLPFC	CellCharter	Seurat sctransform
DLPFC	seurat_sct	10000	scvi	0.46065495526126654	NA	1	0.4027763389564239	NA	1	0.4317156471088453	NA	1	0.44284277819874435	NA	1	0.3770921950942765	NA	1	0.4099674866465104	NA	1	0.6093414362277179	NA	1	0.4208415668776778	NA	1	0.4836748566610245	NA	1	expression_driven	10000	DLPFC	scVI	Seurat sctransform
DLPFC	seurat_sct	200	cellcharter	0.609928693479696	NA	1	0.8857818381245312	NA	1	0.7478552658021136	NA	1	0.6869584157817727	NA	1	0.6487031686048197	NA	1	0.6678307921932962	NA	1	0.8897235291080836	NA	1	0.7078430289977049	NA	1	0.7684698623678311	NA	1	expression_driven	200	DLPFC	CellCharter	Seurat sctransform
DLPFC	seurat_sct	200	scvi	0.8841880442382982	NA	1	0.675823975413937	NA	1	0.7800060098261177	NA	1	0.47809042761003856	NA	1	0.5276721250957446	NA	1	0.5028812763528916	NA	1	0.7822987617844926	NA	1	0.6414436430895046	NA	1	0.6883953493211673	NA	1	expression_driven	200	DLPFC	scVI	Seurat sctransform
DLPFC	seurat_sct	2000	cellcharter	0.547845697578801	0.00294533436489392	3	0.9409194770522796	0.02079107758834623	3	0.7443825873155402	0.01175290190263859	3	0.7105143642877528	0.00262770288266433	3	0.6699100858911988	0.06067635560212996	3	0.6902122250894758	0.03114764933898283	3	0.9137939057605134	0.00890072394166479	3	0.717297406202508	0.01961119998695558	3	0.7827962393885098	0.01023522803323895	3	expression_driven	2000	DLPFC	CellCharter	Seurat sctransform
DLPFC	seurat_sct	2000	scvi	0.8061941844985542	0.04060746938829273	3	0.7139004179010824	0.01812344500925212	3	0.7600473011998182	0.01145875355135147	3	0.5143511825739083	0.02196224489084201	3	0.7417725401575632	0.0661168888354368	3	0.6280618613657357	0.04403884490433718	3	0.7840808787697039	0.0070632051731687	3	0.694054581282777	0.01695541924227159	3	0.7240633471117525	0.00993167198133333	3	expression_driven	2000	DLPFC	scVI	Seurat sctransform
DLPFC	seurat_sct	500	cellcharter	0.5792651786613978	NA	1	0.912865420727098	NA	1	0.7460652996942478	NA	1	0.6907126398129108	NA	1	0.7240512155845904	NA	1	0.7073819276987505	NA	1	0.9190423854189798	NA	1	0.7267236136964992	NA	1	0.7908298709373259	NA	1	expression_driven	500	DLPFC	CellCharter	Seurat sctransform
DLPFC	seurat_sct	500	scvi	0.8385749056446519	NA	1	0.7073601834643213	NA	1	0.7729675445544866	NA	1	0.4988006463030108	NA	1	0.6768439548519138	NA	1	0.5878223005774623	NA	1	0.7842677876574706	NA	1	0.6803949225659744	NA	1	0.7150192109298065	NA	1	expression_driven	500	DLPFC	scVI	Seurat sctransform
DLPFC	seurat_sct	5000	cellcharter	0.5193117880505893	NA	1	0.9053466843432368	NA	1	0.712329236196913	NA	1	0.7303526012920817	NA	1	0.5827085944653783	NA	1	0.6565305978787299	NA	1	0.8914659974768918	NA	1	0.6844299170378214	NA	1	0.753441943850845	NA	1	expression_driven	5000	DLPFC	CellCharter	Seurat sctransform
DLPFC	seurat_sct	5000	scvi	0.5441599686021147	NA	1	0.539146402362887	NA	1	0.5416531854825009	NA	1	0.4714976235839569	NA	1	0.4191320732274445	NA	1	0.4453148484057007	NA	1	0.6977823937718277	NA	1	0.4934840169441008	NA	1	0.5615834758866765	NA	1	expression_driven	5000	DLPFC	scVI	Seurat sctransform
DLPFC	seurat_vst	100	cellcharter	0.7680227663990533	NA	1	0.8403191219722889	NA	1	0.804170944185671	NA	1	0.6524975690735207	NA	1	0.8512539052352818	NA	1	0.7518757371544013	NA	1	0.8998308537896436	NA	1	0.7780233406700361	NA	1	0.8186258450432385	NA	1	expression_driven	100	DLPFC	CellCharter	Seurat VST
DLPFC	seurat_vst	100	scvi	0.9654652923188092	NA	1	0.6183579528084325	NA	1	0.7919116225636209	NA	1	0.31339622822173935	NA	1	0.4442284999226428	NA	1	0.3788123640721911	NA	1	0.7478999048255255	NA	1	0.585361993317906	NA	1	0.6395412971537792	NA	1	expression_driven	100	DLPFC	scVI	Seurat VST
DLPFC	seurat_vst	1000	cellcharter	0.591705556834696	NA	1	0.9581290948745343	NA	1	0.7749173258546151	NA	1	0.6941328130912571	NA	1	0.7866016352972097	NA	1	0.7403672241942334	NA	1	0.9446692134085954	NA	1	0.7576422750244243	NA	1	0.819984587819148	NA	1	expression_driven	1000	DLPFC	CellCharter	Seurat VST
DLPFC	seurat_vst	1000	scvi	0.8109605054408878	NA	1	0.7274148539665252	NA	1	0.7691876797037065	NA	1	0.5051816057196743	NA	1	0.6634679056870563	NA	1	0.5843247557033653	NA	1	0.8021694132330922	NA	1	0.6767562177035359	NA	1	0.718560616213388	NA	1	expression_driven	1000	DLPFC	scVI	Seurat VST
DLPFC	seurat_vst	10000	cellcharter	0.5580495079608669	NA	1	0.9719657809089508	NA	1	0.7650076444349088	NA	1	0.6952948305638401	NA	1	0.7195518258566068	NA	1	0.7074233282102235	NA	1	0.9160056695706248	NA	1	0.7362154863225661	NA	1	0.7961455474052523	NA	1	expression_driven	10000	DLPFC	CellCharter	Seurat VST
DLPFC	seurat_vst	10000	scvi	0.5307456777453702	NA	1	0.5040059449741158	NA	1	0.517375811359743	NA	1	0.4889738079109043	NA	1	0.45477679618715633	NA	1	0.4718753020490303	NA	1	0.6662844876209978	NA	1	0.4946255567043866	NA	1	0.551845200343257	NA	1	expression_driven	10000	DLPFC	scVI	Seurat VST
DLPFC	seurat_vst	200	cellcharter	0.6835019409341864	NA	1	0.8685854105619831	NA	1	0.7760436757480847	NA	1	0.6586399476263568	NA	1	0.8073600919113662	NA	1	0.7330000197688615	NA	1	0.8971453142895984	NA	1	0.7545218477584732	NA	1	0.8020630032688483	NA	1	expression_driven	200	DLPFC	CellCharter	Seurat VST
DLPFC	seurat_vst	200	scvi	0.95109402551842	NA	1	0.6427993923381576	NA	1	0.7969467089282889	NA	1	0.3718855818049846	NA	1	0.4122047025491845	NA	1	0.3920451421770845	NA	1	0.7490900594962331	NA	1	0.5944959255526867	NA	1	0.6460273035338688	NA	1	expression_driven	200	DLPFC	scVI	Seurat VST
DLPFC	seurat_vst	2000	cellcharter	0.5828731515435467	0.00293275765372859	3	0.9467807760819557	0.0397842154571845	3	0.7648269638127512	0.01873108738621058	3	0.7042154097447302	0.00370141881430695	3	0.8467174707592529	0.07459784016515823	3	0.7754664402519914	0.0387692304640151	3	0.9458187240680724	0.00589241728373539	3	0.7701467020323713	0.02256467831165504	3	0.8287040427109383	0.01401804955647479	3	expression_driven	2000	DLPFC	CellCharter	Seurat VST
DLPFC	seurat_vst	2000	scvi	0.7661204375183779	0.01503721558385189	3	0.7518347394273638	0.00488278481844894	3	0.7589775884728708	0.00955409168256689	3	0.5139897448940868	0.01360508814564442	3	0.7056250454111043	0.03077012837837058	3	0.6098073951525956	0.02180421256005646	3	0.8191492166409177	0.00864621819407745	3	0.6843924918127332	0.01562062777754638	3	0.7293114000887947	0.01304617170592449	3	expression_driven	2000	DLPFC	scVI	Seurat VST
DLPFC	seurat_vst	500	cellcharter	0.6275413687543915	NA	1	0.9155093714735744	NA	1	0.7715253701139828	NA	1	0.6881587156852045	NA	1	0.8252919650895592	NA	1	0.7567253403873818	NA	1	0.9359850100135096	NA	1	0.7641253552506824	NA	1	0.8214119068382915	NA	1	expression_driven	500	DLPFC	CellCharter	Seurat VST
DLPFC	seurat_vst	500	scvi	0.9097238039791936	NA	1	0.7155343488235238	NA	1	0.8126290764013586	NA	1	0.4156454371535829	NA	1	0.6276895164652558	NA	1	0.5216674768094194	NA	1	0.8026640403762944	NA	1	0.667148276605389	NA	1	0.7123201978623573	NA	1	expression_driven	500	DLPFC	scVI	Seurat VST
DLPFC	seurat_vst	5000	cellcharter	0.5773788508870454	NA	1	0.980396931717098	NA	1	0.7788878913020718	NA	1	0.7150487028121003	NA	1	0.8334119885823854	NA	1	0.7742303456972428	NA	1	0.9372254352997774	NA	1	0.7765591184996573	NA	1	0.8301145574330308	NA	1	expression_driven	5000	DLPFC	CellCharter	Seurat VST
DLPFC	seurat_vst	5000	scvi	0.5922588997509258	NA	1	0.6271530554952038	NA	1	0.6097059776230649	NA	1	0.5059649574216782	NA	1	0.5399021351191906	NA	1	0.5229335462704344	NA	1	0.742068330828799	NA	1	0.5663197619467497	NA	1	0.6249026182407661	NA	1	expression_driven	5000	DLPFC	scVI	Seurat VST
DLPFC	singleCellHaystack	100	cellcharter	0.7499159723471494	NA	1	0.7399575076631021	NA	1	0.7449367400051257	NA	1	0.5907155071456024	NA	1	0.6628652493526963	NA	1	0.6267903782491493	NA	1	0.8233310590830951	NA	1	0.6858635591271375	NA	1	0.7316860591124567	NA	1	expression_driven	100	DLPFC	CellCharter	singleCellHaystack
DLPFC	singleCellHaystack	100	scvi	0.9280226342706396	NA	1	0.5418055268604549	NA	1	0.7349140805655473	NA	1	0.2469353122209439	NA	1	0.33569173404443875	NA	1	0.2913135231326913	NA	1	0.6575103050333422	NA	1	0.5131138018491193	NA	1	0.5612459695771935	NA	1	expression_driven	100	DLPFC	scVI	singleCellHaystack
DLPFC	singleCellHaystack	1000	cellcharter	0.5963728702347011	NA	1	0.9359353283176935	NA	1	0.7661540992761973	NA	1	0.6872541886361301	NA	1	0.7691627272704975	NA	1	0.7282084579533138	NA	1	0.9345059869792822	NA	1	0.7471812786147556	NA	1	0.8096228480695977	NA	1	expression_driven	1000	DLPFC	CellCharter	singleCellHaystack
DLPFC	singleCellHaystack	1000	scvi	0.8712510594185939	NA	1	0.6739325990604592	NA	1	0.7725918292395266	NA	1	0.4637426545553147	NA	1	0.5991231156211919	NA	1	0.5314328850882533	NA	1	0.8018861387695827	NA	1	0.6520123571638899	NA	1	0.7019702843657876	NA	1	expression_driven	1000	DLPFC	scVI	singleCellHaystack
DLPFC	singleCellHaystack	10000	cellcharter	0.52510383009654	NA	1	0.92865111025335	NA	1	0.726877470174945	NA	1	0.7344104673167196	NA	1	0.6494734363964391	NA	1	0.6919419518565793	NA	1	0.8986542390836547	NA	1	0.7094097110157621	NA	1	0.7724912203717264	NA	1	expression_driven	10000	DLPFC	CellCharter	singleCellHaystack
DLPFC	singleCellHaystack	10000	scvi	0.5457361033584829	NA	1	0.5624207808835323	NA	1	0.5540784421210077	NA	1	0.41416051086616834	NA	1	0.4263427513349529	NA	1	0.42025163110056063	NA	1	0.7173741345297919	NA	1	0.48716503661078414	NA	1	0.5639014025837867	NA	1	expression_driven	10000	DLPFC	scVI	singleCellHaystack
DLPFC	singleCellHaystack	200	cellcharter	0.6819595569091047	NA	1	0.840825521637441	NA	1	0.7613925392732728	NA	1	0.6517319512867887	NA	1	0.6940930492682755	NA	1	0.6729125002775321	NA	1	0.8902473747880444	NA	1	0.7171525197754025	NA	1	0.7748508047796164	NA	1	expression_driven	200	DLPFC	CellCharter	singleCellHaystack
DLPFC	singleCellHaystack	200	scvi	0.8502993604408443	NA	1	0.6111050267420687	NA	1	0.7307021935914565	NA	1	0.3469279195915715	NA	1	0.4690116830477255	NA	1	0.4079698013196485	NA	1	0.7258380577704636	NA	1	0.5693359974555525	NA	1	0.6215033508938562	NA	1	expression_driven	200	DLPFC	scVI	singleCellHaystack
DLPFC	singleCellHaystack	2000	cellcharter	0.5773432992650088	0.00347695567959056	3	0.9510058439659702	0.0083376645891624	3	0.7641745716154894	0.00260013946206367	3	0.705791264878937	0.00732314974568139	3	0.7282357544567297	0.10076826394324136	3	0.7170135096678333	0.05295230617502575	3	0.9361541616661648	0.00916312869479707	3	0.7405940406416613	0.02635722485648564	3	0.8057807476498292	0.02057400287917116	3	expression_driven	2000	DLPFC	CellCharter	singleCellHaystack
DLPFC	singleCellHaystack	2000	scvi	0.8406532270466638	0.02318721324760168	3	0.7384981802662517	0.02101972469308133	3	0.7895757036564578	0.00869169085395802	3	0.5242272863036235	0.02181198920155929	3	0.7142363023367584	0.03552834903240648	3	0.6192317943201909	0.01470894154510356	3	0.8260602325358769	0.00524615639352039	3	0.7044037489883244	0.00301456419123603	3	0.7449559101708418	0.00123906099845186	3	expression_driven	2000	DLPFC	scVI	singleCellHaystack
DLPFC	singleCellHaystack	500	cellcharter	0.6325858723760578	NA	1	0.8974984101082109	NA	1	0.7650421412421343	NA	1	0.6593530621213723	NA	1	0.783640238482588	NA	1	0.7214966503019802	NA	1	0.909751254046272	NA	1	0.7432693957720573	NA	1	0.7987633485301289	NA	1	expression_driven	500	DLPFC	CellCharter	singleCellHaystack
DLPFC	singleCellHaystack	500	scvi	0.8049824264203517	NA	1	0.6512550315601981	NA	1	0.7281187289902749	NA	1	0.4376772813656898	NA	1	0.5990499088253923	NA	1	0.518363595095541	NA	1	0.753977255682131	NA	1	0.6232411620429079	NA	1	0.6668198599226489	NA	1	expression_driven	500	DLPFC	scVI	singleCellHaystack
DLPFC	singleCellHaystack	5000	cellcharter	0.5386265570538797	NA	1	0.9441535777620924	NA	1	0.7413900674079861	NA	1	0.7227236560412676	NA	1	0.6350179828438354	NA	1	0.6788708194425515	NA	1	0.9197763432735933	NA	1	0.7101304434252688	NA	1	0.780012410041377	NA	1	expression_driven	5000	DLPFC	CellCharter	singleCellHaystack
DLPFC	singleCellHaystack	5000	scvi	0.6777346303902116	NA	1	0.6661471543277729	NA	1	0.6719408923589922	NA	1	0.4905311898169211	NA	1	0.6150931879411412	NA	1	0.5528121888790312	NA	1	0.769742576186226	NA	1	0.6123765406190117	NA	1	0.6648318858080832	NA	1	expression_driven	5000	DLPFC	scVI	singleCellHaystack
DLPFC	somde	100	cellcharter	0.651203364350846	NA	1	0.9100388624290424	NA	1	0.7806211133899443	NA	1	0.6745010544413831	NA	1	0.794824063192002	NA	1	0.7346625588166926	NA	1	0.9154250007583272	NA	1	0.7576418361033185	NA	1	0.8102362243216547	NA	1	spatially_informed	100	DLPFC	CellCharter	SOMDE
DLPFC	somde	100	scvi	0.9172383097787322	NA	1	0.7279493333200877	NA	1	0.82259382154941	NA	1	0.42551951107031366	NA	1	0.5933495632765999	NA	1	0.5094345371734568	NA	1	0.8159134856720046	NA	1	0.6660141793614334	NA	1	0.7159806147982904	NA	1	spatially_informed	100	DLPFC	scVI	SOMDE
DLPFC	somde	1000	cellcharter	0.5429164400818605	NA	1	0.9655750439845882	NA	1	0.7542457420332243	NA	1	0.7134833606580835	NA	1	0.8140986325956057	NA	1	0.7637909966268446	NA	1	0.932504631744528	NA	1	0.7590183693300344	NA	1	0.816847123468199	NA	1	spatially_informed	1000	DLPFC	CellCharter	SOMDE
DLPFC	somde	1000	scvi	0.793651512849561	NA	1	0.764837325689294	NA	1	0.7792444192694274	NA	1	0.5174906976498646	NA	1	0.7073456152815913	NA	1	0.612418156465728	NA	1	0.8370215867768938	NA	1	0.6958312878675776	NA	1	0.7428947208373496	NA	1	spatially_informed	1000	DLPFC	scVI	SOMDE
DLPFC	somde	10000	cellcharter	0.5222033868270842	NA	1	0.9557448175758144	NA	1	0.7389741022014493	NA	1	0.7253647969040654	NA	1	0.6520080688479472	NA	1	0.6886864328760063	NA	1	0.8922709540283595	NA	1	0.7138302675387278	NA	1	0.7733104963686049	NA	1	spatially_informed	10000	DLPFC	CellCharter	SOMDE
DLPFC	somde	10000	scvi	0.45630852739261224	NA	1	0.3690785711154932	NA	1	0.4126935492540527	NA	1	0.4620306810225068	NA	1	0.37466465185246944	NA	1	0.4183476664374881	NA	1	0.6117273322375547	NA	1	0.4155206078457704	NA	1	0.4809228493096985	NA	1	spatially_informed	10000	DLPFC	scVI	SOMDE
DLPFC	somde	200	cellcharter	0.6046924572540547	NA	1	0.9385129805509212	NA	1	0.7716027189024879	NA	1	0.6836201772607619	NA	1	0.7397223077794848	NA	1	0.7116712425201233	NA	1	0.9152508689554928	NA	1	0.7416369807113056	NA	1	0.7995082767927014	NA	1	spatially_informed	200	DLPFC	CellCharter	SOMDE
DLPFC	somde	200	scvi	0.8786050205534776	NA	1	0.7326878111195407	NA	1	0.8056464158365091	NA	1	0.49724712989262754	NA	1	0.6471723741060232	NA	1	0.5722097519993254	NA	1	0.8047877635485723	NA	1	0.6889280839179173	NA	1	0.7275479771281356	NA	1	spatially_informed	200	DLPFC	scVI	SOMDE
DLPFC	somde	2000	cellcharter	0.5457549786732147	0.00160605564201482	3	0.9710982854720792	0.01641262057080979	3	0.758426632072647	0.00830124428099618	3	0.7172390011580022	0.00367242703205343	3	0.7499295137202232	0.04232243588239433	3	0.7335842574391128	0.02280761712437188	3	0.9278052549897104	0.0075458981662229	3	0.7460054447558798	0.01527951230036654	3	0.8066053815004901	0.01218890376560085	3	spatially_informed	2000	DLPFC	CellCharter	SOMDE
DLPFC	somde	2000	scvi	0.8138903976470558	0.016521410916270442	3	0.771018909174748	0.00700067838729602	3	0.7924546534109019	0.00477620755849748	3	0.5100577928504071	0.01996576717274208	3	0.6669677523654066	0.11003149118157146	3	0.5885127726079069	0.06470405753276254	3	0.8362858943610574	0.00408213976068343	3	0.6904837130094045	0.03432634367290371	3	0.739084440126622	0.02212720295547212	3	spatially_informed	2000	DLPFC	scVI	SOMDE
DLPFC	somde	500	cellcharter	0.5706092240699336	NA	1	0.9498022336047096	NA	1	0.7602057288373216	NA	1	0.7001574956926134	NA	1	0.8643471053426097	NA	1	0.7822523005176116	NA	1	0.9306965317836388	NA	1	0.7712290146774666	NA	1	0.8243848537128574	NA	1	spatially_informed	500	DLPFC	CellCharter	SOMDE
DLPFC	somde	500	scvi	0.8668882297257383	NA	1	0.7595272548825539	NA	1	0.8132077423041462	NA	1	0.4999855080089107	NA	1	0.695076778930555	NA	1	0.5975311434697328	NA	1	0.8296915213668903	NA	1	0.7053694428869395	NA	1	0.7468101357135897	NA	1	spatially_informed	500	DLPFC	scVI	SOMDE
DLPFC	somde	5000	cellcharter	0.5318768704766528	NA	1	0.9631851274918344	NA	1	0.7475309989842436	NA	1	0.7176262848127385	NA	1	0.7234092973288999	NA	1	0.7205177910708191	NA	1	0.9210859894368754	NA	1	0.7340243950275314	NA	1	0.796378259830646	NA	1	spatially_informed	5000	DLPFC	CellCharter	SOMDE
DLPFC	somde	5000	scvi	0.5923646644088936	NA	1	0.6890209026009574	NA	1	0.6406927835049254	NA	1	0.42455441364641544	NA	1	0.5775502803542465	NA	1	0.501052347000331	NA	1	0.7606861925958404	NA	1	0.5708725652526282	NA	1	0.6341437743670323	NA	1	spatially_informed	5000	DLPFC	scVI	SOMDE
DLPFC	sparkx	100	cellcharter	0.6765624816594299	NA	1	0.8494551198252673	NA	1	0.7630088007423486	NA	1	0.6592010838271656	NA	1	0.7409396996143172	NA	1	0.7000703917207414	NA	1	0.8862368559579761	NA	1	0.731539596231545	NA	1	0.7831053494736887	NA	1	spatially_informed	100	DLPFC	CellCharter	SPARK-X
DLPFC	sparkx	100	scvi	0.8993481359807795	NA	1	0.6147413249110634	NA	1	0.7570447304459214	NA	1	0.446120318597025	NA	1	0.5474672724084328	NA	1	0.49679379550272895	NA	1	0.7512326771645952	NA	1	0.6269192629743252	NA	1	0.6683570677044152	NA	1	spatially_informed	100	DLPFC	scVI	SPARK-X
DLPFC	sparkx	1000	cellcharter	0.5614434275050304	NA	1	0.9540183697571272	NA	1	0.7577308986310787	NA	1	0.7023441579304578	NA	1	0.7024576311138865	NA	1	0.7024008945221721	NA	1	0.9131711514516644	NA	1	0.7300658965766254	NA	1	0.7911009815349717	NA	1	spatially_informed	1000	DLPFC	CellCharter	SPARK-X
DLPFC	sparkx	1000	scvi	0.808882347391672	NA	1	0.7007565796144442	NA	1	0.7548194635030581	NA	1	0.5012211231749734	NA	1	0.6960603176832998	NA	1	0.5986407204291366	NA	1	0.8003303881788422	NA	1	0.6767300919660973	NA	1	0.7179301907036789	NA	1	spatially_informed	1000	DLPFC	scVI	SPARK-X
DLPFC	sparkx	10000	cellcharter	0.51896470227279	NA	1	0.9194561569613868	NA	1	0.7192104296170885	NA	1	0.7264084284331508	NA	1	0.5886432336985001	NA	1	0.6575258310658254	NA	1	0.8694363442098865	NA	1	0.6883681303414569	NA	1	0.7487242016309335	NA	1	spatially_informed	10000	DLPFC	CellCharter	SPARK-X
DLPFC	sparkx	10000	scvi	0.4615402074845582	NA	1	0.26874600650449526	NA	1	0.36514310699452673	NA	1	0.5398807570153025	NA	1	0.32730555103298786	NA	1	0.4335931540241452	NA	1	0.4284269264040602	NA	1	0.3993681305093359	NA	1	0.40905439580757735	NA	1	spatially_informed	10000	DLPFC	scVI	SPARK-X
DLPFC	sparkx	200	cellcharter	0.6067920448235142	NA	1	0.9065894750629668	NA	1	0.7566907599432406	NA	1	0.6912972757350625	NA	1	0.7423471404615503	NA	1	0.7168222080983064	NA	1	0.9021343434840547	NA	1	0.7367564840207735	NA	1	0.7918824371752006	NA	1	spatially_informed	200	DLPFC	CellCharter	SPARK-X
DLPFC	sparkx	200	scvi	0.8823041296324187	NA	1	0.6523187844015143	NA	1	0.7673114570169665	NA	1	0.4656642393394053	NA	1	0.5746515737888898	NA	1	0.5201579065641475	NA	1	0.7687372510315313	NA	1	0.6437346817905569	NA	1	0.6854022048708818	NA	1	spatially_informed	200	DLPFC	scVI	SPARK-X
DLPFC	sparkx	2000	cellcharter	0.5506143299202956	0.00495978189874672	3	0.9634680841500666	0.00753735060922275	3	0.7570412070351811	0.00438819596947349	3	0.6959293315535952	0.01200287521429252	3	0.6532923445574176	0.03576166194125575	3	0.6746108380555064	0.01304096745448978	3	0.9133146258267004	0.00275849427946583	3	0.7158260225453437	0.00868377540843333	3	0.7816555569724626	0.00668592050486176	3	spatially_informed	2000	DLPFC	CellCharter	SPARK-X
DLPFC	sparkx	2000	scvi	0.6552164610259843	0.04851508583274464	3	0.6908216981545693	0.04022902447076147	3	0.6730190795902767	0.04407654346958188	3	0.4775063355494917	0.03493189288374115	3	0.6664062835450196	0.06616219453459468	3	0.5719563095472556	0.05054611510491156	3	0.7635648299350467	0.03556919474639719	3	0.6224876945687662	0.04423150046331169	3	0.6695134063575264	0.0406056624106361	3	spatially_informed	2000	DLPFC	scVI	SPARK-X
DLPFC	sparkx	500	cellcharter	0.5819560047104089	NA	1	0.9326049177254792	NA	1	0.757280461217944	NA	1	0.6935188598845142	NA	1	0.7391644897288182	NA	1	0.7163416748066662	NA	1	0.9112022354842012	NA	1	0.7368110680123051	NA	1	0.7949414571696037	NA	1	spatially_informed	500	DLPFC	CellCharter	SPARK-X
DLPFC	sparkx	500	scvi	0.8163598997695085	NA	1	0.6839587684559235	NA	1	0.750159334112716	NA	1	0.47391062717593546	NA	1	0.6505494407644414	NA	1	0.5622300339701884	NA	1	0.7786036294096164	NA	1	0.6561946840414522	NA	1	0.6969976658308402	NA	1	spatially_informed	500	DLPFC	scVI	SPARK-X
DLPFC	sparkx	5000	cellcharter	0.5302213566029692	NA	1	0.9489890904395596	NA	1	0.7396052235212645	NA	1	0.7051405538092208	NA	1	0.5808180322796337	NA	1	0.6429792930444272	NA	1	0.8931970254754434	NA	1	0.6912922582828458	NA	1	0.7585938473470449	NA	1	spatially_informed	5000	DLPFC	CellCharter	SPARK-X
DLPFC	sparkx	5000	scvi	0.4578050767368493	NA	1	0.34436512673194947	NA	1	0.4010851017343994	NA	1	0.4797388970542591	NA	1	0.38346505385008545	NA	1	0.4316019754521722	NA	1	0.560355373568751	NA	1	0.4163435385932858	NA	1	0.4643474835851076	NA	1	spatially_informed	5000	DLPFC	scVI	SPARK-X
DLPFC	spatialde	100	cellcharter	0.6219773201340884	NA	1	0.9073952163407047	NA	1	0.7646862682373966	NA	1	0.6812687809929122	NA	1	0.8012344125997619	NA	1	0.7412515967963371	NA	1	0.9172260934038158	NA	1	0.7529689325168669	NA	1	0.8077213194791831	NA	1	spatially_informed	100	DLPFC	CellCharter	SpatialDE
DLPFC	spatialde	100	scvi	0.8926483562386938	NA	1	0.7146794951916349	NA	1	0.8036639257151643	NA	1	0.4564702902561928	NA	1	0.5696112838873615	NA	1	0.5130407870717771	NA	1	0.7874680347677128	NA	1	0.6583523563934708	NA	1	0.7013909158515514	NA	1	spatially_informed	100	DLPFC	scVI	SpatialDE
DLPFC	spatialde	1000	cellcharter	0.5508034229144035	NA	1	0.976574518744235	NA	1	0.7636889708293193	NA	1	0.7125206572332687	NA	1	0.8069981420870285	NA	1	0.7597593996601486	NA	1	0.9317607933731616	NA	1	0.761724185244734	NA	1	0.8184030546208764	NA	1	spatially_informed	1000	DLPFC	CellCharter	SpatialDE
DLPFC	spatialde	1000	scvi	0.8461829787815731	NA	1	0.7592039382503755	NA	1	0.8026934585159743	NA	1	0.5171748046581296	NA	1	0.7355365320768859	NA	1	0.6263556683675078	NA	1	0.8229109672659065	NA	1	0.714524563441741	NA	1	0.7506533647164627	NA	1	spatially_informed	1000	DLPFC	scVI	SpatialDE
DLPFC	spatialde	10000	cellcharter	0.5259316092891557	NA	1	0.9399411414886716	NA	1	0.7329363753889135	NA	1	0.7354272611954803	NA	1	0.6012291246986394	NA	1	0.6683281929470599	NA	1	0.893368371616446	NA	1	0.7006322841679867	NA	1	0.7648776466508065	NA	1	spatially_informed	10000	DLPFC	CellCharter	SpatialDE
DLPFC	spatialde	10000	scvi	0.4583348308806876	NA	1	0.3813895966233303	NA	1	0.41986221375200894	NA	1	0.5006040106096339	NA	1	0.39323818041861025	NA	1	0.44692109551412207	NA	1	0.5676768844299291	NA	1	0.4333916546330655	NA	1	0.4781533978986867	NA	1	spatially_informed	10000	DLPFC	scVI	SpatialDE
DLPFC	spatialde	200	cellcharter	0.604136222816229	NA	1	0.9313158127652352	NA	1	0.7677260177907321	NA	1	0.6881654405647231	NA	1	0.7734805338011964	NA	1	0.7308229871829597	NA	1	0.9373866945810776	NA	1	0.7492745024868459	NA	1	0.8119785665182565	NA	1	spatially_informed	200	DLPFC	CellCharter	SpatialDE
DLPFC	spatialde	200	scvi	0.881361728109217	NA	1	0.7383048931525991	NA	1	0.809833310630908	NA	1	0.5425023073614098	NA	1	0.6248188490335498	NA	1	0.5836605781974797	NA	1	0.8138759319634601	NA	1	0.6967469444141938	NA	1	0.7357899402639493	NA	1	spatially_informed	200	DLPFC	scVI	SpatialDE
DLPFC	spatialde	2000	cellcharter	0.5404689726309437	0.00241207546545064	3	0.966759460000006	0.01257661353650166	3	0.753614216315475	0.00534042397109809	3	0.7119352510351363	0.00468370962520496	3	0.7763792060493536	0.09415950853803384	3	0.7441572285422451	0.04846206264523742	3	0.9269549876126032	0.00441273382967228	3	0.74888572242886	0.0265307243112686	3	0.8082421441567743	0.01629679535707819	3	spatially_informed	2000	DLPFC	CellCharter	SpatialDE
DLPFC	spatialde	2000	scvi	0.7813074260980505	0.02058442765429919	3	0.7477438446205836	0.01969464857465623	3	0.7645256353593171	0.01988486478390544	3	0.500913042843247	0.007582249772756	3	0.7328033484552532	0.02789665713030963	3	0.6168581956492502	0.01596396540668623	3	0.8168858126145043	0.00611965473889039	3	0.6906919155042835	0.01399840633700767	3	0.7327565478743572	0.01094102254676931	3	spatially_informed	2000	DLPFC	scVI	SpatialDE
DLPFC	spatialde	500	cellcharter	0.5594745127804017	NA	1	0.9434303017933494	NA	1	0.7514524072868756	NA	1	0.692235102013932	NA	1	0.6746684123006814	NA	1	0.6834517571573067	NA	1	0.9317272128612843	NA	1	0.7174520822220911	NA	1	0.7888771257684889	NA	1	spatially_informed	500	DLPFC	CellCharter	SpatialDE
DLPFC	spatialde	500	scvi	0.8120931880893789	NA	1	0.7491899350508269	NA	1	0.7806415615701029	NA	1	0.5030459863349478	NA	1	0.6573896525777476	NA	1	0.5802178194563476	NA	1	0.8133748109291226	NA	1	0.6804296905132252	NA	1	0.7247447306518576	NA	1	spatially_informed	500	DLPFC	scVI	SpatialDE
DLPFC	spatialde	5000	cellcharter	0.5175763532404779	NA	1	0.9421853302933952	NA	1	0.7298808417669365	NA	1	0.7332077874572266	NA	1	0.5697069246992922	NA	1	0.6514573560782594	NA	1	0.9083125267805764	NA	1	0.6906690989225979	NA	1	0.7632169082085906	NA	1	spatially_informed	5000	DLPFC	CellCharter	SpatialDE
DLPFC	spatialde	5000	scvi	0.5262400981657052	NA	1	0.5469435258187598	NA	1	0.5365918119922325	NA	1	0.4502545425288458	NA	1	0.42420581800858337	NA	1	0.4372301802687146	NA	1	0.6900165522074178	NA	1	0.4869109961304735	NA	1	0.5546128481561216	NA	1	spatially_informed	5000	DLPFC	scVI	SpatialDE
DLPFC	statistic_mean	100	cellcharter	0.6603477554960187	NA	1	0.8713086341551225	NA	1	0.7658281948255705	NA	1	0.6530396643338762	NA	1	0.7721654796424224	NA	1	0.7126025719881492	NA	1	0.909413250916741	NA	1	0.7392153834068599	NA	1	0.7959480059101537	NA	1	expression_driven	100	DLPFC	CellCharter	Mean expression
DLPFC	statistic_mean	100	scvi	0.8782771538954393	NA	1	0.6237324970909541	NA	1	0.7510048254931967	NA	1	0.44368097306099513	NA	1	0.6076401886596844	NA	1	0.5256605808603397	NA	1	0.7460162051433317	NA	1	0.6383327031767683	NA	1	0.6742272038322894	NA	1	expression_driven	100	DLPFC	scVI	Mean expression
DLPFC	statistic_mean	1000	cellcharter	0.571010366439822	NA	1	0.9464039023228968	NA	1	0.7587071343813594	NA	1	0.6794305463500233	NA	1	0.7031741754633338	NA	1	0.6913023609066786	NA	1	0.9118014352172024	NA	1	0.725004747644019	NA	1	0.7872703101684134	NA	1	expression_driven	1000	DLPFC	CellCharter	Mean expression
DLPFC	statistic_mean	1000	scvi	0.7066710799281842	NA	1	0.6813777201489382	NA	1	0.6940244000385611	NA	1	0.4505646770448893	NA	1	0.6751469365027308	NA	1	0.5628558067738101	NA	1	0.7539407339616022	NA	1	0.6284401034061856	NA	1	0.6702736469246577	NA	1	expression_driven	1000	DLPFC	scVI	Mean expression
DLPFC	statistic_mean	10000	cellcharter	0.5203552041155942	NA	1	0.904763617000714	NA	1	0.7125594105581541	NA	1	0.6981712608077165	NA	1	0.5153962498290371	NA	1	0.6067837553183768	NA	1	0.8767418941591641	NA	1	0.6596715829382654	NA	1	0.7320283533452318	NA	1	expression_driven	10000	DLPFC	CellCharter	Mean expression
DLPFC	statistic_mean	10000	scvi	0.4509237728548445	NA	1	0.37527048827487824	NA	1	0.41309713056486136	NA	1	0.49183117650542246	NA	1	0.3951275123677555	NA	1	0.443479344436589	NA	1	0.5433791699023005	NA	1	0.4282882375007252	NA	1	0.46665188163458365	NA	1	expression_driven	10000	DLPFC	scVI	Mean expression
DLPFC	statistic_mean	200	cellcharter	0.6270845334373562	NA	1	0.8991632975495795	NA	1	0.7631239154934678	NA	1	0.68957943474993455	NA	1	0.6460900278089021	NA	1	0.6678347312794184	NA	1	0.9152870426261128	NA	1	0.7154793233864432	NA	1	0.7820818964663331	NA	1	expression_driven	200	DLPFC	CellCharter	Mean expression
DLPFC	statistic_mean	200	scvi	0.8673497206775979	NA	1	0.6434666668247179	NA	1	0.7554081937511579	NA	1	0.4837890185228117	NA	1	0.6830054910191914	NA	1	0.5833972547710016	NA	1	0.7478099300724466	NA	1	0.6694027242610797	NA	1	0.6955384595315354	NA	1	expression_driven	200	DLPFC	scVI	Mean expression
DLPFC	statistic_mean	2000	cellcharter	0.5484123960894248	0.01298541069213768	3	0.9393431361808572	0.01395561668971673	3	0.743877766135141	0.01082985183398702	3	0.6996223920791804	0.02067847301208469	3	0.6387114040886168	0.03122078408356942	3	0.6691668980838986	0.02577068321362477	3	0.9095426974626748	0.00484749285339331	3	0.7065223321095199	0.01008706855602342	3	0.7741957872272383	0.00576722567750526	3	expression_driven	2000	DLPFC	CellCharter	Mean expression
DLPFC	statistic_mean	2000	scvi	0.6520156818110717	0.05905751969093485	3	0.6246357880500201	0.07775519669713919	3	0.6383257349305459	0.06766829614075255	3	0.4648507018585172	0.022171547318499	3	0.6074543265936688	0.1034661872226963	3	0.5361525142260931	0.05238721106042805	3	0.736751425940565	0.05734252979727654	3	0.5872391245783195	0.06001032123549064	3	0.6370765583657346	0.05881998733753325	3	expression_driven	2000	DLPFC	scVI	Mean expression
DLPFC	statistic_mean	500	cellcharter	0.5987851563345574	NA	1	0.9236265408299944	NA	1	0.7612058485822759	NA	1	0.7142686691665112	NA	1	0.7331734960434608	NA	1	0.723721082604986	NA	1	0.9343374993824264	NA	1	0.742463465593631	NA	1	0.8064214768565628	NA	1	expression_driven	500	DLPFC	CellCharter	Mean expression
DLPFC	statistic_mean	500	scvi	0.8257817079760599	NA	1	0.6456151594505521	NA	1	0.735698433713306	NA	1	0.45925198783376614	NA	1	0.638362732637513	NA	1	0.5488073602356396	NA	1	0.755279680037664	NA	1	0.6422528969744727	NA	1	0.6799284913288698	NA	1	expression_driven	500	DLPFC	scVI	Mean expression
DLPFC	statistic_mean	5000	cellcharter	0.5222216770949324	NA	1	0.9366552934968682	NA	1	0.7294384852959003	NA	1	0.6896278837824638	NA	1	0.4877806262686843	NA	1	0.588704255025574	NA	1	0.884920843792558	NA	1	0.6590713701607371	NA	1	0.7343545280380107	NA	1	expression_driven	5000	DLPFC	CellCharter	Mean expression
DLPFC	statistic_mean	5000	scvi	0.6112896588356658	NA	1	0.6158495018385577	NA	1	0.6135695803371117	NA	1	0.466235547950173	NA	1	0.581853684773366	NA	1	0.5240446163617695	NA	1	0.7448634483142713	NA	1	0.5688070983494407	NA	1	0.6274925483377175	NA	1	expression_driven	5000	DLPFC	scVI	Mean expression
DLPFC	statistic_variance	100	cellcharter	0.7383404591964189	NA	1	0.8537735553733887	NA	1	0.7960570072849038	NA	1	0.6583232280049196	NA	1	0.8984366958551477	NA	1	0.7783799619300337	NA	1	0.884780371300918	NA	1	0.7872184846074688	NA	1	0.8197391135052853	NA	1	expression_driven	100	DLPFC	CellCharter	Expression variance
DLPFC	statistic_variance	100	scvi	0.947493227693298	NA	1	0.6592590457006964	NA	1	0.8033761366969973	NA	1	0.36844203924661506	NA	1	0.5298153771693852	NA	1	0.4491287082080001	NA	1	0.7607528217380968	NA	1	0.6262524224524987	NA	1	0.6710858888810313	NA	1	expression_driven	100	DLPFC	scVI	Expression variance
DLPFC	statistic_variance	1000	cellcharter	0.5782925350621627	NA	1	0.9429622676590672	NA	1	0.7606274013606149	NA	1	0.7056011640411691	NA	1	0.6553834493809452	NA	1	0.6804923067110571	NA	1	0.9274228086715938	NA	1	0.720559854035836	NA	1	0.7895141722477552	NA	1	expression_driven	1000	DLPFC	CellCharter	Expression variance
DLPFC	statistic_variance	1000	scvi	0.8382081677154889	NA	1	0.7114352346452286	NA	1	0.7748217011803588	NA	1	0.5102303115998336	NA	1	0.6822571580659662	NA	1	0.5962437348328999	NA	1	0.8035822556352135	NA	1	0.6855327180066293	NA	1	0.724882563882824	NA	1	expression_driven	1000	DLPFC	scVI	Expression variance
DLPFC	statistic_variance	10000	cellcharter	0.5250448920971178	NA	1	0.9310317766630276	NA	1	0.7280383343800727	NA	1	0.7109515394833642	NA	1	0.5428913620042268	NA	1	0.6269214507437955	NA	1	0.8748210141480408	NA	1	0.6774798925619341	NA	1	0.7432602664239697	NA	1	expression_driven	10000	DLPFC	CellCharter	Expression variance
DLPFC	statistic_variance	10000	scvi	0.465064752664475	NA	1	0.41713451440881744	NA	1	0.4410996335366462	NA	1	0.5170090586840953	NA	1	0.3774331905530224	NA	1	0.4472211246185589	NA	1	0.6478379170798935	NA	1	0.4441603790776026	NA	1	0.5120528917450328	NA	1	expression_driven	10000	DLPFC	scVI	Expression variance
DLPFC	statistic_variance	200	cellcharter	0.6809042238173999	NA	1	0.8837029145576483	NA	1	0.7823035691875241	NA	1	0.661223412556276	NA	1	0.8299157745435719	NA	1	0.745569593549924	NA	1	0.90121693084823	NA	1	0.763936581368724	NA	1	0.8096966978618928	NA	1	expression_driven	200	DLPFC	CellCharter	Expression variance
DLPFC	statistic_variance	200	scvi	0.9266158045752614	NA	1	0.6831754012449476	NA	1	0.8048956029101044	NA	1	0.4396083659588577	NA	1	0.6179890040658187	NA	1	0.5287986850123382	NA	1	0.7894151128628959	NA	1	0.6668471439612214	NA	1	0.7077031335951128	NA	1	expression_driven	200	DLPFC	scVI	Expression variance
DLPFC	statistic_variance	2000	cellcharter	0.5626257888966254	0.00459069108034085	3	0.9468309800264773	0.00191240005834649	3	0.7547283844615512	0.00153431091563591	3	0.6984993697421542	0.0063706292892894	3	0.6883701733850872	0.10570655842966092	3	0.6934347715636208	0.0530637743176209	3	0.9199630475543074	0.00528190644988341	3	0.7240815780125859	0.02727627869753606	3	0.7893754011931599	0.01993413211804633	3	expression_driven	2000	DLPFC	CellCharter	Expression variance
DLPFC	statistic_variance	2000	scvi	0.7478268450058735	0.05423205794338683	3	0.7157002721623762	0.00477532823500454	3	0.7317635585841248	0.0285690954593806	3	0.4689974974835358	0.03972829112580328	3	0.7207325394086181	0.0332568384270893	3	0.594865018446077	0.03506980787715807	3	0.7862109375494651	0.01585630995558988	3	0.6633142885151009	0.02901713025749635	3	0.7042798381932224	0.02462325821282111	3	expression_driven	2000	DLPFC	scVI	Expression variance
DLPFC	statistic_variance	500	cellcharter	0.608599806053115	NA	1	0.919258944491528	NA	1	0.7639293752723215	NA	1	0.6805904163693909	NA	1	0.6966206446929024	NA	1	0.6886055305311467	NA	1	0.919830265907827	NA	1	0.7262674529017341	NA	1	0.7907883905704317	NA	1	expression_driven	500	DLPFC	CellCharter	Expression variance
DLPFC	statistic_variance	500	scvi	0.8577223287022107	NA	1	0.7139026441021369	NA	1	0.7858124864021738	NA	1	0.45366192166181	NA	1	0.6507392705580095	NA	1	0.5522005961099098	NA	1	0.8071372393964703	NA	1	0.6690065412560418	NA	1	0.7150501073028512	NA	1	expression_driven	500	DLPFC	scVI	Expression variance
DLPFC	statistic_variance	5000	cellcharter	0.5388545513090345	NA	1	0.9448338053816676	NA	1	0.7418441783453511	NA	1	0.7163643478167615	NA	1	0.6652377918582801	NA	1	0.6908010698375209	NA	1	0.897609391053801	NA	1	0.716322624091436	NA	1	0.7767515464122243	NA	1	expression_driven	5000	DLPFC	CellCharter	Expression variance
DLPFC	statistic_variance	5000	scvi	0.6468559890978801	NA	1	0.690518535157065	NA	1	0.6686872621274725	NA	1	0.5064451246053143	NA	1	0.7161616116410945	NA	1	0.6113033681232044	NA	1	0.7755129931012947	NA	1	0.6399953151253385	NA	1	0.6851678744506572	NA	1	expression_driven	5000	DLPFC	scVI	Expression variance
DLPFC	triku	100	cellcharter	0.7391027241768084	NA	1	0.5953962101633236	NA	1	0.667249467170066	NA	1	0.4386002509490078	NA	1	0.4143930939112923	NA	1	0.42649667243015	NA	1	0.671571070276757	NA	1	0.546873069800108	NA	1	0.588439069958991	NA	1	expression_driven	100	DLPFC	CellCharter	triku
DLPFC	triku	100	scvi	0.9332863503447204	NA	1	0.4731801802065724	NA	1	0.7032332652756464	NA	1	0.02135790953171558	NA	1	0.20342171871008569	NA	1	0.11238981412090064	NA	1	0.5972806400883824	NA	1	0.4078115396982735	NA	1	0.4709679064949765	NA	1	expression_driven	100	DLPFC	scVI	triku
DLPFC	triku	1000	cellcharter	0.601177694998104	NA	1	0.9288580949077166	NA	1	0.7650178949529103	NA	1	0.6946595880005817	NA	1	0.6804850867362278	NA	1	0.6875723373684047	NA	1	0.9387073758216004	NA	1	0.7262951161606575	NA	1	0.7970992027143051	NA	1	expression_driven	1000	DLPFC	CellCharter	triku
DLPFC	triku	1000	scvi	0.8777401535815954	NA	1	0.7127183876616044	NA	1	0.7952292706216	NA	1	0.48082982448688966	NA	1	0.6376845662333219	NA	1	0.5592571953601058	NA	1	0.8089165064213848	NA	1	0.6772432329908529	NA	1	0.7211343241343635	NA	1	expression_driven	1000	DLPFC	scVI	triku
DLPFC	triku	10000	cellcharter	0.5413689188618016	NA	1	0.956303777745128	NA	1	0.7488363483034648	NA	1	0.6977571567278965	NA	1	0.7036008891090764	NA	1	0.7006790229184865	NA	1	0.9070054274893842	NA	1	0.7247576856109756	NA	1	0.7855069329037785	NA	1	expression_driven	10000	DLPFC	CellCharter	triku
DLPFC	triku	10000	scvi	0.532241973245277	NA	1	0.5475420059970408	NA	1	0.5398919896211589	NA	1	0.47624501921011886	NA	1	0.4494276322892906	NA	1	0.4628363257497048	NA	1	0.6739295820770995	NA	1	0.5013641576854319	NA	1	0.5588859658159877	NA	1	expression_driven	10000	DLPFC	scVI	triku
DLPFC	triku	200	cellcharter	0.722040328112869	NA	1	0.7946596408166656	NA	1	0.7583499844647673	NA	1	0.660958536717494	NA	1	1	NA	1	0.830479268358747	NA	1	0.8357477255861058	NA	1	0.7944146264117571	NA	1	0.80819232613654	NA	1	expression_driven	200	DLPFC	CellCharter	triku
DLPFC	triku	200	scvi	0.9375100189203984	NA	1	0.6156902860637812	NA	1	0.7766001524920898	NA	1	0.2191946409928126	NA	1	0.5126357608637846	NA	1	0.3659152009282986	NA	1	0.726369331191033	NA	1	0.5712576767101942	NA	1	0.6229615615371404	NA	1	expression_driven	200	DLPFC	scVI	triku
DLPFC	triku	2000	cellcharter	0.5897852044979622	0.00337416272372776	3	0.9520175068619284	0.01383355994524089	3	0.7709013556799454	0.0084101233253814	3	0.7056880495229301	0.00135534856926473	3	0.7849281925173986	0.0848735229223545	3	0.7453081210201643	0.04219508739333017	3	0.941790012942891	0.00129110713719829	3	0.7581047383500549	0.02347883680636876	3	0.8193331632143335	0.0153103666509043	3	expression_driven	2000	DLPFC	CellCharter	triku
DLPFC	triku	2000	scvi	0.7908414386529913	0.03318661460968025	3	0.7540314167462996	0.02075326647118174	3	0.7724364276996454	0.01147162017111116	3	0.5150718930333297	0.01109572572562852	3	0.6938776834512473	0.05901939446344824	3	0.6044747882422885	0.03478111273032901	3	0.8231238727920963	0.00690298826995513	3	0.688455607970967	0.01314832378564176	3	0.7333450295780101	0.00924523131797164	3	expression_driven	2000	DLPFC	scVI	triku
DLPFC	triku	500	cellcharter	0.6345527571727568	NA	1	0.9015586218580676	NA	1	0.7680556895154123	NA	1	0.6849778276142717	NA	1	0.8751762902089814	NA	1	0.7800770589116266	NA	1	0.9021726349748248	NA	1	0.7740663742135194	NA	1	0.8167684611339544	NA	1	expression_driven	500	DLPFC	CellCharter	triku
DLPFC	triku	500	scvi	0.8260425497622472	NA	1	0.6666821857628158	NA	1	0.7463623677625315	NA	1	0.43968632422830306	NA	1	0.6047809942452502	NA	1	0.5222336592367767	NA	1	0.7644760652066049	NA	1	0.6342980134996541	NA	1	0.677690697401971	NA	1	expression_driven	500	DLPFC	scVI	triku
DLPFC	triku	5000	cellcharter	0.5773805767155265	NA	1	0.976829358405138	NA	1	0.7771049675603323	NA	1	0.7108521331032644	NA	1	0.824042189194615	NA	1	0.7674471611489397	NA	1	0.929981418714324	NA	1	0.772276064354636	NA	1	0.8248445158078653	NA	1	expression_driven	5000	DLPFC	CellCharter	triku
DLPFC	triku	5000	scvi	0.7286194528340062	NA	1	0.7262753589119113	NA	1	0.7274474058729588	NA	1	0.5159948989964652	NA	1	0.6893083231949158	NA	1	0.6026516110956905	NA	1	0.814987654950309	NA	1	0.6650495084843246	NA	1	0.7150288906396528	NA	1	expression_driven	5000	DLPFC	scVI	triku
E8p5Embryo	Brennecke	100	cellcharter	0.4783450675519136	NA	1	NA	NA	0	0.4783450675519136	NA	1	0.32476945624904197	NA	1	NA	NA	0	0.32476945624904197	NA	1	NA	NA	0	0.4015572619004778	NA	1	NA	NA	0	expression_driven	100	E8.5 Embryo	CellCharter	Brennecke
E8p5Embryo	Brennecke	100	scvi	0.02521162925790607	NA	1	NA	NA	0	0.02521162925790607	NA	1	0.6633496890424979	NA	1	NA	NA	0	0.6633496890424979	NA	1	NA	NA	0	0.344280659150202	NA	1	NA	NA	0	expression_driven	100	E8.5 Embryo	scVI	Brennecke
E8p5Embryo	Brennecke	1000	cellcharter	0.6255431929573719	NA	1	NA	NA	0	0.6255431929573719	NA	1	0.5279191223228619	NA	1	NA	NA	0	0.5279191223228619	NA	1	NA	NA	0	0.5767311576401168	NA	1	NA	NA	0	expression_driven	1000	E8.5 Embryo	CellCharter	Brennecke
E8p5Embryo	Brennecke	1000	scvi	0.8670714931198318	NA	1	NA	NA	0	0.8670714931198318	NA	1	0.18054878964303175	NA	1	NA	NA	0	0.18054878964303175	NA	1	NA	NA	0	0.5238101413814318	NA	1	NA	NA	0	expression_driven	1000	E8.5 Embryo	scVI	Brennecke
E8p5Embryo	Brennecke	10000	cellcharter	0.48951113599419616	NA	1	NA	NA	0	0.48951113599419616	NA	1	0.5008759679940619	NA	1	NA	NA	0	0.5008759679940619	NA	1	NA	NA	0	0.495193551994129	NA	1	NA	NA	0	expression_driven	10000	E8.5 Embryo	CellCharter	Brennecke
E8p5Embryo	Brennecke	10000	scvi	0.6208497741171963	NA	1	NA	NA	0	0.6208497741171963	NA	1	0.36173634605088384	NA	1	NA	NA	0	0.36173634605088384	NA	1	NA	NA	0	0.49129306008404006	NA	1	NA	NA	0	expression_driven	10000	E8.5 Embryo	scVI	Brennecke
E8p5Embryo	Brennecke	200	cellcharter	0.6564178793291929	NA	1	NA	NA	0	0.6564178793291929	NA	1	0.3624390621671048	NA	1	NA	NA	0	0.3624390621671048	NA	1	NA	NA	0	0.5094284707481489	NA	1	NA	NA	0	expression_driven	200	E8.5 Embryo	CellCharter	Brennecke
E8p5Embryo	Brennecke	200	scvi	0.4702825683804432	NA	1	NA	NA	0	0.4702825683804432	NA	1	0.299558974969587	NA	1	NA	NA	0	0.299558974969587	NA	1	NA	NA	0	0.3849207716750151	NA	1	NA	NA	0	expression_driven	200	E8.5 Embryo	scVI	Brennecke
E8p5Embryo	Brennecke	2000	cellcharter	0.6101780135173879	0.00361728206785946	3	NA	NA	0	0.6101780135173879	0.00361728206785946	3	0.614841759824207	0.01849053203810859	3	NA	NA	0	0.614841759824207	0.01849053203810859	3	NA	NA	0	0.6125098866707974	0.01105077922688036	3	NA	NA	0	expression_driven	2000	E8.5 Embryo	CellCharter	Brennecke
E8p5Embryo	Brennecke	2000	scvi	0.8347220647584169	0.01067481854176429	3	NA	NA	0	0.8347220647584169	0.01067481854176429	3	0.24239092887499172	0.00461860867327411	3	NA	NA	0	0.24239092887499172	0.00461860867327411	3	NA	NA	0	0.5385564968167044	0.00641369367885897	3	NA	NA	0	expression_driven	2000	E8.5 Embryo	scVI	Brennecke
E8p5Embryo	Brennecke	500	cellcharter	0.7897838216219835	NA	1	NA	NA	0	0.7897838216219835	NA	1	0.2657272893643037	NA	1	NA	NA	0	0.2657272893643037	NA	1	NA	NA	0	0.5277555554931436	NA	1	NA	NA	0	expression_driven	500	E8.5 Embryo	CellCharter	Brennecke
E8p5Embryo	Brennecke	500	scvi	0.8456358860211988	NA	1	NA	NA	0	0.8456358860211988	NA	1	0.09816046438966834	NA	1	NA	NA	0	0.09816046438966834	NA	1	NA	NA	0	0.47189817520543353	NA	1	NA	NA	0	expression_driven	500	E8.5 Embryo	scVI	Brennecke
E8p5Embryo	Brennecke	5000	cellcharter	0.4997208485360005	NA	1	NA	NA	0	0.4997208485360005	NA	1	0.5850560237418294	NA	1	NA	NA	0	0.5850560237418294	NA	1	NA	NA	0	0.542388436138915	NA	1	NA	NA	0	expression_driven	5000	E8.5 Embryo	CellCharter	Brennecke
E8p5Embryo	Brennecke	5000	scvi	0.7486020228288384	NA	1	NA	NA	0	0.7486020228288384	NA	1	0.3472906052879859	NA	1	NA	NA	0	0.3472906052879859	NA	1	NA	NA	0	0.5479463140584121	NA	1	NA	NA	0	expression_driven	5000	E8.5 Embryo	scVI	Brennecke
E8p5Embryo	anticor	100	cellcharter	0.5563127176356175	NA	1	NA	NA	0	0.5563127176356175	NA	1	0.7178313850860921	NA	1	NA	NA	0	0.7178313850860921	NA	1	NA	NA	0	0.6370720513608548	NA	1	NA	NA	0	expression_driven	100	E8.5 Embryo	CellCharter	Anticor
E8p5Embryo	anticor	100	scvi	0.7606575347481994	NA	1	NA	NA	0	0.7606575347481994	NA	1	0.3716287552976077	NA	1	NA	NA	0	0.3716287552976077	NA	1	NA	NA	0	0.5661431450229035	NA	1	NA	NA	0	expression_driven	100	E8.5 Embryo	scVI	Anticor
E8p5Embryo	anticor	1000	cellcharter	0.5065233594400721	NA	1	NA	NA	0	0.5065233594400721	NA	1	0.7083560689588874	NA	1	NA	NA	0	0.7083560689588874	NA	1	NA	NA	0	0.6074397141994797	NA	1	NA	NA	0	expression_driven	1000	E8.5 Embryo	CellCharter	Anticor
E8p5Embryo	anticor	1000	scvi	0.7268755679863147	NA	1	NA	NA	0	0.7268755679863147	NA	1	0.4028283280417255	NA	1	NA	NA	0	0.4028283280417255	NA	1	NA	NA	0	0.5648519480140202	NA	1	NA	NA	0	expression_driven	1000	E8.5 Embryo	scVI	Anticor
E8p5Embryo	anticor	10000	cellcharter	0.5007953292954107	NA	1	NA	NA	0	0.5007953292954107	NA	1	0.5534168431394928	NA	1	NA	NA	0	0.5534168431394928	NA	1	NA	NA	0	0.5271060862174517	NA	1	NA	NA	0	expression_driven	10000	E8.5 Embryo	CellCharter	Anticor
E8p5Embryo	anticor	10000	scvi	0.6610972932167264	NA	1	NA	NA	0	0.6610972932167264	NA	1	0.3806629290052273	NA	1	NA	NA	0	0.3806629290052273	NA	1	NA	NA	0	0.5208801111109769	NA	1	NA	NA	0	expression_driven	10000	E8.5 Embryo	scVI	Anticor
E8p5Embryo	anticor	200	cellcharter	0.5320721088760261	NA	1	NA	NA	0	0.5320721088760261	NA	1	0.728795677836863	NA	1	NA	NA	0	0.728795677836863	NA	1	NA	NA	0	0.6304338933564446	NA	1	NA	NA	0	expression_driven	200	E8.5 Embryo	CellCharter	Anticor
E8p5Embryo	anticor	200	scvi	0.7472041612385971	NA	1	NA	NA	0	0.7472041612385971	NA	1	0.40586880482158927	NA	1	NA	NA	0	0.40586880482158927	NA	1	NA	NA	0	0.5765364830300932	NA	1	NA	NA	0	expression_driven	200	E8.5 Embryo	scVI	Anticor
E8p5Embryo	anticor	2000	cellcharter	0.5121500164824019	0.00611208780000749	3	NA	NA	0	0.5121500164824019	0.00611208780000749	3	0.6989319769211337	0.02075883147632729	3	NA	NA	0	0.6989319769211337	0.02075883147632729	3	NA	NA	0	0.6055409967017679	0.01023083202680071	3	NA	NA	0	expression_driven	2000	E8.5 Embryo	CellCharter	Anticor
E8p5Embryo	anticor	2000	scvi	0.7389376663768986	0.01436584298142507	3	NA	NA	0	0.7389376663768986	0.01436584298142507	3	0.397830330177297	0.01614376035260412	3	NA	NA	0	0.397830330177297	0.01614376035260412	3	NA	NA	0	0.5683839982770978	0.00155337207938936	3	NA	NA	0	expression_driven	2000	E8.5 Embryo	scVI	Anticor
E8p5Embryo	anticor	500	cellcharter	0.5104334405622898	NA	1	NA	NA	0	0.5104334405622898	NA	1	0.72443676490707	NA	1	NA	NA	0	0.72443676490707	NA	1	NA	NA	0	0.6174351027346798	NA	1	NA	NA	0	expression_driven	500	E8.5 Embryo	CellCharter	Anticor
E8p5Embryo	anticor	500	scvi	0.7390198124478488	NA	1	NA	NA	0	0.7390198124478488	NA	1	0.395458742740065	NA	1	NA	NA	0	0.395458742740065	NA	1	NA	NA	0	0.5672392775939569	NA	1	NA	NA	0	expression_driven	500	E8.5 Embryo	scVI	Anticor
E8p5Embryo	anticor	5000	cellcharter	0.5025328194327066	NA	1	NA	NA	0	0.5025328194327066	NA	1	0.5941789487628603	NA	1	NA	NA	0	0.5941789487628603	NA	1	NA	NA	0	0.5483558840977834	NA	1	NA	NA	0	expression_driven	5000	E8.5 Embryo	CellCharter	Anticor
E8p5Embryo	anticor	5000	scvi	0.6964049713725661	NA	1	NA	NA	0	0.6964049713725661	NA	1	0.43489663198122447	NA	1	NA	NA	0	0.43489663198122447	NA	1	NA	NA	0	0.5656508016768953	NA	1	NA	NA	0	expression_driven	5000	E8.5 Embryo	scVI	Anticor
E8p5Embryo	dubstepr	100	cellcharter	0.601853437002684	NA	1	NA	NA	0	0.601853437002684	NA	1	0.6690151305487447	NA	1	NA	NA	0	0.6690151305487447	NA	1	NA	NA	0	0.6354342837757143	NA	1	NA	NA	0	expression_driven	100	E8.5 Embryo	CellCharter	DUBStepR
E8p5Embryo	dubstepr	100	scvi	0.7964667405231501	NA	1	NA	NA	0	0.7964667405231501	NA	1	0.319310812132958	NA	1	NA	NA	0	0.319310812132958	NA	1	NA	NA	0	0.557888776328054	NA	1	NA	NA	0	expression_driven	100	E8.5 Embryo	scVI	DUBStepR
E8p5Embryo	dubstepr	1000	cellcharter	0.5147558851996569	NA	1	NA	NA	0	0.5147558851996569	NA	1	0.5993253054131298	NA	1	NA	NA	0	0.5993253054131298	NA	1	NA	NA	0	0.5570405953063933	NA	1	NA	NA	0	expression_driven	1000	E8.5 Embryo	CellCharter	DUBStepR
E8p5Embryo	dubstepr	1000	scvi	0.7859991872688351	NA	1	NA	NA	0	0.7859991872688351	NA	1	0.33389110018874096	NA	1	NA	NA	0	0.33389110018874096	NA	1	NA	NA	0	0.559945143728788	NA	1	NA	NA	0	expression_driven	1000	E8.5 Embryo	scVI	DUBStepR
E8p5Embryo	dubstepr	10000	cellcharter	0.5053318396231583	NA	1	NA	NA	0	0.5053318396231583	NA	1	0.6112450650307691	NA	1	NA	NA	0	0.6112450650307691	NA	1	NA	NA	0	0.5582884523269638	NA	1	NA	NA	0	expression_driven	10000	E8.5 Embryo	CellCharter	DUBStepR
E8p5Embryo	dubstepr	10000	scvi	0.8038811886026745	NA	1	NA	NA	0	0.8038811886026745	NA	1	0.32750687645839144	NA	1	NA	NA	0	0.32750687645839144	NA	1	NA	NA	0	0.565694032530533	NA	1	NA	NA	0	expression_driven	10000	E8.5 Embryo	scVI	DUBStepR
E8p5Embryo	dubstepr	200	cellcharter	0.5689715035927669	NA	1	NA	NA	0	0.5689715035927669	NA	1	0.704749302068271	NA	1	NA	NA	0	0.704749302068271	NA	1	NA	NA	0	0.6368604028305189	NA	1	NA	NA	0	expression_driven	200	E8.5 Embryo	CellCharter	DUBStepR
E8p5Embryo	dubstepr	200	scvi	0.7808249236801976	NA	1	NA	NA	0	0.7808249236801976	NA	1	0.33025354458526873	NA	1	NA	NA	0	0.33025354458526873	NA	1	NA	NA	0	0.5555392341327332	NA	1	NA	NA	0	expression_driven	200	E8.5 Embryo	scVI	DUBStepR
E8p5Embryo	dubstepr	2000	cellcharter	0.5162630547094286	0.00951850961295035	3	NA	NA	0	0.5162630547094286	0.00951850961295035	3	0.5862027622335796	0.02221998290370685	3	NA	NA	0	0.5862027622335796	0.02221998290370685	3	NA	NA	0	0.5512329084715041	0.0064055312309464	3	NA	NA	0	expression_driven	2000	E8.5 Embryo	CellCharter	DUBStepR
E8p5Embryo	dubstepr	2000	scvi	0.7991038828241281	0.00759990756422658	3	NA	NA	0	0.7991038828241281	0.00759990756422658	3	0.3383383196480059	0.01011634706917424	3	NA	NA	0	0.3383383196480059	0.01011634706917424	3	NA	NA	0	0.5687211012360671	0.00292324466657886	3	NA	NA	0	expression_driven	2000	E8.5 Embryo	scVI	DUBStepR
E8p5Embryo	dubstepr	500	cellcharter	0.5321319072805053	NA	1	NA	NA	0	0.5321319072805053	NA	1	0.6355700691943932	NA	1	NA	NA	0	0.6355700691943932	NA	1	NA	NA	0	0.5838509882374492	NA	1	NA	NA	0	expression_driven	500	E8.5 Embryo	CellCharter	DUBStepR
E8p5Embryo	dubstepr	500	scvi	0.785477718601061	NA	1	NA	NA	0	0.785477718601061	NA	1	0.3120257285354875	NA	1	NA	NA	0	0.3120257285354875	NA	1	NA	NA	0	0.5487517235682742	NA	1	NA	NA	0	expression_driven	500	E8.5 Embryo	scVI	DUBStepR
E8p5Embryo	dubstepr	5000	cellcharter	0.5053318396231583	NA	1	NA	NA	0	0.5053318396231583	NA	1	0.6112450650307691	NA	1	NA	NA	0	0.6112450650307691	NA	1	NA	NA	0	0.5582884523269638	NA	1	NA	NA	0	expression_driven	5000	E8.5 Embryo	CellCharter	DUBStepR
E8p5Embryo	dubstepr	5000	scvi	0.8038811886026745	NA	1	NA	NA	0	0.8038811886026745	NA	1	0.32750687645839144	NA	1	NA	NA	0	0.32750687645839144	NA	1	NA	NA	0	0.565694032530533	NA	1	NA	NA	0	expression_driven	5000	E8.5 Embryo	scVI	DUBStepR
E8p5Embryo	hotspot	100	cellcharter	0.5870846792991732	NA	1	NA	NA	0	0.5870846792991732	NA	1	0.7020773405359257	NA	1	NA	NA	0	0.7020773405359257	NA	1	NA	NA	0	0.6445810099175495	NA	1	NA	NA	0	expression_driven	100	E8.5 Embryo	CellCharter	Hotspot
E8p5Embryo	hotspot	100	scvi	0.8125487571294078	NA	1	NA	NA	0	0.8125487571294078	NA	1	0.27700829687387735	NA	1	NA	NA	0	0.27700829687387735	NA	1	NA	NA	0	0.5447785270016425	NA	1	NA	NA	0	expression_driven	100	E8.5 Embryo	scVI	Hotspot
E8p5Embryo	hotspot	1000	cellcharter	0.4701970313225417	NA	1	NA	NA	0	0.4701970313225417	NA	1	0.724142190751753	NA	1	NA	NA	0	0.724142190751753	NA	1	NA	NA	0	0.5971696110371474	NA	1	NA	NA	0	expression_driven	1000	E8.5 Embryo	CellCharter	Hotspot
E8p5Embryo	hotspot	1000	scvi	0.7247384125767442	NA	1	NA	NA	0	0.7247384125767442	NA	1	0.37571941708626305	NA	1	NA	NA	0	0.37571941708626305	NA	1	NA	NA	0	0.5502289148315036	NA	1	NA	NA	0	expression_driven	1000	E8.5 Embryo	scVI	Hotspot
E8p5Embryo	hotspot	10000	cellcharter	0.4857327389332214	NA	1	NA	NA	0	0.4857327389332214	NA	1	0.5498665802954132	NA	1	NA	NA	0	0.5498665802954132	NA	1	NA	NA	0	0.5177996596143173	NA	1	NA	NA	0	expression_driven	10000	E8.5 Embryo	CellCharter	Hotspot
E8p5Embryo	hotspot	10000	scvi	0.6891302970553799	NA	1	NA	NA	0	0.6891302970553799	NA	1	0.365172767682058	NA	1	NA	NA	0	0.365172767682058	NA	1	NA	NA	0	0.5271515323687189	NA	1	NA	NA	0	expression_driven	10000	E8.5 Embryo	scVI	Hotspot
E8p5Embryo	hotspot	200	cellcharter	0.5611366915146817	NA	1	NA	NA	0	0.5611366915146817	NA	1	0.7266289420734635	NA	1	NA	NA	0	0.7266289420734635	NA	1	NA	NA	0	0.6438828167940727	NA	1	NA	NA	0	expression_driven	200	E8.5 Embryo	CellCharter	Hotspot
E8p5Embryo	hotspot	200	scvi	0.7876918099236467	NA	1	NA	NA	0	0.7876918099236467	NA	1	0.33828615517397775	NA	1	NA	NA	0	0.33828615517397775	NA	1	NA	NA	0	0.5629889825488122	NA	1	NA	NA	0	expression_driven	200	E8.5 Embryo	scVI	Hotspot
E8p5Embryo	hotspot	2000	cellcharter	0.4663739604649399	0.00318499738496278	3	NA	NA	0	0.4663739604649399	0.00318499738496278	3	0.7124919366336141	0.00417423185204907	3	NA	NA	0	0.7124919366336141	0.00417423185204907	3	NA	NA	0	0.589432948549277	0.00280538269168848	3	NA	NA	0	expression_driven	2000	E8.5 Embryo	CellCharter	Hotspot
E8p5Embryo	hotspot	2000	scvi	0.7245598277152544	0.01183086169431112	3	NA	NA	0	0.7245598277152544	0.01183086169431112	3	0.3908914498922284	0.03189679249004553	3	NA	NA	0	0.3908914498922284	0.03189679249004553	3	NA	NA	0	0.5577256388037414	0.01045054604052048	3	NA	NA	0	expression_driven	2000	E8.5 Embryo	scVI	Hotspot
E8p5Embryo	hotspot	500	cellcharter	0.5060568934641031	NA	1	NA	NA	0	0.5060568934641031	NA	1	0.7438470990015196	NA	1	NA	NA	0	0.7438470990015196	NA	1	NA	NA	0	0.6249519962328114	NA	1	NA	NA	0	expression_driven	500	E8.5 Embryo	CellCharter	Hotspot
E8p5Embryo	hotspot	500	scvi	0.7515818524911582	NA	1	NA	NA	0	0.7515818524911582	NA	1	0.3667217346777989	NA	1	NA	NA	0	0.3667217346777989	NA	1	NA	NA	0	0.5591517935844785	NA	1	NA	NA	0	expression_driven	500	E8.5 Embryo	scVI	Hotspot
E8p5Embryo	hotspot	5000	cellcharter	0.4600692427441023	NA	1	NA	NA	0	0.4600692427441023	NA	1	0.5714111338580324	NA	1	NA	NA	0	0.5714111338580324	NA	1	NA	NA	0	0.5157401883010674	NA	1	NA	NA	0	expression_driven	5000	E8.5 Embryo	CellCharter	Hotspot
E8p5Embryo	hotspot	5000	scvi	0.7351145350017966	NA	1	NA	NA	0	0.7351145350017966	NA	1	0.3748398182997213	NA	1	NA	NA	0	0.3748398182997213	NA	1	NA	NA	0	0.554977176650759	NA	1	NA	NA	0	expression_driven	5000	E8.5 Embryo	scVI	Hotspot
E8p5Embryo	morans_i	100	cellcharter	0.5344395017573571	NA	1	NA	NA	0	0.5344395017573571	NA	1	0.7370836110147782	NA	1	NA	NA	0	0.7370836110147782	NA	1	NA	NA	0	0.6357615563860677	NA	1	NA	NA	0	spatially_informed	100	E8.5 Embryo	CellCharter	Moran's I
E8p5Embryo	morans_i	100	scvi	0.7673512196182404	NA	1	NA	NA	0	0.7673512196182404	NA	1	0.3896216248497512	NA	1	NA	NA	0	0.3896216248497512	NA	1	NA	NA	0	0.5784864222339958	NA	1	NA	NA	0	spatially_informed	100	E8.5 Embryo	scVI	Moran's I
E8p5Embryo	morans_i	1000	cellcharter	0.48259559770007465	NA	1	NA	NA	0	0.48259559770007465	NA	1	0.6616508628503901	NA	1	NA	NA	0	0.6616508628503901	NA	1	NA	NA	0	0.5721232302752324	NA	1	NA	NA	0	spatially_informed	1000	E8.5 Embryo	CellCharter	Moran's I
E8p5Embryo	morans_i	1000	scvi	0.7400427423026283	NA	1	NA	NA	0	0.7400427423026283	NA	1	0.39901923280355395	NA	1	NA	NA	0	0.39901923280355395	NA	1	NA	NA	0	0.5695309875530912	NA	1	NA	NA	0	spatially_informed	1000	E8.5 Embryo	scVI	Moran's I
E8p5Embryo	morans_i	10000	cellcharter	0.4828331910977843	NA	1	NA	NA	0	0.4828331910977843	NA	1	0.552905312012041	NA	1	NA	NA	0	0.552905312012041	NA	1	NA	NA	0	0.5178692515549126	NA	1	NA	NA	0	spatially_informed	10000	E8.5 Embryo	CellCharter	Moran's I
E8p5Embryo	morans_i	10000	scvi	0.6859719667856558	NA	1	NA	NA	0	0.6859719667856558	NA	1	0.35894079433384296	NA	1	NA	NA	0	0.35894079433384296	NA	1	NA	NA	0	0.5224563805597493	NA	1	NA	NA	0	spatially_informed	10000	E8.5 Embryo	scVI	Moran's I
E8p5Embryo	morans_i	200	cellcharter	0.5005675696924772	NA	1	NA	NA	0	0.5005675696924772	NA	1	0.7281488641360315	NA	1	NA	NA	0	0.7281488641360315	NA	1	NA	NA	0	0.6143582169142543	NA	1	NA	NA	0	spatially_informed	200	E8.5 Embryo	CellCharter	Moran's I
E8p5Embryo	morans_i	200	scvi	0.7510528121775641	NA	1	NA	NA	0	0.7510528121775641	NA	1	0.387021365687295	NA	1	NA	NA	0	0.387021365687295	NA	1	NA	NA	0	0.5690370889324295	NA	1	NA	NA	0	spatially_informed	200	E8.5 Embryo	scVI	Moran's I
E8p5Embryo	morans_i	2000	cellcharter	0.46757365283936153	0.00279429832419485	3	NA	NA	0	0.46757365283936153	0.00279429832419485	3	0.62189608857019	0.004962861397844	3	NA	NA	0	0.62189608857019	0.004962861397844	3	NA	NA	0	0.5447348707047758	0.00387830957118878	3	NA	NA	0	spatially_informed	2000	E8.5 Embryo	CellCharter	Moran's I
E8p5Embryo	morans_i	2000	scvi	0.7353346271331871	0.01163624757047152	3	NA	NA	0	0.7353346271331871	0.01163624757047152	3	0.4070927214540472	0.0170789584562477	3	NA	NA	0	0.4070927214540472	0.0170789584562477	3	NA	NA	0	0.5712136742936171	0.00473169177752028	3	NA	NA	0	spatially_informed	2000	E8.5 Embryo	scVI	Moran's I
E8p5Embryo	morans_i	500	cellcharter	0.4899130485473686	NA	1	NA	NA	0	0.4899130485473686	NA	1	0.7143651210312383	NA	1	NA	NA	0	0.7143651210312383	NA	1	NA	NA	0	0.6021390847893034	NA	1	NA	NA	0	spatially_informed	500	E8.5 Embryo	CellCharter	Moran's I
E8p5Embryo	morans_i	500	scvi	0.7394569201278387	NA	1	NA	NA	0	0.7394569201278387	NA	1	0.3766976544730662	NA	1	NA	NA	0	0.3766976544730662	NA	1	NA	NA	0	0.5580772873004525	NA	1	NA	NA	0	spatially_informed	500	E8.5 Embryo	scVI	Moran's I
E8p5Embryo	morans_i	5000	cellcharter	0.4491810715306742	NA	1	NA	NA	0	0.4491810715306742	NA	1	0.610118927351844	NA	1	NA	NA	0	0.610118927351844	NA	1	NA	NA	0	0.5296499994412591	NA	1	NA	NA	0	spatially_informed	5000	E8.5 Embryo	CellCharter	Moran's I
E8p5Embryo	morans_i	5000	scvi	0.6816299865360853	NA	1	NA	NA	0	0.6816299865360853	NA	1	0.4009259858257204	NA	1	NA	NA	0	0.4009259858257204	NA	1	NA	NA	0	0.5412779861809028	NA	1	NA	NA	0	spatially_informed	5000	E8.5 Embryo	scVI	Moran's I
E8p5Embryo	nbumi	100	cellcharter	0.5219852375302261	NA	1	NA	NA	0	0.5219852375302261	NA	1	0.7223742280939747	NA	1	NA	NA	0	0.7223742280939747	NA	1	NA	NA	0	0.6221797328121004	NA	1	NA	NA	0	expression_driven	100	E8.5 Embryo	CellCharter	NBumi
E8p5Embryo	nbumi	100	scvi	0.7863165366784115	NA	1	NA	NA	0	0.7863165366784115	NA	1	0.3309813244229208	NA	1	NA	NA	0	0.3309813244229208	NA	1	NA	NA	0	0.5586489305506661	NA	1	NA	NA	0	expression_driven	100	E8.5 Embryo	scVI	NBumi
E8p5Embryo	nbumi	1000	cellcharter	0.48534268886447635	NA	1	NA	NA	0	0.48534268886447635	NA	1	0.7026844054920062	NA	1	NA	NA	0	0.7026844054920062	NA	1	NA	NA	0	0.5940135471782413	NA	1	NA	NA	0	expression_driven	1000	E8.5 Embryo	CellCharter	NBumi
E8p5Embryo	nbumi	1000	scvi	0.753869797784589	NA	1	NA	NA	0	0.753869797784589	NA	1	0.3518919727581699	NA	1	NA	NA	0	0.3518919727581699	NA	1	NA	NA	0	0.5528808852713795	NA	1	NA	NA	0	expression_driven	1000	E8.5 Embryo	scVI	NBumi
E8p5Embryo	nbumi	10000	cellcharter	0.49269468452324705	NA	1	NA	NA	0	0.49269468452324705	NA	1	0.5740184028614053	NA	1	NA	NA	0	0.5740184028614053	NA	1	NA	NA	0	0.5333565436923262	NA	1	NA	NA	0	expression_driven	10000	E8.5 Embryo	CellCharter	NBumi
E8p5Embryo	nbumi	10000	scvi	0.7001526722056908	NA	1	NA	NA	0	0.7001526722056908	NA	1	0.3896372392280332	NA	1	NA	NA	0	0.3896372392280332	NA	1	NA	NA	0	0.544894955716862	NA	1	NA	NA	0	expression_driven	10000	E8.5 Embryo	scVI	NBumi
E8p5Embryo	nbumi	200	cellcharter	0.5115057755196424	NA	1	NA	NA	0	0.5115057755196424	NA	1	0.7126809288353346	NA	1	NA	NA	0	0.7126809288353346	NA	1	NA	NA	0	0.6120933521774885	NA	1	NA	NA	0	expression_driven	200	E8.5 Embryo	CellCharter	NBumi
E8p5Embryo	nbumi	200	scvi	0.7691290373225501	NA	1	NA	NA	0	0.7691290373225501	NA	1	0.3462088408947778	NA	1	NA	NA	0	0.3462088408947778	NA	1	NA	NA	0	0.557668939108664	NA	1	NA	NA	0	expression_driven	200	E8.5 Embryo	scVI	NBumi
E8p5Embryo	nbumi	2000	cellcharter	0.47209416175529134	0.00401762125198826	3	NA	NA	0	0.47209416175529134	0.00401762125198826	3	0.7010322923051261	0.02240568437683113	3	NA	NA	0	0.7010322923051261	0.02240568437683113	3	NA	NA	0	0.5865632270302087	0.00962591352248373	3	NA	NA	0	expression_driven	2000	E8.5 Embryo	CellCharter	NBumi
E8p5Embryo	nbumi	2000	scvi	0.7306057591273012	0.01299921783541338	3	NA	NA	0	0.7306057591273012	0.01299921783541338	3	0.367286128493477	0.02241997323075183	3	NA	NA	0	0.367286128493477	0.02241997323075183	3	NA	NA	0	0.5489459438103892	0.01019442921522224	3	NA	NA	0	expression_driven	2000	E8.5 Embryo	scVI	NBumi
E8p5Embryo	nbumi	500	cellcharter	0.4907120972781463	NA	1	NA	NA	0	0.4907120972781463	NA	1	0.7354613715071544	NA	1	NA	NA	0	0.7354613715071544	NA	1	NA	NA	0	0.6130867343926504	NA	1	NA	NA	0	expression_driven	500	E8.5 Embryo	CellCharter	NBumi
E8p5Embryo	nbumi	500	scvi	0.7388772326426676	NA	1	NA	NA	0	0.7388772326426676	NA	1	0.3618244935135951	NA	1	NA	NA	0	0.3618244935135951	NA	1	NA	NA	0	0.5503508630781313	NA	1	NA	NA	0	expression_driven	500	E8.5 Embryo	scVI	NBumi
E8p5Embryo	nbumi	5000	cellcharter	0.484548744482447	NA	1	NA	NA	0	0.484548744482447	NA	1	0.6180812793564433	NA	1	NA	NA	0	0.6180812793564433	NA	1	NA	NA	0	0.5513150119194452	NA	1	NA	NA	0	expression_driven	5000	E8.5 Embryo	CellCharter	NBumi
E8p5Embryo	nbumi	5000	scvi	0.7053112065350877	NA	1	NA	NA	0	0.7053112065350877	NA	1	0.4467405433049475	NA	1	NA	NA	0	0.4467405433049475	NA	1	NA	NA	0	0.5760258749200177	NA	1	NA	NA	0	expression_driven	5000	E8.5 Embryo	scVI	NBumi
E8p5Embryo	nnsvg	100	cellcharter	0.5441751811307506	NA	1	NA	NA	0	0.5441751811307506	NA	1	0.6955334764749684	NA	1	NA	NA	0	0.6955334764749684	NA	1	NA	NA	0	0.6198543288028595	NA	1	NA	NA	0	spatially_informed	100	E8.5 Embryo	CellCharter	nnSVG
E8p5Embryo	nnsvg	100	scvi	0.7871503749744091	NA	1	NA	NA	0	0.7871503749744091	NA	1	0.3372995042864874	NA	1	NA	NA	0	0.3372995042864874	NA	1	NA	NA	0	0.5622249396304483	NA	1	NA	NA	0	spatially_informed	100	E8.5 Embryo	scVI	nnSVG
E8p5Embryo	nnsvg	1000	cellcharter	0.5103312608605924	NA	1	NA	NA	0	0.5103312608605924	NA	1	0.6169233120073988	NA	1	NA	NA	0	0.6169233120073988	NA	1	NA	NA	0	0.5636272864339956	NA	1	NA	NA	0	spatially_informed	1000	E8.5 Embryo	CellCharter	nnSVG
E8p5Embryo	nnsvg	1000	scvi	0.7534976204148092	NA	1	NA	NA	0	0.7534976204148092	NA	1	0.3602579939979982	NA	1	NA	NA	0	0.3602579939979982	NA	1	NA	NA	0	0.5568778072064037	NA	1	NA	NA	0	spatially_informed	1000	E8.5 Embryo	scVI	nnSVG
E8p5Embryo	nnsvg	10000	cellcharter	0.47963592076877853	NA	1	NA	NA	0	0.47963592076877853	NA	1	0.5421723528180358	NA	1	NA	NA	0	0.5421723528180358	NA	1	NA	NA	0	0.5109041367934072	NA	1	NA	NA	0	spatially_informed	10000	E8.5 Embryo	CellCharter	nnSVG
E8p5Embryo	nnsvg	10000	scvi	0.7264023714703596	NA	1	NA	NA	0	0.7264023714703596	NA	1	0.36480169548873614	NA	1	NA	NA	0	0.36480169548873614	NA	1	NA	NA	0	0.5456020334795478	NA	1	NA	NA	0	spatially_informed	10000	E8.5 Embryo	scVI	nnSVG
E8p5Embryo	nnsvg	200	cellcharter	0.533106824725467	NA	1	NA	NA	0	0.533106824725467	NA	1	0.7186877096594463	NA	1	NA	NA	0	0.7186877096594463	NA	1	NA	NA	0	0.6258972671924566	NA	1	NA	NA	0	spatially_informed	200	E8.5 Embryo	CellCharter	nnSVG
E8p5Embryo	nnsvg	200	scvi	0.7752522395324947	NA	1	NA	NA	0	0.7752522395324947	NA	1	0.3606601052381137	NA	1	NA	NA	0	0.3606601052381137	NA	1	NA	NA	0	0.5679561723853042	NA	1	NA	NA	0	spatially_informed	200	E8.5 Embryo	scVI	nnSVG
E8p5Embryo	nnsvg	2000	cellcharter	0.49393589358861933	0.00472294677289528	3	NA	NA	0	0.49393589358861933	0.00472294677289528	3	0.5790073993168482	0.02653206152632059	3	NA	NA	0	0.5790073993168482	0.02653206152632059	3	NA	NA	0	0.5364716464527338	0.01182373705774952	3	NA	NA	0	spatially_informed	2000	E8.5 Embryo	CellCharter	nnSVG
E8p5Embryo	nnsvg	2000	scvi	0.7529832253388561	0.00964656422878374	3	NA	NA	0	0.7529832253388561	0.00964656422878374	3	0.3894945896196453	0.00107395441497743	3	NA	NA	0	0.3894945896196453	0.00107395441497743	3	NA	NA	0	0.5712389074792507	0.00509073788265067	3	NA	NA	0	spatially_informed	2000	E8.5 Embryo	scVI	nnSVG
E8p5Embryo	nnsvg	500	cellcharter	0.5246019166010978	NA	1	NA	NA	0	0.5246019166010978	NA	1	0.6303258617465753	NA	1	NA	NA	0	0.6303258617465753	NA	1	NA	NA	0	0.5774638891738366	NA	1	NA	NA	0	spatially_informed	500	E8.5 Embryo	CellCharter	nnSVG
E8p5Embryo	nnsvg	500	scvi	0.7359906681336639	NA	1	NA	NA	0	0.7359906681336639	NA	1	0.4004492048204893	NA	1	NA	NA	0	0.4004492048204893	NA	1	NA	NA	0	0.5682199364770766	NA	1	NA	NA	0	spatially_informed	500	E8.5 Embryo	scVI	nnSVG
E8p5Embryo	nnsvg	5000	cellcharter	0.47963592076877853	NA	1	NA	NA	0	0.47963592076877853	NA	1	0.5421723528180358	NA	1	NA	NA	0	0.5421723528180358	NA	1	NA	NA	0	0.5109041367934072	NA	1	NA	NA	0	spatially_informed	5000	E8.5 Embryo	CellCharter	nnSVG
E8p5Embryo	nnsvg	5000	scvi	0.7264023714703596	NA	1	NA	NA	0	0.7264023714703596	NA	1	0.36480169548873614	NA	1	NA	NA	0	0.36480169548873614	NA	1	NA	NA	0	0.5456020334795478	NA	1	NA	NA	0	spatially_informed	5000	E8.5 Embryo	scVI	nnSVG
E8p5Embryo	osca	100	cellcharter	0.5491336291299342	NA	1	NA	NA	0	0.5491336291299342	NA	1	0.7114177654650584	NA	1	NA	NA	0	0.7114177654650584	NA	1	NA	NA	0	0.6302756972974963	NA	1	NA	NA	0	expression_driven	100	E8.5 Embryo	CellCharter	OSCA
E8p5Embryo	osca	100	scvi	0.818196970741865	NA	1	NA	NA	0	0.818196970741865	NA	1	0.2865293069685207	NA	1	NA	NA	0	0.2865293069685207	NA	1	NA	NA	0	0.5523631388551928	NA	1	NA	NA	0	expression_driven	100	E8.5 Embryo	scVI	OSCA
E8p5Embryo	osca	1000	cellcharter	0.5083167801024437	NA	1	NA	NA	0	0.5083167801024437	NA	1	0.6827640308964829	NA	1	NA	NA	0	0.6827640308964829	NA	1	NA	NA	0	0.5955404054994633	NA	1	NA	NA	0	expression_driven	1000	E8.5 Embryo	CellCharter	OSCA
E8p5Embryo	osca	1000	scvi	0.7762427537207357	NA	1	NA	NA	0	0.7762427537207357	NA	1	0.3525515425673064	NA	1	NA	NA	0	0.3525515425673064	NA	1	NA	NA	0	0.5643971481440211	NA	1	NA	NA	0	expression_driven	1000	E8.5 Embryo	scVI	OSCA
E8p5Embryo	osca	10000	cellcharter	0.4696635678239473	NA	1	NA	NA	0	0.4696635678239473	NA	1	0.6287867765564418	NA	1	NA	NA	0	0.6287867765564418	NA	1	NA	NA	0	0.5492251721901945	NA	1	NA	NA	0	expression_driven	10000	E8.5 Embryo	CellCharter	OSCA
E8p5Embryo	osca	10000	scvi	0.7392591041786818	NA	1	NA	NA	0	0.7392591041786818	NA	1	0.4223004240335253	NA	1	NA	NA	0	0.4223004240335253	NA	1	NA	NA	0	0.5807797641061035	NA	1	NA	NA	0	expression_driven	10000	E8.5 Embryo	scVI	OSCA
E8p5Embryo	osca	200	cellcharter	0.5386066841311512	NA	1	NA	NA	0	0.5386066841311512	NA	1	0.7100243955530908	NA	1	NA	NA	0	0.7100243955530908	NA	1	NA	NA	0	0.624315539842121	NA	1	NA	NA	0	expression_driven	200	E8.5 Embryo	CellCharter	OSCA
E8p5Embryo	osca	200	scvi	0.7989118837212723	NA	1	NA	NA	0	0.7989118837212723	NA	1	0.3367603496079117	NA	1	NA	NA	0	0.3367603496079117	NA	1	NA	NA	0	0.567836116664592	NA	1	NA	NA	0	expression_driven	200	E8.5 Embryo	scVI	OSCA
E8p5Embryo	osca	2000	cellcharter	0.5024227969638935	0.00193606274506651	3	NA	NA	0	0.5024227969638935	0.00193606274506651	3	0.6379550943751215	0.01310436697940747	3	NA	NA	0	0.6379550943751215	0.01310436697940747	3	NA	NA	0	0.5701889456695075	0.00637640641336162	3	NA	NA	0	expression_driven	2000	E8.5 Embryo	CellCharter	OSCA
E8p5Embryo	osca	2000	scvi	0.7597301056424216	0.02365319664043405	3	NA	NA	0	0.7597301056424216	0.02365319664043405	3	0.3733579078376183	0.01259290843359861	3	NA	NA	0	0.3733579078376183	0.01259290843359861	3	NA	NA	0	0.56654400674002	0.00580822908431408	3	NA	NA	0	expression_driven	2000	E8.5 Embryo	scVI	OSCA
E8p5Embryo	osca	500	cellcharter	0.5249600226544956	NA	1	NA	NA	0	0.5249600226544956	NA	1	0.7239129403271697	NA	1	NA	NA	0	0.7239129403271697	NA	1	NA	NA	0	0.6244364814908326	NA	1	NA	NA	0	expression_driven	500	E8.5 Embryo	CellCharter	OSCA
E8p5Embryo	osca	500	scvi	0.7878530988136083	NA	1	NA	NA	0	0.7878530988136083	NA	1	0.37385954221146306	NA	1	NA	NA	0	0.37385954221146306	NA	1	NA	NA	0	0.5808563205125357	NA	1	NA	NA	0	expression_driven	500	E8.5 Embryo	scVI	OSCA
E8p5Embryo	osca	5000	cellcharter	0.4797792763081852	NA	1	NA	NA	0	0.4797792763081852	NA	1	0.6413186311003765	NA	1	NA	NA	0	0.6413186311003765	NA	1	NA	NA	0	0.5605489537042808	NA	1	NA	NA	0	expression_driven	5000	E8.5 Embryo	CellCharter	OSCA
E8p5Embryo	osca	5000	scvi	0.7445973734438747	NA	1	NA	NA	0	0.7445973734438747	NA	1	0.4060031286752431	NA	1	NA	NA	0	0.4060031286752431	NA	1	NA	NA	0	0.5753002510595588	NA	1	NA	NA	0	expression_driven	5000	E8.5 Embryo	scVI	OSCA
E8p5Embryo	scPNMF	100	cellcharter	0.5964862485553131	NA	1	NA	NA	0	0.5964862485553131	NA	1	0.6693316786160158	NA	1	NA	NA	0	0.6693316786160158	NA	1	NA	NA	0	0.6329089635856644	NA	1	NA	NA	0	expression_driven	100	E8.5 Embryo	CellCharter	scPNMF
E8p5Embryo	scPNMF	100	scvi	0.834566017444186	NA	1	NA	NA	0	0.834566017444186	NA	1	0.24896109839821975	NA	1	NA	NA	0	0.24896109839821975	NA	1	NA	NA	0	0.5417635579212029	NA	1	NA	NA	0	expression_driven	100	E8.5 Embryo	scVI	scPNMF
E8p5Embryo	scPNMF	1000	cellcharter	0.5380405421349799	NA	1	NA	NA	0	0.5380405421349799	NA	1	0.5372480434633448	NA	1	NA	NA	0	0.5372480434633448	NA	1	NA	NA	0	0.5376442927991623	NA	1	NA	NA	0	expression_driven	1000	E8.5 Embryo	CellCharter	scPNMF
E8p5Embryo	scPNMF	1000	scvi	0.8094802962345807	NA	1	NA	NA	0	0.8094802962345807	NA	1	0.2878563679027765	NA	1	NA	NA	0	0.2878563679027765	NA	1	NA	NA	0	0.5486683320686786	NA	1	NA	NA	0	expression_driven	1000	E8.5 Embryo	scVI	scPNMF
E8p5Embryo	scPNMF	10000	cellcharter	0.4876723555000203	NA	1	NA	NA	0	0.4876723555000203	NA	1	0.5278795360866514	NA	1	NA	NA	0	0.5278795360866514	NA	1	NA	NA	0	0.5077759457933358	NA	1	NA	NA	0	expression_driven	10000	E8.5 Embryo	CellCharter	scPNMF
E8p5Embryo	scPNMF	10000	scvi	0.6828672340401103	NA	1	NA	NA	0	0.6828672340401103	NA	1	0.3374037006457194	NA	1	NA	NA	0	0.3374037006457194	NA	1	NA	NA	0	0.5101354673429148	NA	1	NA	NA	0	expression_driven	10000	E8.5 Embryo	scVI	scPNMF
E8p5Embryo	scPNMF	200	cellcharter	0.5936609048981998	NA	1	NA	NA	0	0.5936609048981998	NA	1	0.5918962079060245	NA	1	NA	NA	0	0.5918962079060245	NA	1	NA	NA	0	0.5927785564021122	NA	1	NA	NA	0	expression_driven	200	E8.5 Embryo	CellCharter	scPNMF
E8p5Embryo	scPNMF	200	scvi	0.8311326209930179	NA	1	NA	NA	0	0.8311326209930179	NA	1	0.26898361309645097	NA	1	NA	NA	0	0.26898361309645097	NA	1	NA	NA	0	0.5500581170447344	NA	1	NA	NA	0	expression_driven	200	E8.5 Embryo	scVI	scPNMF
E8p5Embryo	scPNMF	2000	cellcharter	0.5125552540546511	0.0030654672871026	3	NA	NA	0	0.5125552540546511	0.0030654672871026	3	0.5819200399766903	0.01671692453131851	3	NA	NA	0	0.5819200399766903	0.01671692453131851	3	NA	NA	0	0.5472376470156708	0.00693486955532235	3	NA	NA	0	expression_driven	2000	E8.5 Embryo	CellCharter	scPNMF
E8p5Embryo	scPNMF	2000	scvi	0.7793380769639094	0.01738052226188924	3	NA	NA	0	0.7793380769639094	0.01738052226188924	3	0.33313768677110367	0.06365811263334191	3	NA	NA	0	0.33313768677110367	0.06365811263334191	3	NA	NA	0	0.5562378818675066	0.02611441454811852	3	NA	NA	0	expression_driven	2000	E8.5 Embryo	scVI	scPNMF
E8p5Embryo	scPNMF	500	cellcharter	0.5649313250268883	NA	1	NA	NA	0	0.5649313250268883	NA	1	0.5855189040724698	NA	1	NA	NA	0	0.5855189040724698	NA	1	NA	NA	0	0.575225114549679	NA	1	NA	NA	0	expression_driven	500	E8.5 Embryo	CellCharter	scPNMF
E8p5Embryo	scPNMF	500	scvi	0.833785962741012	NA	1	NA	NA	0	0.833785962741012	NA	1	0.26679801730747815	NA	1	NA	NA	0	0.26679801730747815	NA	1	NA	NA	0	0.5502919900242451	NA	1	NA	NA	0	expression_driven	500	E8.5 Embryo	scVI	scPNMF
E8p5Embryo	scPNMF	5000	cellcharter	0.48937025311349425	NA	1	NA	NA	0	0.48937025311349425	NA	1	0.5173122119169239	NA	1	NA	NA	0	0.5173122119169239	NA	1	NA	NA	0	0.5033412325152091	NA	1	NA	NA	0	expression_driven	5000	E8.5 Embryo	CellCharter	scPNMF
E8p5Embryo	scPNMF	5000	scvi	0.6934100407438113	NA	1	NA	NA	0	0.6934100407438113	NA	1	0.3769337960627013	NA	1	NA	NA	0	0.3769337960627013	NA	1	NA	NA	0	0.5351719184032563	NA	1	NA	NA	0	expression_driven	5000	E8.5 Embryo	scVI	scPNMF
E8p5Embryo	scanpy_cell_ranger	100	cellcharter	0.6013012348136392	NA	1	NA	NA	0	0.6013012348136392	NA	1	0.6097797279081432	NA	1	NA	NA	0	0.6097797279081432	NA	1	NA	NA	0	0.6055404813608911	NA	1	NA	NA	0	expression_driven	100	E8.5 Embryo	CellCharter	Scanpy Cell Ranger
E8p5Embryo	scanpy_cell_ranger	100	scvi	0.7913921308609717	NA	1	NA	NA	0	0.7913921308609717	NA	1	0.24623425489691284	NA	1	NA	NA	0	0.24623425489691284	NA	1	NA	NA	0	0.5188131928789422	NA	1	NA	NA	0	expression_driven	100	E8.5 Embryo	scVI	Scanpy Cell Ranger
E8p5Embryo	scanpy_cell_ranger	1000	cellcharter	0.520138244569598	NA	1	NA	NA	0	0.520138244569598	NA	1	0.7282495340851746	NA	1	NA	NA	0	0.7282495340851746	NA	1	NA	NA	0	0.6241938893273863	NA	1	NA	NA	0	expression_driven	1000	E8.5 Embryo	CellCharter	Scanpy Cell Ranger
E8p5Embryo	scanpy_cell_ranger	1000	scvi	0.7853313328481115	NA	1	NA	NA	0	0.7853313328481115	NA	1	0.3589248747441807	NA	1	NA	NA	0	0.3589248747441807	NA	1	NA	NA	0	0.5721281037961461	NA	1	NA	NA	0	expression_driven	1000	E8.5 Embryo	scVI	Scanpy Cell Ranger
E8p5Embryo	scanpy_cell_ranger	10000	cellcharter	0.48461379187378073	NA	1	NA	NA	0	0.48461379187378073	NA	1	0.6095639124586872	NA	1	NA	NA	0	0.6095639124586872	NA	1	NA	NA	0	0.547088852166234	NA	1	NA	NA	0	expression_driven	10000	E8.5 Embryo	CellCharter	Scanpy Cell Ranger
E8p5Embryo	scanpy_cell_ranger	10000	scvi	0.7423836762984487	NA	1	NA	NA	0	0.7423836762984487	NA	1	0.3890960587115382	NA	1	NA	NA	0	0.3890960587115382	NA	1	NA	NA	0	0.5657398675049934	NA	1	NA	NA	0	expression_driven	10000	E8.5 Embryo	scVI	Scanpy Cell Ranger
E8p5Embryo	scanpy_cell_ranger	200	cellcharter	0.5539359473497287	NA	1	NA	NA	0	0.5539359473497287	NA	1	0.7004132618949926	NA	1	NA	NA	0	0.7004132618949926	NA	1	NA	NA	0	0.6271746046223607	NA	1	NA	NA	0	expression_driven	200	E8.5 Embryo	CellCharter	Scanpy Cell Ranger
E8p5Embryo	scanpy_cell_ranger	200	scvi	0.800950385988161	NA	1	NA	NA	0	0.800950385988161	NA	1	0.2762044296546384	NA	1	NA	NA	0	0.2762044296546384	NA	1	NA	NA	0	0.5385774078213997	NA	1	NA	NA	0	expression_driven	200	E8.5 Embryo	scVI	Scanpy Cell Ranger
E8p5Embryo	scanpy_cell_ranger	2000	cellcharter	0.5034911169200552	0.0067939887289363	3	NA	NA	0	0.5034911169200552	0.0067939887289363	3	0.7048700093353205	0.02749948694431006	3	NA	NA	0	0.7048700093353205	0.02749948694431006	3	NA	NA	0	0.6041805631276879	0.01398368798768391	3	NA	NA	0	expression_driven	2000	E8.5 Embryo	CellCharter	Scanpy Cell Ranger
E8p5Embryo	scanpy_cell_ranger	2000	scvi	0.7706524045750616	0.00734831019456838	3	NA	NA	0	0.7706524045750616	0.00734831019456838	3	0.3684073931235618	0.01076401866492819	3	NA	NA	0	0.3684073931235618	0.01076401866492819	3	NA	NA	0	0.5695298988493116	0.00203341258126022	3	NA	NA	0	expression_driven	2000	E8.5 Embryo	scVI	Scanpy Cell Ranger
E8p5Embryo	scanpy_cell_ranger	500	cellcharter	0.544197639747142	NA	1	NA	NA	0	0.544197639747142	NA	1	0.7194114774328874	NA	1	NA	NA	0	0.7194114774328874	NA	1	NA	NA	0	0.6318045585900147	NA	1	NA	NA	0	expression_driven	500	E8.5 Embryo	CellCharter	Scanpy Cell Ranger
E8p5Embryo	scanpy_cell_ranger	500	scvi	0.7781719434063255	NA	1	NA	NA	0	0.7781719434063255	NA	1	0.32731997382035366	NA	1	NA	NA	0	0.32731997382035366	NA	1	NA	NA	0	0.5527459586133395	NA	1	NA	NA	0	expression_driven	500	E8.5 Embryo	scVI	Scanpy Cell Ranger
E8p5Embryo	scanpy_cell_ranger	5000	cellcharter	0.4809913696278104	NA	1	NA	NA	0	0.4809913696278104	NA	1	0.7298633989502359	NA	1	NA	NA	0	0.7298633989502359	NA	1	NA	NA	0	0.6054273842890232	NA	1	NA	NA	0	expression_driven	5000	E8.5 Embryo	CellCharter	Scanpy Cell Ranger
E8p5Embryo	scanpy_cell_ranger	5000	scvi	0.7194009159899428	NA	1	NA	NA	0	0.7194009159899428	NA	1	0.3696276467254395	NA	1	NA	NA	0	0.3696276467254395	NA	1	NA	NA	0	0.5445142813576912	NA	1	NA	NA	0	expression_driven	5000	E8.5 Embryo	scVI	Scanpy Cell Ranger
E8p5Embryo	scanpy_cell_ranger_batch	100	cellcharter	0.5611182722748655	NA	1	NA	NA	0	0.5611182722748655	NA	1	0.667810980272514	NA	1	NA	NA	0	0.667810980272514	NA	1	NA	NA	0	0.6144646262736897	NA	1	NA	NA	0	expression_driven	100	E8.5 Embryo	CellCharter	Scanpy Cell Ranger, batch
E8p5Embryo	scanpy_cell_ranger_batch	100	scvi	0.7862291270836085	NA	1	NA	NA	0	0.7862291270836085	NA	1	0.2729813956016666	NA	1	NA	NA	0	0.2729813956016666	NA	1	NA	NA	0	0.5296052613426375	NA	1	NA	NA	0	expression_driven	100	E8.5 Embryo	scVI	Scanpy Cell Ranger, batch
E8p5Embryo	scanpy_cell_ranger_batch	1000	cellcharter	0.5102509344588502	NA	1	NA	NA	0	0.5102509344588502	NA	1	0.7169633042725604	NA	1	NA	NA	0	0.7169633042725604	NA	1	NA	NA	0	0.6136071193657053	NA	1	NA	NA	0	expression_driven	1000	E8.5 Embryo	CellCharter	Scanpy Cell Ranger, batch
E8p5Embryo	scanpy_cell_ranger_batch	1000	scvi	0.7760458190997268	NA	1	NA	NA	0	0.7760458190997268	NA	1	0.34983543248989896	NA	1	NA	NA	0	0.34983543248989896	NA	1	NA	NA	0	0.5629406257948129	NA	1	NA	NA	0	expression_driven	1000	E8.5 Embryo	scVI	Scanpy Cell Ranger, batch
E8p5Embryo	scanpy_cell_ranger_batch	10000	cellcharter	0.4870306546964844	NA	1	NA	NA	0	0.4870306546964844	NA	1	0.5931370536323392	NA	1	NA	NA	0	0.5931370536323392	NA	1	NA	NA	0	0.5400838541644117	NA	1	NA	NA	0	expression_driven	10000	E8.5 Embryo	CellCharter	Scanpy Cell Ranger, batch
E8p5Embryo	scanpy_cell_ranger_batch	10000	scvi	0.7477078695499246	NA	1	NA	NA	0	0.7477078695499246	NA	1	0.39479035621141695	NA	1	NA	NA	0	0.39479035621141695	NA	1	NA	NA	0	0.5712491128806708	NA	1	NA	NA	0	expression_driven	10000	E8.5 Embryo	scVI	Scanpy Cell Ranger, batch
E8p5Embryo	scanpy_cell_ranger_batch	200	cellcharter	0.5458159438072718	NA	1	NA	NA	0	0.5458159438072718	NA	1	0.661114209859471	NA	1	NA	NA	0	0.661114209859471	NA	1	NA	NA	0	0.6034650768333714	NA	1	NA	NA	0	expression_driven	200	E8.5 Embryo	CellCharter	Scanpy Cell Ranger, batch
E8p5Embryo	scanpy_cell_ranger_batch	200	scvi	0.7909604492999237	NA	1	NA	NA	0	0.7909604492999237	NA	1	0.3107144938421475	NA	1	NA	NA	0	0.3107144938421475	NA	1	NA	NA	0	0.5508374715710356	NA	1	NA	NA	0	expression_driven	200	E8.5 Embryo	scVI	Scanpy Cell Ranger, batch
E8p5Embryo	scanpy_cell_ranger_batch	2000	cellcharter	0.5057794900912349	0.00244854270894264	3	NA	NA	0	0.5057794900912349	0.00244854270894264	3	0.7131637836142349	0.01872702990317181	3	NA	NA	0	0.7131637836142349	0.01872702990317181	3	NA	NA	0	0.609471636852735	0.00870070911583531	3	NA	NA	0	expression_driven	2000	E8.5 Embryo	CellCharter	Scanpy Cell Ranger, batch
E8p5Embryo	scanpy_cell_ranger_batch	2000	scvi	0.7737930636083741	0.01279592514608864	3	NA	NA	0	0.7737930636083741	0.01279592514608864	3	0.3640192947866552	0.0122564273546399	3	NA	NA	0	0.3640192947866552	0.0122564273546399	3	NA	NA	0	0.5689061791975146	0.00475066969708629	3	NA	NA	0	expression_driven	2000	E8.5 Embryo	scVI	Scanpy Cell Ranger, batch
E8p5Embryo	scanpy_cell_ranger_batch	500	cellcharter	0.5279483948721295	NA	1	NA	NA	0	0.5279483948721295	NA	1	0.6799484951301219	NA	1	NA	NA	0	0.6799484951301219	NA	1	NA	NA	0	0.6039484450011257	NA	1	NA	NA	0	expression_driven	500	E8.5 Embryo	CellCharter	Scanpy Cell Ranger, batch
E8p5Embryo	scanpy_cell_ranger_batch	500	scvi	0.7955327029076473	NA	1	NA	NA	0	0.7955327029076473	NA	1	0.32909355151169245	NA	1	NA	NA	0	0.32909355151169245	NA	1	NA	NA	0	0.5623131272096699	NA	1	NA	NA	0	expression_driven	500	E8.5 Embryo	scVI	Scanpy Cell Ranger, batch
E8p5Embryo	scanpy_cell_ranger_batch	5000	cellcharter	0.490065986674166	NA	1	NA	NA	0	0.490065986674166	NA	1	0.6825057871609225	NA	1	NA	NA	0	0.6825057871609225	NA	1	NA	NA	0	0.5862858869175442	NA	1	NA	NA	0	expression_driven	5000	E8.5 Embryo	CellCharter	Scanpy Cell Ranger, batch
E8p5Embryo	scanpy_cell_ranger_batch	5000	scvi	0.7515816560521766	NA	1	NA	NA	0	0.7515816560521766	NA	1	0.39429162585509575	NA	1	NA	NA	0	0.39429162585509575	NA	1	NA	NA	0	0.5729366409536362	NA	1	NA	NA	0	expression_driven	5000	E8.5 Embryo	scVI	Scanpy Cell Ranger, batch
E8p5Embryo	scanpy_pearson	100	cellcharter	0.6033324806068889	NA	1	NA	NA	0	0.6033324806068889	NA	1	0.65740800799087	NA	1	NA	NA	0	0.65740800799087	NA	1	NA	NA	0	0.6303702442988794	NA	1	NA	NA	0	expression_driven	100	E8.5 Embryo	CellCharter	Scanpy Pearson
E8p5Embryo	scanpy_pearson	100	scvi	0.8136278868949598	NA	1	NA	NA	0	0.8136278868949598	NA	1	0.26369097031014144	NA	1	NA	NA	0	0.26369097031014144	NA	1	NA	NA	0	0.5386594286025506	NA	1	NA	NA	0	expression_driven	100	E8.5 Embryo	scVI	Scanpy Pearson
E8p5Embryo	scanpy_pearson	1000	cellcharter	0.5113143374709073	NA	1	NA	NA	0	0.5113143374709073	NA	1	0.7349113416346599	NA	1	NA	NA	0	0.7349113416346599	NA	1	NA	NA	0	0.6231128395527836	NA	1	NA	NA	0	expression_driven	1000	E8.5 Embryo	CellCharter	Scanpy Pearson
E8p5Embryo	scanpy_pearson	1000	scvi	0.7771833068848673	NA	1	NA	NA	0	0.7771833068848673	NA	1	0.3259934805948146	NA	1	NA	NA	0	0.3259934805948146	NA	1	NA	NA	0	0.5515883937398409	NA	1	NA	NA	0	expression_driven	1000	E8.5 Embryo	scVI	Scanpy Pearson
E8p5Embryo	scanpy_pearson	10000	cellcharter	0.4990627380225443	NA	1	NA	NA	0	0.4990627380225443	NA	1	0.5185922494839555	NA	1	NA	NA	0	0.5185922494839555	NA	1	NA	NA	0	0.50882749375325	NA	1	NA	NA	0	expression_driven	10000	E8.5 Embryo	CellCharter	Scanpy Pearson
E8p5Embryo	scanpy_pearson	10000	scvi	0.7317619595877196	NA	1	NA	NA	0	0.7317619595877196	NA	1	0.38771724656505774	NA	1	NA	NA	0	0.38771724656505774	NA	1	NA	NA	0	0.5597396030763887	NA	1	NA	NA	0	expression_driven	10000	E8.5 Embryo	scVI	Scanpy Pearson
E8p5Embryo	scanpy_pearson	200	cellcharter	0.578818846260471	NA	1	NA	NA	0	0.578818846260471	NA	1	0.6627269729662354	NA	1	NA	NA	0	0.6627269729662354	NA	1	NA	NA	0	0.6207729096133532	NA	1	NA	NA	0	expression_driven	200	E8.5 Embryo	CellCharter	Scanpy Pearson
E8p5Embryo	scanpy_pearson	200	scvi	0.8087828454981119	NA	1	NA	NA	0	0.8087828454981119	NA	1	0.26535905600424436	NA	1	NA	NA	0	0.26535905600424436	NA	1	NA	NA	0	0.5370709507511782	NA	1	NA	NA	0	expression_driven	200	E8.5 Embryo	scVI	Scanpy Pearson
E8p5Embryo	scanpy_pearson	2000	cellcharter	0.4811744465999224	0.00657052465668956	3	NA	NA	0	0.4811744465999224	0.00657052465668956	3	0.7348978553416413	0.00443760070605356	3	NA	NA	0	0.7348978553416413	0.00443760070605356	3	NA	NA	0	0.6080361509707819	0.0043334890789456	3	NA	NA	0	expression_driven	2000	E8.5 Embryo	CellCharter	Scanpy Pearson
E8p5Embryo	scanpy_pearson	2000	scvi	0.7424479768466222	0.01096492981796116	3	NA	NA	0	0.7424479768466222	0.01096492981796116	3	0.390995620045262	0.00564787383192278	3	NA	NA	0	0.390995620045262	0.00564787383192278	3	NA	NA	0	0.5667217984459421	0.0081024277358863	3	NA	NA	0	expression_driven	2000	E8.5 Embryo	scVI	Scanpy Pearson
E8p5Embryo	scanpy_pearson	500	cellcharter	0.5510013934265636	NA	1	NA	NA	0	0.5510013934265636	NA	1	0.7040535544323657	NA	1	NA	NA	0	0.7040535544323657	NA	1	NA	NA	0	0.6275274739294647	NA	1	NA	NA	0	expression_driven	500	E8.5 Embryo	CellCharter	Scanpy Pearson
E8p5Embryo	scanpy_pearson	500	scvi	0.8082293322281042	NA	1	NA	NA	0	0.8082293322281042	NA	1	0.30442023733403895	NA	1	NA	NA	0	0.30442023733403895	NA	1	NA	NA	0	0.5563247847810716	NA	1	NA	NA	0	expression_driven	500	E8.5 Embryo	scVI	Scanpy Pearson
E8p5Embryo	scanpy_pearson	5000	cellcharter	0.46784816574200705	NA	1	NA	NA	0	0.46784816574200705	NA	1	0.6460967365362463	NA	1	NA	NA	0	0.6460967365362463	NA	1	NA	NA	0	0.5569724511391267	NA	1	NA	NA	0	expression_driven	5000	E8.5 Embryo	CellCharter	Scanpy Pearson
E8p5Embryo	scanpy_pearson	5000	scvi	0.7400711528763091	NA	1	NA	NA	0	0.7400711528763091	NA	1	0.39107625082781583	NA	1	NA	NA	0	0.39107625082781583	NA	1	NA	NA	0	0.5655737018520625	NA	1	NA	NA	0	expression_driven	5000	E8.5 Embryo	scVI	Scanpy Pearson
E8p5Embryo	scanpy_pearson_batch	100	cellcharter	0.5963587457254714	NA	1	NA	NA	0	0.5963587457254714	NA	1	0.6561141924364264	NA	1	NA	NA	0	0.6561141924364264	NA	1	NA	NA	0	0.626236469080949	NA	1	NA	NA	0	expression_driven	100	E8.5 Embryo	CellCharter	Scanpy Pearson, batch
E8p5Embryo	scanpy_pearson_batch	100	scvi	0.8281670780463554	NA	1	NA	NA	0	0.8281670780463554	NA	1	0.2357736046241043	NA	1	NA	NA	0	0.2357736046241043	NA	1	NA	NA	0	0.5319703413352298	NA	1	NA	NA	0	expression_driven	100	E8.5 Embryo	scVI	Scanpy Pearson, batch
E8p5Embryo	scanpy_pearson_batch	1000	cellcharter	0.5459248954736984	NA	1	NA	NA	0	0.5459248954736984	NA	1	0.6872658046631787	NA	1	NA	NA	0	0.6872658046631787	NA	1	NA	NA	0	0.6165953500684385	NA	1	NA	NA	0	expression_driven	1000	E8.5 Embryo	CellCharter	Scanpy Pearson, batch
E8p5Embryo	scanpy_pearson_batch	1000	scvi	0.7840891983114957	NA	1	NA	NA	0	0.7840891983114957	NA	1	0.31377289416242676	NA	1	NA	NA	0	0.31377289416242676	NA	1	NA	NA	0	0.5489310462369612	NA	1	NA	NA	0	expression_driven	1000	E8.5 Embryo	scVI	Scanpy Pearson, batch
E8p5Embryo	scanpy_pearson_batch	10000	cellcharter	0.4794222661413372	NA	1	NA	NA	0	0.4794222661413372	NA	1	0.57082935908811006	NA	1	NA	NA	0	0.57082935908811006	NA	1	NA	NA	0	0.5251258126147236	NA	1	NA	NA	0	expression_driven	10000	E8.5 Embryo	CellCharter	Scanpy Pearson, batch
E8p5Embryo	scanpy_pearson_batch	10000	scvi	0.6995768929500198	NA	1	NA	NA	0	0.6995768929500198	NA	1	0.39932900091351026	NA	1	NA	NA	0	0.39932900091351026	NA	1	NA	NA	0	0.549452946931765	NA	1	NA	NA	0	expression_driven	10000	E8.5 Embryo	scVI	Scanpy Pearson, batch
E8p5Embryo	scanpy_pearson_batch	200	cellcharter	0.5912453776879986	NA	1	NA	NA	0	0.5912453776879986	NA	1	0.65862395521955	NA	1	NA	NA	0	0.65862395521955	NA	1	NA	NA	0	0.6249346664537743	NA	1	NA	NA	0	expression_driven	200	E8.5 Embryo	CellCharter	Scanpy Pearson, batch
E8p5Embryo	scanpy_pearson_batch	200	scvi	0.8179559047462294	NA	1	NA	NA	0	0.8179559047462294	NA	1	0.2624202032553347	NA	1	NA	NA	0	0.2624202032553347	NA	1	NA	NA	0	0.5401880540007821	NA	1	NA	NA	0	expression_driven	200	E8.5 Embryo	scVI	Scanpy Pearson, batch
E8p5Embryo	scanpy_pearson_batch	2000	cellcharter	0.5518073510015397	0.01399103612247138	3	NA	NA	0	0.5518073510015397	0.01399103612247138	3	0.6975958564952823	0.01281693061964431	3	NA	NA	0	0.6975958564952823	0.01281693061964431	3	NA	NA	0	0.624701603748411	0.00150347552380284	3	NA	NA	0	expression_driven	2000	E8.5 Embryo	CellCharter	Scanpy Pearson, batch
E8p5Embryo	scanpy_pearson_batch	2000	scvi	0.7786878464984669	3.2920287792146e-4	3	NA	NA	0	0.7786878464984669	3.2920287792146e-4	3	0.31829183256907195	0.00479490107711975	3	NA	NA	0	0.31829183256907195	0.00479490107711975	3	NA	NA	0	0.5484898395337693	0.00256107329051576	3	NA	NA	0	expression_driven	2000	E8.5 Embryo	scVI	Scanpy Pearson, batch
E8p5Embryo	scanpy_pearson_batch	500	cellcharter	0.5459413457302595	NA	1	NA	NA	0	0.5459413457302595	NA	1	0.6771209671362582	NA	1	NA	NA	0	0.6771209671362582	NA	1	NA	NA	0	0.6115311564332588	NA	1	NA	NA	0	expression_driven	500	E8.5 Embryo	CellCharter	Scanpy Pearson, batch
E8p5Embryo	scanpy_pearson_batch	500	scvi	0.8011945813456112	NA	1	NA	NA	0	0.8011945813456112	NA	1	0.30058731157745866	NA	1	NA	NA	0	0.30058731157745866	NA	1	NA	NA	0	0.5508909464615349	NA	1	NA	NA	0	expression_driven	500	E8.5 Embryo	scVI	Scanpy Pearson, batch
E8p5Embryo	scanpy_pearson_batch	5000	cellcharter	0.5006740988121805	NA	1	NA	NA	0	0.5006740988121805	NA	1	0.7263084857969334	NA	1	NA	NA	0	0.7263084857969334	NA	1	NA	NA	0	0.613491292304557	NA	1	NA	NA	0	expression_driven	5000	E8.5 Embryo	CellCharter	Scanpy Pearson, batch
E8p5Embryo	scanpy_pearson_batch	5000	scvi	0.7470320308330874	NA	1	NA	NA	0	0.7470320308330874	NA	1	0.3873161859868008	NA	1	NA	NA	0	0.3873161859868008	NA	1	NA	NA	0	0.5671741084099441	NA	1	NA	NA	0	expression_driven	5000	E8.5 Embryo	scVI	Scanpy Pearson, batch
E8p5Embryo	scanpy_seurat	100	cellcharter	0.6988453136237479	NA	1	NA	NA	0	0.6988453136237479	NA	1	0.18673825230648375	NA	1	NA	NA	0	0.18673825230648375	NA	1	NA	NA	0	0.44279178296511584	NA	1	NA	NA	0	expression_driven	100	E8.5 Embryo	CellCharter	Scanpy Seurat
E8p5Embryo	scanpy_seurat	100	scvi	0.5326902202553322	NA	1	NA	NA	0	0.5326902202553322	NA	1	0.25156318082858004	NA	1	NA	NA	0	0.25156318082858004	NA	1	NA	NA	0	0.3921267005419561	NA	1	NA	NA	0	expression_driven	100	E8.5 Embryo	scVI	Scanpy Seurat
E8p5Embryo	scanpy_seurat	1000	cellcharter	0.7160094924208704	NA	1	NA	NA	0	0.7160094924208704	NA	1	0.5065450872236439	NA	1	NA	NA	0	0.5065450872236439	NA	1	NA	NA	0	0.6112772898222572	NA	1	NA	NA	0	expression_driven	1000	E8.5 Embryo	CellCharter	Scanpy Seurat
E8p5Embryo	scanpy_seurat	1000	scvi	0.9111129119627356	NA	1	NA	NA	0	0.9111129119627356	NA	1	0.1599636854525113	NA	1	NA	NA	0	0.1599636854525113	NA	1	NA	NA	0	0.5355382987076235	NA	1	NA	NA	0	expression_driven	1000	E8.5 Embryo	scVI	Scanpy Seurat
E8p5Embryo	scanpy_seurat	10000	cellcharter	0.5002488150859308	NA	1	NA	NA	0	0.5002488150859308	NA	1	0.5333633781792079	NA	1	NA	NA	0	0.5333633781792079	NA	1	NA	NA	0	0.5168060966325694	NA	1	NA	NA	0	expression_driven	10000	E8.5 Embryo	CellCharter	Scanpy Seurat
E8p5Embryo	scanpy_seurat	10000	scvi	0.6745713380189196	NA	1	NA	NA	0	0.6745713380189196	NA	1	0.3601288014158237	NA	1	NA	NA	0	0.3601288014158237	NA	1	NA	NA	0	0.5173500697173716	NA	1	NA	NA	0	expression_driven	10000	E8.5 Embryo	scVI	Scanpy Seurat
E8p5Embryo	scanpy_seurat	200	cellcharter	0.7217527492781421	NA	1	NA	NA	0	0.7217527492781421	NA	1	0.2956589305178173	NA	1	NA	NA	0	0.2956589305178173	NA	1	NA	NA	0	0.5087058398979797	NA	1	NA	NA	0	expression_driven	200	E8.5 Embryo	CellCharter	Scanpy Seurat
E8p5Embryo	scanpy_seurat	200	scvi	0.7794632831383316	NA	1	NA	NA	0	0.7794632831383316	NA	1	0.15850622054793498	NA	1	NA	NA	0	0.15850622054793498	NA	1	NA	NA	0	0.46898475184313326	NA	1	NA	NA	0	expression_driven	200	E8.5 Embryo	scVI	Scanpy Seurat
E8p5Embryo	scanpy_seurat	2000	cellcharter	0.6108629600957157	0.00405413828101028	3	NA	NA	0	0.6108629600957157	0.00405413828101028	3	0.611895553219926	0.02538367271194123	3	NA	NA	0	0.611895553219926	0.02538367271194123	3	NA	NA	0	0.6113792566578208	0.01188727829675573	3	NA	NA	0	expression_driven	2000	E8.5 Embryo	CellCharter	Scanpy Seurat
E8p5Embryo	scanpy_seurat	2000	scvi	0.8406140835815957	0.00639288032655536	3	NA	NA	0	0.8406140835815957	0.00639288032655536	3	0.2537912154163536	0.00927243647613241	3	NA	NA	0	0.2537912154163536	0.00927243647613241	3	NA	NA	0	0.5472026494989747	0.00450288775831998	3	NA	NA	0	expression_driven	2000	E8.5 Embryo	scVI	Scanpy Seurat
E8p5Embryo	scanpy_seurat	500	cellcharter	0.7322938292057357	NA	1	NA	NA	0	0.7322938292057357	NA	1	0.4382200169695018	NA	1	NA	NA	0	0.4382200169695018	NA	1	NA	NA	0	0.5852569230876188	NA	1	NA	NA	0	expression_driven	500	E8.5 Embryo	CellCharter	Scanpy Seurat
E8p5Embryo	scanpy_seurat	500	scvi	0.8709436437710636	NA	1	NA	NA	0	0.8709436437710636	NA	1	0.14081519546031243	NA	1	NA	NA	0	0.14081519546031243	NA	1	NA	NA	0	0.505879419615688	NA	1	NA	NA	0	expression_driven	500	E8.5 Embryo	scVI	Scanpy Seurat
E8p5Embryo	scanpy_seurat	5000	cellcharter	0.5234044285667704	NA	1	NA	NA	0	0.5234044285667704	NA	1	0.5709467861567427	NA	1	NA	NA	0	0.5709467861567427	NA	1	NA	NA	0	0.5471756073617565	NA	1	NA	NA	0	expression_driven	5000	E8.5 Embryo	CellCharter	Scanpy Seurat
E8p5Embryo	scanpy_seurat	5000	scvi	0.7652682480447413	NA	1	NA	NA	0	0.7652682480447413	NA	1	0.3018134793677552	NA	1	NA	NA	0	0.3018134793677552	NA	1	NA	NA	0	0.5335408637062482	NA	1	NA	NA	0	expression_driven	5000	E8.5 Embryo	scVI	Scanpy Seurat
E8p5Embryo	scanpy_seurat_batch	100	cellcharter	0.7181440340372252	NA	1	NA	NA	0	0.7181440340372252	NA	1	0.2683994907520985	NA	1	NA	NA	0	0.2683994907520985	NA	1	NA	NA	0	0.49327176239466186	NA	1	NA	NA	0	expression_driven	100	E8.5 Embryo	CellCharter	Scanpy Seurat, batch
E8p5Embryo	scanpy_seurat_batch	100	scvi	0.7672367569533802	NA	1	NA	NA	0	0.7672367569533802	NA	1	0.15888611021126897	NA	1	NA	NA	0	0.15888611021126897	NA	1	NA	NA	0	0.4630614335823246	NA	1	NA	NA	0	expression_driven	100	E8.5 Embryo	scVI	Scanpy Seurat, batch
E8p5Embryo	scanpy_seurat_batch	1000	cellcharter	0.6300352984782704	NA	1	NA	NA	0	0.6300352984782704	NA	1	0.5243615050505731	NA	1	NA	NA	0	0.5243615050505731	NA	1	NA	NA	0	0.5771984017644218	NA	1	NA	NA	0	expression_driven	1000	E8.5 Embryo	CellCharter	Scanpy Seurat, batch
E8p5Embryo	scanpy_seurat_batch	1000	scvi	0.8208519751627482	NA	1	NA	NA	0	0.8208519751627482	NA	1	0.2618636911765843	NA	1	NA	NA	0	0.2618636911765843	NA	1	NA	NA	0	0.5413578331696662	NA	1	NA	NA	0	expression_driven	1000	E8.5 Embryo	scVI	Scanpy Seurat, batch
E8p5Embryo	scanpy_seurat_batch	10000	cellcharter	0.4879065206585451	NA	1	NA	NA	0	0.4879065206585451	NA	1	0.5541848716691425	NA	1	NA	NA	0	0.5541848716691425	NA	1	NA	NA	0	0.5210456961638439	NA	1	NA	NA	0	expression_driven	10000	E8.5 Embryo	CellCharter	Scanpy Seurat, batch
E8p5Embryo	scanpy_seurat_batch	10000	scvi	0.7274757542234952	NA	1	NA	NA	0	0.7274757542234952	NA	1	0.381953087042412	NA	1	NA	NA	0	0.381953087042412	NA	1	NA	NA	0	0.5547144206329536	NA	1	NA	NA	0	expression_driven	10000	E8.5 Embryo	scVI	Scanpy Seurat, batch
E8p5Embryo	scanpy_seurat_batch	200	cellcharter	0.707584501751924	NA	1	NA	NA	0	0.707584501751924	NA	1	0.4163597975506883	NA	1	NA	NA	0	0.4163597975506883	NA	1	NA	NA	0	0.5619721496513062	NA	1	NA	NA	0	expression_driven	200	E8.5 Embryo	CellCharter	Scanpy Seurat, batch
E8p5Embryo	scanpy_seurat_batch	200	scvi	0.817190522037702	NA	1	NA	NA	0	0.817190522037702	NA	1	0.13119497955753776	NA	1	NA	NA	0	0.13119497955753776	NA	1	NA	NA	0	0.4741927507976199	NA	1	NA	NA	0	expression_driven	200	E8.5 Embryo	scVI	Scanpy Seurat, batch
E8p5Embryo	scanpy_seurat_batch	2000	cellcharter	0.5963526175986759	0.00385427429809244	3	NA	NA	0	0.5963526175986759	0.00385427429809244	3	0.6312507307077162	0.01357792727347318	3	NA	NA	0	0.6312507307077162	0.01357792727347318	3	NA	NA	0	0.6138016741531961	0.004892706255019	3	NA	NA	0	expression_driven	2000	E8.5 Embryo	CellCharter	Scanpy Seurat, batch
E8p5Embryo	scanpy_seurat_batch	2000	scvi	0.8234843555346547	0.00721839985636154	3	NA	NA	0	0.8234843555346547	0.00721839985636154	3	0.25380649471828615	0.00297190682518776	3	NA	NA	0	0.25380649471828615	0.00297190682518776	3	NA	NA	0	0.5386454251264704	0.0048780867138502	3	NA	NA	0	expression_driven	2000	E8.5 Embryo	scVI	Scanpy Seurat, batch
E8p5Embryo	scanpy_seurat_batch	500	cellcharter	0.6491664252175846	NA	1	NA	NA	0	0.6491664252175846	NA	1	0.4780365358073058	NA	1	NA	NA	0	0.4780365358073058	NA	1	NA	NA	0	0.5636014805124452	NA	1	NA	NA	0	expression_driven	500	E8.5 Embryo	CellCharter	Scanpy Seurat, batch
E8p5Embryo	scanpy_seurat_batch	500	scvi	0.8524504503414289	NA	1	NA	NA	0	0.8524504503414289	NA	1	0.1815142168835752	NA	1	NA	NA	0	0.1815142168835752	NA	1	NA	NA	0	0.516982333612502	NA	1	NA	NA	0	expression_driven	500	E8.5 Embryo	scVI	Scanpy Seurat, batch
E8p5Embryo	scanpy_seurat_batch	5000	cellcharter	0.528993037933931	NA	1	NA	NA	0	0.528993037933931	NA	1	0.6849854029890071	NA	1	NA	NA	0	0.6849854029890071	NA	1	NA	NA	0	0.6069892204614691	NA	1	NA	NA	0	expression_driven	5000	E8.5 Embryo	CellCharter	Scanpy Seurat, batch
E8p5Embryo	scanpy_seurat_batch	5000	scvi	0.75427556319881806	NA	1	NA	NA	0	0.75427556319881806	NA	1	0.35186689936731536	NA	1	NA	NA	0	0.35186689936731536	NA	1	NA	NA	0	0.5530712312830667	NA	1	NA	NA	0	expression_driven	5000	E8.5 Embryo	scVI	Scanpy Seurat, batch
E8p5Embryo	scanpy_seurat_v3	100	cellcharter	0.5264860695444364	NA	1	NA	NA	0	0.5264860695444364	NA	1	0.7131407825437961	NA	1	NA	NA	0	0.7131407825437961	NA	1	NA	NA	0	0.6198134260441163	NA	1	NA	NA	0	expression_driven	100	E8.5 Embryo	CellCharter	Scanpy Seurat v3
E8p5Embryo	scanpy_seurat_v3	100	scvi	0.7438754758937074	NA	1	NA	NA	0	0.7438754758937074	NA	1	0.31568474693663834	NA	1	NA	NA	0	0.31568474693663834	NA	1	NA	NA	0	0.5297801114151729	NA	1	NA	NA	0	expression_driven	100	E8.5 Embryo	scVI	Scanpy Seurat v3
E8p5Embryo	scanpy_seurat_v3	1000	cellcharter	0.4660961585253048	NA	1	NA	NA	0	0.4660961585253048	NA	1	0.7244621826414935	NA	1	NA	NA	0	0.7244621826414935	NA	1	NA	NA	0	0.5952791705833992	NA	1	NA	NA	0	expression_driven	1000	E8.5 Embryo	CellCharter	Scanpy Seurat v3
E8p5Embryo	scanpy_seurat_v3	1000	scvi	0.7247098847380684	NA	1	NA	NA	0	0.7247098847380684	NA	1	0.3872209234048597	NA	1	NA	NA	0	0.3872209234048597	NA	1	NA	NA	0	0.555965404071464	NA	1	NA	NA	0	expression_driven	1000	E8.5 Embryo	scVI	Scanpy Seurat v3
E8p5Embryo	scanpy_seurat_v3	10000	cellcharter	0.46722544736887983	NA	1	NA	NA	0	0.46722544736887983	NA	1	0.6474494803563654	NA	1	NA	NA	0	0.6474494803563654	NA	1	NA	NA	0	0.5573374638626226	NA	1	NA	NA	0	expression_driven	10000	E8.5 Embryo	CellCharter	Scanpy Seurat v3
E8p5Embryo	scanpy_seurat_v3	10000	scvi	0.7248429764936846	NA	1	NA	NA	0	0.7248429764936846	NA	1	0.4213030300993899	NA	1	NA	NA	0	0.4213030300993899	NA	1	NA	NA	0	0.5730730032965372	NA	1	NA	NA	0	expression_driven	10000	E8.5 Embryo	scVI	Scanpy Seurat v3
E8p5Embryo	scanpy_seurat_v3	200	cellcharter	0.5063035299535845	NA	1	NA	NA	0	0.5063035299535845	NA	1	0.728219309875452	NA	1	NA	NA	0	0.728219309875452	NA	1	NA	NA	0	0.6172614199145183	NA	1	NA	NA	0	expression_driven	200	E8.5 Embryo	CellCharter	Scanpy Seurat v3
E8p5Embryo	scanpy_seurat_v3	200	scvi	0.7455528780154703	NA	1	NA	NA	0	0.7455528780154703	NA	1	0.34513262589201615	NA	1	NA	NA	0	0.34513262589201615	NA	1	NA	NA	0	0.5453427519537433	NA	1	NA	NA	0	expression_driven	200	E8.5 Embryo	scVI	Scanpy Seurat v3
E8p5Embryo	scanpy_seurat_v3	2000	cellcharter	0.4498409546486179	0.0027921561710922602	3	NA	NA	0	0.4498409546486179	0.0027921561710922602	3	0.7376263334626115	0.01040363984196078	3	NA	NA	0	0.7376263334626115	0.01040363984196078	3	NA	NA	0	0.5937336440556146	0.00628834619104662	3	NA	NA	0	expression_driven	2000	E8.5 Embryo	CellCharter	Scanpy Seurat v3
E8p5Embryo	scanpy_seurat_v3	2000	scvi	0.7323655118751896	0.01114494917411169	3	NA	NA	0	0.7323655118751896	0.01114494917411169	3	0.4085821575594541	0.01359070456050853	3	NA	NA	0	0.4085821575594541	0.01359070456050853	3	NA	NA	0	0.5704738347173218	0.00773368258302773	3	NA	NA	0	expression_driven	2000	E8.5 Embryo	scVI	Scanpy Seurat v3
E8p5Embryo	scanpy_seurat_v3	500	cellcharter	0.48098662559965744	NA	1	NA	NA	0	0.48098662559965744	NA	1	0.7369804579757001	NA	1	NA	NA	0	0.7369804579757001	NA	1	NA	NA	0	0.6089835417876788	NA	1	NA	NA	0	expression_driven	500	E8.5 Embryo	CellCharter	Scanpy Seurat v3
E8p5Embryo	scanpy_seurat_v3	500	scvi	0.7310016814757454	NA	1	NA	NA	0	0.7310016814757454	NA	1	0.3942770198418517	NA	1	NA	NA	0	0.3942770198418517	NA	1	NA	NA	0	0.5626393506587986	NA	1	NA	NA	0	expression_driven	500	E8.5 Embryo	scVI	Scanpy Seurat v3
E8p5Embryo	scanpy_seurat_v3	5000	cellcharter	0.4453046913228634	NA	1	NA	NA	0	0.4453046913228634	NA	1	0.7316829317944092	NA	1	NA	NA	0	0.7316829317944092	NA	1	NA	NA	0	0.5884938115586363	NA	1	NA	NA	0	expression_driven	5000	E8.5 Embryo	CellCharter	Scanpy Seurat v3
E8p5Embryo	scanpy_seurat_v3	5000	scvi	0.7256365118179402	NA	1	NA	NA	0	0.7256365118179402	NA	1	0.4197726454424091	NA	1	NA	NA	0	0.4197726454424091	NA	1	NA	NA	0	0.5727045786301747	NA	1	NA	NA	0	expression_driven	5000	E8.5 Embryo	scVI	Scanpy Seurat v3
E8p5Embryo	scanpy_seurat_v3_batch	100	cellcharter	0.5592800254359286	NA	1	NA	NA	0	0.5592800254359286	NA	1	0.7086591755760833	NA	1	NA	NA	0	0.7086591755760833	NA	1	NA	NA	0	0.6339696005060059	NA	1	NA	NA	0	expression_driven	100	E8.5 Embryo	CellCharter	Scanpy Seurat v3, batch
E8p5Embryo	scanpy_seurat_v3_batch	100	scvi	0.7689406425762817	NA	1	NA	NA	0	0.7689406425762817	NA	1	0.29145244452282143	NA	1	NA	NA	0	0.29145244452282143	NA	1	NA	NA	0	0.5301965435495516	NA	1	NA	NA	0	expression_driven	100	E8.5 Embryo	scVI	Scanpy Seurat v3, batch
E8p5Embryo	scanpy_seurat_v3_batch	1000	cellcharter	0.466589937496976	NA	1	NA	NA	0	0.466589937496976	NA	1	0.7456119135124618	NA	1	NA	NA	0	0.7456119135124618	NA	1	NA	NA	0	0.606100925504719	NA	1	NA	NA	0	expression_driven	1000	E8.5 Embryo	CellCharter	Scanpy Seurat v3, batch
E8p5Embryo	scanpy_seurat_v3_batch	1000	scvi	0.7287844457207544	NA	1	NA	NA	0	0.7287844457207544	NA	1	0.4033988503410339	NA	1	NA	NA	0	0.4033988503410339	NA	1	NA	NA	0	0.5660916480308942	NA	1	NA	NA	0	expression_driven	1000	E8.5 Embryo	scVI	Scanpy Seurat v3, batch
E8p5Embryo	scanpy_seurat_v3_batch	10000	cellcharter	0.4669958925152143	NA	1	NA	NA	0	0.4669958925152143	NA	1	0.6114254802713726	NA	1	NA	NA	0	0.6114254802713726	NA	1	NA	NA	0	0.5392106863932934	NA	1	NA	NA	0	expression_driven	10000	E8.5 Embryo	CellCharter	Scanpy Seurat v3, batch
E8p5Embryo	scanpy_seurat_v3_batch	10000	scvi	0.7212840665305142	NA	1	NA	NA	0	0.7212840665305142	NA	1	0.3946475298407472	NA	1	NA	NA	0	0.3946475298407472	NA	1	NA	NA	0	0.5579657981856307	NA	1	NA	NA	0	expression_driven	10000	E8.5 Embryo	scVI	Scanpy Seurat v3, batch
E8p5Embryo	scanpy_seurat_v3_batch	200	cellcharter	0.5411129165870242	NA	1	NA	NA	0	0.5411129165870242	NA	1	0.7132750137740426	NA	1	NA	NA	0	0.7132750137740426	NA	1	NA	NA	0	0.6271939651805334	NA	1	NA	NA	0	expression_driven	200	E8.5 Embryo	CellCharter	Scanpy Seurat v3, batch
E8p5Embryo	scanpy_seurat_v3_batch	200	scvi	0.7710890152933895	NA	1	NA	NA	0	0.7710890152933895	NA	1	0.335669358413402	NA	1	NA	NA	0	0.335669358413402	NA	1	NA	NA	0	0.5533791868533957	NA	1	NA	NA	0	expression_driven	200	E8.5 Embryo	scVI	Scanpy Seurat v3, batch
E8p5Embryo	scanpy_seurat_v3_batch	2000	cellcharter	0.46062358877169624	0.00928557754889026	3	NA	NA	0	0.46062358877169624	0.00928557754889026	3	0.7431380990746314	0.00271599888855724	3	NA	NA	0	0.7431380990746314	0.00271599888855724	3	NA	NA	0	0.6018808439231639	0.00399705962828138	3	NA	NA	0	expression_driven	2000	E8.5 Embryo	CellCharter	Scanpy Seurat v3, batch
E8p5Embryo	scanpy_seurat_v3_batch	2000	scvi	0.7344786498556758	0.02060058565583856	3	NA	NA	0	0.7344786498556758	0.02060058565583856	3	0.3755198300494344	0.0277615107817066	3	NA	NA	0	0.3755198300494344	0.0277615107817066	3	NA	NA	0	0.5549992399525552	0.01401524003632939	3	NA	NA	0	expression_driven	2000	E8.5 Embryo	scVI	Scanpy Seurat v3, batch
E8p5Embryo	scanpy_seurat_v3_batch	500	cellcharter	0.5009526861651514	NA	1	NA	NA	0	0.5009526861651514	NA	1	0.7280623142704593	NA	1	NA	NA	0	0.7280623142704593	NA	1	NA	NA	0	0.6145075002178053	NA	1	NA	NA	0	expression_driven	500	E8.5 Embryo	CellCharter	Scanpy Seurat v3, batch
E8p5Embryo	scanpy_seurat_v3_batch	500	scvi	0.7469464885598838	NA	1	NA	NA	0	0.7469464885598838	NA	1	0.3421945414623355	NA	1	NA	NA	0	0.3421945414623355	NA	1	NA	NA	0	0.5445705150111096	NA	1	NA	NA	0	expression_driven	500	E8.5 Embryo	scVI	Scanpy Seurat v3, batch
E8p5Embryo	scanpy_seurat_v3_batch	5000	cellcharter	0.4571685044094817	NA	1	NA	NA	0	0.4571685044094817	NA	1	0.7397318922179923	NA	1	NA	NA	0	0.7397318922179923	NA	1	NA	NA	0	0.5984501983137369	NA	1	NA	NA	0	expression_driven	5000	E8.5 Embryo	CellCharter	Scanpy Seurat v3, batch
E8p5Embryo	scanpy_seurat_v3_batch	5000	scvi	0.7233101490642695	NA	1	NA	NA	0	0.7233101490642695	NA	1	0.4286544695769933	NA	1	NA	NA	0	0.4286544695769933	NA	1	NA	NA	0	0.5759823093206314	NA	1	NA	NA	0	expression_driven	5000	E8.5 Embryo	scVI	Scanpy Seurat v3, batch
E8p5Embryo	scry	100	cellcharter	0.5833480544665938	NA	1	NA	NA	0	0.5833480544665938	NA	1	0.6710664107976546	NA	1	NA	NA	0	0.6710664107976546	NA	1	NA	NA	0	0.6272072326321242	NA	1	NA	NA	0	expression_driven	100	E8.5 Embryo	CellCharter	scry
E8p5Embryo	scry	100	scvi	0.8361100423441628	NA	1	NA	NA	0	0.8361100423441628	NA	1	0.2787495122263836	NA	1	NA	NA	0	0.2787495122263836	NA	1	NA	NA	0	0.5574297772852732	NA	1	NA	NA	0	expression_driven	100	E8.5 Embryo	scVI	scry
E8p5Embryo	scry	1000	cellcharter	0.5331228877526665	NA	1	NA	NA	0	0.5331228877526665	NA	1	0.5875980271876182	NA	1	NA	NA	0	0.5875980271876182	NA	1	NA	NA	0	0.5603604574701424	NA	1	NA	NA	0	expression_driven	1000	E8.5 Embryo	CellCharter	scry
E8p5Embryo	scry	1000	scvi	0.7937286690453591	NA	1	NA	NA	0	0.7937286690453591	NA	1	0.2860362010848054	NA	1	NA	NA	0	0.2860362010848054	NA	1	NA	NA	0	0.5398824350650823	NA	1	NA	NA	0	expression_driven	1000	E8.5 Embryo	scVI	scry
E8p5Embryo	scry	10000	cellcharter	0.4954360548673875	NA	1	NA	NA	0	0.4954360548673875	NA	1	0.5293618184336852	NA	1	NA	NA	0	0.5293618184336852	NA	1	NA	NA	0	0.5123989366505364	NA	1	NA	NA	0	expression_driven	10000	E8.5 Embryo	CellCharter	scry
E8p5Embryo	scry	10000	scvi	0.620619039819736	NA	1	NA	NA	0	0.620619039819736	NA	1	0.3610265855308527	NA	1	NA	NA	0	0.3610265855308527	NA	1	NA	NA	0	0.4908228126752944	NA	1	NA	NA	0	expression_driven	10000	E8.5 Embryo	scVI	scry
E8p5Embryo	scry	200	cellcharter	0.5724373905394345	NA	1	NA	NA	0	0.5724373905394345	NA	1	0.6310142125289563	NA	1	NA	NA	0	0.6310142125289563	NA	1	NA	NA	0	0.6017258015341954	NA	1	NA	NA	0	expression_driven	200	E8.5 Embryo	CellCharter	scry
E8p5Embryo	scry	200	scvi	0.8172169973184039	NA	1	NA	NA	0	0.8172169973184039	NA	1	0.2767821953892647	NA	1	NA	NA	0	0.2767821953892647	NA	1	NA	NA	0	0.5469995963538343	NA	1	NA	NA	0	expression_driven	200	E8.5 Embryo	scVI	scry
E8p5Embryo	scry	2000	cellcharter	0.5138153570228057	0.0043274344844842	3	NA	NA	0	0.5138153570228057	0.0043274344844842	3	0.546821574663489	0.0081704915675541	3	NA	NA	0	0.546821574663489	0.0081704915675541	3	NA	NA	0	0.5303184658431473	0.0019399786445016	3	NA	NA	0	expression_driven	2000	E8.5 Embryo	CellCharter	scry
E8p5Embryo	scry	2000	scvi	0.7745136276610965	0.02747836679474959	3	NA	NA	0	0.7745136276610965	0.02747836679474959	3	0.3079673176281434	0.01891748549368948	3	NA	NA	0	0.3079673176281434	0.01891748549368948	3	NA	NA	0	0.5412404726446199	0.0107686863853391	3	NA	NA	0	expression_driven	2000	E8.5 Embryo	scVI	scry
E8p5Embryo	scry	500	cellcharter	0.5502570305362612	NA	1	NA	NA	0	0.5502570305362612	NA	1	0.5880020318650615	NA	1	NA	NA	0	0.5880020318650615	NA	1	NA	NA	0	0.5691295312006613	NA	1	NA	NA	0	expression_driven	500	E8.5 Embryo	CellCharter	scry
E8p5Embryo	scry	500	scvi	0.8113655007813219	NA	1	NA	NA	0	0.8113655007813219	NA	1	0.28267240017460665	NA	1	NA	NA	0	0.28267240017460665	NA	1	NA	NA	0	0.5470189504779642	NA	1	NA	NA	0	expression_driven	500	E8.5 Embryo	scVI	scry
E8p5Embryo	scry	5000	cellcharter	0.47199305187220864	NA	1	NA	NA	0	0.47199305187220864	NA	1	0.5666784610563441	NA	1	NA	NA	0	0.5666784610563441	NA	1	NA	NA	0	0.5193357564642764	NA	1	NA	NA	0	expression_driven	5000	E8.5 Embryo	CellCharter	scry
E8p5Embryo	scry	5000	scvi	0.7122577683110403	NA	1	NA	NA	0	0.7122577683110403	NA	1	0.3445437302800567	NA	1	NA	NA	0	0.3445437302800567	NA	1	NA	NA	0	0.5284007492955485	NA	1	NA	NA	0	expression_driven	5000	E8.5 Embryo	scVI	scry
E8p5Embryo	seurat_disp	100	cellcharter	0.46531604541862714	NA	1	NA	NA	0	0.46531604541862714	NA	1	0.3898785373056234	NA	1	NA	NA	0	0.3898785373056234	NA	1	NA	NA	0	0.4275972913621252	NA	1	NA	NA	0	expression_driven	100	E8.5 Embryo	CellCharter	Seurat Dispersion
E8p5Embryo	seurat_disp	100	scvi	0.04704034768144301	NA	1	NA	NA	0	0.04704034768144301	NA	1	0.6462981392510002	NA	1	NA	NA	0	0.6462981392510002	NA	1	NA	NA	0	0.34666924346622163	NA	1	NA	NA	0	expression_driven	100	E8.5 Embryo	scVI	Seurat Dispersion
E8p5Embryo	seurat_disp	1000	cellcharter	0.6693592372161588	NA	1	NA	NA	0	0.6693592372161588	NA	1	0.5159890711746763	NA	1	NA	NA	0	0.5159890711746763	NA	1	NA	NA	0	0.5926741541954175	NA	1	NA	NA	0	expression_driven	1000	E8.5 Embryo	CellCharter	Seurat Dispersion
E8p5Embryo	seurat_disp	1000	scvi	0.8300747837746145	NA	1	NA	NA	0	0.8300747837746145	NA	1	0.20540080983136555	NA	1	NA	NA	0	0.20540080983136555	NA	1	NA	NA	0	0.51773779680299	NA	1	NA	NA	0	expression_driven	1000	E8.5 Embryo	scVI	Seurat Dispersion
E8p5Embryo	seurat_disp	10000	cellcharter	0.4924813272612213	NA	1	NA	NA	0	0.4924813272612213	NA	1	0.5228371424750109	NA	1	NA	NA	0	0.5228371424750109	NA	1	NA	NA	0	0.5076592348681161	NA	1	NA	NA	0	expression_driven	10000	E8.5 Embryo	CellCharter	Seurat Dispersion
E8p5Embryo	seurat_disp	10000	scvi	0.6364052384832809	NA	1	NA	NA	0	0.6364052384832809	NA	1	0.3338485271175702	NA	1	NA	NA	0	0.3338485271175702	NA	1	NA	NA	0	0.48512688280042554	NA	1	NA	NA	0	expression_driven	10000	E8.5 Embryo	scVI	Seurat Dispersion
E8p5Embryo	seurat_disp	200	cellcharter	0.6875466560897935	NA	1	NA	NA	0	0.6875466560897935	NA	1	0.16383544488735058	NA	1	NA	NA	0	0.16383544488735058	NA	1	NA	NA	0	0.425691050488572	NA	1	NA	NA	0	expression_driven	200	E8.5 Embryo	CellCharter	Seurat Dispersion
E8p5Embryo	seurat_disp	200	scvi	0.5880157830044935	NA	1	NA	NA	0	0.5880157830044935	NA	1	0.2226782383062378	NA	1	NA	NA	0	0.2226782383062378	NA	1	NA	NA	0	0.40534701065536566	NA	1	NA	NA	0	expression_driven	200	E8.5 Embryo	scVI	Seurat Dispersion
E8p5Embryo	seurat_disp	2000	cellcharter	0.6042425597269304	0.00282724873766538	3	NA	NA	0	0.6042425597269304	0.00282724873766538	3	0.5858143876342341	0.01828958630228598	3	NA	NA	0	0.5858143876342341	0.01828958630228598	3	NA	NA	0	0.5950284736805823	0.01015733687255917	3	NA	NA	0	expression_driven	2000	E8.5 Embryo	CellCharter	Seurat Dispersion
E8p5Embryo	seurat_disp	2000	scvi	0.8231496106710102	0.00527248375528925	3	NA	NA	0	0.8231496106710102	0.00527248375528925	3	0.2546514975439243	0.01235283538264171	3	NA	NA	0	0.2546514975439243	0.01235283538264171	3	NA	NA	0	0.5389005541074673	0.00537399435221952	3	NA	NA	0	expression_driven	2000	E8.5 Embryo	scVI	Seurat Dispersion
E8p5Embryo	seurat_disp	500	cellcharter	0.6966719153558528	NA	1	NA	NA	0	0.6966719153558528	NA	1	0.4071396583660268	NA	1	NA	NA	0	0.4071396583660268	NA	1	NA	NA	0	0.5519057868609398	NA	1	NA	NA	0	expression_driven	500	E8.5 Embryo	CellCharter	Seurat Dispersion
E8p5Embryo	seurat_disp	500	scvi	0.8376799278863416	NA	1	NA	NA	0	0.8376799278863416	NA	1	0.17104716846748916	NA	1	NA	NA	0	0.17104716846748916	NA	1	NA	NA	0	0.5043635481769154	NA	1	NA	NA	0	expression_driven	500	E8.5 Embryo	scVI	Seurat Dispersion
E8p5Embryo	seurat_disp	5000	cellcharter	0.4991888771630909	NA	1	NA	NA	0	0.4991888771630909	NA	1	0.5476544049631802	NA	1	NA	NA	0	0.5476544049631802	NA	1	NA	NA	0	0.5234216410631356	NA	1	NA	NA	0	expression_driven	5000	E8.5 Embryo	CellCharter	Seurat Dispersion
E8p5Embryo	seurat_disp	5000	scvi	0.6620844147577511	NA	1	NA	NA	0	0.6620844147577511	NA	1	0.35485135459678613	NA	1	NA	NA	0	0.35485135459678613	NA	1	NA	NA	0	0.5084678846772687	NA	1	NA	NA	0	expression_driven	5000	E8.5 Embryo	scVI	Seurat Dispersion
E8p5Embryo	seurat_mvp	100	cellcharter	0.6714181738006222	NA	1	NA	NA	0	0.6714181738006222	NA	1	0.31072504430716014	NA	1	NA	NA	0	0.31072504430716014	NA	1	NA	NA	0	0.49107160905389113	NA	1	NA	NA	0	expression_driven	100	E8.5 Embryo	CellCharter	Seurat MVP
E8p5Embryo	seurat_mvp	100	scvi	0.7080134176264063	NA	1	NA	NA	0	0.7080134176264063	NA	1	0.1926659573858669	NA	1	NA	NA	0	0.1926659573858669	NA	1	NA	NA	0	0.4503396875061366	NA	1	NA	NA	0	expression_driven	100	E8.5 Embryo	scVI	Seurat MVP
E8p5Embryo	seurat_mvp	1000	cellcharter	0.6435965743476093	NA	1	NA	NA	0	0.6435965743476093	NA	1	0.5535238049741175	NA	1	NA	NA	0	0.5535238049741175	NA	1	NA	NA	0	0.5985601896608634	NA	1	NA	NA	0	expression_driven	1000	E8.5 Embryo	CellCharter	Seurat MVP
E8p5Embryo	seurat_mvp	1000	scvi	0.8321581714851949	NA	1	NA	NA	0	0.8321581714851949	NA	1	0.20790551423199208	NA	1	NA	NA	0	0.20790551423199208	NA	1	NA	NA	0	0.5200318428585935	NA	1	NA	NA	0	expression_driven	1000	E8.5 Embryo	scVI	Seurat MVP
E8p5Embryo	seurat_mvp	10000	cellcharter	0.5797464676605344	NA	1	NA	NA	0	0.5797464676605344	NA	1	0.6237352792033554	NA	1	NA	NA	0	0.6237352792033554	NA	1	NA	NA	0	0.6017408734319449	NA	1	NA	NA	0	expression_driven	10000	E8.5 Embryo	CellCharter	Seurat MVP
E8p5Embryo	seurat_mvp	10000	scvi	0.8191096198005411	NA	1	NA	NA	0	0.8191096198005411	NA	1	0.24475473223199273	NA	1	NA	NA	0	0.24475473223199273	NA	1	NA	NA	0	0.531932176016267	NA	1	NA	NA	0	expression_driven	10000	E8.5 Embryo	scVI	Seurat MVP
E8p5Embryo	seurat_mvp	200	cellcharter	0.6788727071545131	NA	1	NA	NA	0	0.6788727071545131	NA	1	0.3058719208103591	NA	1	NA	NA	0	0.3058719208103591	NA	1	NA	NA	0	0.4923723139824361	NA	1	NA	NA	0	expression_driven	200	E8.5 Embryo	CellCharter	Seurat MVP
E8p5Embryo	seurat_mvp	200	scvi	0.798778964141138	NA	1	NA	NA	0	0.798778964141138	NA	1	0.14662458457150948	NA	1	NA	NA	0	0.14662458457150948	NA	1	NA	NA	0	0.47270177435632377	NA	1	NA	NA	0	expression_driven	200	E8.5 Embryo	scVI	Seurat MVP
E8p5Embryo	seurat_mvp	2000	cellcharter	0.580177539668879	0.00546595361064101	3	NA	NA	0	0.580177539668879	0.00546595361064101	3	0.6240028365252176	0.00430552586725976	3	NA	NA	0	0.6240028365252176	0.00430552586725976	3	NA	NA	0	0.6020901880970483	0.003016479509816	3	NA	NA	0	expression_driven	2000	E8.5 Embryo	CellCharter	Seurat MVP
E8p5Embryo	seurat_mvp	2000	scvi	0.8177055108081336	0.00945148178669099	3	NA	NA	0	0.8177055108081336	0.00945148178669099	3	0.269333044412783	0.01277763344814183	3	NA	NA	0	0.269333044412783	0.01277763344814183	3	NA	NA	0	0.5435192776104583	0.01074077467544788	3	NA	NA	0	expression_driven	2000	E8.5 Embryo	scVI	Seurat MVP
E8p5Embryo	seurat_mvp	500	cellcharter	0.6635685770307518	NA	1	NA	NA	0	0.6635685770307518	NA	1	0.459458577214747	NA	1	NA	NA	0	0.459458577214747	NA	1	NA	NA	0	0.5615135771227494	NA	1	NA	NA	0	expression_driven	500	E8.5 Embryo	CellCharter	Seurat MVP
E8p5Embryo	seurat_mvp	500	scvi	0.8139798877060922	NA	1	NA	NA	0	0.8139798877060922	NA	1	0.18636122139799463	NA	1	NA	NA	0	0.18636122139799463	NA	1	NA	NA	0	0.5001705545520434	NA	1	NA	NA	0	expression_driven	500	E8.5 Embryo	scVI	Seurat MVP
E8p5Embryo	seurat_mvp	5000	cellcharter	0.5797464676605344	NA	1	NA	NA	0	0.5797464676605344	NA	1	0.6237352792033554	NA	1	NA	NA	0	0.6237352792033554	NA	1	NA	NA	0	0.6017408734319449	NA	1	NA	NA	0	expression_driven	5000	E8.5 Embryo	CellCharter	Seurat MVP
E8p5Embryo	seurat_mvp	5000	scvi	0.8191096198005411	NA	1	NA	NA	0	0.8191096198005411	NA	1	0.24475473223199273	NA	1	NA	NA	0	0.24475473223199273	NA	1	NA	NA	0	0.531932176016267	NA	1	NA	NA	0	expression_driven	5000	E8.5 Embryo	scVI	Seurat MVP
E8p5Embryo	seurat_sct	100	cellcharter	0.6341837612183345	NA	1	NA	NA	0	0.6341837612183345	NA	1	0.33852997896819037	NA	1	NA	NA	0	0.33852997896819037	NA	1	NA	NA	0	0.4863568700932625	NA	1	NA	NA	0	expression_driven	100	E8.5 Embryo	CellCharter	Seurat sctransform
E8p5Embryo	seurat_sct	100	scvi	0.36016979227001283	NA	1	NA	NA	0	0.36016979227001283	NA	1	0.38329901685484513	NA	1	NA	NA	0	0.38329901685484513	NA	1	NA	NA	0	0.371734404562429	NA	1	NA	NA	0	expression_driven	100	E8.5 Embryo	scVI	Seurat sctransform
E8p5Embryo	seurat_sct	1000	cellcharter	0.6944327475648282	NA	1	NA	NA	0	0.6944327475648282	NA	1	0.18353390458318225	NA	1	NA	NA	0	0.18353390458318225	NA	1	NA	NA	0	0.4389833260740052	NA	1	NA	NA	0	expression_driven	1000	E8.5 Embryo	CellCharter	Seurat sctransform
E8p5Embryo	seurat_sct	1000	scvi	0.702492396287302	NA	1	NA	NA	0	0.702492396287302	NA	1	0.14558226652841172	NA	1	NA	NA	0	0.14558226652841172	NA	1	NA	NA	0	0.4240373314078568	NA	1	NA	NA	0	expression_driven	1000	E8.5 Embryo	scVI	Seurat sctransform
E8p5Embryo	seurat_sct	10000	cellcharter	0.4999627973638834	NA	1	NA	NA	0	0.4999627973638834	NA	1	0.5218737521241165	NA	1	NA	NA	0	0.5218737521241165	NA	1	NA	NA	0	0.510918274744	NA	1	NA	NA	0	expression_driven	10000	E8.5 Embryo	CellCharter	Seurat sctransform
E8p5Embryo	seurat_sct	10000	scvi	0.7245358964334689	NA	1	NA	NA	0	0.7245358964334689	NA	1	0.35259476357299735	NA	1	NA	NA	0	0.35259476357299735	NA	1	NA	NA	0	0.5385653300032331	NA	1	NA	NA	0	expression_driven	10000	E8.5 Embryo	scVI	Seurat sctransform
E8p5Embryo	seurat_sct	200	cellcharter	0.6828547589702763	NA	1	NA	NA	0	0.6828547589702763	NA	1	0.23804260449804696	NA	1	NA	NA	0	0.23804260449804696	NA	1	NA	NA	0	0.4604486817341616	NA	1	NA	NA	0	expression_driven	200	E8.5 Embryo	CellCharter	Seurat sctransform
E8p5Embryo	seurat_sct	200	scvi	0.5284177578353524	NA	1	NA	NA	0	0.5284177578353524	NA	1	0.2864066642760946	NA	1	NA	NA	0	0.2864066642760946	NA	1	NA	NA	0	0.4074122110557235	NA	1	NA	NA	0	expression_driven	200	E8.5 Embryo	scVI	Seurat sctransform
E8p5Embryo	seurat_sct	2000	cellcharter	0.7021527823002199	0.0098458118452114	3	NA	NA	0	0.7021527823002199	0.0098458118452114	3	0.22025919854582568	0.02235445802727333	3	NA	NA	0	0.22025919854582568	0.02235445802727333	3	NA	NA	0	0.4612059904230228	0.00648968021666141	3	NA	NA	0	expression_driven	2000	E8.5 Embryo	CellCharter	Seurat sctransform
E8p5Embryo	seurat_sct	2000	scvi	0.7410291091402917	0.00197500414589489	3	NA	NA	0	0.7410291091402917	0.00197500414589489	3	0.12220942474046358	9.697940495439e-4	3	NA	NA	0	0.12220942474046358	9.697940495439e-4	3	NA	NA	0	0.4316192669403777	0.00108041502229153	3	NA	NA	0	expression_driven	2000	E8.5 Embryo	scVI	Seurat sctransform
E8p5Embryo	seurat_sct	500	cellcharter	0.7122709135826	NA	1	NA	NA	0	0.7122709135826	NA	1	0.2259860217904306	NA	1	NA	NA	0	0.2259860217904306	NA	1	NA	NA	0	0.4691284676865153	NA	1	NA	NA	0	expression_driven	500	E8.5 Embryo	CellCharter	Seurat sctransform
E8p5Embryo	seurat_sct	500	scvi	0.6546309098773949	NA	1	NA	NA	0	0.6546309098773949	NA	1	0.19363044158431425	NA	1	NA	NA	0	0.19363044158431425	NA	1	NA	NA	0	0.42413067573085456	NA	1	NA	NA	0	expression_driven	500	E8.5 Embryo	scVI	Seurat sctransform
E8p5Embryo	seurat_sct	5000	cellcharter	0.5122987481436578	NA	1	NA	NA	0	0.5122987481436578	NA	1	0.5236730101553937	NA	1	NA	NA	0	0.5236730101553937	NA	1	NA	NA	0	0.5179858791495258	NA	1	NA	NA	0	expression_driven	5000	E8.5 Embryo	CellCharter	Seurat sctransform
E8p5Embryo	seurat_sct	5000	scvi	0.6900592873424778	NA	1	NA	NA	0	0.6900592873424778	NA	1	0.3410897313325778	NA	1	NA	NA	0	0.3410897313325778	NA	1	NA	NA	0	0.5155745093375278	NA	1	NA	NA	0	expression_driven	5000	E8.5 Embryo	scVI	Seurat sctransform
E8p5Embryo	seurat_vst	100	cellcharter	0.5268522082984016	NA	1	NA	NA	0	0.5268522082984016	NA	1	0.7320571718691792	NA	1	NA	NA	0	0.7320571718691792	NA	1	NA	NA	0	0.6294546900837904	NA	1	NA	NA	0	expression_driven	100	E8.5 Embryo	CellCharter	Seurat VST
E8p5Embryo	seurat_vst	100	scvi	0.7440814039326704	NA	1	NA	NA	0	0.7440814039326704	NA	1	0.34113388664485916	NA	1	NA	NA	0	0.34113388664485916	NA	1	NA	NA	0	0.5426076452887648	NA	1	NA	NA	0	expression_driven	100	E8.5 Embryo	scVI	Seurat VST
E8p5Embryo	seurat_vst	1000	cellcharter	0.4661390834874467	NA	1	NA	NA	0	0.4661390834874467	NA	1	0.7334857872312018	NA	1	NA	NA	0	0.7334857872312018	NA	1	NA	NA	0	0.5998124353593243	NA	1	NA	NA	0	expression_driven	1000	E8.5 Embryo	CellCharter	Seurat VST
E8p5Embryo	seurat_vst	1000	scvi	0.7236214482878092	NA	1	NA	NA	0	0.7236214482878092	NA	1	0.39730845319118085	NA	1	NA	NA	0	0.39730845319118085	NA	1	NA	NA	0	0.560464950739495	NA	1	NA	NA	0	expression_driven	1000	E8.5 Embryo	scVI	Seurat VST
E8p5Embryo	seurat_vst	10000	cellcharter	0.4677071396716696	NA	1	NA	NA	0	0.4677071396716696	NA	1	0.6266974768684469	NA	1	NA	NA	0	0.6266974768684469	NA	1	NA	NA	0	0.5472023082700582	NA	1	NA	NA	0	expression_driven	10000	E8.5 Embryo	CellCharter	Seurat VST
E8p5Embryo	seurat_vst	10000	scvi	0.7292342781064931	NA	1	NA	NA	0	0.7292342781064931	NA	1	0.4189633411587323	NA	1	NA	NA	0	0.4189633411587323	NA	1	NA	NA	0	0.5740988096326127	NA	1	NA	NA	0	expression_driven	10000	E8.5 Embryo	scVI	Seurat VST
E8p5Embryo	seurat_vst	200	cellcharter	0.5061846139158607	NA	1	NA	NA	0	0.5061846139158607	NA	1	0.7316657561279621	NA	1	NA	NA	0	0.7316657561279621	NA	1	NA	NA	0	0.6189251850219114	NA	1	NA	NA	0	expression_driven	200	E8.5 Embryo	CellCharter	Seurat VST
E8p5Embryo	seurat_vst	200	scvi	0.7437539313366506	NA	1	NA	NA	0	0.7437539313366506	NA	1	0.3352544785250302	NA	1	NA	NA	0	0.3352544785250302	NA	1	NA	NA	0	0.5395042049308404	NA	1	NA	NA	0	expression_driven	200	E8.5 Embryo	scVI	Seurat VST
E8p5Embryo	seurat_vst	2000	cellcharter	0.45038380057242305	0.00469118522907327	3	NA	NA	0	0.45038380057242305	0.00469118522907327	3	0.7353149688221706	0.02215647452395281	3	NA	NA	0	0.7353149688221706	0.02215647452395281	3	NA	NA	0	0.5928493846972969	0.01267645412818515	3	NA	NA	0	expression_driven	2000	E8.5 Embryo	CellCharter	Seurat VST
E8p5Embryo	seurat_vst	2000	scvi	0.7327752009508665	0.00804375826594443	3	NA	NA	0	0.7327752009508665	0.00804375826594443	3	0.39306968007103466	0.01979356770916245	3	NA	NA	0	0.39306968007103466	0.01979356770916245	3	NA	NA	0	0.5629224405109506	0.01233099415780052	3	NA	NA	0	expression_driven	2000	E8.5 Embryo	scVI	Seurat VST
E8p5Embryo	seurat_vst	500	cellcharter	0.48095589484818274	NA	1	NA	NA	0	0.48095589484818274	NA	1	0.7224996939984515	NA	1	NA	NA	0	0.7224996939984515	NA	1	NA	NA	0	0.6017277944233171	NA	1	NA	NA	0	expression_driven	500	E8.5 Embryo	CellCharter	Seurat VST
E8p5Embryo	seurat_vst	500	scvi	0.7330624330540252	NA	1	NA	NA	0	0.7330624330540252	NA	1	0.370760745354596	NA	1	NA	NA	0	0.370760745354596	NA	1	NA	NA	0	0.5519115892043106	NA	1	NA	NA	0	expression_driven	500	E8.5 Embryo	scVI	Seurat VST
E8p5Embryo	seurat_vst	5000	cellcharter	0.44848509225918576	NA	1	NA	NA	0	0.44848509225918576	NA	1	0.702043535017002	NA	1	NA	NA	0	0.702043535017002	NA	1	NA	NA	0	0.5752643136380939	NA	1	NA	NA	0	expression_driven	5000	E8.5 Embryo	CellCharter	Seurat VST
E8p5Embryo	seurat_vst	5000	scvi	0.7178598544562709	NA	1	NA	NA	0	0.7178598544562709	NA	1	0.4205494402412253	NA	1	NA	NA	0	0.4205494402412253	NA	1	NA	NA	0	0.5692046473487481	NA	1	NA	NA	0	expression_driven	5000	E8.5 Embryo	scVI	Seurat VST
E8p5Embryo	singleCellHaystack	100	cellcharter	0.575786618199271	NA	1	NA	NA	0	0.575786618199271	NA	1	0.6701789840234517	NA	1	NA	NA	0	0.6701789840234517	NA	1	NA	NA	0	0.6229828011113614	NA	1	NA	NA	0	expression_driven	100	E8.5 Embryo	CellCharter	singleCellHaystack
E8p5Embryo	singleCellHaystack	100	scvi	0.6818185705978428	NA	1	NA	NA	0	0.6818185705978428	NA	1	0.3219257991869353	NA	1	NA	NA	0	0.3219257991869353	NA	1	NA	NA	0	0.501872184892389	NA	1	NA	NA	0	expression_driven	100	E8.5 Embryo	scVI	singleCellHaystack
E8p5Embryo	singleCellHaystack	1000	cellcharter	0.509134108607424	NA	1	NA	NA	0	0.509134108607424	NA	1	0.6471128644107257	NA	1	NA	NA	0	0.6471128644107257	NA	1	NA	NA	0	0.5781234865090749	NA	1	NA	NA	0	expression_driven	1000	E8.5 Embryo	CellCharter	singleCellHaystack
E8p5Embryo	singleCellHaystack	1000	scvi	0.7394444693781427	NA	1	NA	NA	0	0.7394444693781427	NA	1	0.3950322947042233	NA	1	NA	NA	0	0.3950322947042233	NA	1	NA	NA	0	0.567238382041183	NA	1	NA	NA	0	expression_driven	1000	E8.5 Embryo	scVI	singleCellHaystack
E8p5Embryo	singleCellHaystack	10000	cellcharter	0.48114467853559695	NA	1	NA	NA	0	0.48114467853559695	NA	1	0.5355986057581729	NA	1	NA	NA	0	0.5355986057581729	NA	1	NA	NA	0	0.5083716421468849	NA	1	NA	NA	0	expression_driven	10000	E8.5 Embryo	CellCharter	singleCellHaystack
E8p5Embryo	singleCellHaystack	10000	scvi	0.6711644229475366	NA	1	NA	NA	0	0.6711644229475366	NA	1	0.39000942695779744	NA	1	NA	NA	0	0.39000942695779744	NA	1	NA	NA	0	0.530586924952667	NA	1	NA	NA	0	expression_driven	10000	E8.5 Embryo	scVI	singleCellHaystack
E8p5Embryo	singleCellHaystack	200	cellcharter	0.5321667578096985	NA	1	NA	NA	0	0.5321667578096985	NA	1	0.7209274191377407	NA	1	NA	NA	0	0.7209274191377407	NA	1	NA	NA	0	0.6265470884737196	NA	1	NA	NA	0	expression_driven	200	E8.5 Embryo	CellCharter	singleCellHaystack
E8p5Embryo	singleCellHaystack	200	scvi	0.7721694089864981	NA	1	NA	NA	0	0.7721694089864981	NA	1	0.3362219691166261	NA	1	NA	NA	0	0.3362219691166261	NA	1	NA	NA	0	0.5541956890515621	NA	1	NA	NA	0	expression_driven	200	E8.5 Embryo	scVI	singleCellHaystack
E8p5Embryo	singleCellHaystack	2000	cellcharter	0.4749221454375869	0.0046811583953523	3	NA	NA	0	0.4749221454375869	0.0046811583953523	3	0.6466786010725051	0.00268152777314261	3	NA	NA	0	0.6466786010725051	0.00268152777314261	3	NA	NA	0	0.560800373255046	0.00102362579235411	3	NA	NA	0	expression_driven	2000	E8.5 Embryo	CellCharter	singleCellHaystack
E8p5Embryo	singleCellHaystack	2000	scvi	0.7662794770281591	0.03528539372354004	3	NA	NA	0	0.7662794770281591	0.03528539372354004	3	0.3615160467622336	0.03355940189926038	3	NA	NA	0	0.3615160467622336	0.03355940189926038	3	NA	NA	0	0.5638977618951965	0.01500475930235048	3	NA	NA	0	expression_driven	2000	E8.5 Embryo	scVI	singleCellHaystack
E8p5Embryo	singleCellHaystack	500	cellcharter	0.5548759050817827	NA	1	NA	NA	0	0.5548759050817827	NA	1	0.7001806635929224	NA	1	NA	NA	0	0.7001806635929224	NA	1	NA	NA	0	0.6275282843373526	NA	1	NA	NA	0	expression_driven	500	E8.5 Embryo	CellCharter	singleCellHaystack
E8p5Embryo	singleCellHaystack	500	scvi	0.7811042724387569	NA	1	NA	NA	0	0.7811042724387569	NA	1	0.31699610399660916	NA	1	NA	NA	0	0.31699610399660916	NA	1	NA	NA	0	0.549050188217683	NA	1	NA	NA	0	expression_driven	500	E8.5 Embryo	scVI	singleCellHaystack
E8p5Embryo	singleCellHaystack	5000	cellcharter	0.4738447621474884	NA	1	NA	NA	0	0.4738447621474884	NA	1	0.589417456984342	NA	1	NA	NA	0	0.589417456984342	NA	1	NA	NA	0	0.5316311095659152	NA	1	NA	NA	0	expression_driven	5000	E8.5 Embryo	CellCharter	singleCellHaystack
E8p5Embryo	singleCellHaystack	5000	scvi	0.7058396205045576	NA	1	NA	NA	0	0.7058396205045576	NA	1	0.379146508802088	NA	1	NA	NA	0	0.379146508802088	NA	1	NA	NA	0	0.5424930646533228	NA	1	NA	NA	0	expression_driven	5000	E8.5 Embryo	scVI	singleCellHaystack
E8p5Embryo	somde	100	cellcharter	0.5221234464117774	NA	1	NA	NA	0	0.5221234464117774	NA	1	0.7264979397457235	NA	1	NA	NA	0	0.7264979397457235	NA	1	NA	NA	0	0.6243106930787505	NA	1	NA	NA	0	spatially_informed	100	E8.5 Embryo	CellCharter	SOMDE
E8p5Embryo	somde	100	scvi	0.7317833831406166	NA	1	NA	NA	0	0.7317833831406166	NA	1	0.36488513684257096	NA	1	NA	NA	0	0.36488513684257096	NA	1	NA	NA	0	0.5483342599915938	NA	1	NA	NA	0	spatially_informed	100	E8.5 Embryo	scVI	SOMDE
E8p5Embryo	somde	1000	cellcharter	0.44934867675822776	NA	1	NA	NA	0	0.44934867675822776	NA	1	0.7388274592292009	NA	1	NA	NA	0	0.7388274592292009	NA	1	NA	NA	0	0.5940880679937144	NA	1	NA	NA	0	spatially_informed	1000	E8.5 Embryo	CellCharter	SOMDE
E8p5Embryo	somde	1000	scvi	0.6788096774738844	NA	1	NA	NA	0	0.6788096774738844	NA	1	0.4626009581422325	NA	1	NA	NA	0	0.4626009581422325	NA	1	NA	NA	0	0.5707053178080584	NA	1	NA	NA	0	spatially_informed	1000	E8.5 Embryo	scVI	SOMDE
E8p5Embryo	somde	10000	cellcharter	0.4776565763072303	NA	1	NA	NA	0	0.4776565763072303	NA	1	0.5577334232679766	NA	1	NA	NA	0	0.5577334232679766	NA	1	NA	NA	0	0.5176949997876035	NA	1	NA	NA	0	spatially_informed	10000	E8.5 Embryo	CellCharter	SOMDE
E8p5Embryo	somde	10000	scvi	0.6972183313123527	NA	1	NA	NA	0	0.6972183313123527	NA	1	0.39161306444220406	NA	1	NA	NA	0	0.39161306444220406	NA	1	NA	NA	0	0.5444156978772784	NA	1	NA	NA	0	spatially_informed	10000	E8.5 Embryo	scVI	SOMDE
E8p5Embryo	somde	200	cellcharter	0.48729157785758737	NA	1	NA	NA	0	0.48729157785758737	NA	1	0.7399404506780396	NA	1	NA	NA	0	0.7399404506780396	NA	1	NA	NA	0	0.6136160142678135	NA	1	NA	NA	0	spatially_informed	200	E8.5 Embryo	CellCharter	SOMDE
E8p5Embryo	somde	200	scvi	0.7151003285564219	NA	1	NA	NA	0	0.7151003285564219	NA	1	0.41089168660345904	NA	1	NA	NA	0	0.41089168660345904	NA	1	NA	NA	0	0.5629960075799405	NA	1	NA	NA	0	spatially_informed	200	E8.5 Embryo	scVI	SOMDE
E8p5Embryo	somde	2000	cellcharter	0.4457682091885782	0.00160599711933217	3	NA	NA	0	0.4457682091885782	0.00160599711933217	3	0.7010748450907913	0.01088467760928298	3	NA	NA	0	0.7010748450907913	0.01088467760928298	3	NA	NA	0	0.5734215271396848	0.00556376621558041	3	NA	NA	0	spatially_informed	2000	E8.5 Embryo	CellCharter	SOMDE
E8p5Embryo	somde	2000	scvi	0.6853390658919704	0.00867192053642196	3	NA	NA	0	0.6853390658919704	0.00867192053642196	3	0.4545639504773826	0.01870456552112047	3	NA	NA	0	0.4545639504773826	0.01870456552112047	3	NA	NA	0	0.5699515081846765	0.00817306132320504	3	NA	NA	0	spatially_informed	2000	E8.5 Embryo	scVI	SOMDE
E8p5Embryo	somde	500	cellcharter	0.4690712136667251	NA	1	NA	NA	0	0.4690712136667251	NA	1	0.7547582939345885	NA	1	NA	NA	0	0.7547582939345885	NA	1	NA	NA	0	0.6119147538006569	NA	1	NA	NA	0	spatially_informed	500	E8.5 Embryo	CellCharter	SOMDE
E8p5Embryo	somde	500	scvi	0.7042341269089936	NA	1	NA	NA	0	0.7042341269089936	NA	1	0.44214935519562143	NA	1	NA	NA	0	0.44214935519562143	NA	1	NA	NA	0	0.5731917410523075	NA	1	NA	NA	0	spatially_informed	500	E8.5 Embryo	scVI	SOMDE
E8p5Embryo	somde	5000	cellcharter	0.4413978766560451	NA	1	NA	NA	0	0.4413978766560451	NA	1	0.6149886657454661	NA	1	NA	NA	0	0.6149886657454661	NA	1	NA	NA	0	0.5281932712007555	NA	1	NA	NA	0	spatially_informed	5000	E8.5 Embryo	CellCharter	SOMDE
E8p5Embryo	somde	5000	scvi	0.6921124685057691	NA	1	NA	NA	0	0.6921124685057691	NA	1	0.4581577821969649	NA	1	NA	NA	0	0.4581577821969649	NA	1	NA	NA	0	0.575135125351367	NA	1	NA	NA	0	spatially_informed	5000	E8.5 Embryo	scVI	SOMDE
E8p5Embryo	sparkx	100	cellcharter	0.6620224838256916	NA	1	NA	NA	0	0.6620224838256916	NA	1	0.6656481752845359	NA	1	NA	NA	0	0.6656481752845359	NA	1	NA	NA	0	0.6638353295551138	NA	1	NA	NA	0	spatially_informed	100	E8.5 Embryo	CellCharter	SPARK-X
E8p5Embryo	sparkx	100	scvi	0.8172687833817527	NA	1	NA	NA	0	0.8172687833817527	NA	1	0.2916936233552668	NA	1	NA	NA	0	0.2916936233552668	NA	1	NA	NA	0	0.5544812033685097	NA	1	NA	NA	0	spatially_informed	100	E8.5 Embryo	scVI	SPARK-X
E8p5Embryo	sparkx	1000	cellcharter	0.5057485279786171	NA	1	NA	NA	0	0.5057485279786171	NA	1	0.6367818661173813	NA	1	NA	NA	0	0.6367818661173813	NA	1	NA	NA	0	0.5712651970479992	NA	1	NA	NA	0	spatially_informed	1000	E8.5 Embryo	CellCharter	SPARK-X
E8p5Embryo	sparkx	1000	scvi	0.7377414471423918	NA	1	NA	NA	0	0.7377414471423918	NA	1	0.3902129780135923	NA	1	NA	NA	0	0.3902129780135923	NA	1	NA	NA	0	0.563977212577992	NA	1	NA	NA	0	spatially_informed	1000	E8.5 Embryo	scVI	SPARK-X
E8p5Embryo	sparkx	10000	cellcharter	0.4895909305177865	NA	1	NA	NA	0	0.4895909305177865	NA	1	0.5285477140449578	NA	1	NA	NA	0	0.5285477140449578	NA	1	NA	NA	0	0.5090693222813721	NA	1	NA	NA	0	spatially_informed	10000	E8.5 Embryo	CellCharter	SPARK-X
E8p5Embryo	sparkx	10000	scvi	0.6838517353649334	NA	1	NA	NA	0	0.6838517353649334	NA	1	0.3796130917079856	NA	1	NA	NA	0	0.3796130917079856	NA	1	NA	NA	0	0.5317324135364595	NA	1	NA	NA	0	spatially_informed	10000	E8.5 Embryo	scVI	SPARK-X
E8p5Embryo	sparkx	200	cellcharter	0.5666966432582414	NA	1	NA	NA	0	0.5666966432582414	NA	1	0.7012778505760621	NA	1	NA	NA	0	0.7012778505760621	NA	1	NA	NA	0	0.6339872469171517	NA	1	NA	NA	0	spatially_informed	200	E8.5 Embryo	CellCharter	SPARK-X
E8p5Embryo	sparkx	200	scvi	0.7507518713610803	NA	1	NA	NA	0	0.7507518713610803	NA	1	0.36352837575991664	NA	1	NA	NA	0	0.36352837575991664	NA	1	NA	NA	0	0.5571401235604985	NA	1	NA	NA	0	spatially_informed	200	E8.5 Embryo	scVI	SPARK-X
E8p5Embryo	sparkx	2000	cellcharter	0.4931817663201999	0.00122298606369802	3	NA	NA	0	0.4931817663201999	0.00122298606369802	3	0.5991656209348951	0.00898162014534931	3	NA	NA	0	0.5991656209348951	0.00898162014534931	3	NA	NA	0	0.5461736936275474	0.00396671042787385	3	NA	NA	0	spatially_informed	2000	E8.5 Embryo	CellCharter	SPARK-X
E8p5Embryo	sparkx	2000	scvi	0.7344059997481635	0.00292270921573377	3	NA	NA	0	0.7344059997481635	0.00292270921573377	3	0.39270709600850945	0.02060629829767032	3	NA	NA	0	0.39270709600850945	0.02060629829767032	3	NA	NA	0	0.5635565478783365	0.01020244437506896	3	NA	NA	0	spatially_informed	2000	E8.5 Embryo	scVI	SPARK-X
E8p5Embryo	sparkx	500	cellcharter	0.5286573249337405	NA	1	NA	NA	0	0.5286573249337405	NA	1	0.6505811088863802	NA	1	NA	NA	0	0.6505811088863802	NA	1	NA	NA	0	0.5896192169100604	NA	1	NA	NA	0	spatially_informed	500	E8.5 Embryo	CellCharter	SPARK-X
E8p5Embryo	sparkx	500	scvi	0.727482565746358	NA	1	NA	NA	0	0.727482565746358	NA	1	0.37629104914504224	NA	1	NA	NA	0	0.37629104914504224	NA	1	NA	NA	0	0.5518868074457001	NA	1	NA	NA	0	spatially_informed	500	E8.5 Embryo	scVI	SPARK-X
E8p5Embryo	sparkx	5000	cellcharter	0.47212022230917994	NA	1	NA	NA	0	0.47212022230917994	NA	1	0.5758897861382231	NA	1	NA	NA	0	0.5758897861382231	NA	1	NA	NA	0	0.5240050042237014	NA	1	NA	NA	0	spatially_informed	5000	E8.5 Embryo	CellCharter	SPARK-X
E8p5Embryo	sparkx	5000	scvi	0.6898325461213244	NA	1	NA	NA	0	0.6898325461213244	NA	1	0.3889266634680388	NA	1	NA	NA	0	0.3889266634680388	NA	1	NA	NA	0	0.5393796047946816	NA	1	NA	NA	0	spatially_informed	5000	E8.5 Embryo	scVI	SPARK-X
E8p5Embryo	spatialde	100	cellcharter	0.5117168904414712	NA	1	NA	NA	0	0.5117168904414712	NA	1	0.74077212995283	NA	1	NA	NA	0	0.74077212995283	NA	1	NA	NA	0	0.6262445101971506	NA	1	NA	NA	0	spatially_informed	100	E8.5 Embryo	CellCharter	SpatialDE
E8p5Embryo	spatialde	100	scvi	0.7406029891629129	NA	1	NA	NA	0	0.7406029891629129	NA	1	0.38413241828023753	NA	1	NA	NA	0	0.38413241828023753	NA	1	NA	NA	0	0.5623677037215752	NA	1	NA	NA	0	spatially_informed	100	E8.5 Embryo	scVI	SpatialDE
E8p5Embryo	spatialde	1000	cellcharter	0.4598049642524028	NA	1	NA	NA	0	0.4598049642524028	NA	1	0.7156195443830914	NA	1	NA	NA	0	0.7156195443830914	NA	1	NA	NA	0	0.5877122543177471	NA	1	NA	NA	0	spatially_informed	1000	E8.5 Embryo	CellCharter	SpatialDE
E8p5Embryo	spatialde	1000	scvi	0.6992529231321101	NA	1	NA	NA	0	0.6992529231321101	NA	1	0.47006484627882966	NA	1	NA	NA	0	0.47006484627882966	NA	1	NA	NA	0	0.5846588847054699	NA	1	NA	NA	0	spatially_informed	1000	E8.5 Embryo	scVI	SpatialDE
E8p5Embryo	spatialde	10000	cellcharter	0.4741018858291205	NA	1	NA	NA	0	0.4741018858291205	NA	1	0.5130025192192731	NA	1	NA	NA	0	0.5130025192192731	NA	1	NA	NA	0	0.49355220252419674	NA	1	NA	NA	0	spatially_informed	10000	E8.5 Embryo	CellCharter	SpatialDE
E8p5Embryo	spatialde	10000	scvi	0.646301138966934	NA	1	NA	NA	0	0.646301138966934	NA	1	0.365482436605282	NA	1	NA	NA	0	0.365482436605282	NA	1	NA	NA	0	0.505891787786108	NA	1	NA	NA	0	spatially_informed	10000	E8.5 Embryo	scVI	SpatialDE
E8p5Embryo	spatialde	200	cellcharter	0.49719484000554126	NA	1	NA	NA	0	0.49719484000554126	NA	1	0.7397804742184263	NA	1	NA	NA	0	0.7397804742184263	NA	1	NA	NA	0	0.6184876571119837	NA	1	NA	NA	0	spatially_informed	200	E8.5 Embryo	CellCharter	SpatialDE
E8p5Embryo	spatialde	200	scvi	0.728143816498408	NA	1	NA	NA	0	0.728143816498408	NA	1	0.4047412148185802	NA	1	NA	NA	0	0.4047412148185802	NA	1	NA	NA	0	0.5664425156584941	NA	1	NA	NA	0	spatially_informed	200	E8.5 Embryo	scVI	SpatialDE
E8p5Embryo	spatialde	2000	cellcharter	0.45653504815558454	0.00338580217683663	3	NA	NA	0	0.45653504815558454	0.00338580217683663	3	0.6553082614290243	0.01425665491273778	3	NA	NA	0	0.6553082614290243	0.01425665491273778	3	NA	NA	0	0.5559216547923045	0.00735763741422548	3	NA	NA	0	spatially_informed	2000	E8.5 Embryo	CellCharter	SpatialDE
E8p5Embryo	spatialde	2000	scvi	0.6891313855513882	0.01381066117097608	3	NA	NA	0	0.6891313855513882	0.01381066117097608	3	0.44069352701151354	0.0083360724153078	3	NA	NA	0	0.44069352701151354	0.0083360724153078	3	NA	NA	0	0.5649124562814509	0.01107251839555344	3	NA	NA	0	spatially_informed	2000	E8.5 Embryo	scVI	SpatialDE
E8p5Embryo	spatialde	500	cellcharter	0.4652884702085927	NA	1	NA	NA	0	0.4652884702085927	NA	1	0.7460936649204767	NA	1	NA	NA	0	0.7460936649204767	NA	1	NA	NA	0	0.6056910675645347	NA	1	NA	NA	0	spatially_informed	500	E8.5 Embryo	CellCharter	SpatialDE
E8p5Embryo	spatialde	500	scvi	0.6922512303735531	NA	1	NA	NA	0	0.6922512303735531	NA	1	0.4576511135022788	NA	1	NA	NA	0	0.4576511135022788	NA	1	NA	NA	0	0.5749511719379159	NA	1	NA	NA	0	spatially_informed	500	E8.5 Embryo	scVI	SpatialDE
E8p5Embryo	spatialde	5000	cellcharter	0.44908450212109213	NA	1	NA	NA	0	0.44908450212109213	NA	1	0.6029101850994697	NA	1	NA	NA	0	0.6029101850994697	NA	1	NA	NA	0	0.5259973436102809	NA	1	NA	NA	0	spatially_informed	5000	E8.5 Embryo	CellCharter	SpatialDE
E8p5Embryo	spatialde	5000	scvi	0.6803656116831183	NA	1	NA	NA	0	0.6803656116831183	NA	1	0.4256328795456076	NA	1	NA	NA	0	0.4256328795456076	NA	1	NA	NA	0	0.552999245614363	NA	1	NA	NA	0	spatially_informed	5000	E8.5 Embryo	scVI	SpatialDE
E8p5Embryo	statistic_mean	100	cellcharter	0.6658593938929707	NA	1	NA	NA	0	0.6658593938929707	NA	1	0.6484431293715563	NA	1	NA	NA	0	0.6484431293715563	NA	1	NA	NA	0	0.6571512616322635	NA	1	NA	NA	0	expression_driven	100	E8.5 Embryo	CellCharter	Mean expression
E8p5Embryo	statistic_mean	100	scvi	0.8536269163248554	NA	1	NA	NA	0	0.8536269163248554	NA	1	0.2547339519440026	NA	1	NA	NA	0	0.2547339519440026	NA	1	NA	NA	0	0.554180434134429	NA	1	NA	NA	0	expression_driven	100	E8.5 Embryo	scVI	Mean expression
E8p5Embryo	statistic_mean	1000	cellcharter	0.5688196855986117	NA	1	NA	NA	0	0.5688196855986117	NA	1	0.5446533248702917	NA	1	NA	NA	0	0.5446533248702917	NA	1	NA	NA	0	0.5567365052344517	NA	1	NA	NA	0	expression_driven	1000	E8.5 Embryo	CellCharter	Mean expression
E8p5Embryo	statistic_mean	1000	scvi	0.8197363131571157	NA	1	NA	NA	0	0.8197363131571157	NA	1	0.25987002924514596	NA	1	NA	NA	0	0.25987002924514596	NA	1	NA	NA	0	0.5398031712011309	NA	1	NA	NA	0	expression_driven	1000	E8.5 Embryo	scVI	Mean expression
E8p5Embryo	statistic_mean	10000	cellcharter	0.48395371297842155	NA	1	NA	NA	0	0.48395371297842155	NA	1	0.5106394580354873	NA	1	NA	NA	0	0.5106394580354873	NA	1	NA	NA	0	0.4972965855069544	NA	1	NA	NA	0	expression_driven	10000	E8.5 Embryo	CellCharter	Mean expression
E8p5Embryo	statistic_mean	10000	scvi	0.6973055905904058	NA	1	NA	NA	0	0.6973055905904058	NA	1	0.3676907103209021	NA	1	NA	NA	0	0.3676907103209021	NA	1	NA	NA	0	0.532498150455654	NA	1	NA	NA	0	expression_driven	10000	E8.5 Embryo	scVI	Mean expression
E8p5Embryo	statistic_mean	200	cellcharter	0.6084313684617166	NA	1	NA	NA	0	0.6084313684617166	NA	1	0.6229957395896467	NA	1	NA	NA	0	0.6229957395896467	NA	1	NA	NA	0	0.6157135540256817	NA	1	NA	NA	0	expression_driven	200	E8.5 Embryo	CellCharter	Mean expression
E8p5Embryo	statistic_mean	200	scvi	0.8470677220345272	NA	1	NA	NA	0	0.8470677220345272	NA	1	0.26164971242234825	NA	1	NA	NA	0	0.26164971242234825	NA	1	NA	NA	0	0.5543587172284377	NA	1	NA	NA	0	expression_driven	200	E8.5 Embryo	scVI	Mean expression
E8p5Embryo	statistic_mean	2000	cellcharter	0.532519080832413	0.00838092397797666	3	NA	NA	0	0.532519080832413	0.00838092397797666	3	0.5346544943673679	0.02392310523222289	3	NA	NA	0	0.5346544943673679	0.02392310523222289	3	NA	NA	0	0.5335867875998904	0.00994262011118844	3	NA	NA	0	expression_driven	2000	E8.5 Embryo	CellCharter	Mean expression
E8p5Embryo	statistic_mean	2000	scvi	0.7874126672534287	0.00981321544086516	3	NA	NA	0	0.7874126672534287	0.00981321544086516	3	0.2729559925547336	0.00733503206052051	3	NA	NA	0	0.2729559925547336	0.00733503206052051	3	NA	NA	0	0.5301843299040812	0.00778351942698226	3	NA	NA	0	expression_driven	2000	E8.5 Embryo	scVI	Mean expression
E8p5Embryo	statistic_mean	500	cellcharter	0.5976475427396232	NA	1	NA	NA	0	0.5976475427396232	NA	1	0.57670564685992	NA	1	NA	NA	0	0.57670564685992	NA	1	NA	NA	0	0.5871765947997716	NA	1	NA	NA	0	expression_driven	500	E8.5 Embryo	CellCharter	Mean expression
E8p5Embryo	statistic_mean	500	scvi	0.8340667162813177	NA	1	NA	NA	0	0.8340667162813177	NA	1	0.25785092412633337	NA	1	NA	NA	0	0.25785092412633337	NA	1	NA	NA	0	0.5459588202038255	NA	1	NA	NA	0	expression_driven	500	E8.5 Embryo	scVI	Mean expression
E8p5Embryo	statistic_mean	5000	cellcharter	0.4794541395411911	NA	1	NA	NA	0	0.4794541395411911	NA	1	0.5488171570956134	NA	1	NA	NA	0	0.5488171570956134	NA	1	NA	NA	0	0.5141356483184023	NA	1	NA	NA	0	expression_driven	5000	E8.5 Embryo	CellCharter	Mean expression
E8p5Embryo	statistic_mean	5000	scvi	0.7149899607764476	NA	1	NA	NA	0	0.7149899607764476	NA	1	0.3409188872465431	NA	1	NA	NA	0	0.3409188872465431	NA	1	NA	NA	0	0.5279544240114954	NA	1	NA	NA	0	expression_driven	5000	E8.5 Embryo	scVI	Mean expression
E8p5Embryo	statistic_variance	100	cellcharter	0.6359907778788091	NA	1	NA	NA	0	0.6359907778788091	NA	1	0.6111047696705026	NA	1	NA	NA	0	0.6111047696705026	NA	1	NA	NA	0	0.6235477737746559	NA	1	NA	NA	0	expression_driven	100	E8.5 Embryo	CellCharter	Expression variance
E8p5Embryo	statistic_variance	100	scvi	0.8509354811454716	NA	1	NA	NA	0	0.8509354811454716	NA	1	0.2536675046387865	NA	1	NA	NA	0	0.2536675046387865	NA	1	NA	NA	0	0.552301492892129	NA	1	NA	NA	0	expression_driven	100	E8.5 Embryo	scVI	Expression variance
E8p5Embryo	statistic_variance	1000	cellcharter	0.5735595588163931	NA	1	NA	NA	0	0.5735595588163931	NA	1	0.5513507478651687	NA	1	NA	NA	0	0.5513507478651687	NA	1	NA	NA	0	0.5624551533407809	NA	1	NA	NA	0	expression_driven	1000	E8.5 Embryo	CellCharter	Expression variance
E8p5Embryo	statistic_variance	1000	scvi	0.8246018857718161	NA	1	NA	NA	0	0.8246018857718161	NA	1	0.2648672549269923	NA	1	NA	NA	0	0.2648672549269923	NA	1	NA	NA	0	0.5447345703494042	NA	1	NA	NA	0	expression_driven	1000	E8.5 Embryo	scVI	Expression variance
E8p5Embryo	statistic_variance	10000	cellcharter	0.4942091055496272	NA	1	NA	NA	0	0.4942091055496272	NA	1	0.5175855654743009	NA	1	NA	NA	0	0.5175855654743009	NA	1	NA	NA	0	0.505897335511964	NA	1	NA	NA	0	expression_driven	10000	E8.5 Embryo	CellCharter	Expression variance
E8p5Embryo	statistic_variance	10000	scvi	0.7374805218935355	NA	1	NA	NA	0	0.7374805218935355	NA	1	0.35360907145733284	NA	1	NA	NA	0	0.35360907145733284	NA	1	NA	NA	0	0.5455447966754342	NA	1	NA	NA	0	expression_driven	10000	E8.5 Embryo	scVI	Expression variance
E8p5Embryo	statistic_variance	200	cellcharter	0.6060548924572534	NA	1	NA	NA	0	0.6060548924572534	NA	1	0.6047687528256386	NA	1	NA	NA	0	0.6047687528256386	NA	1	NA	NA	0	0.605411822641446	NA	1	NA	NA	0	expression_driven	200	E8.5 Embryo	CellCharter	Expression variance
E8p5Embryo	statistic_variance	200	scvi	0.8378152668294478	NA	1	NA	NA	0	0.8378152668294478	NA	1	0.26059774994393176	NA	1	NA	NA	0	0.26059774994393176	NA	1	NA	NA	0	0.5492065083866898	NA	1	NA	NA	0	expression_driven	200	E8.5 Embryo	scVI	Expression variance
E8p5Embryo	statistic_variance	2000	cellcharter	0.5233472668161401	0.00596562592890101	3	NA	NA	0	0.5233472668161401	0.00596562592890101	3	0.5255278976646126	0.01133611233418097	3	NA	NA	0	0.5255278976646126	0.01133611233418097	3	NA	NA	0	0.5244375822403763	0.00725697704070761	3	NA	NA	0	expression_driven	2000	E8.5 Embryo	CellCharter	Expression variance
E8p5Embryo	statistic_variance	2000	scvi	0.7847703684278549	0.01429153033187299	3	NA	NA	0	0.7847703684278549	0.01429153033187299	3	0.2968169095122631	0.02300230188174203	3	NA	NA	0	0.2968169095122631	0.02300230188174203	3	NA	NA	0	0.5407936389700589	0.01318867472028543	3	NA	NA	0	expression_driven	2000	E8.5 Embryo	scVI	Expression variance
E8p5Embryo	statistic_variance	500	cellcharter	0.5995817557452792	NA	1	NA	NA	0	0.5995817557452792	NA	1	0.5736581472837375	NA	1	NA	NA	0	0.5736581472837375	NA	1	NA	NA	0	0.5866199515145083	NA	1	NA	NA	0	expression_driven	500	E8.5 Embryo	CellCharter	Expression variance
E8p5Embryo	statistic_variance	500	scvi	0.8248627771955752	NA	1	NA	NA	0	0.8248627771955752	NA	1	0.25962822473523334	NA	1	NA	NA	0	0.25962822473523334	NA	1	NA	NA	0	0.5422455009654042	NA	1	NA	NA	0	expression_driven	500	E8.5 Embryo	scVI	Expression variance
E8p5Embryo	statistic_variance	5000	cellcharter	0.48149467642307514	NA	1	NA	NA	0	0.48149467642307514	NA	1	0.5255507858502766	NA	1	NA	NA	0	0.5255507858502766	NA	1	NA	NA	0	0.5035227311366759	NA	1	NA	NA	0	expression_driven	5000	E8.5 Embryo	CellCharter	Expression variance
E8p5Embryo	statistic_variance	5000	scvi	0.7053903785144178	NA	1	NA	NA	0	0.7053903785144178	NA	1	0.3400138289290322	NA	1	NA	NA	0	0.3400138289290322	NA	1	NA	NA	0	0.522702103721725	NA	1	NA	NA	0	expression_driven	5000	E8.5 Embryo	scVI	Expression variance
E8p5Embryo	triku	100	cellcharter	0.59082824974827	NA	1	NA	NA	0	0.59082824974827	NA	1	0.6190335058355658	NA	1	NA	NA	0	0.6190335058355658	NA	1	NA	NA	0	0.6049308777919179	NA	1	NA	NA	0	expression_driven	100	E8.5 Embryo	CellCharter	triku
E8p5Embryo	triku	100	scvi	0.6693169640946632	NA	1	NA	NA	0	0.6693169640946632	NA	1	0.3020333635818366	NA	1	NA	NA	0	0.3020333635818366	NA	1	NA	NA	0	0.48567516383824993	NA	1	NA	NA	0	expression_driven	100	E8.5 Embryo	scVI	triku
E8p5Embryo	triku	1000	cellcharter	0.4738909726611346	NA	1	NA	NA	0	0.4738909726611346	NA	1	0.7408182474905152	NA	1	NA	NA	0	0.7408182474905152	NA	1	NA	NA	0	0.6073546100758249	NA	1	NA	NA	0	expression_driven	1000	E8.5 Embryo	CellCharter	triku
E8p5Embryo	triku	1000	scvi	0.7198940470119977	NA	1	NA	NA	0	0.7198940470119977	NA	1	0.3973504858974198	NA	1	NA	NA	0	0.3973504858974198	NA	1	NA	NA	0	0.5586222664547087	NA	1	NA	NA	0	expression_driven	1000	E8.5 Embryo	scVI	triku
E8p5Embryo	triku	10000	cellcharter	0.49222925918476046	NA	1	NA	NA	0	0.49222925918476046	NA	1	0.5643145419452663	NA	1	NA	NA	0	0.5643145419452663	NA	1	NA	NA	0	0.5282719005650134	NA	1	NA	NA	0	expression_driven	10000	E8.5 Embryo	CellCharter	triku
E8p5Embryo	triku	10000	scvi	0.6344418081234464	NA	1	NA	NA	0	0.6344418081234464	NA	1	0.40072130662181465	NA	1	NA	NA	0	0.40072130662181465	NA	1	NA	NA	0	0.5175815573726306	NA	1	NA	NA	0	expression_driven	10000	E8.5 Embryo	scVI	triku
E8p5Embryo	triku	200	cellcharter	0.5548421937933229	NA	1	NA	NA	0	0.5548421937933229	NA	1	0.6982461073227645	NA	1	NA	NA	0	0.6982461073227645	NA	1	NA	NA	0	0.6265441505580437	NA	1	NA	NA	0	expression_driven	200	E8.5 Embryo	CellCharter	triku
E8p5Embryo	triku	200	scvi	0.7226122423235194	NA	1	NA	NA	0	0.7226122423235194	NA	1	0.3525953604810334	NA	1	NA	NA	0	0.3525953604810334	NA	1	NA	NA	0	0.5376038014022764	NA	1	NA	NA	0	expression_driven	200	E8.5 Embryo	scVI	triku
E8p5Embryo	triku	2000	cellcharter	0.4697355144695586	0.00486436559165731	3	NA	NA	0	0.4697355144695586	0.00486436559165731	3	0.7088492749789944	0.00555753880273139	3	NA	NA	0	0.7088492749789944	0.00555753880273139	3	NA	NA	0	0.5892923947242764	0.00499858594557532	3	NA	NA	0	expression_driven	2000	E8.5 Embryo	CellCharter	triku
E8p5Embryo	triku	2000	scvi	0.7228610240864874	0.00584910411828261	3	NA	NA	0	0.7228610240864874	0.00584910411828261	3	0.4069687410024163	0.01428114209273371	3	NA	NA	0	0.4069687410024163	0.01428114209273371	3	NA	NA	0	0.5649148825444518	0.01004707104926709	3	NA	NA	0	expression_driven	2000	E8.5 Embryo	scVI	triku
E8p5Embryo	triku	500	cellcharter	0.4996517800030416	NA	1	NA	NA	0	0.4996517800030416	NA	1	0.7391352099082168	NA	1	NA	NA	0	0.7391352099082168	NA	1	NA	NA	0	0.6193934949556292	NA	1	NA	NA	0	expression_driven	500	E8.5 Embryo	CellCharter	triku
E8p5Embryo	triku	500	scvi	0.7329573531193674	NA	1	NA	NA	0	0.7329573531193674	NA	1	0.3868668808791848	NA	1	NA	NA	0	0.3868668808791848	NA	1	NA	NA	0	0.5599121169992761	NA	1	NA	NA	0	expression_driven	500	E8.5 Embryo	scVI	triku
E8p5Embryo	triku	5000	cellcharter	0.4571267979433915	NA	1	NA	NA	0	0.4571267979433915	NA	1	0.6332063011539142	NA	1	NA	NA	0	0.6332063011539142	NA	1	NA	NA	0	0.5451665495486528	NA	1	NA	NA	0	expression_driven	5000	E8.5 Embryo	CellCharter	triku
E8p5Embryo	triku	5000	scvi	0.7273892160890164	NA	1	NA	NA	0	0.7273892160890164	NA	1	0.39750761804117746	NA	1	NA	NA	0	0.39750761804117746	NA	1	NA	NA	0	0.562448417065097	NA	1	NA	NA	0	expression_driven	5000	E8.5 Embryo	scVI	triku
E9p5Embryo	Brennecke	100	cellcharter	0.49374790890523934	NA	1	NA	NA	0	0.49374790890523934	NA	1	0.25636368804264903	NA	1	NA	NA	0	0.25636368804264903	NA	1	NA	NA	0	0.3750557984739442	NA	1	NA	NA	0	expression_driven	100	E9.5 Embryo	CellCharter	Brennecke
E9p5Embryo	Brennecke	100	scvi	0.07146191037798272	NA	1	NA	NA	0	0.07146191037798272	NA	1	0.6433200894795416	NA	1	NA	NA	0	0.6433200894795416	NA	1	NA	NA	0	0.3573909999287621	NA	1	NA	NA	0	expression_driven	100	E9.5 Embryo	scVI	Brennecke
E9p5Embryo	Brennecke	1000	cellcharter	0.5976902677203251	NA	1	NA	NA	0	0.5976902677203251	NA	1	0.3519022368693004	NA	1	NA	NA	0	0.3519022368693004	NA	1	NA	NA	0	0.4747962522948127	NA	1	NA	NA	0	expression_driven	1000	E9.5 Embryo	CellCharter	Brennecke
E9p5Embryo	Brennecke	1000	scvi	0.8762766461317681	NA	1	NA	NA	0	0.8762766461317681	NA	1	0.08866451400841485	NA	1	NA	NA	0	0.08866451400841485	NA	1	NA	NA	0	0.4824705800700914	NA	1	NA	NA	0	expression_driven	1000	E9.5 Embryo	scVI	Brennecke
E9p5Embryo	Brennecke	10000	cellcharter	0.5194648872741041	NA	1	NA	NA	0	0.5194648872741041	NA	1	0.5390686389127579	NA	1	NA	NA	0	0.5390686389127579	NA	1	NA	NA	0	0.529266763093431	NA	1	NA	NA	0	expression_driven	10000	E9.5 Embryo	CellCharter	Brennecke
E9p5Embryo	Brennecke	10000	scvi	0.6840174988358161	NA	1	NA	NA	0	0.6840174988358161	NA	1	0.3943811259955868	NA	1	NA	NA	0	0.3943811259955868	NA	1	NA	NA	0	0.5391993124157014	NA	1	NA	NA	0	expression_driven	10000	E9.5 Embryo	scVI	Brennecke
E9p5Embryo	Brennecke	200	cellcharter	0.5357069975397589	NA	1	NA	NA	0	0.5357069975397589	NA	1	0.3956783948501321	NA	1	NA	NA	0	0.3956783948501321	NA	1	NA	NA	0	0.4656926961949455	NA	1	NA	NA	0	expression_driven	200	E9.5 Embryo	CellCharter	Brennecke
E9p5Embryo	Brennecke	200	scvi	0.3728928170402184	NA	1	NA	NA	0	0.3728928170402184	NA	1	0.3900797447741778	NA	1	NA	NA	0	0.3900797447741778	NA	1	NA	NA	0	0.3814862809071981	NA	1	NA	NA	0	expression_driven	200	E9.5 Embryo	scVI	Brennecke
E9p5Embryo	Brennecke	2000	cellcharter	0.6080924240100348	0.01653156463235024	3	NA	NA	0	0.6080924240100348	0.01653156463235024	3	0.5135876476881701	0.02698360569765977	3	NA	NA	0	0.5135876476881701	0.02698360569765977	3	NA	NA	0	0.5608400358491025	0.00716327544206352	3	NA	NA	0	expression_driven	2000	E9.5 Embryo	CellCharter	Brennecke
E9p5Embryo	Brennecke	2000	scvi	0.8677235649040428	0.0062775826674723	3	NA	NA	0	0.8677235649040428	0.0062775826674723	3	0.17235791381443932	0.00524973411683976	3	NA	NA	0	0.17235791381443932	0.00524973411683976	3	NA	NA	0	0.5200407393592411	0.00576185439028709	3	NA	NA	0	expression_driven	2000	E9.5 Embryo	scVI	Brennecke
E9p5Embryo	Brennecke	500	cellcharter	0.6291091140859665	NA	1	NA	NA	0	0.6291091140859665	NA	1	0.34379725741234496	NA	1	NA	NA	0	0.34379725741234496	NA	1	NA	NA	0	0.48645318574915575	NA	1	NA	NA	0	expression_driven	500	E9.5 Embryo	CellCharter	Brennecke
E9p5Embryo	Brennecke	500	scvi	0.7407200140929082	NA	1	NA	NA	0	0.7407200140929082	NA	1	0.10179218126590746	NA	1	NA	NA	0	0.10179218126590746	NA	1	NA	NA	0	0.42125609767940786	NA	1	NA	NA	0	expression_driven	500	E9.5 Embryo	scVI	Brennecke
E9p5Embryo	Brennecke	5000	cellcharter	0.5442816456385325	NA	1	NA	NA	0	0.5442816456385325	NA	1	0.5566735702355482	NA	1	NA	NA	0	0.5566735702355482	NA	1	NA	NA	0	0.5504776079370404	NA	1	NA	NA	0	expression_driven	5000	E9.5 Embryo	CellCharter	Brennecke
E9p5Embryo	Brennecke	5000	scvi	0.7426705624359213	NA	1	NA	NA	0	0.7426705624359213	NA	1	0.3255561496154574	NA	1	NA	NA	0	0.3255561496154574	NA	1	NA	NA	0	0.5341133560256894	NA	1	NA	NA	0	expression_driven	5000	E9.5 Embryo	scVI	Brennecke
E9p5Embryo	anticor	100	cellcharter	0.585883724651896	NA	1	NA	NA	0	0.585883724651896	NA	1	0.6234952919243469	NA	1	NA	NA	0	0.6234952919243469	NA	1	NA	NA	0	0.6046895082881214	NA	1	NA	NA	0	expression_driven	100	E9.5 Embryo	CellCharter	Anticor
E9p5Embryo	anticor	100	scvi	0.7497379836604829	NA	1	NA	NA	0	0.7497379836604829	NA	1	0.3304446551683849	NA	1	NA	NA	0	0.3304446551683849	NA	1	NA	NA	0	0.5400913194144339	NA	1	NA	NA	0	expression_driven	100	E9.5 Embryo	scVI	Anticor
E9p5Embryo	anticor	1000	cellcharter	0.5229892137265931	NA	1	NA	NA	0	0.5229892137265931	NA	1	0.6807823624409063	NA	1	NA	NA	0	0.6807823624409063	NA	1	NA	NA	0	0.6018857880837497	NA	1	NA	NA	0	expression_driven	1000	E9.5 Embryo	CellCharter	Anticor
E9p5Embryo	anticor	1000	scvi	0.7096368039336006	NA	1	NA	NA	0	0.7096368039336006	NA	1	0.3951346253535637	NA	1	NA	NA	0	0.3951346253535637	NA	1	NA	NA	0	0.5523857146435822	NA	1	NA	NA	0	expression_driven	1000	E9.5 Embryo	scVI	Anticor
E9p5Embryo	anticor	10000	cellcharter	0.5113851159450452	NA	1	NA	NA	0	0.5113851159450452	NA	1	0.5778012620809173	NA	1	NA	NA	0	0.5778012620809173	NA	1	NA	NA	0	0.5445931890129813	NA	1	NA	NA	0	expression_driven	10000	E9.5 Embryo	CellCharter	Anticor
E9p5Embryo	anticor	10000	scvi	0.6547899702823298	NA	1	NA	NA	0	0.6547899702823298	NA	1	0.37210921220184207	NA	1	NA	NA	0	0.37210921220184207	NA	1	NA	NA	0	0.5134495912420859	NA	1	NA	NA	0	expression_driven	10000	E9.5 Embryo	scVI	Anticor
E9p5Embryo	anticor	200	cellcharter	0.5615864852585986	NA	1	NA	NA	0	0.5615864852585986	NA	1	0.6892890504850949	NA	1	NA	NA	0	0.6892890504850949	NA	1	NA	NA	0	0.6254377678718468	NA	1	NA	NA	0	expression_driven	200	E9.5 Embryo	CellCharter	Anticor
E9p5Embryo	anticor	200	scvi	0.7113582650520749	NA	1	NA	NA	0	0.7113582650520749	NA	1	0.3565068345655609	NA	1	NA	NA	0	0.3565068345655609	NA	1	NA	NA	0	0.5339325498088179	NA	1	NA	NA	0	expression_driven	200	E9.5 Embryo	scVI	Anticor
E9p5Embryo	anticor	2000	cellcharter	0.5268222255002172	0.00892932021562313	3	NA	NA	0	0.5268222255002172	0.00892932021562313	3	0.6427380360267217	0.00877927015768745	3	NA	NA	0	0.6427380360267217	0.00877927015768745	3	NA	NA	0	0.5847801307634696	0.00285337980548379	3	NA	NA	0	expression_driven	2000	E9.5 Embryo	CellCharter	Anticor
E9p5Embryo	anticor	2000	scvi	0.6829584907505293	0.01966088193620864	3	NA	NA	0	0.6829584907505293	0.01966088193620864	3	0.3737589957875123	0.01427957934641925	3	NA	NA	0	0.3737589957875123	0.01427957934641925	3	NA	NA	0	0.5283587432690208	0.01651665635031351	3	NA	NA	0	expression_driven	2000	E9.5 Embryo	scVI	Anticor
E9p5Embryo	anticor	500	cellcharter	0.5002492228808684	NA	1	NA	NA	0	0.5002492228808684	NA	1	0.6601954536150132	NA	1	NA	NA	0	0.6601954536150132	NA	1	NA	NA	0	0.5802223382479408	NA	1	NA	NA	0	expression_driven	500	E9.5 Embryo	CellCharter	Anticor
E9p5Embryo	anticor	500	scvi	0.7086699185302799	NA	1	NA	NA	0	0.7086699185302799	NA	1	0.3534856891481796	NA	1	NA	NA	0	0.3534856891481796	NA	1	NA	NA	0	0.5310778038392298	NA	1	NA	NA	0	expression_driven	500	E9.5 Embryo	scVI	Anticor
E9p5Embryo	anticor	5000	cellcharter	0.5217620561783726	NA	1	NA	NA	0	0.5217620561783726	NA	1	0.6133541701376345	NA	1	NA	NA	0	0.6133541701376345	NA	1	NA	NA	0	0.5675581131580035	NA	1	NA	NA	0	expression_driven	5000	E9.5 Embryo	CellCharter	Anticor
E9p5Embryo	anticor	5000	scvi	0.7069071160913316	NA	1	NA	NA	0	0.7069071160913316	NA	1	0.37976503906649706	NA	1	NA	NA	0	0.37976503906649706	NA	1	NA	NA	0	0.5433360775789143	NA	1	NA	NA	0	expression_driven	5000	E9.5 Embryo	scVI	Anticor
E9p5Embryo	dubstepr	100	cellcharter	0.5823153911797287	NA	1	NA	NA	0	0.5823153911797287	NA	1	0.6244092380260061	NA	1	NA	NA	0	0.6244092380260061	NA	1	NA	NA	0	0.6033623146028675	NA	1	NA	NA	0	expression_driven	100	E9.5 Embryo	CellCharter	DUBStepR
E9p5Embryo	dubstepr	100	scvi	0.7870258431301225	NA	1	NA	NA	0	0.7870258431301225	NA	1	0.29464247473940813	NA	1	NA	NA	0	0.29464247473940813	NA	1	NA	NA	0	0.5408341589347653	NA	1	NA	NA	0	expression_driven	100	E9.5 Embryo	scVI	DUBStepR
E9p5Embryo	dubstepr	1000	cellcharter	0.5308694365330847	NA	1	NA	NA	0	0.5308694365330847	NA	1	0.615861831276638	NA	1	NA	NA	0	0.615861831276638	NA	1	NA	NA	0	0.5733656339048614	NA	1	NA	NA	0	expression_driven	1000	E9.5 Embryo	CellCharter	DUBStepR
E9p5Embryo	dubstepr	1000	scvi	0.7449063023503988	NA	1	NA	NA	0	0.7449063023503988	NA	1	0.3639565220583688	NA	1	NA	NA	0	0.3639565220583688	NA	1	NA	NA	0	0.5544314122043837	NA	1	NA	NA	0	expression_driven	1000	E9.5 Embryo	scVI	DUBStepR
E9p5Embryo	dubstepr	10000	cellcharter	0.5308694365330847	NA	1	NA	NA	0	0.5308694365330847	NA	1	0.615861831276638	NA	1	NA	NA	0	0.615861831276638	NA	1	NA	NA	0	0.5733656339048614	NA	1	NA	NA	0	expression_driven	10000	E9.5 Embryo	CellCharter	DUBStepR
E9p5Embryo	dubstepr	10000	scvi	0.7449063023503988	NA	1	NA	NA	0	0.7449063023503988	NA	1	0.3639565220583688	NA	1	NA	NA	0	0.3639565220583688	NA	1	NA	NA	0	0.5544314122043837	NA	1	NA	NA	0	expression_driven	10000	E9.5 Embryo	scVI	DUBStepR
E9p5Embryo	dubstepr	200	cellcharter	0.5386519473651704	NA	1	NA	NA	0	0.5386519473651704	NA	1	0.6335117580023878	NA	1	NA	NA	0	0.6335117580023878	NA	1	NA	NA	0	0.5860818526837791	NA	1	NA	NA	0	expression_driven	200	E9.5 Embryo	CellCharter	DUBStepR
E9p5Embryo	dubstepr	200	scvi	0.7362295837550998	NA	1	NA	NA	0	0.7362295837550998	NA	1	0.3087353638446371	NA	1	NA	NA	0	0.3087353638446371	NA	1	NA	NA	0	0.5224824737998685	NA	1	NA	NA	0	expression_driven	200	E9.5 Embryo	scVI	DUBStepR
E9p5Embryo	dubstepr	2000	cellcharter	0.5308163680618209	4.646159698261445e-5	3	NA	NA	0	0.5308163680618209	4.646159698261445e-5	3	0.6087352578342907	0.01885172933305415	3	NA	NA	0	0.6087352578342907	0.01885172933305415	3	NA	NA	0	0.5697758129480558	0.00943019435014914	3	NA	NA	0	expression_driven	2000	E9.5 Embryo	CellCharter	DUBStepR
E9p5Embryo	dubstepr	2000	scvi	0.7380977048351575	0.00772605861241046	3	NA	NA	0	0.7380977048351575	0.00772605861241046	3	0.3459221793369407	0.01992008753531772	3	NA	NA	0	0.3459221793369407	0.01992008753531772	3	NA	NA	0	0.542009942086049	0.01382156458016834	3	NA	NA	0	expression_driven	2000	E9.5 Embryo	scVI	DUBStepR
E9p5Embryo	dubstepr	500	cellcharter	0.5312279412770803	NA	1	NA	NA	0	0.5312279412770803	NA	1	0.6277044454241008	NA	1	NA	NA	0	0.6277044454241008	NA	1	NA	NA	0	0.5794661933505905	NA	1	NA	NA	0	expression_driven	500	E9.5 Embryo	CellCharter	DUBStepR
E9p5Embryo	dubstepr	500	scvi	0.7390058993992079	NA	1	NA	NA	0	0.7390058993992079	NA	1	0.3531515281302879	NA	1	NA	NA	0	0.3531515281302879	NA	1	NA	NA	0	0.5460787137647479	NA	1	NA	NA	0	expression_driven	500	E9.5 Embryo	scVI	DUBStepR
E9p5Embryo	dubstepr	5000	cellcharter	0.5308694365330847	NA	1	NA	NA	0	0.5308694365330847	NA	1	0.615861831276638	NA	1	NA	NA	0	0.615861831276638	NA	1	NA	NA	0	0.5733656339048614	NA	1	NA	NA	0	expression_driven	5000	E9.5 Embryo	CellCharter	DUBStepR
E9p5Embryo	dubstepr	5000	scvi	0.7449063023503988	NA	1	NA	NA	0	0.7449063023503988	NA	1	0.3639565220583688	NA	1	NA	NA	0	0.3639565220583688	NA	1	NA	NA	0	0.5544314122043837	NA	1	NA	NA	0	expression_driven	5000	E9.5 Embryo	scVI	DUBStepR
E9p5Embryo	hotspot	100	cellcharter	0.6176208263030021	NA	1	NA	NA	0	0.6176208263030021	NA	1	0.47367175132997685	NA	1	NA	NA	0	0.47367175132997685	NA	1	NA	NA	0	0.5456462888164895	NA	1	NA	NA	0	expression_driven	100	E9.5 Embryo	CellCharter	Hotspot
E9p5Embryo	hotspot	100	scvi	0.7558445470621691	NA	1	NA	NA	0	0.7558445470621691	NA	1	0.235902057550532	NA	1	NA	NA	0	0.235902057550532	NA	1	NA	NA	0	0.4958733023063505	NA	1	NA	NA	0	expression_driven	100	E9.5 Embryo	scVI	Hotspot
E9p5Embryo	hotspot	1000	cellcharter	0.4938835968216122	NA	1	NA	NA	0	0.4938835968216122	NA	1	0.7058124780332632	NA	1	NA	NA	0	0.7058124780332632	NA	1	NA	NA	0	0.5998480374274378	NA	1	NA	NA	0	expression_driven	1000	E9.5 Embryo	CellCharter	Hotspot
E9p5Embryo	hotspot	1000	scvi	0.6893461515694248	NA	1	NA	NA	0	0.6893461515694248	NA	1	0.4040302949234602	NA	1	NA	NA	0	0.4040302949234602	NA	1	NA	NA	0	0.5466882232464425	NA	1	NA	NA	0	expression_driven	1000	E9.5 Embryo	scVI	Hotspot
E9p5Embryo	hotspot	10000	cellcharter	0.5040078011066695	NA	1	NA	NA	0	0.5040078011066695	NA	1	0.588630516052839	NA	1	NA	NA	0	0.588630516052839	NA	1	NA	NA	0	0.5463191585797542	NA	1	NA	NA	0	expression_driven	10000	E9.5 Embryo	CellCharter	Hotspot
E9p5Embryo	hotspot	10000	scvi	0.6528009042158307	NA	1	NA	NA	0	0.6528009042158307	NA	1	0.39708677979370394	NA	1	NA	NA	0	0.39708677979370394	NA	1	NA	NA	0	0.5249438420047673	NA	1	NA	NA	0	expression_driven	10000	E9.5 Embryo	scVI	Hotspot
E9p5Embryo	hotspot	200	cellcharter	0.5711694517439829	NA	1	NA	NA	0	0.5711694517439829	NA	1	0.6376473750402049	NA	1	NA	NA	0	0.6376473750402049	NA	1	NA	NA	0	0.604408413392094	NA	1	NA	NA	0	expression_driven	200	E9.5 Embryo	CellCharter	Hotspot
E9p5Embryo	hotspot	200	scvi	0.7703217438983694	NA	1	NA	NA	0	0.7703217438983694	NA	1	0.2845008661157082	NA	1	NA	NA	0	0.2845008661157082	NA	1	NA	NA	0	0.5274113050070388	NA	1	NA	NA	0	expression_driven	200	E9.5 Embryo	scVI	Hotspot
E9p5Embryo	hotspot	2000	cellcharter	0.4972366349248281	0.00439398448729528	3	NA	NA	0	0.4972366349248281	0.00439398448729528	3	0.6769986231152396	0.01616717296301078	3	NA	NA	0	0.6769986231152396	0.01616717296301078	3	NA	NA	0	0.5871176290200338	0.00615126936403948	3	NA	NA	0	expression_driven	2000	E9.5 Embryo	CellCharter	Hotspot
E9p5Embryo	hotspot	2000	scvi	0.6813978470978371	0.01310228115687833	3	NA	NA	0	0.6813978470978371	0.01310228115687833	3	0.40045028641813657	0.01210496367501201	3	NA	NA	0	0.40045028641813657	0.01210496367501201	3	NA	NA	0	0.5409240667579869	0.00863031468456536	3	NA	NA	0	expression_driven	2000	E9.5 Embryo	scVI	Hotspot
E9p5Embryo	hotspot	500	cellcharter	0.5264743686167169	NA	1	NA	NA	0	0.5264743686167169	NA	1	0.6840199324799796	NA	1	NA	NA	0	0.6840199324799796	NA	1	NA	NA	0	0.6052471505483483	NA	1	NA	NA	0	expression_driven	500	E9.5 Embryo	CellCharter	Hotspot
E9p5Embryo	hotspot	500	scvi	0.7164309470633636	NA	1	NA	NA	0	0.7164309470633636	NA	1	0.3698200361196429	NA	1	NA	NA	0	0.3698200361196429	NA	1	NA	NA	0	0.5431254915915033	NA	1	NA	NA	0	expression_driven	500	E9.5 Embryo	scVI	Hotspot
E9p5Embryo	hotspot	5000	cellcharter	0.49364245535917783	NA	1	NA	NA	0	0.49364245535917783	NA	1	0.6452794418001199	NA	1	NA	NA	0	0.6452794418001199	NA	1	NA	NA	0	0.5694609485796489	NA	1	NA	NA	0	expression_driven	5000	E9.5 Embryo	CellCharter	Hotspot
E9p5Embryo	hotspot	5000	scvi	0.6734814025000521	NA	1	NA	NA	0	0.6734814025000521	NA	1	0.42396465963305	NA	1	NA	NA	0	0.42396465963305	NA	1	NA	NA	0	0.5487230310665511	NA	1	NA	NA	0	expression_driven	5000	E9.5 Embryo	scVI	Hotspot
E9p5Embryo	morans_i	100	cellcharter	0.5628548514651222	NA	1	NA	NA	0	0.5628548514651222	NA	1	0.6956465187751616	NA	1	NA	NA	0	0.6956465187751616	NA	1	NA	NA	0	0.6292506851201418	NA	1	NA	NA	0	spatially_informed	100	E9.5 Embryo	CellCharter	Moran's I
E9p5Embryo	morans_i	100	scvi	0.7725806261264418	NA	1	NA	NA	0	0.7725806261264418	NA	1	0.2911336789270058	NA	1	NA	NA	0	0.2911336789270058	NA	1	NA	NA	0	0.5318571525267238	NA	1	NA	NA	0	spatially_informed	100	E9.5 Embryo	scVI	Moran's I
E9p5Embryo	morans_i	1000	cellcharter	0.4877511860199632	NA	1	NA	NA	0	0.4877511860199632	NA	1	0.6808379024319967	NA	1	NA	NA	0	0.6808379024319967	NA	1	NA	NA	0	0.5842945442259799	NA	1	NA	NA	0	spatially_informed	1000	E9.5 Embryo	CellCharter	Moran's I
E9p5Embryo	morans_i	1000	scvi	0.7009650475776497	NA	1	NA	NA	0	0.7009650475776497	NA	1	0.4025088616409352	NA	1	NA	NA	0	0.4025088616409352	NA	1	NA	NA	0	0.5517369546092924	NA	1	NA	NA	0	spatially_informed	1000	E9.5 Embryo	scVI	Moran's I
E9p5Embryo	morans_i	10000	cellcharter	0.5110491347016272	NA	1	NA	NA	0	0.5110491347016272	NA	1	0.5606780577115048	NA	1	NA	NA	0	0.5606780577115048	NA	1	NA	NA	0	0.535863596206566	NA	1	NA	NA	0	spatially_informed	10000	E9.5 Embryo	CellCharter	Moran's I
E9p5Embryo	morans_i	10000	scvi	0.6541829333592546	NA	1	NA	NA	0	0.6541829333592546	NA	1	0.3894808015586129	NA	1	NA	NA	0	0.3894808015586129	NA	1	NA	NA	0	0.5218318674589337	NA	1	NA	NA	0	spatially_informed	10000	E9.5 Embryo	scVI	Moran's I
E9p5Embryo	morans_i	200	cellcharter	0.5181005009265706	NA	1	NA	NA	0	0.5181005009265706	NA	1	0.7015570900917992	NA	1	NA	NA	0	0.7015570900917992	NA	1	NA	NA	0	0.6098287955091849	NA	1	NA	NA	0	spatially_informed	200	E9.5 Embryo	CellCharter	Moran's I
E9p5Embryo	morans_i	200	scvi	0.7578698068453247	NA	1	NA	NA	0	0.7578698068453247	NA	1	0.33525102464245715	NA	1	NA	NA	0	0.33525102464245715	NA	1	NA	NA	0	0.5465604157438909	NA	1	NA	NA	0	spatially_informed	200	E9.5 Embryo	scVI	Moran's I
E9p5Embryo	morans_i	2000	cellcharter	0.5091608878184241	0.00580425414533367	3	NA	NA	0	0.5091608878184241	0.00580425414533367	3	0.6284146461367811	0.00158085547722271	3	NA	NA	0	0.6284146461367811	0.00158085547722271	3	NA	NA	0	0.5687877669776026	0.00211179302749708	3	NA	NA	0	spatially_informed	2000	E9.5 Embryo	CellCharter	Moran's I
E9p5Embryo	morans_i	2000	scvi	0.7011138286977764	0.00341796410412648	3	NA	NA	0	0.7011138286977764	0.00341796410412648	3	0.38457942948374835	0.01459298067584212	3	NA	NA	0	0.38457942948374835	0.01459298067584212	3	NA	NA	0	0.5428466290907624	0.00575531348973276	3	NA	NA	0	spatially_informed	2000	E9.5 Embryo	scVI	Moran's I
E9p5Embryo	morans_i	500	cellcharter	0.4940527693942977	NA	1	NA	NA	0	0.4940527693942977	NA	1	0.6627693559361338	NA	1	NA	NA	0	0.6627693559361338	NA	1	NA	NA	0	0.5784110626652158	NA	1	NA	NA	0	spatially_informed	500	E9.5 Embryo	CellCharter	Moran's I
E9p5Embryo	morans_i	500	scvi	0.7120133707715008	NA	1	NA	NA	0	0.7120133707715008	NA	1	0.4010683129474672	NA	1	NA	NA	0	0.4010683129474672	NA	1	NA	NA	0	0.556540841859484	NA	1	NA	NA	0	spatially_informed	500	E9.5 Embryo	scVI	Moran's I
E9p5Embryo	morans_i	5000	cellcharter	0.5087255048907058	NA	1	NA	NA	0	0.5087255048907058	NA	1	0.6192951970668529	NA	1	NA	NA	0	0.6192951970668529	NA	1	NA	NA	0	0.5640103509787793	NA	1	NA	NA	0	spatially_informed	5000	E9.5 Embryo	CellCharter	Moran's I
E9p5Embryo	morans_i	5000	scvi	0.6732723381918486	NA	1	NA	NA	0	0.6732723381918486	NA	1	0.4298467973899232	NA	1	NA	NA	0	0.4298467973899232	NA	1	NA	NA	0	0.5515595677908859	NA	1	NA	NA	0	spatially_informed	5000	E9.5 Embryo	scVI	Moran's I
E9p5Embryo	nbumi	100	cellcharter	0.5518592735569859	NA	1	NA	NA	0	0.5518592735569859	NA	1	0.6646411580279458	NA	1	NA	NA	0	0.6646411580279458	NA	1	NA	NA	0	0.6082502157924659	NA	1	NA	NA	0	expression_driven	100	E9.5 Embryo	CellCharter	NBumi
E9p5Embryo	nbumi	100	scvi	0.7133677808911203	NA	1	NA	NA	0	0.7133677808911203	NA	1	0.3379334617556165	NA	1	NA	NA	0	0.3379334617556165	NA	1	NA	NA	0	0.5256506213233684	NA	1	NA	NA	0	expression_driven	100	E9.5 Embryo	scVI	NBumi
E9p5Embryo	nbumi	1000	cellcharter	0.5120176389950206	NA	1	NA	NA	0	0.5120176389950206	NA	1	0.6721908944107754	NA	1	NA	NA	0	0.6721908944107754	NA	1	NA	NA	0	0.592104266702898	NA	1	NA	NA	0	expression_driven	1000	E9.5 Embryo	CellCharter	NBumi
E9p5Embryo	nbumi	1000	scvi	0.6812420943601063	NA	1	NA	NA	0	0.6812420943601063	NA	1	0.4187182250206112	NA	1	NA	NA	0	0.4187182250206112	NA	1	NA	NA	0	0.5499801596903587	NA	1	NA	NA	0	expression_driven	1000	E9.5 Embryo	scVI	NBumi
E9p5Embryo	nbumi	10000	cellcharter	0.5093488978322402	NA	1	NA	NA	0	0.5093488978322402	NA	1	0.5741241707374449	NA	1	NA	NA	0	0.5741241707374449	NA	1	NA	NA	0	0.5417365342848426	NA	1	NA	NA	0	expression_driven	10000	E9.5 Embryo	CellCharter	NBumi
E9p5Embryo	nbumi	10000	scvi	0.6819498999888316	NA	1	NA	NA	0	0.6819498999888316	NA	1	0.4271136217234839	NA	1	NA	NA	0	0.4271136217234839	NA	1	NA	NA	0	0.5545317608561577	NA	1	NA	NA	0	expression_driven	10000	E9.5 Embryo	scVI	NBumi
E9p5Embryo	nbumi	200	cellcharter	0.533330072944182	NA	1	NA	NA	0	0.533330072944182	NA	1	0.7083089591167271	NA	1	NA	NA	0	0.7083089591167271	NA	1	NA	NA	0	0.6208195160304546	NA	1	NA	NA	0	expression_driven	200	E9.5 Embryo	CellCharter	NBumi
E9p5Embryo	nbumi	200	scvi	0.7196523719197911	NA	1	NA	NA	0	0.7196523719197911	NA	1	0.36355136218506307	NA	1	NA	NA	0	0.36355136218506307	NA	1	NA	NA	0	0.5416018670524271	NA	1	NA	NA	0	expression_driven	200	E9.5 Embryo	scVI	NBumi
E9p5Embryo	nbumi	2000	cellcharter	0.5070114793615391	0.00483957975536483	3	NA	NA	0	0.5070114793615391	0.00483957975536483	3	0.6663025773627851	0.0096357272832752	3	NA	NA	0	0.6663025773627851	0.0096357272832752	3	NA	NA	0	0.5866570283621622	0.00718306959455337	3	NA	NA	0	expression_driven	2000	E9.5 Embryo	CellCharter	NBumi
E9p5Embryo	nbumi	2000	scvi	0.6741705383937523	0.00170798394082255	3	NA	NA	0	0.6741705383937523	0.00170798394082255	3	0.43076731614289193	0.01927259020759805	3	NA	NA	0	0.43076731614289193	0.01927259020759805	3	NA	NA	0	0.5524689272683222	0.00893164403908056	3	NA	NA	0	expression_driven	2000	E9.5 Embryo	scVI	NBumi
E9p5Embryo	nbumi	500	cellcharter	0.5065532064208276	NA	1	NA	NA	0	0.5065532064208276	NA	1	0.7262488738545612	NA	1	NA	NA	0	0.7262488738545612	NA	1	NA	NA	0	0.6164010401376944	NA	1	NA	NA	0	expression_driven	500	E9.5 Embryo	CellCharter	NBumi
E9p5Embryo	nbumi	500	scvi	0.6902966620058013	NA	1	NA	NA	0	0.6902966620058013	NA	1	0.4234842093575597	NA	1	NA	NA	0	0.4234842093575597	NA	1	NA	NA	0	0.5568904356816805	NA	1	NA	NA	0	expression_driven	500	E9.5 Embryo	scVI	NBumi
E9p5Embryo	nbumi	5000	cellcharter	0.5085337989431835	NA	1	NA	NA	0	0.5085337989431835	NA	1	0.6175768662757645	NA	1	NA	NA	0	0.6175768662757645	NA	1	NA	NA	0	0.563055332609474	NA	1	NA	NA	0	expression_driven	5000	E9.5 Embryo	CellCharter	NBumi
E9p5Embryo	nbumi	5000	scvi	0.6674132192363056	NA	1	NA	NA	0	0.6674132192363056	NA	1	0.4322337565212944	NA	1	NA	NA	0	0.4322337565212944	NA	1	NA	NA	0	0.5498234878788	NA	1	NA	NA	0	expression_driven	5000	E9.5 Embryo	scVI	NBumi
E9p5Embryo	nnsvg	100	cellcharter	0.55489762155361	NA	1	NA	NA	0	0.55489762155361	NA	1	0.6953063889797159	NA	1	NA	NA	0	0.6953063889797159	NA	1	NA	NA	0	0.6251020052666629	NA	1	NA	NA	0	spatially_informed	100	E9.5 Embryo	CellCharter	nnSVG
E9p5Embryo	nnsvg	100	scvi	0.7791194955375884	NA	1	NA	NA	0	0.7791194955375884	NA	1	0.29460206187116	NA	1	NA	NA	0	0.29460206187116	NA	1	NA	NA	0	0.5368607787043742	NA	1	NA	NA	0	spatially_informed	100	E9.5 Embryo	scVI	nnSVG
E9p5Embryo	nnsvg	1000	cellcharter	0.5321311861799862	NA	1	NA	NA	0	0.5321311861799862	NA	1	0.5898560097826274	NA	1	NA	NA	0	0.5898560097826274	NA	1	NA	NA	0	0.5609935979813068	NA	1	NA	NA	0	spatially_informed	1000	E9.5 Embryo	CellCharter	nnSVG
E9p5Embryo	nnsvg	1000	scvi	0.7228834251038037	NA	1	NA	NA	0	0.7228834251038037	NA	1	0.35949566933328375	NA	1	NA	NA	0	0.35949566933328375	NA	1	NA	NA	0	0.5411895472185437	NA	1	NA	NA	0	spatially_informed	1000	E9.5 Embryo	scVI	nnSVG
E9p5Embryo	nnsvg	10000	cellcharter	0.5112587307961457	NA	1	NA	NA	0	0.5112587307961457	NA	1	0.6089628807561037	NA	1	NA	NA	0	0.6089628807561037	NA	1	NA	NA	0	0.5601108057761247	NA	1	NA	NA	0	spatially_informed	10000	E9.5 Embryo	CellCharter	nnSVG
E9p5Embryo	nnsvg	10000	scvi	0.7239703396393915	NA	1	NA	NA	0	0.7239703396393915	NA	1	0.3728553416614659	NA	1	NA	NA	0	0.3728553416614659	NA	1	NA	NA	0	0.5484128406504287	NA	1	NA	NA	0	spatially_informed	10000	E9.5 Embryo	scVI	nnSVG
E9p5Embryo	nnsvg	200	cellcharter	0.5299753831826345	NA	1	NA	NA	0	0.5299753831826345	NA	1	0.6555709019975722	NA	1	NA	NA	0	0.6555709019975722	NA	1	NA	NA	0	0.5927731425901033	NA	1	NA	NA	0	spatially_informed	200	E9.5 Embryo	CellCharter	nnSVG
E9p5Embryo	nnsvg	200	scvi	0.7285293017143755	NA	1	NA	NA	0	0.7285293017143755	NA	1	0.3604301517188915	NA	1	NA	NA	0	0.3604301517188915	NA	1	NA	NA	0	0.5444797267166335	NA	1	NA	NA	0	spatially_informed	200	E9.5 Embryo	scVI	nnSVG
E9p5Embryo	nnsvg	2000	cellcharter	0.5225006447358762	0.00888315497192324	3	NA	NA	0	0.5225006447358762	0.00888315497192324	3	0.6129502901668739	0.0081976809892549	3	NA	NA	0	0.6129502901668739	0.0081976809892549	3	NA	NA	0	0.5677254674513751	3.6387743784192e-4	3	NA	NA	0	spatially_informed	2000	E9.5 Embryo	CellCharter	nnSVG
E9p5Embryo	nnsvg	2000	scvi	0.7256713537014307	0.00334902411970451	3	NA	NA	0	0.7256713537014307	0.00334902411970451	3	0.35839561104798995	0.00519772360001266	3	NA	NA	0	0.35839561104798995	0.00519772360001266	3	NA	NA	0	0.5420334823747104	0.00343805756181528	3	NA	NA	0	spatially_informed	2000	E9.5 Embryo	scVI	nnSVG
E9p5Embryo	nnsvg	500	cellcharter	0.5325319940306965	NA	1	NA	NA	0	0.5325319940306965	NA	1	0.6353017728248415	NA	1	NA	NA	0	0.6353017728248415	NA	1	NA	NA	0	0.583916883427769	NA	1	NA	NA	0	spatially_informed	500	E9.5 Embryo	CellCharter	nnSVG
E9p5Embryo	nnsvg	500	scvi	0.7354111318899004	NA	1	NA	NA	0	0.7354111318899004	NA	1	0.33977640337275355	NA	1	NA	NA	0	0.33977640337275355	NA	1	NA	NA	0	0.5375937676313269	NA	1	NA	NA	0	spatially_informed	500	E9.5 Embryo	scVI	nnSVG
E9p5Embryo	nnsvg	5000	cellcharter	0.5112587307961457	NA	1	NA	NA	0	0.5112587307961457	NA	1	0.6089628807561037	NA	1	NA	NA	0	0.6089628807561037	NA	1	NA	NA	0	0.5601108057761247	NA	1	NA	NA	0	spatially_informed	5000	E9.5 Embryo	CellCharter	nnSVG
E9p5Embryo	nnsvg	5000	scvi	0.7239703396393915	NA	1	NA	NA	0	0.7239703396393915	NA	1	0.3728553416614659	NA	1	NA	NA	0	0.3728553416614659	NA	1	NA	NA	0	0.5484128406504287	NA	1	NA	NA	0	spatially_informed	5000	E9.5 Embryo	scVI	nnSVG
E9p5Embryo	osca	100	cellcharter	0.5580784985482943	NA	1	NA	NA	0	0.5580784985482943	NA	1	0.6238706715048572	NA	1	NA	NA	0	0.6238706715048572	NA	1	NA	NA	0	0.5909745850265757	NA	1	NA	NA	0	expression_driven	100	E9.5 Embryo	CellCharter	OSCA
E9p5Embryo	osca	100	scvi	0.7521275377633847	NA	1	NA	NA	0	0.7521275377633847	NA	1	0.2921058109355998	NA	1	NA	NA	0	0.2921058109355998	NA	1	NA	NA	0	0.5221166743494923	NA	1	NA	NA	0	expression_driven	100	E9.5 Embryo	scVI	OSCA
E9p5Embryo	osca	1000	cellcharter	0.533981174357479	NA	1	NA	NA	0	0.533981174357479	NA	1	0.6347969972194115	NA	1	NA	NA	0	0.6347969972194115	NA	1	NA	NA	0	0.5843890857884453	NA	1	NA	NA	0	expression_driven	1000	E9.5 Embryo	CellCharter	OSCA
E9p5Embryo	osca	1000	scvi	0.7057870583756827	NA	1	NA	NA	0	0.7057870583756827	NA	1	0.3620822573009003	NA	1	NA	NA	0	0.3620822573009003	NA	1	NA	NA	0	0.5339346578382915	NA	1	NA	NA	0	expression_driven	1000	E9.5 Embryo	scVI	OSCA
E9p5Embryo	osca	10000	cellcharter	0.5170656006473765	NA	1	NA	NA	0	0.5170656006473765	NA	1	0.6211136145169376	NA	1	NA	NA	0	0.6211136145169376	NA	1	NA	NA	0	0.569089607582157	NA	1	NA	NA	0	expression_driven	10000	E9.5 Embryo	CellCharter	OSCA
E9p5Embryo	osca	10000	scvi	0.7100497388121583	NA	1	NA	NA	0	0.7100497388121583	NA	1	0.385989777016353	NA	1	NA	NA	0	0.385989777016353	NA	1	NA	NA	0	0.5480197579142556	NA	1	NA	NA	0	expression_driven	10000	E9.5 Embryo	scVI	OSCA
E9p5Embryo	osca	200	cellcharter	0.5428560679082757	NA	1	NA	NA	0	0.5428560679082757	NA	1	0.6674134894851415	NA	1	NA	NA	0	0.6674134894851415	NA	1	NA	NA	0	0.6051347786967085	NA	1	NA	NA	0	expression_driven	200	E9.5 Embryo	CellCharter	OSCA
E9p5Embryo	osca	200	scvi	0.7415070254728346	NA	1	NA	NA	0	0.7415070254728346	NA	1	0.3136754703484079	NA	1	NA	NA	0	0.3136754703484079	NA	1	NA	NA	0	0.5275912479106213	NA	1	NA	NA	0	expression_driven	200	E9.5 Embryo	scVI	OSCA
E9p5Embryo	osca	2000	cellcharter	0.5282301406303741	0.00311956724771551	3	NA	NA	0	0.5282301406303741	0.00311956724771551	3	0.627037627825405	0.02622022024972209	3	NA	NA	0	0.627037627825405	0.02622022024972209	3	NA	NA	0	0.5776338842278895	0.01157507387621347	3	NA	NA	0	expression_driven	2000	E9.5 Embryo	CellCharter	OSCA
E9p5Embryo	osca	2000	scvi	0.7097988755572106	0.00608626073562908	3	NA	NA	0	0.7097988755572106	0.00608626073562908	3	0.3762156143823781	0.01368850967975725	3	NA	NA	0	0.3762156143823781	0.01368850967975725	3	NA	NA	0	0.5430072449697944	0.00774796466650488	3	NA	NA	0	expression_driven	2000	E9.5 Embryo	scVI	OSCA
E9p5Embryo	osca	500	cellcharter	0.5212254262448199	NA	1	NA	NA	0	0.5212254262448199	NA	1	0.6633468886334489	NA	1	NA	NA	0	0.6633468886334489	NA	1	NA	NA	0	0.5922861574391345	NA	1	NA	NA	0	expression_driven	500	E9.5 Embryo	CellCharter	OSCA
E9p5Embryo	osca	500	scvi	0.7169512756236807	NA	1	NA	NA	0	0.7169512756236807	NA	1	0.3584080291172093	NA	1	NA	NA	0	0.3584080291172093	NA	1	NA	NA	0	0.537679652370445	NA	1	NA	NA	0	expression_driven	500	E9.5 Embryo	scVI	OSCA
E9p5Embryo	osca	5000	cellcharter	0.5181182625925752	NA	1	NA	NA	0	0.5181182625925752	NA	1	0.6089185572501616	NA	1	NA	NA	0	0.6089185572501616	NA	1	NA	NA	0	0.5635184099213684	NA	1	NA	NA	0	expression_driven	5000	E9.5 Embryo	CellCharter	OSCA
E9p5Embryo	osca	5000	scvi	0.6957911404463764	NA	1	NA	NA	0	0.6957911404463764	NA	1	0.3796179650138667	NA	1	NA	NA	0	0.3796179650138667	NA	1	NA	NA	0	0.5377045527301215	NA	1	NA	NA	0	expression_driven	5000	E9.5 Embryo	scVI	OSCA
E9p5Embryo	scPNMF	100	cellcharter	0.5417656624764281	NA	1	NA	NA	0	0.5417656624764281	NA	1	0.6082076719982895	NA	1	NA	NA	0	0.6082076719982895	NA	1	NA	NA	0	0.5749866672373588	NA	1	NA	NA	0	expression_driven	100	E9.5 Embryo	CellCharter	scPNMF
E9p5Embryo	scPNMF	100	scvi	0.7887819514547962	NA	1	NA	NA	0	0.7887819514547962	NA	1	0.2876332311460416	NA	1	NA	NA	0	0.2876332311460416	NA	1	NA	NA	0	0.538207591300419	NA	1	NA	NA	0	expression_driven	100	E9.5 Embryo	scVI	scPNMF
E9p5Embryo	scPNMF	1000	cellcharter	0.530452187416174	NA	1	NA	NA	0	0.530452187416174	NA	1	0.6159944490653969	NA	1	NA	NA	0	0.6159944490653969	NA	1	NA	NA	0	0.5732233182407854	NA	1	NA	NA	0	expression_driven	1000	E9.5 Embryo	CellCharter	scPNMF
E9p5Embryo	scPNMF	1000	scvi	0.7305941836160745	NA	1	NA	NA	0	0.7305941836160745	NA	1	0.35024511259560587	NA	1	NA	NA	0	0.35024511259560587	NA	1	NA	NA	0	0.5404196481058402	NA	1	NA	NA	0	expression_driven	1000	E9.5 Embryo	scVI	scPNMF
E9p5Embryo	scPNMF	10000	cellcharter	0.5084503089134164	NA	1	NA	NA	0	0.5084503089134164	NA	1	0.5547310132844308	NA	1	NA	NA	0	0.5547310132844308	NA	1	NA	NA	0	0.5315906610989236	NA	1	NA	NA	0	expression_driven	10000	E9.5 Embryo	CellCharter	scPNMF
E9p5Embryo	scPNMF	10000	scvi	0.6859500120263153	NA	1	NA	NA	0	0.6859500120263153	NA	1	0.3912078244104709	NA	1	NA	NA	0	0.3912078244104709	NA	1	NA	NA	0	0.5385789182183931	NA	1	NA	NA	0	expression_driven	10000	E9.5 Embryo	scVI	scPNMF
E9p5Embryo	scPNMF	200	cellcharter	0.5225605522867177	NA	1	NA	NA	0	0.5225605522867177	NA	1	0.6298396965909695	NA	1	NA	NA	0	0.6298396965909695	NA	1	NA	NA	0	0.5762001244388436	NA	1	NA	NA	0	expression_driven	200	E9.5 Embryo	CellCharter	scPNMF
E9p5Embryo	scPNMF	200	scvi	0.7553892848246485	NA	1	NA	NA	0	0.7553892848246485	NA	1	0.3246646740697264	NA	1	NA	NA	0	0.3246646740697264	NA	1	NA	NA	0	0.5400269794471875	NA	1	NA	NA	0	expression_driven	200	E9.5 Embryo	scVI	scPNMF
E9p5Embryo	scPNMF	2000	cellcharter	0.5261660441225775	0.00444921936504153	3	NA	NA	0	0.5261660441225775	0.00444921936504153	3	0.5916314133505277	0.01066172135151505	3	NA	NA	0	0.5916314133505277	0.01066172135151505	3	NA	NA	0	0.5588987287365527	0.00421531587521103	3	NA	NA	0	expression_driven	2000	E9.5 Embryo	CellCharter	scPNMF
E9p5Embryo	scPNMF	2000	scvi	0.7299691468327318	0.01432075062724809	3	NA	NA	0	0.7299691468327318	0.01432075062724809	3	0.35052534456377255	0.01266401928954042	3	NA	NA	0	0.35052534456377255	0.01266401928954042	3	NA	NA	0	0.5402472456982522	0.01057562892025572	3	NA	NA	0	expression_driven	2000	E9.5 Embryo	scVI	scPNMF
E9p5Embryo	scPNMF	500	cellcharter	0.5463235427255234	NA	1	NA	NA	0	0.5463235427255234	NA	1	0.6289815924185912	NA	1	NA	NA	0	0.6289815924185912	NA	1	NA	NA	0	0.5876525675720573	NA	1	NA	NA	0	expression_driven	500	E9.5 Embryo	CellCharter	scPNMF
E9p5Embryo	scPNMF	500	scvi	0.7374838552846559	NA	1	NA	NA	0	0.7374838552846559	NA	1	0.34270496044180665	NA	1	NA	NA	0	0.34270496044180665	NA	1	NA	NA	0	0.5400944078632313	NA	1	NA	NA	0	expression_driven	500	E9.5 Embryo	scVI	scPNMF
E9p5Embryo	scPNMF	5000	cellcharter	0.517323486314369	NA	1	NA	NA	0	0.517323486314369	NA	1	0.5718394475698845	NA	1	NA	NA	0	0.5718394475698845	NA	1	NA	NA	0	0.5445814669421267	NA	1	NA	NA	0	expression_driven	5000	E9.5 Embryo	CellCharter	scPNMF
E9p5Embryo	scPNMF	5000	scvi	0.7037799911807956	NA	1	NA	NA	0	0.7037799911807956	NA	1	0.3679657361283435	NA	1	NA	NA	0	0.3679657361283435	NA	1	NA	NA	0	0.5358728636545695	NA	1	NA	NA	0	expression_driven	5000	E9.5 Embryo	scVI	scPNMF
E9p5Embryo	scanpy_cell_ranger	100	cellcharter	0.5672597157873338	NA	1	NA	NA	0	0.5672597157873338	NA	1	0.6236975804779671	NA	1	NA	NA	0	0.6236975804779671	NA	1	NA	NA	0	0.5954786481326504	NA	1	NA	NA	0	expression_driven	100	E9.5 Embryo	CellCharter	Scanpy Cell Ranger
E9p5Embryo	scanpy_cell_ranger	100	scvi	0.6609194834984042	NA	1	NA	NA	0	0.6609194834984042	NA	1	0.2549528918909427	NA	1	NA	NA	0	0.2549528918909427	NA	1	NA	NA	0	0.4579361876946735	NA	1	NA	NA	0	expression_driven	100	E9.5 Embryo	scVI	Scanpy Cell Ranger
E9p5Embryo	scanpy_cell_ranger	1000	cellcharter	0.5298583673720604	NA	1	NA	NA	0	0.5298583673720604	NA	1	0.7343153233967333	NA	1	NA	NA	0	0.7343153233967333	NA	1	NA	NA	0	0.6320868453843969	NA	1	NA	NA	0	expression_driven	1000	E9.5 Embryo	CellCharter	Scanpy Cell Ranger
E9p5Embryo	scanpy_cell_ranger	1000	scvi	0.7218518222655894	NA	1	NA	NA	0	0.7218518222655894	NA	1	0.34419054029738144	NA	1	NA	NA	0	0.34419054029738144	NA	1	NA	NA	0	0.5330211812814855	NA	1	NA	NA	0	expression_driven	1000	E9.5 Embryo	scVI	Scanpy Cell Ranger
E9p5Embryo	scanpy_cell_ranger	10000	cellcharter	0.49495194751991384	NA	1	NA	NA	0	0.49495194751991384	NA	1	0.6672206894047896	NA	1	NA	NA	0	0.6672206894047896	NA	1	NA	NA	0	0.5810863184623517	NA	1	NA	NA	0	expression_driven	10000	E9.5 Embryo	CellCharter	Scanpy Cell Ranger
E9p5Embryo	scanpy_cell_ranger	10000	scvi	0.709162694997735	NA	1	NA	NA	0	0.709162694997735	NA	1	0.4004551971565575	NA	1	NA	NA	0	0.4004551971565575	NA	1	NA	NA	0	0.5548089460771463	NA	1	NA	NA	0	expression_driven	10000	E9.5 Embryo	scVI	Scanpy Cell Ranger
E9p5Embryo	scanpy_cell_ranger	200	cellcharter	0.5565332417052863	NA	1	NA	NA	0	0.5565332417052863	NA	1	0.6785496538376757	NA	1	NA	NA	0	0.6785496538376757	NA	1	NA	NA	0	0.617541447771481	NA	1	NA	NA	0	expression_driven	200	E9.5 Embryo	CellCharter	Scanpy Cell Ranger
E9p5Embryo	scanpy_cell_ranger	200	scvi	0.7102683784302914	NA	1	NA	NA	0	0.7102683784302914	NA	1	0.307323414298623	NA	1	NA	NA	0	0.307323414298623	NA	1	NA	NA	0	0.5087958963644572	NA	1	NA	NA	0	expression_driven	200	E9.5 Embryo	scVI	Scanpy Cell Ranger
E9p5Embryo	scanpy_cell_ranger	2000	cellcharter	0.528553765878668	0.00409082762066804	3	NA	NA	0	0.528553765878668	0.00409082762066804	3	0.715059189959249	0.00984695711512384	3	NA	NA	0	0.715059189959249	0.00984695711512384	3	NA	NA	0	0.6218064779189585	0.00306069879156474	3	NA	NA	0	expression_driven	2000	E9.5 Embryo	CellCharter	Scanpy Cell Ranger
E9p5Embryo	scanpy_cell_ranger	2000	scvi	0.72284762080861	0.01152118696125732	3	NA	NA	0	0.72284762080861	0.01152118696125732	3	0.3676646449903449	0.00828045247611881	3	NA	NA	0	0.3676646449903449	0.00828045247611881	3	NA	NA	0	0.5452561328994775	0.0093746012094707391	3	NA	NA	0	expression_driven	2000	E9.5 Embryo	scVI	Scanpy Cell Ranger
E9p5Embryo	scanpy_cell_ranger	500	cellcharter	0.5411264677542741	NA	1	NA	NA	0	0.5411264677542741	NA	1	0.6470444737451542	NA	1	NA	NA	0	0.6470444737451542	NA	1	NA	NA	0	0.5940854707497141	NA	1	NA	NA	0	expression_driven	500	E9.5 Embryo	CellCharter	Scanpy Cell Ranger
E9p5Embryo	scanpy_cell_ranger	500	scvi	0.7256490700226398	NA	1	NA	NA	0	0.7256490700226398	NA	1	0.32791347377627583	NA	1	NA	NA	0	0.32791347377627583	NA	1	NA	NA	0	0.5267812718994578	NA	1	NA	NA	0	expression_driven	500	E9.5 Embryo	scVI	Scanpy Cell Ranger
E9p5Embryo	scanpy_cell_ranger	5000	cellcharter	0.5057423078504601	NA	1	NA	NA	0	0.5057423078504601	NA	1	0.6751519726414963	NA	1	NA	NA	0	0.6751519726414963	NA	1	NA	NA	0	0.5904471402459782	NA	1	NA	NA	0	expression_driven	5000	E9.5 Embryo	CellCharter	Scanpy Cell Ranger
E9p5Embryo	scanpy_cell_ranger	5000	scvi	0.7340151058446981	NA	1	NA	NA	0	0.7340151058446981	NA	1	0.3689531283654361	NA	1	NA	NA	0	0.3689531283654361	NA	1	NA	NA	0	0.5514841171050671	NA	1	NA	NA	0	expression_driven	5000	E9.5 Embryo	scVI	Scanpy Cell Ranger
E9p5Embryo	scanpy_cell_ranger_batch	100	cellcharter	0.5662018131437956	NA	1	NA	NA	0	0.5662018131437956	NA	1	0.6967444541468595	NA	1	NA	NA	0	0.6967444541468595	NA	1	NA	NA	0	0.6314731336453275	NA	1	NA	NA	0	expression_driven	100	E9.5 Embryo	CellCharter	Scanpy Cell Ranger, batch
E9p5Embryo	scanpy_cell_ranger_batch	100	scvi	0.7090473209442074	NA	1	NA	NA	0	0.7090473209442074	NA	1	0.27092641789671384	NA	1	NA	NA	0	0.27092641789671384	NA	1	NA	NA	0	0.48998686942046066	NA	1	NA	NA	0	expression_driven	100	E9.5 Embryo	scVI	Scanpy Cell Ranger, batch
E9p5Embryo	scanpy_cell_ranger_batch	1000	cellcharter	0.5299140575072272	NA	1	NA	NA	0	0.5299140575072272	NA	1	0.726722648839957	NA	1	NA	NA	0	0.726722648839957	NA	1	NA	NA	0	0.6283183531735921	NA	1	NA	NA	0	expression_driven	1000	E9.5 Embryo	CellCharter	Scanpy Cell Ranger, batch
E9p5Embryo	scanpy_cell_ranger_batch	1000	scvi	0.7219412471580845	NA	1	NA	NA	0	0.7219412471580845	NA	1	0.3559199462844374	NA	1	NA	NA	0	0.3559199462844374	NA	1	NA	NA	0	0.538930596721261	NA	1	NA	NA	0	expression_driven	1000	E9.5 Embryo	scVI	Scanpy Cell Ranger, batch
E9p5Embryo	scanpy_cell_ranger_batch	10000	cellcharter	0.493740284043009	NA	1	NA	NA	0	0.493740284043009	NA	1	0.645578063022259	NA	1	NA	NA	0	0.645578063022259	NA	1	NA	NA	0	0.569659173532634	NA	1	NA	NA	0	expression_driven	10000	E9.5 Embryo	CellCharter	Scanpy Cell Ranger, batch
E9p5Embryo	scanpy_cell_ranger_batch	10000	scvi	0.7007774678824303	NA	1	NA	NA	0	0.7007774678824303	NA	1	0.4077546824970434	NA	1	NA	NA	0	0.4077546824970434	NA	1	NA	NA	0	0.5542660751897368	NA	1	NA	NA	0	expression_driven	10000	E9.5 Embryo	scVI	Scanpy Cell Ranger, batch
E9p5Embryo	scanpy_cell_ranger_batch	200	cellcharter	0.5562818386907774	NA	1	NA	NA	0	0.5562818386907774	NA	1	0.7044467657678958	NA	1	NA	NA	0	0.7044467657678958	NA	1	NA	NA	0	0.6303643022293366	NA	1	NA	NA	0	expression_driven	200	E9.5 Embryo	CellCharter	Scanpy Cell Ranger, batch
E9p5Embryo	scanpy_cell_ranger_batch	200	scvi	0.7352280167379555	NA	1	NA	NA	0	0.7352280167379555	NA	1	0.32794497024738956	NA	1	NA	NA	0	0.32794497024738956	NA	1	NA	NA	0	0.5315864934926725	NA	1	NA	NA	0	expression_driven	200	E9.5 Embryo	scVI	Scanpy Cell Ranger, batch
E9p5Embryo	scanpy_cell_ranger_batch	2000	cellcharter	0.5230848433349644	0.00283872597569433	3	NA	NA	0	0.5230848433349644	0.00283872597569433	3	0.7126450142375461	0.0064768981071948	3	NA	NA	0	0.7126450142375461	0.0064768981071948	3	NA	NA	0	0.6178649287862553	0.00317961931733518	3	NA	NA	0	expression_driven	2000	E9.5 Embryo	CellCharter	Scanpy Cell Ranger, batch
E9p5Embryo	scanpy_cell_ranger_batch	2000	scvi	0.7209033493101229	0.00947580846117607	3	NA	NA	0	0.7209033493101229	0.00947580846117607	3	0.3623864060835644	0.00541719072956517	3	NA	NA	0	0.3623864060835644	0.00541719072956517	3	NA	NA	0	0.5416448776968436	0.00722090721579638	3	NA	NA	0	expression_driven	2000	E9.5 Embryo	scVI	Scanpy Cell Ranger, batch
E9p5Embryo	scanpy_cell_ranger_batch	500	cellcharter	0.5376103452201496	NA	1	NA	NA	0	0.5376103452201496	NA	1	0.6821237912230016	NA	1	NA	NA	0	0.6821237912230016	NA	1	NA	NA	0	0.6098670682215757	NA	1	NA	NA	0	expression_driven	500	E9.5 Embryo	CellCharter	Scanpy Cell Ranger, batch
E9p5Embryo	scanpy_cell_ranger_batch	500	scvi	0.7183906144431269	NA	1	NA	NA	0	0.7183906144431269	NA	1	0.3319300559237098	NA	1	NA	NA	0	0.3319300559237098	NA	1	NA	NA	0	0.5251603351834183	NA	1	NA	NA	0	expression_driven	500	E9.5 Embryo	scVI	Scanpy Cell Ranger, batch
E9p5Embryo	scanpy_cell_ranger_batch	5000	cellcharter	0.5081313449666579	NA	1	NA	NA	0	0.5081313449666579	NA	1	0.7104048434842681	NA	1	NA	NA	0	0.7104048434842681	NA	1	NA	NA	0	0.609268094225463	NA	1	NA	NA	0	expression_driven	5000	E9.5 Embryo	CellCharter	Scanpy Cell Ranger, batch
E9p5Embryo	scanpy_cell_ranger_batch	5000	scvi	0.701523415871636	NA	1	NA	NA	0	0.701523415871636	NA	1	0.38428021164434406	NA	1	NA	NA	0	0.38428021164434406	NA	1	NA	NA	0	0.5429018137579901	NA	1	NA	NA	0	expression_driven	5000	E9.5 Embryo	scVI	Scanpy Cell Ranger, batch
E9p5Embryo	scanpy_pearson	100	cellcharter	0.5839224661100967	NA	1	NA	NA	0	0.5839224661100967	NA	1	0.5893391474868636	NA	1	NA	NA	0	0.5893391474868636	NA	1	NA	NA	0	0.5866308067984801	NA	1	NA	NA	0	expression_driven	100	E9.5 Embryo	CellCharter	Scanpy Pearson
E9p5Embryo	scanpy_pearson	100	scvi	0.759045791236338	NA	1	NA	NA	0	0.759045791236338	NA	1	0.28636052965544895	NA	1	NA	NA	0	0.28636052965544895	NA	1	NA	NA	0	0.5227031604458935	NA	1	NA	NA	0	expression_driven	100	E9.5 Embryo	scVI	Scanpy Pearson
E9p5Embryo	scanpy_pearson	1000	cellcharter	0.5451761880876097	NA	1	NA	NA	0	0.5451761880876097	NA	1	0.6717680745279151	NA	1	NA	NA	0	0.6717680745279151	NA	1	NA	NA	0	0.6084721313077623	NA	1	NA	NA	0	expression_driven	1000	E9.5 Embryo	CellCharter	Scanpy Pearson
E9p5Embryo	scanpy_pearson	1000	scvi	0.7277625460957831	NA	1	NA	NA	0	0.7277625460957831	NA	1	0.3416992258036256	NA	1	NA	NA	0	0.3416992258036256	NA	1	NA	NA	0	0.5347308859497043	NA	1	NA	NA	0	expression_driven	1000	E9.5 Embryo	scVI	Scanpy Pearson
E9p5Embryo	scanpy_pearson	10000	cellcharter	0.5122089124970587	NA	1	NA	NA	0	0.5122089124970587	NA	1	0.5684399711700734	NA	1	NA	NA	0	0.5684399711700734	NA	1	NA	NA	0	0.540324441833566	NA	1	NA	NA	0	expression_driven	10000	E9.5 Embryo	CellCharter	Scanpy Pearson
E9p5Embryo	scanpy_pearson	10000	scvi	0.6908718257841373	NA	1	NA	NA	0	0.6908718257841373	NA	1	0.36263488378978864	NA	1	NA	NA	0	0.36263488378978864	NA	1	NA	NA	0	0.526753354786963	NA	1	NA	NA	0	expression_driven	10000	E9.5 Embryo	scVI	Scanpy Pearson
E9p5Embryo	scanpy_pearson	200	cellcharter	0.5708857078150676	NA	1	NA	NA	0	0.5708857078150676	NA	1	0.6254136307203978	NA	1	NA	NA	0	0.6254136307203978	NA	1	NA	NA	0	0.5981496692677327	NA	1	NA	NA	0	expression_driven	200	E9.5 Embryo	CellCharter	Scanpy Pearson
E9p5Embryo	scanpy_pearson	200	scvi	0.7806490108089458	NA	1	NA	NA	0	0.7806490108089458	NA	1	0.29001907623680934	NA	1	NA	NA	0	0.29001907623680934	NA	1	NA	NA	0	0.5353340435228775	NA	1	NA	NA	0	expression_driven	200	E9.5 Embryo	scVI	Scanpy Pearson
E9p5Embryo	scanpy_pearson	2000	cellcharter	0.5156776148692837	0.01219828342208108	3	NA	NA	0	0.5156776148692837	0.01219828342208108	3	0.679185052553897	0.0198620766463022	3	NA	NA	0	0.679185052553897	0.0198620766463022	3	NA	NA	0	0.5974313337115903	0.00415859569603044	3	NA	NA	0	expression_driven	2000	E9.5 Embryo	CellCharter	Scanpy Pearson
E9p5Embryo	scanpy_pearson	2000	scvi	0.7161025789971044	0.00457988982938922	3	NA	NA	0	0.7161025789971044	0.00457988982938922	3	0.3751266066848387	0.01346383515375316	3	NA	NA	0	0.3751266066848387	0.01346383515375316	3	NA	NA	0	0.5456145928409716	0.00487776726837346	3	NA	NA	0	expression_driven	2000	E9.5 Embryo	scVI	Scanpy Pearson
E9p5Embryo	scanpy_pearson	500	cellcharter	0.549383816810816	NA	1	NA	NA	0	0.549383816810816	NA	1	0.6504100160380145	NA	1	NA	NA	0	0.6504100160380145	NA	1	NA	NA	0	0.5998969164244152	NA	1	NA	NA	0	expression_driven	500	E9.5 Embryo	CellCharter	Scanpy Pearson
E9p5Embryo	scanpy_pearson	500	scvi	0.749648283672864	NA	1	NA	NA	0	0.749648283672864	NA	1	0.30300550528491327	NA	1	NA	NA	0	0.30300550528491327	NA	1	NA	NA	0	0.5263268944788886	NA	1	NA	NA	0	expression_driven	500	E9.5 Embryo	scVI	Scanpy Pearson
E9p5Embryo	scanpy_pearson	5000	cellcharter	0.5076007286762182	NA	1	NA	NA	0	0.5076007286762182	NA	1	0.6346446278889496	NA	1	NA	NA	0	0.6346446278889496	NA	1	NA	NA	0	0.5711226782825839	NA	1	NA	NA	0	expression_driven	5000	E9.5 Embryo	CellCharter	Scanpy Pearson
E9p5Embryo	scanpy_pearson	5000	scvi	0.7062160612708908	NA	1	NA	NA	0	0.7062160612708908	NA	1	0.37217624659812393	NA	1	NA	NA	0	0.37217624659812393	NA	1	NA	NA	0	0.5391961539345074	NA	1	NA	NA	0	expression_driven	5000	E9.5 Embryo	scVI	Scanpy Pearson
E9p5Embryo	scanpy_pearson_batch	100	cellcharter	0.5897805047510453	NA	1	NA	NA	0	0.5897805047510453	NA	1	0.6439547458882079	NA	1	NA	NA	0	0.6439547458882079	NA	1	NA	NA	0	0.6168676253196266	NA	1	NA	NA	0	expression_driven	100	E9.5 Embryo	CellCharter	Scanpy Pearson, batch
E9p5Embryo	scanpy_pearson_batch	100	scvi	0.7269069986407948	NA	1	NA	NA	0	0.7269069986407948	NA	1	0.2732611102512234	NA	1	NA	NA	0	0.2732611102512234	NA	1	NA	NA	0	0.5000840544460091	NA	1	NA	NA	0	expression_driven	100	E9.5 Embryo	scVI	Scanpy Pearson, batch
E9p5Embryo	scanpy_pearson_batch	1000	cellcharter	0.563046018936875	NA	1	NA	NA	0	0.563046018936875	NA	1	0.6476638904548863	NA	1	NA	NA	0	0.6476638904548863	NA	1	NA	NA	0	0.6053549546958806	NA	1	NA	NA	0	expression_driven	1000	E9.5 Embryo	CellCharter	Scanpy Pearson, batch
E9p5Embryo	scanpy_pearson_batch	1000	scvi	0.7455876434584295	NA	1	NA	NA	0	0.7455876434584295	NA	1	0.3418850761321748	NA	1	NA	NA	0	0.3418850761321748	NA	1	NA	NA	0	0.5437363597953022	NA	1	NA	NA	0	expression_driven	1000	E9.5 Embryo	scVI	Scanpy Pearson, batch
E9p5Embryo	scanpy_pearson_batch	10000	cellcharter	0.5087630545814296	NA	1	NA	NA	0	0.5087630545814296	NA	1	0.5869016153512995	NA	1	NA	NA	0	0.5869016153512995	NA	1	NA	NA	0	0.5478323349663645	NA	1	NA	NA	0	expression_driven	10000	E9.5 Embryo	CellCharter	Scanpy Pearson, batch
E9p5Embryo	scanpy_pearson_batch	10000	scvi	0.6681605135878269	NA	1	NA	NA	0	0.6681605135878269	NA	1	0.3996026425627146	NA	1	NA	NA	0	0.3996026425627146	NA	1	NA	NA	0	0.5338815780752708	NA	1	NA	NA	0	expression_driven	10000	E9.5 Embryo	scVI	Scanpy Pearson, batch
E9p5Embryo	scanpy_pearson_batch	200	cellcharter	0.554049995041751	NA	1	NA	NA	0	0.554049995041751	NA	1	0.6180619763146683	NA	1	NA	NA	0	0.6180619763146683	NA	1	NA	NA	0	0.5860559856782097	NA	1	NA	NA	0	expression_driven	200	E9.5 Embryo	CellCharter	Scanpy Pearson, batch
E9p5Embryo	scanpy_pearson_batch	200	scvi	0.7615783265275466	NA	1	NA	NA	0	0.7615783265275466	NA	1	0.27080315691752926	NA	1	NA	NA	0	0.27080315691752926	NA	1	NA	NA	0	0.516190741722538	NA	1	NA	NA	0	expression_driven	200	E9.5 Embryo	scVI	Scanpy Pearson, batch
E9p5Embryo	scanpy_pearson_batch	2000	cellcharter	0.5484381988201671	0.00817608565620328	3	NA	NA	0	0.5484381988201671	0.00817608565620328	3	0.6397799991007599	0.00898221653822988	3	NA	NA	0	0.6397799991007599	0.00898221653822988	3	NA	NA	0	0.5941090989604635	0.00826374619016984	3	NA	NA	0	expression_driven	2000	E9.5 Embryo	CellCharter	Scanpy Pearson, batch
E9p5Embryo	scanpy_pearson_batch	2000	scvi	0.7270646427235823	0.01724321609978254	3	NA	NA	0	0.7270646427235823	0.01724321609978254	3	0.31563435151494496	0.0146594265998034	3	NA	NA	0	0.31563435151494496	0.0146594265998034	3	NA	NA	0	0.5213494971192637	0.01388625792257534	3	NA	NA	0	expression_driven	2000	E9.5 Embryo	scVI	Scanpy Pearson, batch
E9p5Embryo	scanpy_pearson_batch	500	cellcharter	0.5610942152752723	NA	1	NA	NA	0	0.5610942152752723	NA	1	0.6311285894780129	NA	1	NA	NA	0	0.6311285894780129	NA	1	NA	NA	0	0.5961114023766425	NA	1	NA	NA	0	expression_driven	500	E9.5 Embryo	CellCharter	Scanpy Pearson, batch
E9p5Embryo	scanpy_pearson_batch	500	scvi	0.7501440203166208	NA	1	NA	NA	0	0.7501440203166208	NA	1	0.2979624626566461	NA	1	NA	NA	0	0.2979624626566461	NA	1	NA	NA	0	0.5240532414866335	NA	1	NA	NA	0	expression_driven	500	E9.5 Embryo	scVI	Scanpy Pearson, batch
E9p5Embryo	scanpy_pearson_batch	5000	cellcharter	0.5223654738348353	NA	1	NA	NA	0	0.5223654738348353	NA	1	0.6577524412337165	NA	1	NA	NA	0	0.6577524412337165	NA	1	NA	NA	0	0.5900589575342758	NA	1	NA	NA	0	expression_driven	5000	E9.5 Embryo	CellCharter	Scanpy Pearson, batch
E9p5Embryo	scanpy_pearson_batch	5000	scvi	0.6721613531863664	NA	1	NA	NA	0	0.6721613531863664	NA	1	0.384293175337625	NA	1	NA	NA	0	0.384293175337625	NA	1	NA	NA	0	0.5282272642619957	NA	1	NA	NA	0	expression_driven	5000	E9.5 Embryo	scVI	Scanpy Pearson, batch
E9p5Embryo	scanpy_seurat	100	cellcharter	0.7554574717152942	NA	1	NA	NA	0	0.7554574717152942	NA	1	0.11833297980843134	NA	1	NA	NA	0	0.11833297980843134	NA	1	NA	NA	0	0.4368952257618628	NA	1	NA	NA	0	expression_driven	100	E9.5 Embryo	CellCharter	Scanpy Seurat
E9p5Embryo	scanpy_seurat	100	scvi	0.6931240942980362	NA	1	NA	NA	0	0.6931240942980362	NA	1	0.14129506393207208	NA	1	NA	NA	0	0.14129506393207208	NA	1	NA	NA	0	0.4172095791150542	NA	1	NA	NA	0	expression_driven	100	E9.5 Embryo	scVI	Scanpy Seurat
E9p5Embryo	scanpy_seurat	1000	cellcharter	0.5958747254191374	NA	1	NA	NA	0	0.5958747254191374	NA	1	0.4960956251517395	NA	1	NA	NA	0	0.4960956251517395	NA	1	NA	NA	0	0.5459851752854384	NA	1	NA	NA	0	expression_driven	1000	E9.5 Embryo	CellCharter	Scanpy Seurat
E9p5Embryo	scanpy_seurat	1000	scvi	0.8429100702290371	NA	1	NA	NA	0	0.8429100702290371	NA	1	0.1936826862139525	NA	1	NA	NA	0	0.1936826862139525	NA	1	NA	NA	0	0.5182963782214948	NA	1	NA	NA	0	expression_driven	1000	E9.5 Embryo	scVI	Scanpy Seurat
E9p5Embryo	scanpy_seurat	10000	cellcharter	0.5254713733155311	NA	1	NA	NA	0	0.5254713733155311	NA	1	0.5606620769963895	NA	1	NA	NA	0	0.5606620769963895	NA	1	NA	NA	0	0.5430667251559602	NA	1	NA	NA	0	expression_driven	10000	E9.5 Embryo	CellCharter	Scanpy Seurat
E9p5Embryo	scanpy_seurat	10000	scvi	0.7174465240747412	NA	1	NA	NA	0	0.7174465240747412	NA	1	0.3696836661090132	NA	1	NA	NA	0	0.3696836661090132	NA	1	NA	NA	0	0.5435650950918772	NA	1	NA	NA	0	expression_driven	10000	E9.5 Embryo	scVI	Scanpy Seurat
E9p5Embryo	scanpy_seurat	200	cellcharter	0.715985612248186	NA	1	NA	NA	0	0.715985612248186	NA	1	0.11384221142644148	NA	1	NA	NA	0	0.11384221142644148	NA	1	NA	NA	0	0.41491391183731374	NA	1	NA	NA	0	expression_driven	200	E9.5 Embryo	CellCharter	Scanpy Seurat
E9p5Embryo	scanpy_seurat	200	scvi	0.7626221203659662	NA	1	NA	NA	0	0.7626221203659662	NA	1	0.11526459111857831	NA	1	NA	NA	0	0.11526459111857831	NA	1	NA	NA	0	0.4389433557422723	NA	1	NA	NA	0	expression_driven	200	E9.5 Embryo	scVI	Scanpy Seurat
E9p5Embryo	scanpy_seurat	2000	cellcharter	0.634660840497067	0.00326705870130452	3	NA	NA	0	0.634660840497067	0.00326705870130452	3	0.553445398049356	0.00776300547336129	3	NA	NA	0	0.553445398049356	0.00776300547336129	3	NA	NA	0	0.5940531192732115	0.00252329530600577	3	NA	NA	0	expression_driven	2000	E9.5 Embryo	CellCharter	Scanpy Seurat
E9p5Embryo	scanpy_seurat	2000	scvi	0.837522821677847	0.00860679401893187	3	NA	NA	0	0.837522821677847	0.00860679401893187	3	0.21222422796845164	0.00573033171659953	3	NA	NA	0	0.21222422796845164	0.00573033171659953	3	NA	NA	0	0.5248735248231493	0.00713058582302196	3	NA	NA	0	expression_driven	2000	E9.5 Embryo	scVI	Scanpy Seurat
E9p5Embryo	scanpy_seurat	500	cellcharter	0.6510839892960987	NA	1	NA	NA	0	0.6510839892960987	NA	1	0.42314645399546863	NA	1	NA	NA	0	0.42314645399546863	NA	1	NA	NA	0	0.5371152216457836	NA	1	NA	NA	0	expression_driven	500	E9.5 Embryo	CellCharter	Scanpy Seurat
E9p5Embryo	scanpy_seurat	500	scvi	0.8291086881336849	NA	1	NA	NA	0	0.8291086881336849	NA	1	0.16735774119476102	NA	1	NA	NA	0	0.16735774119476102	NA	1	NA	NA	0	0.49823321466422293	NA	1	NA	NA	0	expression_driven	500	E9.5 Embryo	scVI	Scanpy Seurat
E9p5Embryo	scanpy_seurat	5000	cellcharter	0.5514478898743969	NA	1	NA	NA	0	0.5514478898743969	NA	1	0.5994092931504993	NA	1	NA	NA	0	0.5994092931504993	NA	1	NA	NA	0	0.5754285915124481	NA	1	NA	NA	0	expression_driven	5000	E9.5 Embryo	CellCharter	Scanpy Seurat
E9p5Embryo	scanpy_seurat	5000	scvi	0.7500550132092945	NA	1	NA	NA	0	0.7500550132092945	NA	1	0.3488739287404055	NA	1	NA	NA	0	0.3488739287404055	NA	1	NA	NA	0	0.54946447097485	NA	1	NA	NA	0	expression_driven	5000	E9.5 Embryo	scVI	Scanpy Seurat
E9p5Embryo	scanpy_seurat_batch	100	cellcharter	0.658603283665266	NA	1	NA	NA	0	0.658603283665266	NA	1	0.19149765505981495	NA	1	NA	NA	0	0.19149765505981495	NA	1	NA	NA	0	0.4250504693625405	NA	1	NA	NA	0	expression_driven	100	E9.5 Embryo	CellCharter	Scanpy Seurat, batch
E9p5Embryo	scanpy_seurat_batch	100	scvi	0.6873796268670873	NA	1	NA	NA	0	0.6873796268670873	NA	1	0.17325473047784234	NA	1	NA	NA	0	0.17325473047784234	NA	1	NA	NA	0	0.4303171786724648	NA	1	NA	NA	0	expression_driven	100	E9.5 Embryo	scVI	Scanpy Seurat, batch
E9p5Embryo	scanpy_seurat_batch	1000	cellcharter	0.5602611079466085	NA	1	NA	NA	0	0.5602611079466085	NA	1	0.5657933088118171	NA	1	NA	NA	0	0.5657933088118171	NA	1	NA	NA	0	0.5630272083792128	NA	1	NA	NA	0	expression_driven	1000	E9.5 Embryo	CellCharter	Scanpy Seurat, batch
E9p5Embryo	scanpy_seurat_batch	1000	scvi	0.8372946161550513	NA	1	NA	NA	0	0.8372946161550513	NA	1	0.1995061118279979	NA	1	NA	NA	0	0.1995061118279979	NA	1	NA	NA	0	0.5184003639915246	NA	1	NA	NA	0	expression_driven	1000	E9.5 Embryo	scVI	Scanpy Seurat, batch
E9p5Embryo	scanpy_seurat_batch	10000	cellcharter	0.5144642855452144	NA	1	NA	NA	0	0.5144642855452144	NA	1	0.5977161142357886	NA	1	NA	NA	0	0.5977161142357886	NA	1	NA	NA	0	0.5560901998905015	NA	1	NA	NA	0	expression_driven	10000	E9.5 Embryo	CellCharter	Scanpy Seurat, batch
E9p5Embryo	scanpy_seurat_batch	10000	scvi	0.6904887893882514	NA	1	NA	NA	0	0.6904887893882514	NA	1	0.3530871693344377	NA	1	NA	NA	0	0.3530871693344377	NA	1	NA	NA	0	0.5217879793613446	NA	1	NA	NA	0	expression_driven	10000	E9.5 Embryo	scVI	Scanpy Seurat, batch
E9p5Embryo	scanpy_seurat_batch	200	cellcharter	0.6045214083348227	NA	1	NA	NA	0	0.6045214083348227	NA	1	0.22075941017090947	NA	1	NA	NA	0	0.22075941017090947	NA	1	NA	NA	0	0.4126404092528661	NA	1	NA	NA	0	expression_driven	200	E9.5 Embryo	CellCharter	Scanpy Seurat, batch
E9p5Embryo	scanpy_seurat_batch	200	scvi	0.76831822059014665	NA	1	NA	NA	0	0.76831822059014665	NA	1	0.1302908410671769	NA	1	NA	NA	0	0.1302908410671769	NA	1	NA	NA	0	0.4493045308286618	NA	1	NA	NA	0	expression_driven	200	E9.5 Embryo	scVI	Scanpy Seurat, batch
E9p5Embryo	scanpy_seurat_batch	2000	cellcharter	0.6101395404289232	0.002545603093435	3	NA	NA	0	0.6101395404289232	0.002545603093435	3	0.5506626820144367	0.03204298019761473	3	NA	NA	0	0.5506626820144367	0.03204298019761473	3	NA	NA	0	0.5804011112216799	0.01644817187017087	3	NA	NA	0	expression_driven	2000	E9.5 Embryo	CellCharter	Scanpy Seurat, batch
E9p5Embryo	scanpy_seurat_batch	2000	scvi	0.7796920017681338	0.02463853741179867	3	NA	NA	0	0.7796920017681338	0.02463853741179867	3	0.26280290153963953	0.00920419015028356	3	NA	NA	0	0.26280290153963953	0.00920419015028356	3	NA	NA	0	0.5212474516538866	0.01006652221037951	3	NA	NA	0	expression_driven	2000	E9.5 Embryo	scVI	Scanpy Seurat, batch
E9p5Embryo	scanpy_seurat_batch	500	cellcharter	0.5628135050532858	NA	1	NA	NA	0	0.5628135050532858	NA	1	0.28030862666261147	NA	1	NA	NA	0	0.28030862666261147	NA	1	NA	NA	0	0.4215610658579486	NA	1	NA	NA	0	expression_driven	500	E9.5 Embryo	CellCharter	Scanpy Seurat, batch
E9p5Embryo	scanpy_seurat_batch	500	scvi	0.8429308016773747	NA	1	NA	NA	0	0.8429308016773747	NA	1	0.11955025355294384	NA	1	NA	NA	0	0.11955025355294384	NA	1	NA	NA	0	0.4812405276151592	NA	1	NA	NA	0	expression_driven	500	E9.5 Embryo	scVI	Scanpy Seurat, batch
E9p5Embryo	scanpy_seurat_batch	5000	cellcharter	0.5528937402162919	NA	1	NA	NA	0	0.5528937402162919	NA	1	0.6123088871906855	NA	1	NA	NA	0	0.6123088871906855	NA	1	NA	NA	0	0.5826013137034887	NA	1	NA	NA	0	expression_driven	5000	E9.5 Embryo	CellCharter	Scanpy Seurat, batch
E9p5Embryo	scanpy_seurat_batch	5000	scvi	0.7670981545528086	NA	1	NA	NA	0	0.7670981545528086	NA	1	0.3135410585760913	NA	1	NA	NA	0	0.3135410585760913	NA	1	NA	NA	0	0.54031960656445	NA	1	NA	NA	0	expression_driven	5000	E9.5 Embryo	scVI	Scanpy Seurat, batch
E9p5Embryo	scanpy_seurat_v3	100	cellcharter	0.5604950199575764	NA	1	NA	NA	0	0.5604950199575764	NA	1	0.6406515820481716	NA	1	NA	NA	0	0.6406515820481716	NA	1	NA	NA	0	0.600573301002874	NA	1	NA	NA	0	expression_driven	100	E9.5 Embryo	CellCharter	Scanpy Seurat v3
E9p5Embryo	scanpy_seurat_v3	100	scvi	0.6771625618179818	NA	1	NA	NA	0	0.6771625618179818	NA	1	0.30803303329743364	NA	1	NA	NA	0	0.30803303329743364	NA	1	NA	NA	0	0.4925977975577077	NA	1	NA	NA	0	expression_driven	100	E9.5 Embryo	scVI	Scanpy Seurat v3
E9p5Embryo	scanpy_seurat_v3	1000	cellcharter	0.5195126571111707	NA	1	NA	NA	0	0.5195126571111707	NA	1	0.7531267483724201	NA	1	NA	NA	0	0.7531267483724201	NA	1	NA	NA	0	0.6363197027417954	NA	1	NA	NA	0	expression_driven	1000	E9.5 Embryo	CellCharter	Scanpy Seurat v3
E9p5Embryo	scanpy_seurat_v3	1000	scvi	0.6822325034698642	NA	1	NA	NA	0	0.6822325034698642	NA	1	0.3759277745455914	NA	1	NA	NA	0	0.3759277745455914	NA	1	NA	NA	0	0.5290801390077278	NA	1	NA	NA	0	expression_driven	1000	E9.5 Embryo	scVI	Scanpy Seurat v3
E9p5Embryo	scanpy_seurat_v3	10000	cellcharter	0.4938239273446514	NA	1	NA	NA	0	0.4938239273446514	NA	1	0.6497091764670097	NA	1	NA	NA	0	0.6497091764670097	NA	1	NA	NA	0	0.5717665519058306	NA	1	NA	NA	0	expression_driven	10000	E9.5 Embryo	CellCharter	Scanpy Seurat v3
E9p5Embryo	scanpy_seurat_v3	10000	scvi	0.6726870106879221	NA	1	NA	NA	0	0.6726870106879221	NA	1	0.4436203093504192	NA	1	NA	NA	0	0.4436203093504192	NA	1	NA	NA	0	0.5581536600191707	NA	1	NA	NA	0	expression_driven	10000	E9.5 Embryo	scVI	Scanpy Seurat v3
E9p5Embryo	scanpy_seurat_v3	200	cellcharter	0.5038423704700671	NA	1	NA	NA	0	0.5038423704700671	NA	1	0.6935732017797039	NA	1	NA	NA	0	0.6935732017797039	NA	1	NA	NA	0	0.5987077861248855	NA	1	NA	NA	0	expression_driven	200	E9.5 Embryo	CellCharter	Scanpy Seurat v3
E9p5Embryo	scanpy_seurat_v3	200	scvi	0.6803058683063203	NA	1	NA	NA	0	0.6803058683063203	NA	1	0.32756293550768006	NA	1	NA	NA	0	0.32756293550768006	NA	1	NA	NA	0	0.5039344019070002	NA	1	NA	NA	0	expression_driven	200	E9.5 Embryo	scVI	Scanpy Seurat v3
E9p5Embryo	scanpy_seurat_v3	2000	cellcharter	0.5087586546442412	0.00462149135494438	3	NA	NA	0	0.5087586546442412	0.00462149135494438	3	0.7290335000224397	0.0113425390754951	3	NA	NA	0	0.7290335000224397	0.0113425390754951	3	NA	NA	0	0.6188960773333404	0.00693913885601034	3	NA	NA	0	expression_driven	2000	E9.5 Embryo	CellCharter	Scanpy Seurat v3
E9p5Embryo	scanpy_seurat_v3	2000	scvi	0.6789023274957501	0.00735497586698027	3	NA	NA	0	0.6789023274957501	0.00735497586698027	3	0.42384464190797266	0.01248894840631071	3	NA	NA	0	0.42384464190797266	0.01248894840631071	3	NA	NA	0	0.5513734847018613	0.00270462487647161	3	NA	NA	0	expression_driven	2000	E9.5 Embryo	scVI	Scanpy Seurat v3
E9p5Embryo	scanpy_seurat_v3	500	cellcharter	0.5297812329221152	NA	1	NA	NA	0	0.5297812329221152	NA	1	0.6524914090751386	NA	1	NA	NA	0	0.6524914090751386	NA	1	NA	NA	0	0.5911363209986269	NA	1	NA	NA	0	expression_driven	500	E9.5 Embryo	CellCharter	Scanpy Seurat v3
E9p5Embryo	scanpy_seurat_v3	500	scvi	0.6980476978796288	NA	1	NA	NA	0	0.6980476978796288	NA	1	0.3894915511296983	NA	1	NA	NA	0	0.3894915511296983	NA	1	NA	NA	0	0.5437696245046636	NA	1	NA	NA	0	expression_driven	500	E9.5 Embryo	scVI	Scanpy Seurat v3
E9p5Embryo	scanpy_seurat_v3	5000	cellcharter	0.49830613411459146	NA	1	NA	NA	0	0.49830613411459146	NA	1	0.6913263611501069	NA	1	NA	NA	0	0.6913263611501069	NA	1	NA	NA	0	0.5948162476323492	NA	1	NA	NA	0	expression_driven	5000	E9.5 Embryo	CellCharter	Scanpy Seurat v3
E9p5Embryo	scanpy_seurat_v3	5000	scvi	0.6645452609769396	NA	1	NA	NA	0	0.6645452609769396	NA	1	0.4446465687115972	NA	1	NA	NA	0	0.4446465687115972	NA	1	NA	NA	0	0.5545959148442684	NA	1	NA	NA	0	expression_driven	5000	E9.5 Embryo	scVI	Scanpy Seurat v3
E9p5Embryo	scanpy_seurat_v3_batch	100	cellcharter	0.5689879027219088	NA	1	NA	NA	0	0.5689879027219088	NA	1	0.6714105843526585	NA	1	NA	NA	0	0.6714105843526585	NA	1	NA	NA	0	0.6201992435372836	NA	1	NA	NA	0	expression_driven	100	E9.5 Embryo	CellCharter	Scanpy Seurat v3, batch
E9p5Embryo	scanpy_seurat_v3_batch	100	scvi	0.668177757395366	NA	1	NA	NA	0	0.668177757395366	NA	1	0.27488217656396147	NA	1	NA	NA	0	0.27488217656396147	NA	1	NA	NA	0	0.47152996697966376	NA	1	NA	NA	0	expression_driven	100	E9.5 Embryo	scVI	Scanpy Seurat v3, batch
E9p5Embryo	scanpy_seurat_v3_batch	1000	cellcharter	0.5316274924463212	NA	1	NA	NA	0	0.5316274924463212	NA	1	0.6820149444004868	NA	1	NA	NA	0	0.6820149444004868	NA	1	NA	NA	0	0.6068212184234041	NA	1	NA	NA	0	expression_driven	1000	E9.5 Embryo	CellCharter	Scanpy Seurat v3, batch
E9p5Embryo	scanpy_seurat_v3_batch	1000	scvi	0.6866180791554155	NA	1	NA	NA	0	0.6866180791554155	NA	1	0.37536531280015256	NA	1	NA	NA	0	0.37536531280015256	NA	1	NA	NA	0	0.5309916959777841	NA	1	NA	NA	0	expression_driven	1000	E9.5 Embryo	scVI	Scanpy Seurat v3, batch
E9p5Embryo	scanpy_seurat_v3_batch	10000	cellcharter	0.5058853424247836	NA	1	NA	NA	0	0.5058853424247836	NA	1	0.6453769170400457	NA	1	NA	NA	0	0.6453769170400457	NA	1	NA	NA	0	0.5756311297324146	NA	1	NA	NA	0	expression_driven	10000	E9.5 Embryo	CellCharter	Scanpy Seurat v3, batch
E9p5Embryo	scanpy_seurat_v3_batch	10000	scvi	0.6771219553181164	NA	1	NA	NA	0	0.6771219553181164	NA	1	0.406482500483355	NA	1	NA	NA	0	0.406482500483355	NA	1	NA	NA	0	0.5418022279007357	NA	1	NA	NA	0	expression_driven	10000	E9.5 Embryo	scVI	Scanpy Seurat v3, batch
E9p5Embryo	scanpy_seurat_v3_batch	200	cellcharter	0.5641305239612597	NA	1	NA	NA	0	0.5641305239612597	NA	1	0.6391122939795499	NA	1	NA	NA	0	0.6391122939795499	NA	1	NA	NA	0	0.6016214089704048	NA	1	NA	NA	0	expression_driven	200	E9.5 Embryo	CellCharter	Scanpy Seurat v3, batch
E9p5Embryo	scanpy_seurat_v3_batch	200	scvi	0.7052732317391293	NA	1	NA	NA	0	0.7052732317391293	NA	1	0.30844458260333424	NA	1	NA	NA	0	0.30844458260333424	NA	1	NA	NA	0	0.5068589071712317	NA	1	NA	NA	0	expression_driven	200	E9.5 Embryo	scVI	Scanpy Seurat v3, batch
E9p5Embryo	scanpy_seurat_v3_batch	2000	cellcharter	0.5216934287118291	0.00537255670148559	3	NA	NA	0	0.5216934287118291	0.00537255670148559	3	0.6911136040391517	0.01660633735721669	3	NA	NA	0	0.6911136040391517	0.01660633735721669	3	NA	NA	0	0.6064035163754905	0.00570415862016824	3	NA	NA	0	expression_driven	2000	E9.5 Embryo	CellCharter	Scanpy Seurat v3, batch
E9p5Embryo	scanpy_seurat_v3_batch	2000	scvi	0.6972785088831296	0.00776745622238008	3	NA	NA	0	0.6972785088831296	0.00776745622238008	3	0.3686593937185623	0.01779588019340791	3	NA	NA	0	0.3686593937185623	0.01779588019340791	3	NA	NA	0	0.532968951300846	0.00840980666390927	3	NA	NA	0	expression_driven	2000	E9.5 Embryo	scVI	Scanpy Seurat v3, batch
E9p5Embryo	scanpy_seurat_v3_batch	500	cellcharter	0.5292386791591919	NA	1	NA	NA	0	0.5292386791591919	NA	1	0.7307413627536715	NA	1	NA	NA	0	0.7307413627536715	NA	1	NA	NA	0	0.6299900209564318	NA	1	NA	NA	0	expression_driven	500	E9.5 Embryo	CellCharter	Scanpy Seurat v3, batch
E9p5Embryo	scanpy_seurat_v3_batch	500	scvi	0.7002166275518289	NA	1	NA	NA	0	0.7002166275518289	NA	1	0.3566958538126266	NA	1	NA	NA	0	0.3566958538126266	NA	1	NA	NA	0	0.5284562406822277	NA	1	NA	NA	0	expression_driven	500	E9.5 Embryo	scVI	Scanpy Seurat v3, batch
E9p5Embryo	scanpy_seurat_v3_batch	5000	cellcharter	0.5094768604636969	NA	1	NA	NA	0	0.5094768604636969	NA	1	0.6966440727297013	NA	1	NA	NA	0	0.6966440727297013	NA	1	NA	NA	0	0.6030604665966991	NA	1	NA	NA	0	expression_driven	5000	E9.5 Embryo	CellCharter	Scanpy Seurat v3, batch
E9p5Embryo	scanpy_seurat_v3_batch	5000	scvi	0.6796809129586194	NA	1	NA	NA	0	0.6796809129586194	NA	1	0.4345417900654877	NA	1	NA	NA	0	0.4345417900654877	NA	1	NA	NA	0	0.5571113515120536	NA	1	NA	NA	0	expression_driven	5000	E9.5 Embryo	scVI	Scanpy Seurat v3, batch
E9p5Embryo	scry	100	cellcharter	0.543228167510913	NA	1	NA	NA	0	0.543228167510913	NA	1	0.6662221379396112	NA	1	NA	NA	0	0.6662221379396112	NA	1	NA	NA	0	0.6047251527252621	NA	1	NA	NA	0	expression_driven	100	E9.5 Embryo	CellCharter	scry
E9p5Embryo	scry	100	scvi	0.7658322202271353	NA	1	NA	NA	0	0.7658322202271353	NA	1	0.31167824359073043	NA	1	NA	NA	0	0.31167824359073043	NA	1	NA	NA	0	0.5387552319089328	NA	1	NA	NA	0	expression_driven	100	E9.5 Embryo	scVI	scry
E9p5Embryo	scry	1000	cellcharter	0.5439039873976237	NA	1	NA	NA	0	0.5439039873976237	NA	1	0.5844806007357072	NA	1	NA	NA	0	0.5844806007357072	NA	1	NA	NA	0	0.5641922940666655	NA	1	NA	NA	0	expression_driven	1000	E9.5 Embryo	CellCharter	scry
E9p5Embryo	scry	1000	scvi	0.7536122587950032	NA	1	NA	NA	0	0.7536122587950032	NA	1	0.3335462992486167	NA	1	NA	NA	0	0.3335462992486167	NA	1	NA	NA	0	0.5435792790218099	NA	1	NA	NA	0	expression_driven	1000	E9.5 Embryo	scVI	scry
E9p5Embryo	scry	10000	cellcharter	0.5050836207468313	NA	1	NA	NA	0	0.5050836207468313	NA	1	0.5837056547442789	NA	1	NA	NA	0	0.5837056547442789	NA	1	NA	NA	0	0.5443946377455551	NA	1	NA	NA	0	expression_driven	10000	E9.5 Embryo	CellCharter	scry
E9p5Embryo	scry	10000	scvi	0.6884698470486355	NA	1	NA	NA	0	0.6884698470486355	NA	1	0.3786081222200208	NA	1	NA	NA	0	0.3786081222200208	NA	1	NA	NA	0	0.5335389846343281	NA	1	NA	NA	0	expression_driven	10000	E9.5 Embryo	scVI	scry
E9p5Embryo	scry	200	cellcharter	0.531570031246829	NA	1	NA	NA	0	0.531570031246829	NA	1	0.6462845332495984	NA	1	NA	NA	0	0.6462845332495984	NA	1	NA	NA	0	0.5889272822482137	NA	1	NA	NA	0	expression_driven	200	E9.5 Embryo	CellCharter	scry
E9p5Embryo	scry	200	scvi	0.7490792761586214	NA	1	NA	NA	0	0.7490792761586214	NA	1	0.3262778488341261	NA	1	NA	NA	0	0.3262778488341261	NA	1	NA	NA	0	0.5376785624963737	NA	1	NA	NA	0	expression_driven	200	E9.5 Embryo	scVI	scry
E9p5Embryo	scry	2000	cellcharter	0.5370999160089877	0.0070938914276019	3	NA	NA	0	0.5370999160089877	0.0070938914276019	3	0.567858228921225	0.02872495415102918	3	NA	NA	0	0.567858228921225	0.02872495415102918	3	NA	NA	0	0.5524790724651062	0.01457924229940834	3	NA	NA	0	expression_driven	2000	E9.5 Embryo	CellCharter	scry
E9p5Embryo	scry	2000	scvi	0.7454023646543089	0.01367462663080357	3	NA	NA	0	0.7454023646543089	0.01367462663080357	3	0.34378958558477885	0.01417868036877859	3	NA	NA	0	0.34378958558477885	0.01417868036877859	3	NA	NA	0	0.5445959751195438	0.01268436578844035	3	NA	NA	0	expression_driven	2000	E9.5 Embryo	scVI	scry
E9p5Embryo	scry	500	cellcharter	0.5433302222792031	NA	1	NA	NA	0	0.5433302222792031	NA	1	0.6215273906614641	NA	1	NA	NA	0	0.6215273906614641	NA	1	NA	NA	0	0.5824288064703336	NA	1	NA	NA	0	expression_driven	500	E9.5 Embryo	CellCharter	scry
E9p5Embryo	scry	500	scvi	0.7421870251661677	NA	1	NA	NA	0	0.7421870251661677	NA	1	0.3124549688755676	NA	1	NA	NA	0	0.3124549688755676	NA	1	NA	NA	0	0.5273209970208677	NA	1	NA	NA	0	expression_driven	500	E9.5 Embryo	scVI	scry
E9p5Embryo	scry	5000	cellcharter	0.5028593166170287	NA	1	NA	NA	0	0.5028593166170287	NA	1	0.5746747705666583	NA	1	NA	NA	0	0.5746747705666583	NA	1	NA	NA	0	0.5387670435918435	NA	1	NA	NA	0	expression_driven	5000	E9.5 Embryo	CellCharter	scry
E9p5Embryo	scry	5000	scvi	0.7124876371660502	NA	1	NA	NA	0	0.7124876371660502	NA	1	0.3818009912516695	NA	1	NA	NA	0	0.3818009912516695	NA	1	NA	NA	0	0.5471443142088599	NA	1	NA	NA	0	expression_driven	5000	E9.5 Embryo	scVI	scry
E9p5Embryo	seurat_disp	100	cellcharter	0.5419846533704223	NA	1	NA	NA	0	0.5419846533704223	NA	1	0.3279424273688796	NA	1	NA	NA	0	0.3279424273688796	NA	1	NA	NA	0	0.43496354036965096	NA	1	NA	NA	0	expression_driven	100	E9.5 Embryo	CellCharter	Seurat Dispersion
E9p5Embryo	seurat_disp	100	scvi	0.33277150996322236	NA	1	NA	NA	0	0.33277150996322236	NA	1	0.30966918043570413	NA	1	NA	NA	0	0.30966918043570413	NA	1	NA	NA	0	0.32122034519946324	NA	1	NA	NA	0	expression_driven	100	E9.5 Embryo	scVI	Seurat Dispersion
E9p5Embryo	seurat_disp	1000	cellcharter	0.671227789462135	NA	1	NA	NA	0	0.671227789462135	NA	1	0.5590282358962552	NA	1	NA	NA	0	0.5590282358962552	NA	1	NA	NA	0	0.6151280126791951	NA	1	NA	NA	0	expression_driven	1000	E9.5 Embryo	CellCharter	Seurat Dispersion
E9p5Embryo	seurat_disp	1000	scvi	0.7672513584506099	NA	1	NA	NA	0	0.7672513584506099	NA	1	0.24259774420940552	NA	1	NA	NA	0	0.24259774420940552	NA	1	NA	NA	0	0.5049245513300077	NA	1	NA	NA	0	expression_driven	1000	E9.5 Embryo	scVI	Seurat Dispersion
E9p5Embryo	seurat_disp	10000	cellcharter	0.5181540308416915	NA	1	NA	NA	0	0.5181540308416915	NA	1	0.5321967116998688	NA	1	NA	NA	0	0.5321967116998688	NA	1	NA	NA	0	0.5251753712707802	NA	1	NA	NA	0	expression_driven	10000	E9.5 Embryo	CellCharter	Seurat Dispersion
E9p5Embryo	seurat_disp	10000	scvi	0.7130456728161187	NA	1	NA	NA	0	0.7130456728161187	NA	1	0.3591856196647502	NA	1	NA	NA	0	0.3591856196647502	NA	1	NA	NA	0	0.5361156462404345	NA	1	NA	NA	0	expression_driven	10000	E9.5 Embryo	scVI	Seurat Dispersion
E9p5Embryo	seurat_disp	200	cellcharter	0.6848855075225295	NA	1	NA	NA	0	0.6848855075225295	NA	1	0.2876263055757249	NA	1	NA	NA	0	0.2876263055757249	NA	1	NA	NA	0	0.4862559065491272	NA	1	NA	NA	0	expression_driven	200	E9.5 Embryo	CellCharter	Seurat Dispersion
E9p5Embryo	seurat_disp	200	scvi	0.8022527775451834	NA	1	NA	NA	0	0.8022527775451834	NA	1	0.19921463260084504	NA	1	NA	NA	0	0.19921463260084504	NA	1	NA	NA	0	0.5007337050730143	NA	1	NA	NA	0	expression_driven	200	E9.5 Embryo	scVI	Seurat Dispersion
E9p5Embryo	seurat_disp	2000	cellcharter	0.6241305289751647	0.00643136402928688	3	NA	NA	0	0.6241305289751647	0.00643136402928688	3	0.5664563388009574	0.01883132786149511	3	NA	NA	0	0.5664563388009574	0.01883132786149511	3	NA	NA	0	0.595293433888061	0.01220488983707112	3	NA	NA	0	expression_driven	2000	E9.5 Embryo	CellCharter	Seurat Dispersion
E9p5Embryo	seurat_disp	2000	scvi	0.7695297642459034	0.00518264031729878	3	NA	NA	0	0.7695297642459034	0.00518264031729878	3	0.2809368746493238	0.00654835271500532	3	NA	NA	0	0.2809368746493238	0.00654835271500532	3	NA	NA	0	0.5252333194476136	0.00549485950009098	3	NA	NA	0	expression_driven	2000	E9.5 Embryo	scVI	Seurat Dispersion
E9p5Embryo	seurat_disp	500	cellcharter	0.6564480581022278	NA	1	NA	NA	0	0.6564480581022278	NA	1	0.3667077449007807	NA	1	NA	NA	0	0.3667077449007807	NA	1	NA	NA	0	0.5115779015015043	NA	1	NA	NA	0	expression_driven	500	E9.5 Embryo	CellCharter	Seurat Dispersion
E9p5Embryo	seurat_disp	500	scvi	0.8784225030972523	NA	1	NA	NA	0	0.8784225030972523	NA	1	0.1744145117121071	NA	1	NA	NA	0	0.1744145117121071	NA	1	NA	NA	0	0.5264185074046797	NA	1	NA	NA	0	expression_driven	500	E9.5 Embryo	scVI	Seurat Dispersion
E9p5Embryo	seurat_disp	5000	cellcharter	0.5405021906747074	NA	1	NA	NA	0	0.5405021906747074	NA	1	0.55747857245067	NA	1	NA	NA	0	0.55747857245067	NA	1	NA	NA	0	0.5489903815626886	NA	1	NA	NA	0	expression_driven	5000	E9.5 Embryo	CellCharter	Seurat Dispersion
E9p5Embryo	seurat_disp	5000	scvi	0.7345508258419429	NA	1	NA	NA	0	0.7345508258419429	NA	1	0.32831317918976394	NA	1	NA	NA	0	0.32831317918976394	NA	1	NA	NA	0	0.5314320025158534	NA	1	NA	NA	0	expression_driven	5000	E9.5 Embryo	scVI	Seurat Dispersion
E9p5Embryo	seurat_mvp	100	cellcharter	0.6196329159975751	NA	1	NA	NA	0	0.6196329159975751	NA	1	0.2410211880980744	NA	1	NA	NA	0	0.2410211880980744	NA	1	NA	NA	0	0.43032705204782473	NA	1	NA	NA	0	expression_driven	100	E9.5 Embryo	CellCharter	Seurat MVP
E9p5Embryo	seurat_mvp	100	scvi	0.5379844640405118	NA	1	NA	NA	0	0.5379844640405118	NA	1	0.226513362614414	NA	1	NA	NA	0	0.226513362614414	NA	1	NA	NA	0	0.3822489133274629	NA	1	NA	NA	0	expression_driven	100	E9.5 Embryo	scVI	Seurat MVP
E9p5Embryo	seurat_mvp	1000	cellcharter	0.5723596136792288	NA	1	NA	NA	0	0.5723596136792288	NA	1	0.4714911157750543	NA	1	NA	NA	0	0.4714911157750543	NA	1	NA	NA	0	0.5219253647271416	NA	1	NA	NA	0	expression_driven	1000	E9.5 Embryo	CellCharter	Seurat MVP
E9p5Embryo	seurat_mvp	1000	scvi	0.8499819586384972	NA	1	NA	NA	0	0.8499819586384972	NA	1	0.17913437156684409	NA	1	NA	NA	0	0.17913437156684409	NA	1	NA	NA	0	0.5145581651026707	NA	1	NA	NA	0	expression_driven	1000	E9.5 Embryo	scVI	Seurat MVP
E9p5Embryo	seurat_mvp	10000	cellcharter	0.6023199988811972	NA	1	NA	NA	0	0.6023199988811972	NA	1	0.5493820516124338	NA	1	NA	NA	0	0.5493820516124338	NA	1	NA	NA	0	0.5758510252468155	NA	1	NA	NA	0	expression_driven	10000	E9.5 Embryo	CellCharter	Seurat MVP
E9p5Embryo	seurat_mvp	10000	scvi	0.8090204597837586	NA	1	NA	NA	0	0.8090204597837586	NA	1	0.2467474771417959	NA	1	NA	NA	0	0.2467474771417959	NA	1	NA	NA	0	0.5278839684627772	NA	1	NA	NA	0	expression_driven	10000	E9.5 Embryo	scVI	Seurat MVP
E9p5Embryo	seurat_mvp	200	cellcharter	0.6300172498579089	NA	1	NA	NA	0	0.6300172498579089	NA	1	0.18335282445490875	NA	1	NA	NA	0	0.18335282445490875	NA	1	NA	NA	0	0.4066850371564088	NA	1	NA	NA	0	expression_driven	200	E9.5 Embryo	CellCharter	Seurat MVP
E9p5Embryo	seurat_mvp	200	scvi	0.7626700496300833	NA	1	NA	NA	0	0.7626700496300833	NA	1	0.0892260475704898	NA	1	NA	NA	0	0.0892260475704898	NA	1	NA	NA	0	0.42594804860028657	NA	1	NA	NA	0	expression_driven	200	E9.5 Embryo	scVI	Seurat MVP
E9p5Embryo	seurat_mvp	2000	cellcharter	0.6070876121124059	0.00323196652028507	3	NA	NA	0	0.6070876121124059	0.00323196652028507	3	0.5902230806265584	0.04392868104005531	3	NA	NA	0	0.5902230806265584	0.04392868104005531	3	NA	NA	0	0.5986553463694821	0.02307539407656246	3	NA	NA	0	expression_driven	2000	E9.5 Embryo	CellCharter	Seurat MVP
E9p5Embryo	seurat_mvp	2000	scvi	0.8105604439044374	0.02264311594907202	3	NA	NA	0	0.8105604439044374	0.02264311594907202	3	0.25495311706062995	0.02606993378243903	3	NA	NA	0	0.25495311706062995	0.02606993378243903	3	NA	NA	0	0.5327567804825336	0.00271192765399151	3	NA	NA	0	expression_driven	2000	E9.5 Embryo	scVI	Seurat MVP
E9p5Embryo	seurat_mvp	500	cellcharter	0.5628032139110566	NA	1	NA	NA	0	0.5628032139110566	NA	1	0.5682027162116744	NA	1	NA	NA	0	0.5682027162116744	NA	1	NA	NA	0	0.5655029650613654	NA	1	NA	NA	0	expression_driven	500	E9.5 Embryo	CellCharter	Seurat MVP
E9p5Embryo	seurat_mvp	500	scvi	0.8482400538293577	NA	1	NA	NA	0	0.8482400538293577	NA	1	0.1237960121919534	NA	1	NA	NA	0	0.1237960121919534	NA	1	NA	NA	0	0.4860180330106556	NA	1	NA	NA	0	expression_driven	500	E9.5 Embryo	scVI	Seurat MVP
E9p5Embryo	seurat_mvp	5000	cellcharter	0.6023199988811972	NA	1	NA	NA	0	0.6023199988811972	NA	1	0.5493820516124338	NA	1	NA	NA	0	0.5493820516124338	NA	1	NA	NA	0	0.5758510252468155	NA	1	NA	NA	0	expression_driven	5000	E9.5 Embryo	CellCharter	Seurat MVP
E9p5Embryo	seurat_mvp	5000	scvi	0.8090204597837586	NA	1	NA	NA	0	0.8090204597837586	NA	1	0.2467474771417959	NA	1	NA	NA	0	0.2467474771417959	NA	1	NA	NA	0	0.5278839684627772	NA	1	NA	NA	0	expression_driven	5000	E9.5 Embryo	scVI	Seurat MVP
E9p5Embryo	seurat_sct	100	cellcharter	0.5698388362332757	NA	1	NA	NA	0	0.5698388362332757	NA	1	0.3309731600588595	NA	1	NA	NA	0	0.3309731600588595	NA	1	NA	NA	0	0.4504059981460676	NA	1	NA	NA	0	expression_driven	100	E9.5 Embryo	CellCharter	Seurat sctransform
E9p5Embryo	seurat_sct	100	scvi	0.4332510901059179	NA	1	NA	NA	0	0.4332510901059179	NA	1	0.2817730366244078	NA	1	NA	NA	0	0.2817730366244078	NA	1	NA	NA	0	0.35751206336516284	NA	1	NA	NA	0	expression_driven	100	E9.5 Embryo	scVI	Seurat sctransform
E9p5Embryo	seurat_sct	1000	cellcharter	0.5863952408603323	NA	1	NA	NA	0	0.5863952408603323	NA	1	0.22090830713389673	NA	1	NA	NA	0	0.22090830713389673	NA	1	NA	NA	0	0.40365177399711455	NA	1	NA	NA	0	expression_driven	1000	E9.5 Embryo	CellCharter	Seurat sctransform
E9p5Embryo	seurat_sct	1000	scvi	0.7519534024280239	NA	1	NA	NA	0	0.7519534024280239	NA	1	0.0993748536041309	NA	1	NA	NA	0	0.0993748536041309	NA	1	NA	NA	0	0.4256641280160774	NA	1	NA	NA	0	expression_driven	1000	E9.5 Embryo	scVI	Seurat sctransform
E9p5Embryo	seurat_sct	10000	cellcharter	0.5057221970720918	NA	1	NA	NA	0	0.5057221970720918	NA	1	0.5172495039943508	NA	1	NA	NA	0	0.5172495039943508	NA	1	NA	NA	0	0.5114858505332213	NA	1	NA	NA	0	expression_driven	10000	E9.5 Embryo	CellCharter	Seurat sctransform
E9p5Embryo	seurat_sct	10000	scvi	0.7182006910989125	NA	1	NA	NA	0	0.7182006910989125	NA	1	0.36428310382362566	NA	1	NA	NA	0	0.36428310382362566	NA	1	NA	NA	0	0.541241897461269	NA	1	NA	NA	0	expression_driven	10000	E9.5 Embryo	scVI	Seurat sctransform
E9p5Embryo	seurat_sct	200	cellcharter	0.628888064617062	NA	1	NA	NA	0	0.628888064617062	NA	1	0.21676369395963627	NA	1	NA	NA	0	0.21676369395963627	NA	1	NA	NA	0	0.42282587928834914	NA	1	NA	NA	0	expression_driven	200	E9.5 Embryo	CellCharter	Seurat sctransform
E9p5Embryo	seurat_sct	200	scvi	0.607331266050106	NA	1	NA	NA	0	0.607331266050106	NA	1	0.18466191703675697	NA	1	NA	NA	0	0.18466191703675697	NA	1	NA	NA	0	0.3959965915434315	NA	1	NA	NA	0	expression_driven	200	E9.5 Embryo	scVI	Seurat sctransform
E9p5Embryo	seurat_sct	2000	cellcharter	0.6142446639589063	0.0176765970999235	3	NA	NA	0	0.6142446639589063	0.0176765970999235	3	0.26771442597562317	0.07425925627586405	3	NA	NA	0	0.26771442597562317	0.07425925627586405	3	NA	NA	0	0.4409795449672647	0.03034546917371927	3	NA	NA	0	expression_driven	2000	E9.5 Embryo	CellCharter	Seurat sctransform
E9p5Embryo	seurat_sct	2000	scvi	0.781800474516411	0.00200375676091187	3	NA	NA	0	0.781800474516411	0.00200375676091187	3	0.09624109630055826	0.00268875959966455	3	NA	NA	0	0.09624109630055826	0.00268875959966455	3	NA	NA	0	0.43902078540848466	0.00228241720429761	3	NA	NA	0	expression_driven	2000	E9.5 Embryo	scVI	Seurat sctransform
E9p5Embryo	seurat_sct	500	cellcharter	0.5876038779441679	NA	1	NA	NA	0	0.5876038779441679	NA	1	0.16673677883445362	NA	1	NA	NA	0	0.16673677883445362	NA	1	NA	NA	0	0.3771703283893107	NA	1	NA	NA	0	expression_driven	500	E9.5 Embryo	CellCharter	Seurat sctransform
E9p5Embryo	seurat_sct	500	scvi	0.7161199140801274	NA	1	NA	NA	0	0.7161199140801274	NA	1	0.12029897341243102	NA	1	NA	NA	0	0.12029897341243102	NA	1	NA	NA	0	0.4182094437462792	NA	1	NA	NA	0	expression_driven	500	E9.5 Embryo	scVI	Seurat sctransform
E9p5Embryo	seurat_sct	5000	cellcharter	0.5389643916620269	NA	1	NA	NA	0	0.5389643916620269	NA	1	0.5507188343513857	NA	1	NA	NA	0	0.5507188343513857	NA	1	NA	NA	0	0.5448416130067063	NA	1	NA	NA	0	expression_driven	5000	E9.5 Embryo	CellCharter	Seurat sctransform
E9p5Embryo	seurat_sct	5000	scvi	0.7163798379135966	NA	1	NA	NA	0	0.7163798379135966	NA	1	0.36958684352154864	NA	1	NA	NA	0	0.36958684352154864	NA	1	NA	NA	0	0.5429833407175726	NA	1	NA	NA	0	expression_driven	5000	E9.5 Embryo	scVI	Seurat sctransform
E9p5Embryo	seurat_vst	100	cellcharter	0.5521765935836231	NA	1	NA	NA	0	0.5521765935836231	NA	1	0.6252997095659668	NA	1	NA	NA	0	0.6252997095659668	NA	1	NA	NA	0	0.5887381515747949	NA	1	NA	NA	0	expression_driven	100	E9.5 Embryo	CellCharter	Seurat VST
E9p5Embryo	seurat_vst	100	scvi	0.6784551111307047	NA	1	NA	NA	0	0.6784551111307047	NA	1	0.27256055951949304	NA	1	NA	NA	0	0.27256055951949304	NA	1	NA	NA	0	0.4755078353250989	NA	1	NA	NA	0	expression_driven	100	E9.5 Embryo	scVI	Seurat VST
E9p5Embryo	seurat_vst	1000	cellcharter	0.519488007435838	NA	1	NA	NA	0	0.519488007435838	NA	1	0.7339081226832062	NA	1	NA	NA	0	0.7339081226832062	NA	1	NA	NA	0	0.6266980650595221	NA	1	NA	NA	0	expression_driven	1000	E9.5 Embryo	CellCharter	Seurat VST
E9p5Embryo	seurat_vst	1000	scvi	0.682132104134235	NA	1	NA	NA	0	0.682132104134235	NA	1	0.3970755447357237	NA	1	NA	NA	0	0.3970755447357237	NA	1	NA	NA	0	0.5396038244349793	NA	1	NA	NA	0	expression_driven	1000	E9.5 Embryo	scVI	Seurat VST
E9p5Embryo	seurat_vst	10000	cellcharter	0.49645017205627434	NA	1	NA	NA	0	0.49645017205627434	NA	1	0.6409381704083993	NA	1	NA	NA	0	0.6409381704083993	NA	1	NA	NA	0	0.5686941712323368	NA	1	NA	NA	0	expression_driven	10000	E9.5 Embryo	CellCharter	Seurat VST
E9p5Embryo	seurat_vst	10000	scvi	0.6808494621695722	NA	1	NA	NA	0	0.6808494621695722	NA	1	0.43805693753261865	NA	1	NA	NA	0	0.43805693753261865	NA	1	NA	NA	0	0.5594531998510954	NA	1	NA	NA	0	expression_driven	10000	E9.5 Embryo	scVI	Seurat VST
E9p5Embryo	seurat_vst	200	cellcharter	0.5022306360855425	NA	1	NA	NA	0	0.5022306360855425	NA	1	0.6738725915076387	NA	1	NA	NA	0	0.6738725915076387	NA	1	NA	NA	0	0.5880516137965905	NA	1	NA	NA	0	expression_driven	200	E9.5 Embryo	CellCharter	Seurat VST
E9p5Embryo	seurat_vst	200	scvi	0.6804633710428181	NA	1	NA	NA	0	0.6804633710428181	NA	1	0.3161383742804673	NA	1	NA	NA	0	0.3161383742804673	NA	1	NA	NA	0	0.4983008726616427	NA	1	NA	NA	0	expression_driven	200	E9.5 Embryo	scVI	Seurat VST
E9p5Embryo	seurat_vst	2000	cellcharter	0.5078734554723547	0.00535960976598272	3	NA	NA	0	0.5078734554723547	0.00535960976598272	3	0.7259532079089096	0.01314850650168042	3	NA	NA	0	0.7259532079089096	0.01314850650168042	3	NA	NA	0	0.6169133316906322	0.00570902991979831	3	NA	NA	0	expression_driven	2000	E9.5 Embryo	CellCharter	Seurat VST
E9p5Embryo	seurat_vst	2000	scvi	0.6792579034051477	0.00563025550524475	3	NA	NA	0	0.6792579034051477	0.00563025550524475	3	0.4137200757748046	0.01486358264357393	3	NA	NA	0	0.4137200757748046	0.01486358264357393	3	NA	NA	0	0.5464889895899762	0.00562412852126167	3	NA	NA	0	expression_driven	2000	E9.5 Embryo	scVI	Seurat VST
E9p5Embryo	seurat_vst	500	cellcharter	0.5294501432613096	NA	1	NA	NA	0	0.5294501432613096	NA	1	0.7150176396266454	NA	1	NA	NA	0	0.7150176396266454	NA	1	NA	NA	0	0.6222338914439776	NA	1	NA	NA	0	expression_driven	500	E9.5 Embryo	CellCharter	Seurat VST
E9p5Embryo	seurat_vst	500	scvi	0.6964418466480373	NA	1	NA	NA	0	0.6964418466480373	NA	1	0.3922809010754254	NA	1	NA	NA	0	0.3922809010754254	NA	1	NA	NA	0	0.5443613738617313	NA	1	NA	NA	0	expression_driven	500	E9.5 Embryo	scVI	Seurat VST
E9p5Embryo	seurat_vst	5000	cellcharter	0.4973294927176327	NA	1	NA	NA	0	0.4973294927176327	NA	1	0.6900962059656038	NA	1	NA	NA	0	0.6900962059656038	NA	1	NA	NA	0	0.5937128493416183	NA	1	NA	NA	0	expression_driven	5000	E9.5 Embryo	CellCharter	Seurat VST
E9p5Embryo	seurat_vst	5000	scvi	0.6739318499880099	NA	1	NA	NA	0	0.6739318499880099	NA	1	0.439535592069458	NA	1	NA	NA	0	0.439535592069458	NA	1	NA	NA	0	0.556733721028734	NA	1	NA	NA	0	expression_driven	5000	E9.5 Embryo	scVI	Seurat VST
E9p5Embryo	singleCellHaystack	100	cellcharter	0.439801185274962	NA	1	NA	NA	0	0.439801185274962	NA	1	0.6181715430832738	NA	1	NA	NA	0	0.6181715430832738	NA	1	NA	NA	0	0.5289863641791179	NA	1	NA	NA	0	expression_driven	100	E9.5 Embryo	CellCharter	singleCellHaystack
E9p5Embryo	singleCellHaystack	100	scvi	0.42282462550468813	NA	1	NA	NA	0	0.42282462550468813	NA	1	0.3732152503990062	NA	1	NA	NA	0	0.3732152503990062	NA	1	NA	NA	0	0.3980199379518472	NA	1	NA	NA	0	expression_driven	100	E9.5 Embryo	scVI	singleCellHaystack
E9p5Embryo	singleCellHaystack	1000	cellcharter	0.5076442180585773	NA	1	NA	NA	0	0.5076442180585773	NA	1	0.6492179994439122	NA	1	NA	NA	0	0.6492179994439122	NA	1	NA	NA	0	0.5784311087512448	NA	1	NA	NA	0	expression_driven	1000	E9.5 Embryo	CellCharter	singleCellHaystack
E9p5Embryo	singleCellHaystack	1000	scvi	0.7235506719398791	NA	1	NA	NA	0	0.7235506719398791	NA	1	0.37226089544535695	NA	1	NA	NA	0	0.37226089544535695	NA	1	NA	NA	0	0.547905783692618	NA	1	NA	NA	0	expression_driven	1000	E9.5 Embryo	scVI	singleCellHaystack
E9p5Embryo	singleCellHaystack	10000	cellcharter	0.5008530941135239	NA	1	NA	NA	0	0.5008530941135239	NA	1	0.5734195411024366	NA	1	NA	NA	0	0.5734195411024366	NA	1	NA	NA	0	0.5371363176079802	NA	1	NA	NA	0	expression_driven	10000	E9.5 Embryo	CellCharter	singleCellHaystack
E9p5Embryo	singleCellHaystack	10000	scvi	0.6934532455647128	NA	1	NA	NA	0	0.6934532455647128	NA	1	0.3851147571188074	NA	1	NA	NA	0	0.3851147571188074	NA	1	NA	NA	0	0.5392840013417601	NA	1	NA	NA	0	expression_driven	10000	E9.5 Embryo	scVI	singleCellHaystack
E9p5Embryo	singleCellHaystack	200	cellcharter	0.5141981735745496	NA	1	NA	NA	0	0.5141981735745496	NA	1	0.7115252683184998	NA	1	NA	NA	0	0.7115252683184998	NA	1	NA	NA	0	0.6128617209465247	NA	1	NA	NA	0	expression_driven	200	E9.5 Embryo	CellCharter	singleCellHaystack
E9p5Embryo	singleCellHaystack	200	scvi	0.6396986241282816	NA	1	NA	NA	0	0.6396986241282816	NA	1	0.34681408181053003	NA	1	NA	NA	0	0.34681408181053003	NA	1	NA	NA	0	0.49325635296940584	NA	1	NA	NA	0	expression_driven	200	E9.5 Embryo	scVI	singleCellHaystack
E9p5Embryo	singleCellHaystack	2000	cellcharter	0.5107050152403227	0.00575619116251178	3	NA	NA	0	0.5107050152403227	0.00575619116251178	3	0.632661164208829	0.0102830274705264	3	NA	NA	0	0.632661164208829	0.0102830274705264	3	NA	NA	0	0.5716830897245759	0.00267015533060197	3	NA	NA	0	expression_driven	2000	E9.5 Embryo	CellCharter	singleCellHaystack
E9p5Embryo	singleCellHaystack	2000	scvi	0.7027895520571247	0.00859919855342346	3	NA	NA	0	0.7027895520571247	0.00859919855342346	3	0.3669934155498473	0.01284282456324882	3	NA	NA	0	0.3669934155498473	0.01284282456324882	3	NA	NA	0	0.5348914838034861	0.01048375179729799	3	NA	NA	0	expression_driven	2000	E9.5 Embryo	scVI	singleCellHaystack
E9p5Embryo	singleCellHaystack	500	cellcharter	0.52548733635388	NA	1	NA	NA	0	0.52548733635388	NA	1	0.7031803930568968	NA	1	NA	NA	0	0.7031803930568968	NA	1	NA	NA	0	0.6143338647053884	NA	1	NA	NA	0	expression_driven	500	E9.5 Embryo	CellCharter	singleCellHaystack
E9p5Embryo	singleCellHaystack	500	scvi	0.7284675572049073	NA	1	NA	NA	0	0.7284675572049073	NA	1	0.3458411567439364	NA	1	NA	NA	0	0.3458411567439364	NA	1	NA	NA	0	0.5371543569744218	NA	1	NA	NA	0	expression_driven	500	E9.5 Embryo	scVI	singleCellHaystack
E9p5Embryo	singleCellHaystack	5000	cellcharter	0.503109025866657	NA	1	NA	NA	0	0.503109025866657	NA	1	0.6086133356161452	NA	1	NA	NA	0	0.6086133356161452	NA	1	NA	NA	0	0.5558611807414011	NA	1	NA	NA	0	expression_driven	5000	E9.5 Embryo	CellCharter	singleCellHaystack
E9p5Embryo	singleCellHaystack	5000	scvi	0.7060678668115318	NA	1	NA	NA	0	0.7060678668115318	NA	1	0.3943058324690112	NA	1	NA	NA	0	0.3943058324690112	NA	1	NA	NA	0	0.5501868496402715	NA	1	NA	NA	0	expression_driven	5000	E9.5 Embryo	scVI	singleCellHaystack
E9p5Embryo	somde	100	cellcharter	0.5493194407730759	NA	1	NA	NA	0	0.5493194407730759	NA	1	0.7045160370396202	NA	1	NA	NA	0	0.7045160370396202	NA	1	NA	NA	0	0.626917738906348	NA	1	NA	NA	0	spatially_informed	100	E9.5 Embryo	CellCharter	SOMDE
E9p5Embryo	somde	100	scvi	0.7453306525085861	NA	1	NA	NA	0	0.7453306525085861	NA	1	0.33579824672220787	NA	1	NA	NA	0	0.33579824672220787	NA	1	NA	NA	0	0.540564449615397	NA	1	NA	NA	0	spatially_informed	100	E9.5 Embryo	scVI	SOMDE
E9p5Embryo	somde	1000	cellcharter	0.4875605433106179	NA	1	NA	NA	0	0.4875605433106179	NA	1	0.6935583070073678	NA	1	NA	NA	0	0.6935583070073678	NA	1	NA	NA	0	0.5905594251589928	NA	1	NA	NA	0	spatially_informed	1000	E9.5 Embryo	CellCharter	SOMDE
E9p5Embryo	somde	1000	scvi	0.6792206032606616	NA	1	NA	NA	0	0.6792206032606616	NA	1	0.44101982324581385	NA	1	NA	NA	0	0.44101982324581385	NA	1	NA	NA	0	0.5601202132532377	NA	1	NA	NA	0	spatially_informed	1000	E9.5 Embryo	scVI	SOMDE
E9p5Embryo	somde	10000	cellcharter	0.499837327488162	NA	1	NA	NA	0	0.499837327488162	NA	1	0.5853277902197673	NA	1	NA	NA	0	0.5853277902197673	NA	1	NA	NA	0	0.5425825588539647	NA	1	NA	NA	0	spatially_informed	10000	E9.5 Embryo	CellCharter	SOMDE
E9p5Embryo	somde	10000	scvi	0.6721254454265818	NA	1	NA	NA	0	0.6721254454265818	NA	1	0.4080865723964524	NA	1	NA	NA	0	0.4080865723964524	NA	1	NA	NA	0	0.540106008911517	NA	1	NA	NA	0	spatially_informed	10000	E9.5 Embryo	scVI	SOMDE
E9p5Embryo	somde	200	cellcharter	0.5314845111108291	NA	1	NA	NA	0	0.5314845111108291	NA	1	0.7318183370437428	NA	1	NA	NA	0	0.7318183370437428	NA	1	NA	NA	0	0.6316514240772859	NA	1	NA	NA	0	spatially_informed	200	E9.5 Embryo	CellCharter	SOMDE
E9p5Embryo	somde	200	scvi	0.7114340765730398	NA	1	NA	NA	0	0.7114340765730398	NA	1	0.3768491426637202	NA	1	NA	NA	0	0.3768491426637202	NA	1	NA	NA	0	0.54414160961838	NA	1	NA	NA	0	spatially_informed	200	E9.5 Embryo	scVI	SOMDE
E9p5Embryo	somde	2000	cellcharter	0.4943047964540746	0.00316808464985911	3	NA	NA	0	0.4943047964540746	0.00316808464985911	3	0.6693749179942641	0.02521197899999766	3	NA	NA	0	0.6693749179942641	0.02521197899999766	3	NA	NA	0	0.5818398572241693	0.01204442527998851	3	NA	NA	0	spatially_informed	2000	E9.5 Embryo	CellCharter	SOMDE
E9p5Embryo	somde	2000	scvi	0.6658870994142373	0.00832105482186831	3	NA	NA	0	0.6658870994142373	0.00832105482186831	3	0.4538246102931039	0.0092360460992543	3	NA	NA	0	0.4538246102931039	0.0092360460992543	3	NA	NA	0	0.5598558548536705	0.00520784649932431	3	NA	NA	0	spatially_informed	2000	E9.5 Embryo	scVI	SOMDE
E9p5Embryo	somde	500	cellcharter	0.4781444276316602	NA	1	NA	NA	0	0.4781444276316602	NA	1	0.6862080148350987	NA	1	NA	NA	0	0.6862080148350987	NA	1	NA	NA	0	0.5821762212333794	NA	1	NA	NA	0	spatially_informed	500	E9.5 Embryo	CellCharter	SOMDE
E9p5Embryo	somde	500	scvi	0.6979605107407091	NA	1	NA	NA	0	0.6979605107407091	NA	1	0.4254958217234688	NA	1	NA	NA	0	0.4254958217234688	NA	1	NA	NA	0	0.561728166232089	NA	1	NA	NA	0	spatially_informed	500	E9.5 Embryo	scVI	SOMDE
E9p5Embryo	somde	5000	cellcharter	0.48812536185380695	NA	1	NA	NA	0	0.48812536185380695	NA	1	0.5985635514996009	NA	1	NA	NA	0	0.5985635514996009	NA	1	NA	NA	0	0.543344456676704	NA	1	NA	NA	0	spatially_informed	5000	E9.5 Embryo	CellCharter	SOMDE
E9p5Embryo	somde	5000	scvi	0.6643299694110328	NA	1	NA	NA	0	0.6643299694110328	NA	1	0.4209669263563251	NA	1	NA	NA	0	0.4209669263563251	NA	1	NA	NA	0	0.5426484478836789	NA	1	NA	NA	0	spatially_informed	5000	E9.5 Embryo	scVI	SOMDE
E9p5Embryo	sparkx	100	cellcharter	0.5979567811028166	NA	1	NA	NA	0	0.5979567811028166	NA	1	0.6533580782827043	NA	1	NA	NA	0	0.6533580782827043	NA	1	NA	NA	0	0.6256574296927604	NA	1	NA	NA	0	spatially_informed	100	E9.5 Embryo	CellCharter	SPARK-X
E9p5Embryo	sparkx	100	scvi	0.7832159485618098	NA	1	NA	NA	0	0.7832159485618098	NA	1	0.26825909079167626	NA	1	NA	NA	0	0.26825909079167626	NA	1	NA	NA	0	0.525737519676743	NA	1	NA	NA	0	spatially_informed	100	E9.5 Embryo	scVI	SPARK-X
E9p5Embryo	sparkx	1000	cellcharter	0.5312476556276597	NA	1	NA	NA	0	0.5312476556276597	NA	1	0.6548768171789378	NA	1	NA	NA	0	0.6548768171789378	NA	1	NA	NA	0	0.5930622364032987	NA	1	NA	NA	0	spatially_informed	1000	E9.5 Embryo	CellCharter	SPARK-X
E9p5Embryo	sparkx	1000	scvi	0.6982761465257648	NA	1	NA	NA	0	0.6982761465257648	NA	1	0.3805886668071949	NA	1	NA	NA	0	0.3805886668071949	NA	1	NA	NA	0	0.5394324066664798	NA	1	NA	NA	0	spatially_informed	1000	E9.5 Embryo	scVI	SPARK-X
E9p5Embryo	sparkx	10000	cellcharter	0.5016110907088125	NA	1	NA	NA	0	0.5016110907088125	NA	1	0.6111153362659776	NA	1	NA	NA	0	0.6111153362659776	NA	1	NA	NA	0	0.556363213487395	NA	1	NA	NA	0	spatially_informed	10000	E9.5 Embryo	CellCharter	SPARK-X
E9p5Embryo	sparkx	10000	scvi	0.6962731683792058	NA	1	NA	NA	0	0.6962731683792058	NA	1	0.38363105569106853	NA	1	NA	NA	0	0.38363105569106853	NA	1	NA	NA	0	0.5399521120351372	NA	1	NA	NA	0	spatially_informed	10000	E9.5 Embryo	scVI	SPARK-X
E9p5Embryo	sparkx	200	cellcharter	0.5468054413077591	NA	1	NA	NA	0	0.5468054413077591	NA	1	0.6692928457374423	NA	1	NA	NA	0	0.6692928457374423	NA	1	NA	NA	0	0.6080491435226008	NA	1	NA	NA	0	spatially_informed	200	E9.5 Embryo	CellCharter	SPARK-X
E9p5Embryo	sparkx	200	scvi	0.7394584275755784	NA	1	NA	NA	0	0.7394584275755784	NA	1	0.34425525861364187	NA	1	NA	NA	0	0.34425525861364187	NA	1	NA	NA	0	0.5418568430946101	NA	1	NA	NA	0	spatially_informed	200	E9.5 Embryo	scVI	SPARK-X
E9p5Embryo	sparkx	2000	cellcharter	0.5122711242673422	0.0045861852631198	3	NA	NA	0	0.5122711242673422	0.0045861852631198	3	0.6172943005103516	0.01010148804190794	3	NA	NA	0	0.6172943005103516	0.01010148804190794	3	NA	NA	0	0.564782712388847	0.00640633240607523	3	NA	NA	0	spatially_informed	2000	E9.5 Embryo	CellCharter	SPARK-X
E9p5Embryo	sparkx	2000	scvi	0.7074352521017732	0.00409291471172301	3	NA	NA	0	0.7074352521017732	0.00409291471172301	3	0.387193412343866	0.01970244787437582	3	NA	NA	0	0.387193412343866	0.01970244787437582	3	NA	NA	0	0.5473143322228196	0.01122363838319369	3	NA	NA	0	spatially_informed	2000	E9.5 Embryo	scVI	SPARK-X
E9p5Embryo	sparkx	500	cellcharter	0.526455518562983	NA	1	NA	NA	0	0.526455518562983	NA	1	0.6181553899783608	NA	1	NA	NA	0	0.6181553899783608	NA	1	NA	NA	0	0.5723054542706719	NA	1	NA	NA	0	spatially_informed	500	E9.5 Embryo	CellCharter	SPARK-X
E9p5Embryo	sparkx	500	scvi	0.7100949919032506	NA	1	NA	NA	0	0.7100949919032506	NA	1	0.3776798574986946	NA	1	NA	NA	0	0.3776798574986946	NA	1	NA	NA	0	0.5438874247009726	NA	1	NA	NA	0	spatially_informed	500	E9.5 Embryo	scVI	SPARK-X
E9p5Embryo	sparkx	5000	cellcharter	0.5003881099684645	NA	1	NA	NA	0	0.5003881099684645	NA	1	0.6052787500200933	NA	1	NA	NA	0	0.6052787500200933	NA	1	NA	NA	0	0.552833429994279	NA	1	NA	NA	0	spatially_informed	5000	E9.5 Embryo	CellCharter	SPARK-X
E9p5Embryo	sparkx	5000	scvi	0.681849666007444	NA	1	NA	NA	0	0.681849666007444	NA	1	0.41260181021607006	NA	1	NA	NA	0	0.41260181021607006	NA	1	NA	NA	0	0.547225738111757	NA	1	NA	NA	0	spatially_informed	5000	E9.5 Embryo	scVI	SPARK-X
E9p5Embryo	spatialde	100	cellcharter	0.5508750506762068	NA	1	NA	NA	0	0.5508750506762068	NA	1	0.706924953671301	NA	1	NA	NA	0	0.706924953671301	NA	1	NA	NA	0	0.6289000021737539	NA	1	NA	NA	0	spatially_informed	100	E9.5 Embryo	CellCharter	SpatialDE
E9p5Embryo	spatialde	100	scvi	0.7460812640860973	NA	1	NA	NA	0	0.7460812640860973	NA	1	0.31642923218790014	NA	1	NA	NA	0	0.31642923218790014	NA	1	NA	NA	0	0.5312552481369988	NA	1	NA	NA	0	spatially_informed	100	E9.5 Embryo	scVI	SpatialDE
E9p5Embryo	spatialde	1000	cellcharter	0.4958817779098052	NA	1	NA	NA	0	0.4958817779098052	NA	1	0.6843302112919454	NA	1	NA	NA	0	0.6843302112919454	NA	1	NA	NA	0	0.5901059946008753	NA	1	NA	NA	0	spatially_informed	1000	E9.5 Embryo	CellCharter	SpatialDE
E9p5Embryo	spatialde	1000	scvi	0.6916421742762688	NA	1	NA	NA	0	0.6916421742762688	NA	1	0.39546601468390846	NA	1	NA	NA	0	0.39546601468390846	NA	1	NA	NA	0	0.5435540944800886	NA	1	NA	NA	0	spatially_informed	1000	E9.5 Embryo	scVI	SpatialDE
E9p5Embryo	spatialde	10000	cellcharter	0.4879731466476107	NA	1	NA	NA	0	0.4879731466476107	NA	1	0.5953352770704758	NA	1	NA	NA	0	0.5953352770704758	NA	1	NA	NA	0	0.5416542118590433	NA	1	NA	NA	0	spatially_informed	10000	E9.5 Embryo	CellCharter	SpatialDE
E9p5Embryo	spatialde	10000	scvi	0.6739171465896863	NA	1	NA	NA	0	0.6739171465896863	NA	1	0.4048598200142535	NA	1	NA	NA	0	0.4048598200142535	NA	1	NA	NA	0	0.5393884833019699	NA	1	NA	NA	0	spatially_informed	10000	E9.5 Embryo	scVI	SpatialDE
E9p5Embryo	spatialde	200	cellcharter	0.5268391910621812	NA	1	NA	NA	0	0.5268391910621812	NA	1	0.7081068568405202	NA	1	NA	NA	0	0.7081068568405202	NA	1	NA	NA	0	0.6174730239513507	NA	1	NA	NA	0	spatially_informed	200	E9.5 Embryo	CellCharter	SpatialDE
E9p5Embryo	spatialde	200	scvi	0.7122431827756757	NA	1	NA	NA	0	0.7122431827756757	NA	1	0.37632239628117786	NA	1	NA	NA	0	0.37632239628117786	NA	1	NA	NA	0	0.5442827895284268	NA	1	NA	NA	0	spatially_informed	200	E9.5 Embryo	scVI	SpatialDE
E9p5Embryo	spatialde	2000	cellcharter	0.5017995162508155	0.00538911507025672	3	NA	NA	0	0.5017995162508155	0.00538911507025672	3	0.662296265570205	0.0176992779777043	3	NA	NA	0	0.662296265570205	0.0176992779777043	3	NA	NA	0	0.5820478909105103	0.00621735589233302	3	NA	NA	0	spatially_informed	2000	E9.5 Embryo	CellCharter	SpatialDE
E9p5Embryo	spatialde	2000	scvi	0.689729211223917	0.00713133007453092	3	NA	NA	0	0.689729211223917	0.00713133007453092	3	0.4230684939996297	0.0053720866202832	3	NA	NA	0	0.4230684939996297	0.0053720866202832	3	NA	NA	0	0.5563988526117732	0.00113559118306326	3	NA	NA	0	spatially_informed	2000	E9.5 Embryo	scVI	SpatialDE
E9p5Embryo	spatialde	500	cellcharter	0.5050097258175064	NA	1	NA	NA	0	0.5050097258175064	NA	1	0.7377062510375657	NA	1	NA	NA	0	0.7377062510375657	NA	1	NA	NA	0	0.621357988427536	NA	1	NA	NA	0	spatially_informed	500	E9.5 Embryo	CellCharter	SpatialDE
E9p5Embryo	spatialde	500	scvi	0.6814591560018639	NA	1	NA	NA	0	0.6814591560018639	NA	1	0.40949998975668866	NA	1	NA	NA	0	0.40949998975668866	NA	1	NA	NA	0	0.5454795728792763	NA	1	NA	NA	0	spatially_informed	500	E9.5 Embryo	scVI	SpatialDE
E9p5Embryo	spatialde	5000	cellcharter	0.4986424348023355	NA	1	NA	NA	0	0.4986424348023355	NA	1	0.5766920540389918	NA	1	NA	NA	0	0.5766920540389918	NA	1	NA	NA	0	0.5376672444206637	NA	1	NA	NA	0	spatially_informed	5000	E9.5 Embryo	CellCharter	SpatialDE
E9p5Embryo	spatialde	5000	scvi	0.6926629952702917	NA	1	NA	NA	0	0.6926629952702917	NA	1	0.4055989722675298	NA	1	NA	NA	0	0.4055989722675298	NA	1	NA	NA	0	0.5491309837689108	NA	1	NA	NA	0	spatially_informed	5000	E9.5 Embryo	scVI	SpatialDE
E9p5Embryo	statistic_mean	100	cellcharter	0.5685312239331385	NA	1	NA	NA	0	0.5685312239331385	NA	1	0.6293933943638449	NA	1	NA	NA	0	0.6293933943638449	NA	1	NA	NA	0	0.5989623091484917	NA	1	NA	NA	0	expression_driven	100	E9.5 Embryo	CellCharter	Mean expression
E9p5Embryo	statistic_mean	100	scvi	0.856630532647927	NA	1	NA	NA	0	0.856630532647927	NA	1	0.2547964317817529	NA	1	NA	NA	0	0.2547964317817529	NA	1	NA	NA	0	0.55571348221484	NA	1	NA	NA	0	expression_driven	100	E9.5 Embryo	scVI	Mean expression
E9p5Embryo	statistic_mean	1000	cellcharter	0.5568292063932709	NA	1	NA	NA	0	0.5568292063932709	NA	1	0.5815215561121482	NA	1	NA	NA	0	0.5815215561121482	NA	1	NA	NA	0	0.5691753812527096	NA	1	NA	NA	0	expression_driven	1000	E9.5 Embryo	CellCharter	Mean expression
E9p5Embryo	statistic_mean	1000	scvi	0.7655747071619847	NA	1	NA	NA	0	0.7655747071619847	NA	1	0.3190060532738201	NA	1	NA	NA	0	0.3190060532738201	NA	1	NA	NA	0	0.5422903802179024	NA	1	NA	NA	0	expression_driven	1000	E9.5 Embryo	scVI	Mean expression
E9p5Embryo	statistic_mean	10000	cellcharter	0.5057703222590944	NA	1	NA	NA	0	0.5057703222590944	NA	1	0.55827046945602	NA	1	NA	NA	0	0.55827046945602	NA	1	NA	NA	0	0.5320203958575571	NA	1	NA	NA	0	expression_driven	10000	E9.5 Embryo	CellCharter	Mean expression
E9p5Embryo	statistic_mean	10000	scvi	0.6842903346688503	NA	1	NA	NA	0	0.6842903346688503	NA	1	0.37082327196810905	NA	1	NA	NA	0	0.37082327196810905	NA	1	NA	NA	0	0.5275568033184797	NA	1	NA	NA	0	expression_driven	10000	E9.5 Embryo	scVI	Mean expression
E9p5Embryo	statistic_mean	200	cellcharter	0.5427961378303715	NA	1	NA	NA	0	0.5427961378303715	NA	1	0.5982751021028452	NA	1	NA	NA	0	0.5982751021028452	NA	1	NA	NA	0	0.5705356199666083	NA	1	NA	NA	0	expression_driven	200	E9.5 Embryo	CellCharter	Mean expression
E9p5Embryo	statistic_mean	200	scvi	0.8331961985532887	NA	1	NA	NA	0	0.8331961985532887	NA	1	0.27353368627411007	NA	1	NA	NA	0	0.27353368627411007	NA	1	NA	NA	0	0.5533649424136994	NA	1	NA	NA	0	expression_driven	200	E9.5 Embryo	scVI	Mean expression
E9p5Embryo	statistic_mean	2000	cellcharter	0.5502790149865008	0.00228196779300516	3	NA	NA	0	0.5502790149865008	0.00228196779300516	3	0.5527087014483077	0.01966250365029031	3	NA	NA	0	0.5527087014483077	0.01966250365029031	3	NA	NA	0	0.5514938582174043	0.00870940108355128	3	NA	NA	0	expression_driven	2000	E9.5 Embryo	CellCharter	Mean expression
E9p5Embryo	statistic_mean	2000	scvi	0.7541081742320848	0.01397096206571496	3	NA	NA	0	0.7541081742320848	0.01397096206571496	3	0.3236328257290439	0.02525506577466066	3	NA	NA	0	0.3236328257290439	0.02525506577466066	3	NA	NA	0	0.5388704999805642	0.008280608701769	3	NA	NA	0	expression_driven	2000	E9.5 Embryo	scVI	Mean expression
E9p5Embryo	statistic_mean	500	cellcharter	0.5508738155498537	NA	1	NA	NA	0	0.5508738155498537	NA	1	0.5603675778399567	NA	1	NA	NA	0	0.5603675778399567	NA	1	NA	NA	0	0.5556206966949052	NA	1	NA	NA	0	expression_driven	500	E9.5 Embryo	CellCharter	Mean expression
E9p5Embryo	statistic_mean	500	scvi	0.8087015670057203	NA	1	NA	NA	0	0.8087015670057203	NA	1	0.2988587048120071	NA	1	NA	NA	0	0.2988587048120071	NA	1	NA	NA	0	0.5537801359088637	NA	1	NA	NA	0	expression_driven	500	E9.5 Embryo	scVI	Mean expression
E9p5Embryo	statistic_mean	5000	cellcharter	0.531080626860247	NA	1	NA	NA	0	0.531080626860247	NA	1	0.5514512843512559	NA	1	NA	NA	0	0.5514512843512559	NA	1	NA	NA	0	0.5412659556057515	NA	1	NA	NA	0	expression_driven	5000	E9.5 Embryo	CellCharter	Mean expression
E9p5Embryo	statistic_mean	5000	scvi	0.7279187045545918	NA	1	NA	NA	0	0.7279187045545918	NA	1	0.36549575287494024	NA	1	NA	NA	0	0.36549575287494024	NA	1	NA	NA	0	0.5467072287147661	NA	1	NA	NA	0	expression_driven	5000	E9.5 Embryo	scVI	Mean expression
E9p5Embryo	statistic_variance	100	cellcharter	0.5403513585460535	NA	1	NA	NA	0	0.5403513585460535	NA	1	0.6293418845787769	NA	1	NA	NA	0	0.6293418845787769	NA	1	NA	NA	0	0.5848466215624153	NA	1	NA	NA	0	expression_driven	100	E9.5 Embryo	CellCharter	Expression variance
E9p5Embryo	statistic_variance	100	scvi	0.8252536705270801	NA	1	NA	NA	0	0.8252536705270801	NA	1	0.2693982129174372	NA	1	NA	NA	0	0.2693982129174372	NA	1	NA	NA	0	0.5473259417222587	NA	1	NA	NA	0	expression_driven	100	E9.5 Embryo	scVI	Expression variance
E9p5Embryo	statistic_variance	1000	cellcharter	0.5529057500778238	NA	1	NA	NA	0	0.5529057500778238	NA	1	0.5913841494747313	NA	1	NA	NA	0	0.5913841494747313	NA	1	NA	NA	0	0.5721449497762776	NA	1	NA	NA	0	expression_driven	1000	E9.5 Embryo	CellCharter	Expression variance
E9p5Embryo	statistic_variance	1000	scvi	0.7564912942184918	NA	1	NA	NA	0	0.7564912942184918	NA	1	0.3284610784121453	NA	1	NA	NA	0	0.3284610784121453	NA	1	NA	NA	0	0.5424761863153186	NA	1	NA	NA	0	expression_driven	1000	E9.5 Embryo	scVI	Expression variance
E9p5Embryo	statistic_variance	10000	cellcharter	0.513656474426715	NA	1	NA	NA	0	0.513656474426715	NA	1	0.4995808724329747	NA	1	NA	NA	0	0.4995808724329747	NA	1	NA	NA	0	0.5066186734298449	NA	1	NA	NA	0	expression_driven	10000	E9.5 Embryo	CellCharter	Expression variance
E9p5Embryo	statistic_variance	10000	scvi	0.692507481613455	NA	1	NA	NA	0	0.692507481613455	NA	1	0.3866675487780326	NA	1	NA	NA	0	0.3866675487780326	NA	1	NA	NA	0	0.5395875151957438	NA	1	NA	NA	0	expression_driven	10000	E9.5 Embryo	scVI	Expression variance
E9p5Embryo	statistic_variance	200	cellcharter	0.5290777426295324	NA	1	NA	NA	0	0.5290777426295324	NA	1	0.6099737252764573	NA	1	NA	NA	0	0.6099737252764573	NA	1	NA	NA	0	0.5695257339529949	NA	1	NA	NA	0	expression_driven	200	E9.5 Embryo	CellCharter	Expression variance
E9p5Embryo	statistic_variance	200	scvi	0.8085912632480099	NA	1	NA	NA	0	0.8085912632480099	NA	1	0.27591538817007705	NA	1	NA	NA	0	0.27591538817007705	NA	1	NA	NA	0	0.5422533257090435	NA	1	NA	NA	0	expression_driven	200	E9.5 Embryo	scVI	Expression variance
E9p5Embryo	statistic_variance	2000	cellcharter	0.5423387836495112	0.01004532199627042	3	NA	NA	0	0.5423387836495112	0.01004532199627042	3	0.5667217435517372	0.01901731785404583	3	NA	NA	0	0.5667217435517372	0.01901731785404583	3	NA	NA	0	0.5545302636006242	0.01101865276660574	3	NA	NA	0	expression_driven	2000	E9.5 Embryo	CellCharter	Expression variance
E9p5Embryo	statistic_variance	2000	scvi	0.7531674901257975	0.00773414863167025	3	NA	NA	0	0.7531674901257975	0.00773414863167025	3	0.3328392890385614	0.00586152846564529	3	NA	NA	0	0.3328392890385614	0.00586152846564529	3	NA	NA	0	0.5430033895821794	0.00438718999851826	3	NA	NA	0	expression_driven	2000	E9.5 Embryo	scVI	Expression variance
E9p5Embryo	statistic_variance	500	cellcharter	0.5379642532342308	NA	1	NA	NA	0	0.5379642532342308	NA	1	0.598653572985909	NA	1	NA	NA	0	0.598653572985909	NA	1	NA	NA	0	0.5683089131100699	NA	1	NA	NA	0	expression_driven	500	E9.5 Embryo	CellCharter	Expression variance
E9p5Embryo	statistic_variance	500	scvi	0.776405171046156	NA	1	NA	NA	0	0.776405171046156	NA	1	0.31048725477288314	NA	1	NA	NA	0	0.31048725477288314	NA	1	NA	NA	0	0.5434462129095196	NA	1	NA	NA	0	expression_driven	500	E9.5 Embryo	scVI	Expression variance
E9p5Embryo	statistic_variance	5000	cellcharter	0.5276214912386296	NA	1	NA	NA	0	0.5276214912386296	NA	1	0.5468998316457744	NA	1	NA	NA	0	0.5468998316457744	NA	1	NA	NA	0	0.537260661442202	NA	1	NA	NA	0	expression_driven	5000	E9.5 Embryo	CellCharter	Expression variance
E9p5Embryo	statistic_variance	5000	scvi	0.7310383458569728	NA	1	NA	NA	0	0.7310383458569728	NA	1	0.32901138437150496	NA	1	NA	NA	0	0.32901138437150496	NA	1	NA	NA	0	0.5300248651142389	NA	1	NA	NA	0	expression_driven	5000	E9.5 Embryo	scVI	Expression variance
E9p5Embryo	triku	100	cellcharter	0.1959044653653916	NA	1	NA	NA	0	0.1959044653653916	NA	1	0.7078011532623022	NA	1	NA	NA	0	0.7078011532623022	NA	1	NA	NA	0	0.4518528093138469	NA	1	NA	NA	0	expression_driven	100	E9.5 Embryo	CellCharter	triku
E9p5Embryo	triku	100	scvi	0.13222986115661342	NA	1	NA	NA	0	0.13222986115661342	NA	1	0.4541290918031007	NA	1	NA	NA	0	0.4541290918031007	NA	1	NA	NA	0	0.29317947647985704	NA	1	NA	NA	0	expression_driven	100	E9.5 Embryo	scVI	triku
E9p5Embryo	triku	1000	cellcharter	0.49742699621819014	NA	1	NA	NA	0	0.49742699621819014	NA	1	0.7228595060266646	NA	1	NA	NA	0	0.7228595060266646	NA	1	NA	NA	0	0.6101432511224274	NA	1	NA	NA	0	expression_driven	1000	E9.5 Embryo	CellCharter	triku
E9p5Embryo	triku	1000	scvi	0.6714515009908218	NA	1	NA	NA	0	0.6714515009908218	NA	1	0.39785601583197616	NA	1	NA	NA	0	0.39785601583197616	NA	1	NA	NA	0	0.5346537584113991	NA	1	NA	NA	0	expression_driven	1000	E9.5 Embryo	scVI	triku
E9p5Embryo	triku	10000	cellcharter	0.5080399718707816	NA	1	NA	NA	0	0.5080399718707816	NA	1	0.647263682934014	NA	1	NA	NA	0	0.647263682934014	NA	1	NA	NA	0	0.5776518274023978	NA	1	NA	NA	0	expression_driven	10000	E9.5 Embryo	CellCharter	triku
E9p5Embryo	triku	10000	scvi	0.6693983240593181	NA	1	NA	NA	0	0.6693983240593181	NA	1	0.4195176016600923	NA	1	NA	NA	0	0.4195176016600923	NA	1	NA	NA	0	0.5444579628597052	NA	1	NA	NA	0	expression_driven	10000	E9.5 Embryo	scVI	triku
E9p5Embryo	triku	200	cellcharter	0.3008654311923459	NA	1	NA	NA	0	0.3008654311923459	NA	1	0.6217463346418218	NA	1	NA	NA	0	0.6217463346418218	NA	1	NA	NA	0	0.46130588291708385	NA	1	NA	NA	0	expression_driven	200	E9.5 Embryo	CellCharter	triku
E9p5Embryo	triku	200	scvi	0.3879713700191274	NA	1	NA	NA	0	0.3879713700191274	NA	1	0.33547254123600445	NA	1	NA	NA	0	0.33547254123600445	NA	1	NA	NA	0	0.3617219556275659	NA	1	NA	NA	0	expression_driven	200	E9.5 Embryo	scVI	triku
E9p5Embryo	triku	2000	cellcharter	0.5028074990017558	0.00535203800490594	3	NA	NA	0	0.5028074990017558	0.00535203800490594	3	0.7030797858760197	0.02202486067908268	3	NA	NA	0	0.7030797858760197	0.02202486067908268	3	NA	NA	0	0.6029436424388877	0.01368340625312807	3	NA	NA	0	expression_driven	2000	E9.5 Embryo	CellCharter	triku
E9p5Embryo	triku	2000	scvi	0.6791362454761546	0.0050395647041872	3	NA	NA	0	0.6791362454761546	0.0050395647041872	3	0.4091920412213398	0.03313073795998032	3	NA	NA	0	0.4091920412213398	0.03313073795998032	3	NA	NA	0	0.5441641433487471	0.01456540967910077	3	NA	NA	0	expression_driven	2000	E9.5 Embryo	scVI	triku
E9p5Embryo	triku	500	cellcharter	0.4812110249729076	NA	1	NA	NA	0	0.4812110249729076	NA	1	0.7142028752247679	NA	1	NA	NA	0	0.7142028752247679	NA	1	NA	NA	0	0.5977069500988378	NA	1	NA	NA	0	expression_driven	500	E9.5 Embryo	CellCharter	triku
E9p5Embryo	triku	500	scvi	0.6319822153724066	NA	1	NA	NA	0	0.6319822153724066	NA	1	0.3956030736313667	NA	1	NA	NA	0	0.3956030736313667	NA	1	NA	NA	0	0.5137926445018867	NA	1	NA	NA	0	expression_driven	500	E9.5 Embryo	scVI	triku
E9p5Embryo	triku	5000	cellcharter	0.5056840696346653	NA	1	NA	NA	0	0.5056840696346653	NA	1	0.6684105999567533	NA	1	NA	NA	0	0.6684105999567533	NA	1	NA	NA	0	0.5870473347957093	NA	1	NA	NA	0	expression_driven	5000	E9.5 Embryo	CellCharter	triku
E9p5Embryo	triku	5000	scvi	0.685568698539713	NA	1	NA	NA	0	0.685568698539713	NA	1	0.40867056730521995	NA	1	NA	NA	0	0.40867056730521995	NA	1	NA	NA	0	0.5471196329224665	NA	1	NA	NA	0	expression_driven	5000	E9.5 Embryo	scVI	triku
MouseBrainSerialSections	Brennecke	100	cellcharter	0.7075292503760993	NA	1	0.7840215144815889	NA	1	0.745775382428844	NA	1	0.7355409579870559	NA	1	0.7582605975883151	NA	1	0.7469007777876855	NA	1	0.895513995862039	NA	1	0.7463380801082647	NA	1	0.7960633853595228	NA	1	expression_driven	100	Mouse Brain	CellCharter	Brennecke
MouseBrainSerialSections	Brennecke	100	scvi	0.7613203774949534	NA	1	0.6722069777635046	NA	1	0.716763677629229	NA	1	0.6207738756110125	NA	1	0.6267518531620907	NA	1	0.6237628643865516	NA	1	0.8558105267522047	NA	1	0.6702632710078903	NA	1	0.7321123562559951	NA	1	expression_driven	100	Mouse Brain	scVI	Brennecke
MouseBrainSerialSections	Brennecke	1000	cellcharter	0.5947906712176476	NA	1	0.8061479169312568	NA	1	0.7004692940744521	NA	1	0.7758408779818641	NA	1	0.8749458580523588	NA	1	0.8253933680171115	NA	1	0.9482231644915468	NA	1	0.7629313310457818	NA	1	0.8246952755277035	NA	1	expression_driven	1000	Mouse Brain	CellCharter	Brennecke
MouseBrainSerialSections	Brennecke	1000	scvi	0.23892459084192832	NA	1	0.5126513924946474	NA	1	0.37578799166828786	NA	1	0.522017510888095	NA	1	0.25183786048918666	NA	1	0.3869276856886408	NA	1	0.8065309419437877	NA	1	0.38135783867846434	NA	1	0.5230822064335722	NA	1	expression_driven	1000	Mouse Brain	scVI	Brennecke
MouseBrainSerialSections	Brennecke	10000	cellcharter	0.5645764504611808	NA	1	0.8641899941903974	NA	1	0.7143832223257891	NA	1	0.775909340720844	NA	1	0.8178002139006233	NA	1	0.7968547773107337	NA	1	0.95331238120208	NA	1	0.7556189998182614	NA	1	0.8215167936128677	NA	1	expression_driven	10000	Mouse Brain	CellCharter	Brennecke
MouseBrainSerialSections	Brennecke	10000	scvi	0.14721300622760064	NA	1	0.6128900140316015	NA	1	0.38005151012960103	NA	1	0.7720872307549183	NA	1	0.6742119712714726	NA	1	0.7231496010131955	NA	1	0.73828621929855	NA	1	0.5516005555713983	NA	1	0.6138291101471155	NA	1	expression_driven	10000	Mouse Brain	scVI	Brennecke
MouseBrainSerialSections	Brennecke	200	cellcharter	0.6975426440272374	NA	1	0.7680568687931864	NA	1	0.7327997564102119	NA	1	0.7430511556497361	NA	1	0.7540252272110572	NA	1	0.7485381914303967	NA	1	0.9192663860705994	NA	1	0.7406689739203043	NA	1	0.8002014446370693	NA	1	expression_driven	200	Mouse Brain	CellCharter	Brennecke
MouseBrainSerialSections	Brennecke	200	scvi	0.7276623857097341	NA	1	0.7303717985760921	NA	1	0.7290170921429131	NA	1	0.6790079747422233	NA	1	0.779291329935244	NA	1	0.7291496523387336	NA	1	0.907607278344962	NA	1	0.7290833722408234	NA	1	0.7885913409422031	NA	1	expression_driven	200	Mouse Brain	scVI	Brennecke
MouseBrainSerialSections	Brennecke	2000	cellcharter	0.5895704745020454	0.02214039760221909	3	0.8417862142771795	0.01367599960418872	3	0.7156783443896124	0.00581734860180805	3	0.7783924799146474	0.00512913175259378	3	0.855470782117989	0.026047249007225	3	0.8169316310163183	0.01272478167404085	3	0.9630742308156672	0.00939184191714872	3	0.7663049877029654	0.00415242591873313	3	0.8318947354071993	0.00144244577146245	3	expression_driven	2000	Mouse Brain	CellCharter	Brennecke
MouseBrainSerialSections	Brennecke	2000	scvi	0.4523549678414529	0.06741292889223584	3	0.6109539367273423	0.04635555409846	3	0.5316544522843976	0.05400359240624475	3	0.6128178706962539	0.08292705304124726	3	0.5224350260951112	0.21505155873668025	3	0.5676264483956825	0.14869533901664636	3	0.8806913046516084	0.00371694137982181	3	0.54964045034004	0.10134922678638592	3	0.6599907351105628	0.0663885884690976	3	expression_driven	2000	Mouse Brain	scVI	Brennecke
MouseBrainSerialSections	Brennecke	500	cellcharter	0.594393345467702	NA	1	0.7908720092324736	NA	1	0.6926326773500877	NA	1	0.7649501040495768	NA	1	0.8469205019579712	NA	1	0.8059353030037739	NA	1	0.943744971120552	NA	1	0.7492839901769308	NA	1	0.8141043171581379	NA	1	expression_driven	500	Mouse Brain	CellCharter	Brennecke
MouseBrainSerialSections	Brennecke	500	scvi	0.6616573064869329	NA	1	0.7328799063668558	NA	1	0.6972686064268944	NA	1	0.7271922386356192	NA	1	0.786502991508314	NA	1	0.7568476150719666	NA	1	0.9004888587887248	NA	1	0.7270581107494305	NA	1	0.7848683600958619	NA	1	expression_driven	500	Mouse Brain	scVI	Brennecke
MouseBrainSerialSections	Brennecke	5000	cellcharter	0.6065981470314353	NA	1	0.8303439407618252	NA	1	0.7184710438966302	NA	1	0.7898397228095199	NA	1	0.7986430544720861	NA	1	0.794241388640803	NA	1	0.9608253573545356	NA	1	0.7563562162687165	NA	1	0.8245125966306562	NA	1	expression_driven	5000	Mouse Brain	CellCharter	Brennecke
MouseBrainSerialSections	Brennecke	5000	scvi	0.17321960986718926	NA	1	0.6130690710996878	NA	1	0.3931443404834385	NA	1	0.7022025006414596	NA	1	0.5813083534616832	NA	1	0.6417554270515714	NA	1	0.6362769974335356	NA	1	0.517449883767505	NA	1	0.5570589216561819	NA	1	expression_driven	5000	Mouse Brain	scVI	Brennecke
MouseBrainSerialSections	anticor	100	cellcharter	0.5287498323045181	NA	1	0.8905220811242303	NA	1	0.7096359567143742	NA	1	0.7492263215589253	NA	1	0.8915900007725237	NA	1	0.8204081611657246	NA	1	0.9519369930229268	NA	1	0.7650220589400494	NA	1	0.8273270369676752	NA	1	expression_driven	100	Mouse Brain	CellCharter	Anticor
MouseBrainSerialSections	anticor	100	scvi	0.6774795184667033	NA	1	0.8659982501716614	NA	1	0.7717388843191824	NA	1	0.6905421443714982	NA	1	0.8970474655468248	NA	1	0.7937948049591614	NA	1	0.9507601957137876	NA	1	0.7827668446391719	NA	1	0.8387646283307104	NA	1	expression_driven	100	Mouse Brain	scVI	Anticor
MouseBrainSerialSections	anticor	1000	cellcharter	0.5643943641454492	NA	1	0.8872384042492554	NA	1	0.7258163841973523	NA	1	0.7815165260364703	NA	1	0.8304827924817586	NA	1	0.8059996592591144	NA	1	0.9525385895169766	NA	1	0.7659080217282334	NA	1	0.8281182109911477	NA	1	expression_driven	1000	Mouse Brain	CellCharter	Anticor
MouseBrainSerialSections	anticor	1000	scvi	0.5279338871320932	NA	1	0.7742869705569835	NA	1	0.6511104288445384	NA	1	0.6848215797645573	NA	1	0.8301278271283157	NA	1	0.7574747034464364	NA	1	0.8826760240665257	NA	1	0.7042925661454874	NA	1	0.7637537187858335	NA	1	expression_driven	1000	Mouse Brain	scVI	Anticor
MouseBrainSerialSections	anticor	10000	cellcharter	0.597773627516327	NA	1	0.8437891382485339	NA	1	0.7207813828824304	NA	1	0.7736301530137566	NA	1	0.82338034538594	NA	1	0.7985052491998483	NA	1	0.9445427937082184	NA	1	0.7596433160411393	NA	1	0.821276475263499	NA	1	expression_driven	10000	Mouse Brain	CellCharter	Anticor
MouseBrainSerialSections	anticor	10000	scvi	0.0200914554193585	NA	1	0.5520531665606417	NA	1	0.28607231099000013	NA	1	0.6865101950438387	NA	1	0.6736187690621114	NA	1	0.6800644820529751	NA	1	0.2705545691346882	NA	1	0.4830683965214876	NA	1	0.4122304540592211	NA	1	expression_driven	10000	Mouse Brain	scVI	Anticor
MouseBrainSerialSections	anticor	200	cellcharter	0.5041833907394667	NA	1	0.8861729954605765	NA	1	0.6951781931000216	NA	1	0.7617426356318132	NA	1	0.7578967436472994	NA	1	0.7598196896395564	NA	1	0.954404544831114	NA	1	0.727498941369789	NA	1	0.803134142523564	NA	1	expression_driven	200	Mouse Brain	CellCharter	Anticor
MouseBrainSerialSections	anticor	200	scvi	0.6049748832652417	NA	1	0.8676454994143616	NA	1	0.7363101913398017	NA	1	0.6983688709253743	NA	1	0.8935745728546254	NA	1	0.7959717218899998	NA	1	0.9574199462850516	NA	1	0.7661409566149007	NA	1	0.8299006198382844	NA	1	expression_driven	200	Mouse Brain	scVI	Anticor
MouseBrainSerialSections	anticor	2000	cellcharter	0.5768816335644537	0.00378517307657111	3	0.8505671046429492	0.02221332049984783	3	0.7137243691037014	0.01297947305099148	3	0.7906202514773807	0.00145421401086463	3	0.8089316441034445	0.01477557762716096	3	0.7997759477904126	0.00666979926156528	3	0.9608053690028924	0.0106197211483747	3	0.756750158447057	0.00981602412414083	3	0.8247685619656687	0.0091176371337931	3	expression_driven	2000	Mouse Brain	CellCharter	Anticor
MouseBrainSerialSections	anticor	2000	scvi	0.2985914563292728	0.16017770183975694	3	0.6379527965506031	0.03647634735818959	3	0.46827212643993793	0.09137002663888392	3	0.5825776432263509	0.11551671440857451	3	0.49094774538875474	0.09315457112000146	3	0.5367626943075527	0.09973594923069212	3	0.6055784559092241	0.19064110252482636	3	0.5025174103737454	0.03349151795649086	3	0.5368710922189049	0.07562723629698105	3	expression_driven	2000	Mouse Brain	scVI	Anticor
MouseBrainSerialSections	anticor	500	cellcharter	0.5380104779998748	NA	1	0.8591586627192148	NA	1	0.6985845703595448	NA	1	0.7755157073680959	NA	1	0.8384703682719467	NA	1	0.8069930378200213	NA	1	0.945235097565566	NA	1	0.752788804089783	NA	1	0.8169375685817107	NA	1	expression_driven	500	Mouse Brain	CellCharter	Anticor
MouseBrainSerialSections	anticor	500	scvi	0.6228446548359959	NA	1	0.8353613380037321	NA	1	0.7291029964198641	NA	1	0.7316190052302499	NA	1	0.9300107961614617	NA	1	0.8308149006958558	NA	1	0.9493523325133956	NA	1	0.77995894855786	NA	1	0.8364234098763719	NA	1	expression_driven	500	Mouse Brain	scVI	Anticor
MouseBrainSerialSections	anticor	5000	cellcharter	0.6086650725367792	NA	1	0.8889616868906355	NA	1	0.7488133797137073	NA	1	0.7742904256219254	NA	1	0.8525505562372464	NA	1	0.8134204909295859	NA	1	0.9575578777014352	NA	1	0.7811169353216466	NA	1	0.8399305827815761	NA	1	expression_driven	5000	Mouse Brain	CellCharter	Anticor
MouseBrainSerialSections	anticor	5000	scvi	0.2511125699238045	NA	1	0.4698754164216918	NA	1	0.3604939931727481	NA	1	0.517854106418059	NA	1	0.32547993438623246	NA	1	0.4216670204021457	NA	1	0.6378228181702104	NA	1	0.3910805067874469	NA	1	0.4733279439150347	NA	1	expression_driven	5000	Mouse Brain	scVI	Anticor
MouseBrainSerialSections	dubstepr	100	cellcharter	0.5226058289311024	NA	1	0.8333637319565986	NA	1	0.6779847804438506	NA	1	0.7508057286435047	NA	1	0.76597935344333	NA	1	0.7583925410434174	NA	1	0.9331525169325592	NA	1	0.718188660743634	NA	1	0.7898432794732758	NA	1	expression_driven	100	Mouse Brain	CellCharter	DUBStepR
MouseBrainSerialSections	dubstepr	100	scvi	0.6895611823895826	NA	1	0.8112233128577155	NA	1	0.7503922476236491	NA	1	0.6586687298818559	NA	1	0.8048365454260014	NA	1	0.7317526376539286	NA	1	0.9137301279659202	NA	1	0.7410724426387889	NA	1	0.7986250044144994	NA	1	expression_driven	100	Mouse Brain	scVI	DUBStepR
MouseBrainSerialSections	dubstepr	1000	cellcharter	0.5508759805832781	NA	1	0.8622818626563581	NA	1	0.7065789216198182	NA	1	0.7921103700644467	NA	1	0.8070746411939314	NA	1	0.799592505629189	NA	1	0.9535375426174568	NA	1	0.7530857136245036	NA	1	0.819902989955488	NA	1	expression_driven	1000	Mouse Brain	CellCharter	DUBStepR
MouseBrainSerialSections	dubstepr	1000	scvi	0.41401844984208114	NA	1	0.7756705649305904	NA	1	0.5948445073863358	NA	1	0.7231131369000625	NA	1	0.81299376279467	NA	1	0.7680534498473662	NA	1	0.8459954533676941	NA	1	0.6814489786168509	NA	1	0.7362978035337987	NA	1	expression_driven	1000	Mouse Brain	scVI	DUBStepR
MouseBrainSerialSections	dubstepr	10000	cellcharter	0.5605655900632617	NA	1	0.8477344396813509	NA	1	0.7041500148723063	NA	1	0.780214329362405	NA	1	0.8696230606875452	NA	1	0.8249186950249752	NA	1	0.9492146869064012	NA	1	0.7645343549486407	NA	1	0.8260944656012276	NA	1	expression_driven	10000	Mouse Brain	CellCharter	DUBStepR
MouseBrainSerialSections	dubstepr	10000	scvi	0.20262581786662953	NA	1	0.5640264974025477	NA	1	0.38332615763458866	NA	1	0.49689416054526586	NA	1	0.29545044620875216	NA	1	0.39617230337700904	NA	1	0.8310285308756877	NA	1	0.3897492305057989	NA	1	0.5368423306290951	NA	1	expression_driven	10000	Mouse Brain	scVI	DUBStepR
MouseBrainSerialSections	dubstepr	200	cellcharter	0.5241307323978841	NA	1	0.8299465705084975	NA	1	0.6770386514531908	NA	1	0.7668150386920832	NA	1	0.8100423726275279	NA	1	0.7884287056598056	NA	1	0.9359640168635686	NA	1	0.7327336785564982	NA	1	0.800477124658855	NA	1	expression_driven	200	Mouse Brain	CellCharter	DUBStepR
MouseBrainSerialSections	dubstepr	200	scvi	0.659998045728734	NA	1	0.8147417209377977	NA	1	0.7373698833332658	NA	1	0.7251898778172713	NA	1	0.8753968917739521	NA	1	0.8002933847956117	NA	1	0.9465351598135237	NA	1	0.7688316340644388	NA	1	0.828066142647467	NA	1	expression_driven	200	Mouse Brain	scVI	DUBStepR
MouseBrainSerialSections	dubstepr	2000	cellcharter	0.5772297371727837	0.00403723088059731	3	0.8566493346308709	0.01442195185610743	3	0.7169395359018272	0.0064331324815992	3	0.7874072913709899	0.00609803878889957	3	0.8101558526046743	0.02299331823936388	3	0.7987815719878322	0.0084477208418852	3	0.9602102376306668	0.0068277176099829	3	0.7578605539448297	0.00632599444280155	3	0.8253104485067753	0.00319342054093067	3	expression_driven	2000	Mouse Brain	CellCharter	DUBStepR
MouseBrainSerialSections	dubstepr	2000	scvi	0.33441096394653574	0.10226015604310656	3	0.6918738708218296	0.05917847136858064	3	0.5131424173841826	0.08064377294627777	3	0.5876501251199812	0.03975186875459802	3	0.5198821215670102	0.1326091993099404	3	0.5537661233434957	0.08592045488505026	3	0.7270204950796854	0.22634608251855592	3	0.5334542703638392	0.0832816941276583	3	0.5979763452691212	0.1308322852053558	3	expression_driven	2000	Mouse Brain	scVI	DUBStepR
MouseBrainSerialSections	dubstepr	500	cellcharter	0.5312905362709834	NA	1	0.8683992449896147	NA	1	0.6998448906302991	NA	1	0.7796008925036156	NA	1	0.7881542898092637	NA	1	0.7838775911564397	NA	1	0.9361718645767636	NA	1	0.7418612408933694	NA	1	0.8066314487878342	NA	1	expression_driven	500	Mouse Brain	CellCharter	DUBStepR
MouseBrainSerialSections	dubstepr	500	scvi	0.6005792853145318	NA	1	0.8054293952975826	NA	1	0.7030043403060572	NA	1	0.7329043308087785	NA	1	0.8238255814992332	NA	1	0.7783649561540058	NA	1	0.9361606420924546	NA	1	0.7406846482300316	NA	1	0.8058433128508392	NA	1	expression_driven	500	Mouse Brain	scVI	DUBStepR
MouseBrainSerialSections	dubstepr	5000	cellcharter	0.5605655900632617	NA	1	0.8477344396813509	NA	1	0.7041500148723063	NA	1	0.780214329362405	NA	1	0.8696230606875452	NA	1	0.8249186950249752	NA	1	0.9492146869064012	NA	1	0.7645343549486407	NA	1	0.8260944656012276	NA	1	expression_driven	5000	Mouse Brain	CellCharter	DUBStepR
MouseBrainSerialSections	dubstepr	5000	scvi	0.20262581786662953	NA	1	0.5640264974025477	NA	1	0.38332615763458866	NA	1	0.49689416054526586	NA	1	0.29545044620875216	NA	1	0.39617230337700904	NA	1	0.8310285308756877	NA	1	0.3897492305057989	NA	1	0.5368423306290951	NA	1	expression_driven	5000	Mouse Brain	scVI	DUBStepR
MouseBrainSerialSections	hotspot	100	cellcharter	0.5174595344834599	NA	1	0.8386118141543923	NA	1	0.6780356743189262	NA	1	0.7651963239595974	NA	1	0.8316120912037437	NA	1	0.7984042075816705	NA	1	0.9236315787481436	NA	1	0.7382199409502983	NA	1	0.8000238202162467	NA	1	expression_driven	100	Mouse Brain	CellCharter	Hotspot
MouseBrainSerialSections	hotspot	100	scvi	0.6676448870617953	NA	1	0.7263836927674321	NA	1	0.6970142899146137	NA	1	0.6706476981495317	NA	1	0.7025064963852685	NA	1	0.6865770972674001	NA	1	0.9114782163494396	NA	1	0.6917956935910069	NA	1	0.7650232011771512	NA	1	expression_driven	100	Mouse Brain	scVI	Hotspot
MouseBrainSerialSections	hotspot	1000	cellcharter	0.5393420776685652	NA	1	0.857454538623516	NA	1	0.6983983081460405	NA	1	0.7845817689211766	NA	1	0.8193566790413288	NA	1	0.8019692239812527	NA	1	0.9464907789384756	NA	1	0.7501837660636466	NA	1	0.8156194370219229	NA	1	expression_driven	1000	Mouse Brain	CellCharter	Hotspot
MouseBrainSerialSections	hotspot	1000	scvi	0.22228319554672976	NA	1	0.5492036948042043	NA	1	0.385743445175467	NA	1	0.6032682890773106	NA	1	0.4606732943317463	NA	1	0.5319707917045284	NA	1	0.7361916583024221	NA	1	0.4588571184399977	NA	1	0.5513019650608059	NA	1	expression_driven	1000	Mouse Brain	scVI	Hotspot
MouseBrainSerialSections	hotspot	10000	cellcharter	0.5850827468703913	NA	1	0.8240691999727175	NA	1	0.7045759734215544	NA	1	0.765710801611159	NA	1	0.8232229492925422	NA	1	0.7944668754518507	NA	1	0.937519866438303	NA	1	0.7495214244367026	NA	1	0.8121875717705693	NA	1	expression_driven	10000	Mouse Brain	CellCharter	Hotspot
MouseBrainSerialSections	hotspot	10000	scvi	0	NA	1	0.4272520959017442	NA	1	0.2136260479508721	NA	1	0.5807920825243956	NA	1	0.5021358145668007	NA	1	0.5414639485455981	NA	1	0.2666340508806262	NA	1	0.37754499824823506	NA	1	0.3405746824590321	NA	1	expression_driven	10000	Mouse Brain	scVI	Hotspot
MouseBrainSerialSections	hotspot	200	cellcharter	0.5060116071330301	NA	1	0.862045317732381	NA	1	0.6840284624327055	NA	1	0.7710709745362637	NA	1	0.8107489050394089	NA	1	0.7909099397878363	NA	1	0.925988504483882	NA	1	0.7374692011102709	NA	1	0.8003089689014745	NA	1	expression_driven	200	Mouse Brain	CellCharter	Hotspot
MouseBrainSerialSections	hotspot	200	scvi	0.6235347187947653	NA	1	0.8181919764844656	NA	1	0.7208633476396155	NA	1	0.7261870982011637	NA	1	0.9040468742071036	NA	1	0.8151169862041336	NA	1	0.9431648140512237	NA	1	0.7679901669218745	NA	1	0.8263817159649909	NA	1	expression_driven	200	Mouse Brain	scVI	Hotspot
MouseBrainSerialSections	hotspot	2000	cellcharter	0.5641714004226527	0.0014969045049344	3	0.8666910279298962	0.02468167324165186	3	0.7154312141762745	0.01224111593203339	3	0.7892138839745214	0.00324521598013991	3	0.799996537861853	0.01238364809443781	3	0.7946052109181873	0.00777527703505372	3	0.966937798548122	0.00710262105531061	3	0.7550182125472308	0.00373692353721666	3	0.8256580745475278	0.00472142539495569	3	expression_driven	2000	Mouse Brain	CellCharter	Hotspot
MouseBrainSerialSections	hotspot	2000	scvi	0.26584078748359924	0.00989939879093011	3	0.5162283059978204	0.04815119569888555	3	0.39103454674070987	0.02861389880834029	3	0.5490513675467187	0.05154664102377307	3	0.3653961073245116	0.05805433145577565	3	0.4572237374356152	0.04750315137351779	3	0.6780913205272497	0.14837427394321556	3	0.4241291420881625	0.02625688156009064	3	0.5087832015678583	0.05010750996660364	3	expression_driven	2000	Mouse Brain	scVI	Hotspot
MouseBrainSerialSections	hotspot	500	cellcharter	0.5101479540379801	NA	1	0.8869139229324431	NA	1	0.6985309384852116	NA	1	0.7889024727353305	NA	1	0.8222380758789248	NA	1	0.8055702743071277	NA	1	0.943099515147859	NA	1	0.7520506063961696	NA	1	0.8157335759800661	NA	1	expression_driven	500	Mouse Brain	CellCharter	Hotspot
MouseBrainSerialSections	hotspot	500	scvi	0.44213435482210667	NA	1	0.7204805354634682	NA	1	0.5813074451427874	NA	1	0.6781090429909559	NA	1	0.9189424231287718	NA	1	0.7985257330598639	NA	1	0.8231191522556975	NA	1	0.6899165891013257	NA	1	0.7343174434861163	NA	1	expression_driven	500	Mouse Brain	scVI	Hotspot
MouseBrainSerialSections	hotspot	5000	cellcharter	0.5615433019494449	NA	1	0.8874296119207569	NA	1	0.7244864569351008	NA	1	0.7804127574263718	NA	1	0.8573177563117442	NA	1	0.818865256869058	NA	1	0.9543748912410908	NA	1	0.7716758569020794	NA	1	0.8325755350150832	NA	1	expression_driven	5000	Mouse Brain	CellCharter	Hotspot
MouseBrainSerialSections	hotspot	5000	scvi	0.06009157854110925	NA	1	0.6198999909439419	NA	1	0.33999578474252556	NA	1	0.7284558080171166	NA	1	0.736145839779951	NA	1	0.7323008238985338	NA	1	0.17882176071802883	NA	1	0.5361483043205297	NA	1	0.4170394564530295	NA	1	expression_driven	5000	Mouse Brain	scVI	Hotspot
MouseBrainSerialSections	morans_i	100	cellcharter	0.5080184712401097	NA	1	0.8460378581675845	NA	1	0.6770281647038471	NA	1	0.7721035710392821	NA	1	0.8149295472521906	NA	1	0.7935165591457363	NA	1	0.936898495326822	NA	1	0.7352723619247916	NA	1	0.8024810730588018	NA	1	spatially_informed	100	Mouse Brain	CellCharter	Moran's I
MouseBrainSerialSections	morans_i	100	scvi	0.6738717749023871	NA	1	0.8255816976068092	NA	1	0.7497267362545982	NA	1	0.7317393082238048	NA	1	0.8788798376872513	NA	1	0.8053095729555281	NA	1	0.9399191257321188	NA	1	0.7775181546050631	NA	1	0.831651811647415	NA	1	spatially_informed	100	Mouse Brain	scVI	Moran's I
MouseBrainSerialSections	morans_i	1000	cellcharter	0.5507570974975556	NA	1	0.8818950962445948	NA	1	0.7163260968710752	NA	1	0.7910185030586215	NA	1	0.8236038104939944	NA	1	0.807311156776308	NA	1	0.9524801658983132	NA	1	0.7618186268236916	NA	1	0.8253724731818988	NA	1	spatially_informed	1000	Mouse Brain	CellCharter	Moran's I
MouseBrainSerialSections	morans_i	1000	scvi	0.5036829290015521	NA	1	0.7816834485902504	NA	1	0.6426831887959013	NA	1	0.7201224564197526	NA	1	0.8693455531986594	NA	1	0.794734004809206	NA	1	0.9070860983622	NA	1	0.7187085968025536	NA	1	0.7815010973224358	NA	1	spatially_informed	1000	Mouse Brain	scVI	Moran's I
MouseBrainSerialSections	morans_i	10000	cellcharter	0.5710267942582018	NA	1	0.8345351514073867	NA	1	0.7027809728327943	NA	1	0.7745023009982527	NA	1	0.7919243945133454	NA	1	0.783213347755799	NA	1	0.9273245897664204	NA	1	0.7429971602942966	NA	1	0.8044396367850045	NA	1	spatially_informed	10000	Mouse Brain	CellCharter	Moran's I
MouseBrainSerialSections	morans_i	10000	scvi	0.0298956960007731	NA	1	0.6237320275824385	NA	1	0.3268138617916058	NA	1	0.6991926097286116	NA	1	0.5004053535549596	NA	1	0.5997989816417857	NA	1	0.2217715097640788	NA	1	0.4633064217166958	NA	1	0.3827947843991568	NA	1	spatially_informed	10000	Mouse Brain	scVI	Moran's I
MouseBrainSerialSections	morans_i	200	cellcharter	0.536780838677046	NA	1	0.8658943330024208	NA	1	0.7013375858397334	NA	1	0.7794924701657747	NA	1	0.8233651270580904	NA	1	0.8014287986119326	NA	1	0.9499104984001988	NA	1	0.7513831922258329	NA	1	0.8175589609506216	NA	1	spatially_informed	200	Mouse Brain	CellCharter	Moran's I
MouseBrainSerialSections	morans_i	200	scvi	0.6353568986837148	NA	1	0.8474391729850347	NA	1	0.7413980358343748	NA	1	0.7579585890011601	NA	1	0.9068161352089474	NA	1	0.8323873621050537	NA	1	0.9387754629608482	NA	1	0.7868926989697143	NA	1	0.837520286966759	NA	1	spatially_informed	200	Mouse Brain	scVI	Moran's I
MouseBrainSerialSections	morans_i	2000	cellcharter	0.563857706031603	0.01423931297615693	3	0.8628603516743517	0.02079293313593722	3	0.7133590288529774	0.01692710347500726	3	0.7921251066309237	0.00462229871499951	3	0.8055559450378654	0.00927593294639431	3	0.7988405258343946	0.00519892072513208	3	0.9663258223239805	0.00800675658578325	3	0.7560997773436858	0.00803869433728437	3	0.8261751256704507	0.00602642956380871	3	spatially_informed	2000	Mouse Brain	CellCharter	Moran's I
MouseBrainSerialSections	morans_i	2000	scvi	0.25410898969186363	0.15656966846517045	3	0.5976591623122891	0.06346058700855939	3	0.42588407600207634	0.0937120488411155	3	0.6144881044868072	0.10675669833430527	3	0.5205750143112678	0.118573827902719	3	0.5675315593990375	0.10776718661817686	3	0.5344326965323295	0.24734947480020367	3	0.4967078177005569	0.06103109053727613	3	0.5092827773111478	0.09213199724850192	3	spatially_informed	2000	Mouse Brain	scVI	Moran's I
MouseBrainSerialSections	morans_i	500	cellcharter	0.54661610418561	NA	1	0.8677084750555252	NA	1	0.7071622896205676	NA	1	0.7900555085818377	NA	1	0.8308171493794083	NA	1	0.810436328980623	NA	1	0.9446761201631046	NA	1	0.7587993093005954	NA	1	0.8207582462547651	NA	1	spatially_informed	500	Mouse Brain	CellCharter	Moran's I
MouseBrainSerialSections	morans_i	500	scvi	0.5915951578666543	NA	1	0.7421156053021809	NA	1	0.6668553815844176	NA	1	0.7592372232373744	NA	1	0.8726046348178985	NA	1	0.8159209290276365	NA	1	0.8964523609023916	NA	1	0.7413881553060271	NA	1	0.7930762238381486	NA	1	spatially_informed	500	Mouse Brain	scVI	Moran's I
MouseBrainSerialSections	morans_i	5000	cellcharter	0.5663342314602008	NA	1	0.8690688551773439	NA	1	0.7177015433187723	NA	1	0.7831821674076389	NA	1	0.850573890996912	NA	1	0.8168780292022755	NA	1	0.9425143772429264	NA	1	0.7672897862605239	NA	1	0.825697983254658	NA	1	spatially_informed	5000	Mouse Brain	CellCharter	Moran's I
MouseBrainSerialSections	morans_i	5000	scvi	0.06848935353826317	NA	1	0.6415905760012341	NA	1	0.35503996476974864	NA	1	0.7307271008586845	NA	1	0.5432095574839684	NA	1	0.6369683291713264	NA	1	0.5318004600141604	NA	1	0.4960041469705375	NA	1	0.5079362513184118	NA	1	spatially_informed	5000	Mouse Brain	scVI	Moran's I
MouseBrainSerialSections	nbumi	100	cellcharter	0.6558238208460556	NA	1	0.761123269214071	NA	1	0.7084735450300633	NA	1	0.7820566289193138	NA	1	0.7533238104809099	NA	1	0.7676902197001119	NA	1	0.9001105541859313	NA	1	0.7380818823650876	NA	1	0.7920914396387021	NA	1	expression_driven	100	Mouse Brain	CellCharter	NBumi
MouseBrainSerialSections	nbumi	100	scvi	0.7535044945908385	NA	1	0.7033799283496779	NA	1	0.7284422114702582	NA	1	0.7420856125555888	NA	1	0.6661169558860581	NA	1	0.7041012842208234	NA	1	0.9149702254575232	NA	1	0.7162717478455408	NA	1	0.7825045737162016	NA	1	expression_driven	100	Mouse Brain	scVI	NBumi
MouseBrainSerialSections	nbumi	1000	cellcharter	0.6825884352397589	NA	1	0.7892769464820542	NA	1	0.7359326908609065	NA	1	0.7854845094308316	NA	1	0.7926033761015959	NA	1	0.7890439427662137	NA	1	0.9459558902390984	NA	1	0.7624883168135601	NA	1	0.8236441746220727	NA	1	expression_driven	1000	Mouse Brain	CellCharter	NBumi
MouseBrainSerialSections	nbumi	1000	scvi	0.6803420917097623	NA	1	0.7504878428978397	NA	1	0.715414967303801	NA	1	0.7418013061549537	NA	1	0.7950598389802643	NA	1	0.768430572567609	NA	1	0.9276953207207868	NA	1	0.741922769935705	NA	1	0.8038469535307323	NA	1	expression_driven	1000	Mouse Brain	scVI	NBumi
MouseBrainSerialSections	nbumi	10000	cellcharter	0.613402822760209	NA	1	0.8225167436996511	NA	1	0.71795978322993	NA	1	0.7724452289654216	NA	1	0.7679724154892424	NA	1	0.770208822227332	NA	1	0.9537248272234082	NA	1	0.744084302728631	NA	1	0.8139644775602234	NA	1	expression_driven	10000	Mouse Brain	CellCharter	NBumi
MouseBrainSerialSections	nbumi	10000	scvi	0.3685024161761272	NA	1	0.5194047924635776	NA	1	0.4439536043198524	NA	1	0.6133431613300976	NA	1	0.5166324942409886	NA	1	0.5649878277855431	NA	1	0.7885974815062606	NA	1	0.5044707160526978	NA	1	0.5991796378705521	NA	1	expression_driven	10000	Mouse Brain	scVI	NBumi
MouseBrainSerialSections	nbumi	200	cellcharter	0.6879566815307103	NA	1	0.761165180757441	NA	1	0.7245609311440757	NA	1	0.773950769117138	NA	1	0.7630343496784517	NA	1	0.7684925593977949	NA	1	0.9320954861084858	NA	1	0.7465267452709353	NA	1	0.8083829922167854	NA	1	expression_driven	200	Mouse Brain	CellCharter	NBumi
MouseBrainSerialSections	nbumi	200	scvi	0.7171449470217998	NA	1	0.7407230827939026	NA	1	0.7289340149078511	NA	1	0.7633822611103381	NA	1	0.7951777778972993	NA	1	0.7792800195038188	NA	1	0.9308386681402306	NA	1	0.754107017205835	NA	1	0.8130175675173001	NA	1	expression_driven	200	Mouse Brain	scVI	NBumi
MouseBrainSerialSections	nbumi	2000	cellcharter	0.6587651478508131	0.0086178397266103	3	0.8002415855040431	0.02391720135560725	3	0.7295033666774281	0.00794741385328569	3	0.785866459290236	0.00659486187999108	3	0.7963309733678781	0.01129965085694323	3	0.7910987163290569	0.00808540508876486	3	0.9631908976212474	0.00790157203677225	3	0.7603010415032426	0.00403192111827311	3	0.8279309935425774	0.00531121954938221	3	expression_driven	2000	Mouse Brain	CellCharter	NBumi
MouseBrainSerialSections	nbumi	2000	scvi	0.5201132304167874	0.14328413102760906	3	0.7222519413471007	0.02493818630328859	3	0.6211825858819441	0.06974507798604686	3	0.716679672582759	0.02049702253512595	3	0.7140113499775772	0.08069030205456526	3	0.7153455112801681	0.04927517379844795	3	0.8936008941644994	0.05048858424526647	3	0.6682640485810561	0.05947293648675263	3	0.7433763304422037	0.05432648412382237	3	expression_driven	2000	Mouse Brain	scVI	NBumi
MouseBrainSerialSections	nbumi	500	cellcharter	0.6913581228140662	NA	1	0.779396325554973	NA	1	0.7353772241845196	NA	1	0.7856108843961276	NA	1	0.7845794358564884	NA	1	0.785095160126308	NA	1	0.9415130224247203	NA	1	0.7602361921554137	NA	1	0.8206618022451826	NA	1	expression_driven	500	Mouse Brain	CellCharter	NBumi
MouseBrainSerialSections	nbumi	500	scvi	0.7047594158126311	NA	1	0.7488820028451284	NA	1	0.7268207093288798	NA	1	0.7667527433367298	NA	1	0.798964933830328	NA	1	0.7828588385835289	NA	1	0.945929925388435	NA	1	0.7548397739562043	NA	1	0.8185364911002813	NA	1	expression_driven	500	Mouse Brain	scVI	NBumi
MouseBrainSerialSections	nbumi	5000	cellcharter	0.6141386243587352	NA	1	0.8463038147425733	NA	1	0.7302212195506543	NA	1	0.7926931992197869	NA	1	0.7676695329641566	NA	1	0.7801813660919718	NA	1	0.9582189584123983	NA	1	0.755201292821313	NA	1	0.8228738480183414	NA	1	expression_driven	5000	Mouse Brain	CellCharter	NBumi
MouseBrainSerialSections	nbumi	5000	scvi	0.3762974496067061	NA	1	0.7686629854245173	NA	1	0.5724802175156116	NA	1	0.6966450848316331	NA	1	0.6666913126080489	NA	1	0.681668198719841	NA	1	0.7863152669698248	NA	1	0.6270742081177263	NA	1	0.6801545610684258	NA	1	expression_driven	5000	Mouse Brain	scVI	NBumi
MouseBrainSerialSections	nnsvg	100	cellcharter	0.6068604413700023	NA	1	0.8200114061340948	NA	1	0.7134359237520486	NA	1	0.7784197211218649	NA	1	0.8099508044196149	NA	1	0.7941852627707399	NA	1	0.9433664053420372	NA	1	0.7538105932613942	NA	1	0.8169958639549418	NA	1	spatially_informed	100	Mouse Brain	CellCharter	nnSVG
MouseBrainSerialSections	nnsvg	100	scvi	0.6931505364617379	NA	1	0.7920793266136379	NA	1	0.7426149315376879	NA	1	0.7595351241354628	NA	1	0.9187630454926984	NA	1	0.8391490848140806	NA	1	0.9382845247571368	NA	1	0.7908820081758843	NA	1	0.8400161803696351	NA	1	spatially_informed	100	Mouse Brain	scVI	nnSVG
MouseBrainSerialSections	nnsvg	1000	cellcharter	0.6170501293278787	NA	1	0.8290421228027921	NA	1	0.7230461260653354	NA	1	0.7919585758006473	NA	1	0.8212369701405784	NA	1	0.8065977729706129	NA	1	0.9569066165604349	NA	1	0.7648219495179741	NA	1	0.8288501718654611	NA	1	spatially_informed	1000	Mouse Brain	CellCharter	nnSVG
MouseBrainSerialSections	nnsvg	1000	scvi	0.6256581416758462	NA	1	0.75831271607667	NA	1	0.6919854288762581	NA	1	0.7304135132601596	NA	1	0.7597280971682865	NA	1	0.745070805214223	NA	1	0.9147080676216748	NA	1	0.7185281170452406	NA	1	0.783921433904052	NA	1	spatially_informed	1000	Mouse Brain	scVI	nnSVG
MouseBrainSerialSections	nnsvg	10000	cellcharter	0.5790063248694963	NA	1	0.8505347971233073	NA	1	0.7147705609964018	NA	1	0.7777094057643382	NA	1	0.7979116269101343	NA	1	0.7878105163372362	NA	1	0.9458955502061148	NA	1	0.7512905386668189	NA	1	0.8161588758465843	NA	1	spatially_informed	10000	Mouse Brain	CellCharter	nnSVG
MouseBrainSerialSections	nnsvg	10000	scvi	0.01152518429905963	NA	1	0.4848191597695974	NA	1	0.2481721720343285	NA	1	0.678202376320117	NA	1	0.5992061719643056	NA	1	0.6387042741422113	NA	1	0.3142823735035115	NA	1	0.4434382230882699	NA	1	0.4003862732266838	NA	1	spatially_informed	10000	Mouse Brain	scVI	nnSVG
MouseBrainSerialSections	nnsvg	200	cellcharter	0.5985960896463556	NA	1	0.8179047027561039	NA	1	0.7082503962012298	NA	1	0.7833801950535051	NA	1	0.8088449472745043	NA	1	0.7961125711640047	NA	1	0.9420913837190948	NA	1	0.7521814836826173	NA	1	0.8154847836947764	NA	1	spatially_informed	200	Mouse Brain	CellCharter	nnSVG
MouseBrainSerialSections	nnsvg	200	scvi	0.6615871235489276	NA	1	0.8073670571725405	NA	1	0.734477090360734	NA	1	0.7454460044493597	NA	1	0.9540657793953028	NA	1	0.8497558919223313	NA	1	0.936365927531796	NA	1	0.7921164911415326	NA	1	0.8401996366049538	NA	1	spatially_informed	200	Mouse Brain	scVI	nnSVG
MouseBrainSerialSections	nnsvg	2000	cellcharter	0.6134439402785863	0.00462228595173232	3	0.8541421849195112	0.0069508036735105	3	0.7337930625990489	0.00293818757049829	3	0.7877653847632043	0.00215875261378426	3	0.7775511742745628	0.03303163637995009	3	0.7826582795188836	0.01618018510553041	3	0.9658018684015838	0.00793384802020636	3	0.7582256710589662	0.00955913287859882	3	0.8274177368398387	0.00521800251230627	3	spatially_informed	2000	Mouse Brain	CellCharter	nnSVG
MouseBrainSerialSections	nnsvg	2000	scvi	0.41385304981946086	0.06104828979347779	3	0.7100168115355082	0.01355504540814198	3	0.5619349306774847	0.03304356733800612	3	0.6128794109532345	0.03249681821503761	3	0.6195684376005595	0.07794702270101052	3	0.616223924276897	0.055127255506925	3	0.7827183279218759	0.04577221718502455	3	0.5890794274771908	0.04234390579466216	3	0.6536257276254193	0.0434491145315032	3	spatially_informed	2000	Mouse Brain	scVI	nnSVG
MouseBrainSerialSections	nnsvg	500	cellcharter	0.6061666468184719	NA	1	0.8337811028164355	NA	1	0.7199738748174537	NA	1	0.7934470440306068	NA	1	0.8305713803619832	NA	1	0.812009212196295	NA	1	0.949053758227228	NA	1	0.7659915435068743	NA	1	0.8270122817469922	NA	1	spatially_informed	500	Mouse Brain	CellCharter	nnSVG
MouseBrainSerialSections	nnsvg	500	scvi	0.6647950255257121	NA	1	0.7522317726653923	NA	1	0.7085133990955522	NA	1	0.7494108897182983	NA	1	0.8314083290900339	NA	1	0.7904096094041662	NA	1	0.9259240381971195	NA	1	0.7494615042498591	NA	1	0.8082823488989459	NA	1	spatially_informed	500	Mouse Brain	scVI	nnSVG
MouseBrainSerialSections	nnsvg	5000	cellcharter	0.5962017200965719	NA	1	0.8537933687266244	NA	1	0.7249975444115981	NA	1	0.7850214732178585	NA	1	0.8699155863509054	NA	1	0.827468529784382	NA	1	0.951504287103786	NA	1	0.7762330370979901	NA	1	0.834656787099922	NA	1	spatially_informed	5000	Mouse Brain	CellCharter	nnSVG
MouseBrainSerialSections	nnsvg	5000	scvi	0.09693701033844387	NA	1	0.5951635313092385	NA	1	0.3460502708238412	NA	1	0.7259614971936109	NA	1	0.4677720488696742	NA	1	0.5968667730316426	NA	1	0.6650478119920364	NA	1	0.4714585219277419	NA	1	0.5359882852825067	NA	1	spatially_informed	5000	Mouse Brain	scVI	nnSVG
MouseBrainSerialSections	osca	100	cellcharter	0.6114757792439225	NA	1	0.8411991705046079	NA	1	0.7263374748742653	NA	1	0.7657729411939384	NA	1	0.7937100247469399	NA	1	0.7797414829704391	NA	1	0.9447402323355736	NA	1	0.7530394789223522	NA	1	0.8169397300600926	NA	1	expression_driven	100	Mouse Brain	CellCharter	OSCA
MouseBrainSerialSections	osca	100	scvi	0.7354127024989672	NA	1	0.8257585640275236	NA	1	0.7805856332632454	NA	1	0.7097006845969696	NA	1	0.9483087751312848	NA	1	0.8290047298641272	NA	1	0.9478343347625954	NA	1	0.8047951815636862	NA	1	0.8524748992966559	NA	1	expression_driven	100	Mouse Brain	scVI	OSCA
MouseBrainSerialSections	osca	1000	cellcharter	0.6218126793313836	NA	1	0.8457162547403485	NA	1	0.7337644670358661	NA	1	0.7852518431492207	NA	1	0.8058155879979184	NA	1	0.7955337155735696	NA	1	0.9585770017467196	NA	1	0.7646490913047178	NA	1	0.8292917281187183	NA	1	expression_driven	1000	Mouse Brain	CellCharter	OSCA
MouseBrainSerialSections	osca	1000	scvi	0.6306306981617832	NA	1	0.7541463069908511	NA	1	0.6923885025763171	NA	1	0.6951098795237461	NA	1	0.7903517143099518	NA	1	0.742730796916849	NA	1	0.919470961302688	NA	1	0.717559649746583	NA	1	0.7848634202652848	NA	1	expression_driven	1000	Mouse Brain	scVI	OSCA
MouseBrainSerialSections	osca	10000	cellcharter	0.5896726586759125	NA	1	0.8888200013807595	NA	1	0.739246330028336	NA	1	0.7751081611089862	NA	1	0.8212948920229208	NA	1	0.7982015265659534	NA	1	0.9539681209795244	NA	1	0.7687239282971448	NA	1	0.8304719925246046	NA	1	expression_driven	10000	Mouse Brain	CellCharter	OSCA
MouseBrainSerialSections	osca	10000	scvi	0.2568393620297024	NA	1	0.4239579226243814	NA	1	0.3403986423270419	NA	1	0.634642561607886	NA	1	0.4409934018904941	NA	1	0.53781798174919	NA	1	0.633784425975368	NA	1	0.439108312038116	NA	1	0.5040003500172	NA	1	expression_driven	10000	Mouse Brain	scVI	OSCA
MouseBrainSerialSections	osca	200	cellcharter	0.6311624129271189	NA	1	0.799556666729972	NA	1	0.7153595398285455	NA	1	0.7717084181040291	NA	1	0.8395160248963124	NA	1	0.8056122215001708	NA	1	0.93590084621575	NA	1	0.7604858806643582	NA	1	0.8189575358481553	NA	1	expression_driven	200	Mouse Brain	CellCharter	OSCA
MouseBrainSerialSections	osca	200	scvi	0.6910175181982591	NA	1	0.8317543333832704	NA	1	0.7613859257907647	NA	1	0.7479866021752958	NA	1	0.9483395165278836	NA	1	0.8481630593515896	NA	1	0.9425487037883354	NA	1	0.8047744925711772	NA	1	0.8506992296435633	NA	1	expression_driven	200	Mouse Brain	scVI	OSCA
MouseBrainSerialSections	osca	2000	cellcharter	0.567684187888238	0.02526926870003982	3	0.8544946277245096	0.00262017023485851	3	0.7110894078063739	0.01283374505103467	3	0.7832621846280535	0.00490965351313229	3	0.8392047037726682	0.05444770376072137	3	0.8112334442003609	0.02586639334344847	3	0.964797404605679	0.0115980631017876	3	0.7611614260033673	0.00672268364562576	3	0.8290400855374713	0.00593330394647114	3	expression_driven	2000	Mouse Brain	CellCharter	OSCA
MouseBrainSerialSections	osca	2000	scvi	0.30718325281761244	0.1222433645993094	3	0.6116322066923772	0.05007549378125316	3	0.4594077297549948	0.06975162047769895	3	0.6700932979274716	0.04649441794055566	3	0.6721521323526799	0.03496071361093835	3	0.6711227151400757	0.03604186341170477	3	0.6602784372725051	0.20810336931646023	3	0.5652652224475353	0.02398622587946978	3	0.5969362940558586	0.0836033163419566	3	expression_driven	2000	Mouse Brain	scVI	OSCA
MouseBrainSerialSections	osca	500	cellcharter	0.6157526094419812	NA	1	0.8262645226370924	NA	1	0.7210085660395368	NA	1	0.7787765952679182	NA	1	0.8286762584953995	NA	1	0.8037264268816589	NA	1	0.9526334781550904	NA	1	0.7623674964605978	NA	1	0.8257894903587619	NA	1	expression_driven	500	Mouse Brain	CellCharter	OSCA
MouseBrainSerialSections	osca	500	scvi	0.6745185592551591	NA	1	0.7759394461117028	NA	1	0.7252290026834309	NA	1	0.7476545267352958	NA	1	0.8534992278283307	NA	1	0.8005768772818131	NA	1	0.9358849749768128	NA	1	0.762902939982622	NA	1	0.8205636183140189	NA	1	expression_driven	500	Mouse Brain	scVI	OSCA
MouseBrainSerialSections	osca	5000	cellcharter	0.5799527893741137	NA	1	0.8795674859183152	NA	1	0.7297601376462144	NA	1	0.7758096240423104	NA	1	0.8833216133952081	NA	1	0.8295656187187592	NA	1	0.9516985861132304	NA	1	0.7796628781824868	NA	1	0.8370081141594014	NA	1	expression_driven	5000	Mouse Brain	CellCharter	OSCA
MouseBrainSerialSections	osca	5000	scvi	0.13255151113402075	NA	1	0.6301902538576583	NA	1	0.3813708824958395	NA	1	0.779257395499195	NA	1	0.7346748916518007	NA	1	0.7569661435754979	NA	1	0.45874915452467113	NA	1	0.5691685130356687	NA	1	0.5323620601986695	NA	1	expression_driven	5000	Mouse Brain	scVI	OSCA
MouseBrainSerialSections	scPNMF	100	cellcharter	0.5559036676247932	NA	1	0.8457401614389624	NA	1	0.7008219145318777	NA	1	0.7594950785390489	NA	1	0.76309671432556625	NA	1	0.7612958964323076	NA	1	0.9469798957116696	NA	1	0.7310589054820926	NA	1	0.8030325688919516	NA	1	expression_driven	100	Mouse Brain	CellCharter	scPNMF
MouseBrainSerialSections	scPNMF	100	scvi	0.6617406510803038	NA	1	0.7855749362361619	NA	1	0.7236577936582329	NA	1	0.6816655608185632	NA	1	0.8592019212659614	NA	1	0.7704337410422624	NA	1	0.9439641548006542	NA	1	0.7470457673502476	NA	1	0.8126852298337165	NA	1	expression_driven	100	Mouse Brain	scVI	scPNMF
MouseBrainSerialSections	scPNMF	1000	cellcharter	0.5696073172642295	NA	1	0.8265699368757954	NA	1	0.6980886270700124	NA	1	0.7799368809812628	NA	1	0.76748057892442	NA	1	0.7737087299528413	NA	1	0.96406351401509	NA	1	0.7358986785114269	NA	1	0.8119536236793147	NA	1	expression_driven	1000	Mouse Brain	CellCharter	scPNMF
MouseBrainSerialSections	scPNMF	1000	scvi	0.34365229765713956	NA	1	0.7019471269258141	NA	1	0.5227997122914768	NA	1	0.644501769903969	NA	1	0.692768991004264	NA	1	0.6686353804541165	NA	1	0.8039350967926724	NA	1	0.5957175463727966	NA	1	0.6651233965127552	NA	1	expression_driven	1000	Mouse Brain	scVI	scPNMF
MouseBrainSerialSections	scPNMF	10000	cellcharter	0.5986388029213054	NA	1	0.8660645586238713	NA	1	0.7323516807725884	NA	1	0.7675966334529272	NA	1	0.8253483482418769	NA	1	0.796472490847402	NA	1	0.9386492763569224	NA	1	0.7644120858099952	NA	1	0.8224911493256376	NA	1	expression_driven	10000	Mouse Brain	CellCharter	scPNMF
MouseBrainSerialSections	scPNMF	10000	scvi	0.12297999804654212	NA	1	0.5614080796163183	NA	1	0.34219403883143024	NA	1	0.6868917177200738	NA	1	0.4573044375442479	NA	1	0.5720980776321609	NA	1	0.4810660741026911	NA	1	0.4571460582317955	NA	1	0.4651193968554274	NA	1	expression_driven	10000	Mouse Brain	scVI	scPNMF
MouseBrainSerialSections	scPNMF	200	cellcharter	0.5697723201525915	NA	1	0.8413444407943487	NA	1	0.7055583804734701	NA	1	0.7611514167187603	NA	1	0.7565921108285798	NA	1	0.75887176377367	NA	1	0.9501023511479768	NA	1	0.7322150721235701	NA	1	0.8048441651317056	NA	1	expression_driven	200	Mouse Brain	CellCharter	scPNMF
MouseBrainSerialSections	scPNMF	200	scvi	0.6176128462280497	NA	1	0.7665169433318787	NA	1	0.6920648947799641	NA	1	0.6690135553738078	NA	1	0.7578308734880284	NA	1	0.7134222144309181	NA	1	0.9072808492325556	NA	1	0.7027435546054411	NA	1	0.7709226528144791	NA	1	expression_driven	200	Mouse Brain	scVI	scPNMF
MouseBrainSerialSections	scPNMF	2000	cellcharter	0.5662360102941856	0.02381287869758388	3	0.8414881556770205	0.02962133622403458	3	0.7038620829856032	0.02355564229354573	3	0.7863342095502587	0.00901345165012063	3	0.8075729767951488	0.03267934867691004	3	0.7969535931727038	0.01192190251886383	3	0.9598634258007896	0.01153873382235055	3	0.7504078380791533	0.01509667238977412	3	0.8202263673196989	0.00758911863074553	3	expression_driven	2000	Mouse Brain	CellCharter	scPNMF
MouseBrainSerialSections	scPNMF	2000	scvi	0.1956990909898833	0.09418850832029592	3	0.5806062598977187	0.09753648848979862	3	0.388152675443801	0.05328966799268422	3	0.6345504158330159	0.1200708059064498	3	0.6227081351654394	0.18908603616046363	3	0.6286292754992276	0.14895302894413534	3	0.5377049566266625	0.0809331483793756	3	0.5083909754715142	0.07844454212758988	3	0.5181623025232304	0.03934503907995549	3	expression_driven	2000	Mouse Brain	scVI	scPNMF
MouseBrainSerialSections	scPNMF	500	cellcharter	0.5548844816514563	NA	1	0.852782073087817	NA	1	0.7038332773696366	NA	1	0.7758117153307481	NA	1	0.7440709008902983	NA	1	0.7599413081105232	NA	1	0.9536179624569466	NA	1	0.7318872927400799	NA	1	0.8057975159790355	NA	1	expression_driven	500	Mouse Brain	CellCharter	scPNMF
MouseBrainSerialSections	scPNMF	500	scvi	0.55807178555752	NA	1	0.793569167034335	NA	1	0.6758204762959275	NA	1	0.7000945441033317	NA	1	0.8442628075203397	NA	1	0.7721786758118356	NA	1	0.9228581432933818	NA	1	0.7239995760538815	NA	1	0.790285765133715	NA	1	expression_driven	500	Mouse Brain	scVI	scPNMF
MouseBrainSerialSections	scPNMF	5000	cellcharter	0.5765612578181931	NA	1	0.8925927243032942	NA	1	0.7345769910607436	NA	1	0.7822268009592035	NA	1	0.8542080308683679	NA	1	0.8182174159137857	NA	1	0.9491715675108818	NA	1	0.7763972034872646	NA	1	0.8339886581618036	NA	1	expression_driven	5000	Mouse Brain	CellCharter	scPNMF
MouseBrainSerialSections	scPNMF	5000	scvi	0.23310484955090008	NA	1	0.5847032646671917	NA	1	0.4089040571090458	NA	1	0.4829638255850041	NA	1	0.35996867841503355	NA	1	0.42146625200001886	NA	1	0.4725312029400862	NA	1	0.4151851545545324	NA	1	0.4343005040163837	NA	1	expression_driven	5000	Mouse Brain	scVI	scPNMF
MouseBrainSerialSections	scanpy_cell_ranger	100	cellcharter	0.7373121412627306	NA	1	0.7574716136820927	NA	1	0.7473918774724116	NA	1	0.7423384864589058	NA	1	0.6346395700432055	NA	1	0.6884890282510556	NA	1	0.907874723447294	NA	1	0.7179404528617337	NA	1	0.7812518763902538	NA	1	expression_driven	100	Mouse Brain	CellCharter	Scanpy Cell Ranger
MouseBrainSerialSections	scanpy_cell_ranger	100	scvi	0.7829681588317865	NA	1	0.7076337919990179	NA	1	0.7453009754154022	NA	1	0.7013074200493432	NA	1	0.714673760902194	NA	1	0.7079905904757686	NA	1	0.9065783506235594	NA	1	0.7266457829455855	NA	1	0.7866233055049102	NA	1	expression_driven	100	Mouse Brain	scVI	Scanpy Cell Ranger
MouseBrainSerialSections	scanpy_cell_ranger	1000	cellcharter	0.7135331260513257	NA	1	0.791945631838743	NA	1	0.7527393789450343	NA	1	0.7796115036287595	NA	1	0.7718702459079116	NA	1	0.7757408747683356	NA	1	0.9374150397129256	NA	1	0.764240126856685	NA	1	0.8219650978087651	NA	1	expression_driven	1000	Mouse Brain	CellCharter	Scanpy Cell Ranger
MouseBrainSerialSections	scanpy_cell_ranger	1000	scvi	0.7292037151379811	NA	1	0.7839665375790511	NA	1	0.7565851263585162	NA	1	0.7463439036810149	NA	1	0.8648018234014903	NA	1	0.8055728635412526	NA	1	0.9450533544749252	NA	1	0.7810789949498844	NA	1	0.8357371147915647	NA	1	expression_driven	1000	Mouse Brain	scVI	Scanpy Cell Ranger
MouseBrainSerialSections	scanpy_cell_ranger	10000	cellcharter	0.6016326879540447	NA	1	0.8592664367431329	NA	1	0.7304495623485887	NA	1	0.782316933278398	NA	1	0.7804036998197998	NA	1	0.781360316549099	NA	1	0.9553876175895272	NA	1	0.7559049394488438	NA	1	0.8223991654957383	NA	1	expression_driven	10000	Mouse Brain	CellCharter	Scanpy Cell Ranger
MouseBrainSerialSections	scanpy_cell_ranger	10000	scvi	0.3059727353077877	NA	1	0.5282327173515786	NA	1	0.4171027263296831	NA	1	0.574534066124665	NA	1	0.4776327388179745	NA	1	0.5260834024713197	NA	1	0.8691092515063503	NA	1	0.4715930644005014	NA	1	0.604098460102451	NA	1	expression_driven	10000	Mouse Brain	scVI	Scanpy Cell Ranger
MouseBrainSerialSections	scanpy_cell_ranger	200	cellcharter	0.726688713504831	NA	1	0.7339904080605333	NA	1	0.7303395607826821	NA	1	0.7555675487998051	NA	1	0.7165490217602954	NA	1	0.7360582852800504	NA	1	0.922123488523536	NA	1	0.7331989230313662	NA	1	0.7961737781954228	NA	1	expression_driven	200	Mouse Brain	CellCharter	Scanpy Cell Ranger
MouseBrainSerialSections	scanpy_cell_ranger	200	scvi	0.7703341031292839	NA	1	0.7127160131163812	NA	1	0.7415250581228325	NA	1	0.7196367243648374	NA	1	0.7674828152110725	NA	1	0.743559769787955	NA	1	0.9126550255744186	NA	1	0.7425424139553938	NA	1	0.799246617828402	NA	1	expression_driven	200	Mouse Brain	scVI	Scanpy Cell Ranger
MouseBrainSerialSections	scanpy_cell_ranger	2000	cellcharter	0.7059814122755753	0.00938789114513639	3	0.7968768213645997	0.00701155029693905	3	0.7514291168200874	0.0049771813481855	3	0.7765883542167895	9.8042825317672e-4	3	0.7731379523538472	0.01222940633765346	3	0.7748631532853182	0.00568910674000479	3	0.9561304674621908	0.01034406689982945	3	0.7631461350527028	9.8490311448663e-4	3	0.8274742458558655	0.00368465615265681	3	expression_driven	2000	Mouse Brain	CellCharter	Scanpy Cell Ranger
MouseBrainSerialSections	scanpy_cell_ranger	2000	scvi	0.7102254730158468	0.01151980056312701	3	0.8091157754438166	0.01945157384341124	3	0.7596706242298318	0.01548439783466453	3	0.7499211414509418	0.00993234307098161	3	0.9209242275680432	0.01158085567984759	3	0.8354226845094925	0.00422004629937762	3	0.9636388866168804	0.00977966299625833	3	0.7975466543696621	0.00852042578588368	3	0.8529107317854017	0.00244471102270306	3	expression_driven	2000	Mouse Brain	scVI	Scanpy Cell Ranger
MouseBrainSerialSections	scanpy_cell_ranger	500	cellcharter	0.7269781339437558	NA	1	0.8024697790960259	NA	1	0.7647239565198909	NA	1	0.768377001717034	NA	1	0.7653905452837173	NA	1	0.7668837735003757	NA	1	0.929332810240892	NA	1	0.7658038650101333	NA	1	0.8203135134203862	NA	1	expression_driven	500	Mouse Brain	CellCharter	Scanpy Cell Ranger
MouseBrainSerialSections	scanpy_cell_ranger	500	scvi	0.7428308716624933	NA	1	0.7158095828079079	NA	1	0.7293202272352006	NA	1	0.744233887842269	NA	1	0.8654126295087974	NA	1	0.8048232586755332	NA	1	0.9321432504739232	NA	1	0.7670717429553668	NA	1	0.8220955787948857	NA	1	expression_driven	500	Mouse Brain	scVI	Scanpy Cell Ranger
MouseBrainSerialSections	scanpy_cell_ranger	5000	cellcharter	0.6778195422816996	NA	1	0.8124133729774331	NA	1	0.7451164576295664	NA	1	0.7881567097602105	NA	1	0.8068091757139951	NA	1	0.7974829427371029	NA	1	0.959730416301274	NA	1	0.7712997001833346	NA	1	0.8341099388893144	NA	1	expression_driven	5000	Mouse Brain	CellCharter	Scanpy Cell Ranger
MouseBrainSerialSections	scanpy_cell_ranger	5000	scvi	0.42350669839123656	NA	1	0.6511937109079666	NA	1	0.5373502046496016	NA	1	0.6971201465897087	NA	1	0.6721681027534241	NA	1	0.6846441246715664	NA	1	0.8465780645530416	NA	1	0.6109971646605841	NA	1	0.6895241312914032	NA	1	expression_driven	5000	Mouse Brain	scVI	Scanpy Cell Ranger
MouseBrainSerialSections	scanpy_cell_ranger_batch	100	cellcharter	0.7158393874829037	NA	1	0.7601506517733597	NA	1	0.7379950196281317	NA	1	0.7410725416681329	NA	1	0.6336535523600044	NA	1	0.6873630470140686	NA	1	0.910968586772438	NA	1	0.7126790333211002	NA	1	0.7787755511382128	NA	1	expression_driven	100	Mouse Brain	CellCharter	Scanpy Cell Ranger, batch
MouseBrainSerialSections	scanpy_cell_ranger_batch	100	scvi	0.7653999827065068	NA	1	0.6960283234631632	NA	1	0.730714153084835	NA	1	0.6941431862093314	NA	1	0.7682297923200321	NA	1	0.7311864892646818	NA	1	0.8911840321518711	NA	1	0.7309503211747583	NA	1	0.7843615581671294	NA	1	expression_driven	100	Mouse Brain	scVI	Scanpy Cell Ranger, batch
MouseBrainSerialSections	scanpy_cell_ranger_batch	1000	cellcharter	0.7048313097890199	NA	1	0.7929304367527148	NA	1	0.7488808732708674	NA	1	0.7745220149104171	NA	1	0.7760877408599124	NA	1	0.7753048778851648	NA	1	0.9412821138176438	NA	1	0.7620928755780161	NA	1	0.821822621657892	NA	1	expression_driven	1000	Mouse Brain	CellCharter	Scanpy Cell Ranger, batch
MouseBrainSerialSections	scanpy_cell_ranger_batch	1000	scvi	0.7348294913138962	NA	1	0.7728734816203895	NA	1	0.7538514864671428	NA	1	0.7520642080779455	NA	1	0.8423767230849784	NA	1	0.7972204655814619	NA	1	0.9471434072041672	NA	1	0.7755359760243024	NA	1	0.8327384530842572	NA	1	expression_driven	1000	Mouse Brain	scVI	Scanpy Cell Ranger, batch
MouseBrainSerialSections	scanpy_cell_ranger_batch	10000	cellcharter	0.6113221870968355	NA	1	0.833698737134327	NA	1	0.7225104621155812	NA	1	0.7827833507774731	NA	1	0.8045218083170727	NA	1	0.7936525795472729	NA	1	0.962005098590151	NA	1	0.7580815208314271	NA	1	0.8260560467510017	NA	1	expression_driven	10000	Mouse Brain	CellCharter	Scanpy Cell Ranger, batch
MouseBrainSerialSections	scanpy_cell_ranger_batch	10000	scvi	0.2877555328966677	NA	1	0.5511956291331512	NA	1	0.41947558101490945	NA	1	0.5914911072095287	NA	1	0.510026947006788	NA	1	0.5507590271081584	NA	1	0.8345215667601564	NA	1	0.4851173040615339	NA	1	0.6015853916277414	NA	1	expression_driven	10000	Mouse Brain	scVI	Scanpy Cell Ranger, batch
MouseBrainSerialSections	scanpy_cell_ranger_batch	200	cellcharter	0.7224525793196821	NA	1	0.740576067185374	NA	1	0.7315143232525281	NA	1	0.7593635966557987	NA	1	0.6777978528463776	NA	1	0.7185807247510881	NA	1	0.9160438919505368	NA	1	0.7250475240018082	NA	1	0.7887129799847177	NA	1	expression_driven	200	Mouse Brain	CellCharter	Scanpy Cell Ranger, batch
MouseBrainSerialSections	scanpy_cell_ranger_batch	200	scvi	0.7582138163948519	NA	1	0.7189597118333322	NA	1	0.738586764114092	NA	1	0.716133098104681	NA	1	0.8455594275099929	NA	1	0.7808462628073369	NA	1	0.9025309197910352	NA	1	0.7597165134607144	NA	1	0.8073213155708214	NA	1	expression_driven	200	Mouse Brain	scVI	Scanpy Cell Ranger, batch
MouseBrainSerialSections	scanpy_cell_ranger_batch	2000	cellcharter	0.7072864660774149	0.00562242209218245	3	0.7972975279293867	0.00448168447385838	3	0.7522919970034009	0.00503087788148156	3	0.7767433032215663	0.00258438035742945	3	0.7804486568429722	0.02819488644050951	3	0.7785959800322692	0.01535327464059029	3	0.957678078122095	0.00857231297269697	3	0.765443988517835	0.0092589570594702	3	0.8295220183859217	0.00898735211235307	3	expression_driven	2000	Mouse Brain	CellCharter	Scanpy Cell Ranger, batch
MouseBrainSerialSections	scanpy_cell_ranger_batch	2000	scvi	0.7038737231685271	0.01347699131539849	3	0.800600436967693	0.00725777769584983	3	0.7522370800681101	0.0073751713132917	3	0.750078353465503	0.00321220183560968	3	0.8952926751275231	0.04723609936362297	3	0.8226855142965132	0.02473249487025496	3	0.9648000219819672	0.00695739870666491	3	0.7874612971823116	0.01604053911485714	3	0.8465742054488635	0.0085267111569083	3	expression_driven	2000	Mouse Brain	scVI	Scanpy Cell Ranger, batch
MouseBrainSerialSections	scanpy_cell_ranger_batch	500	cellcharter	0.7038736145184061	NA	1	0.7994539822685681	NA	1	0.7516637983934871	NA	1	0.770162978013734	NA	1	0.7375037059180862	NA	1	0.7538333419659101	NA	1	0.93092435099338	NA	1	0.7527485701796985	NA	1	0.8121404971175923	NA	1	expression_driven	500	Mouse Brain	CellCharter	Scanpy Cell Ranger, batch
MouseBrainSerialSections	scanpy_cell_ranger_batch	500	scvi	0.7513065311989986	NA	1	0.7495503905867832	NA	1	0.7504284608928908	NA	1	0.7368506974741432	NA	1	0.8526496957840761	NA	1	0.7947501966291097	NA	1	0.9308875515533312	NA	1	0.7725893287610003	NA	1	0.8253554030251106	NA	1	expression_driven	500	Mouse Brain	scVI	Scanpy Cell Ranger, batch
MouseBrainSerialSections	scanpy_cell_ranger_batch	5000	cellcharter	0.6910981527917966	NA	1	0.7877467976103273	NA	1	0.739422475201062	NA	1	0.7833201451636539	NA	1	0.7504028309544917	NA	1	0.7668614880590727	NA	1	0.9545596049374322	NA	1	0.7531419816300673	NA	1	0.8202811893991889	NA	1	expression_driven	5000	Mouse Brain	CellCharter	Scanpy Cell Ranger, batch
MouseBrainSerialSections	scanpy_cell_ranger_batch	5000	scvi	0.6436579634577756	NA	1	0.7831522131502637	NA	1	0.7134050883040197	NA	1	0.7003128839180222	NA	1	0.7811404350604342	NA	1	0.7407266594892281	NA	1	0.9205644936294796	NA	1	0.7270658738966239	NA	1	0.7915654138075757	NA	1	expression_driven	5000	Mouse Brain	scVI	Scanpy Cell Ranger, batch
MouseBrainSerialSections	scanpy_pearson	100	cellcharter	0.5796398591492975	NA	1	0.7897848787411434	NA	1	0.6847123689452205	NA	1	0.7596146072141602	NA	1	0.7507646578675771	NA	1	0.7551896325408687	NA	1	0.9222263277795616	NA	1	0.7199510007430445	NA	1	0.7873761097552169	NA	1	expression_driven	100	Mouse Brain	CellCharter	Scanpy Pearson
MouseBrainSerialSections	scanpy_pearson	100	scvi	0.7015096513507788	NA	1	0.7667119057089631	NA	1	0.7341107785298709	NA	1	0.716240349166835	NA	1	0.8180413407462814	NA	1	0.7671408449565582	NA	1	0.9341196546581748	NA	1	0.7506258117432145	NA	1	0.8117904260482014	NA	1	expression_driven	100	Mouse Brain	scVI	Scanpy Pearson
MouseBrainSerialSections	scanpy_pearson	1000	cellcharter	0.5445096726740877	NA	1	0.8673918676299655	NA	1	0.7059507701520266	NA	1	0.7803524135538064	NA	1	0.8131122330868031	NA	1	0.7967323233203047	NA	1	0.9450073507282932	NA	1	0.7513415467361657	NA	1	0.8158968147335415	NA	1	expression_driven	1000	Mouse Brain	CellCharter	Scanpy Pearson
MouseBrainSerialSections	scanpy_pearson	1000	scvi	0.45859562438721085	NA	1	0.6951277662612392	NA	1	0.576861695324225	NA	1	0.6890879661444936	NA	1	0.8986621072483181	NA	1	0.7938750366964058	NA	1	0.8563387702800089	NA	1	0.6853683660103154	NA	1	0.7423585007668798	NA	1	expression_driven	1000	Mouse Brain	scVI	Scanpy Pearson
MouseBrainSerialSections	scanpy_pearson	10000	cellcharter	0.5634086578849202	NA	1	0.8530902400314253	NA	1	0.7082494489581728	NA	1	0.7683217817527943	NA	1	0.7918474895935449	NA	1	0.7800846356731697	NA	1	0.9399599662279878	NA	1	0.7441670423156712	NA	1	0.8094313502864434	NA	1	expression_driven	10000	Mouse Brain	CellCharter	Scanpy Pearson
MouseBrainSerialSections	scanpy_pearson	10000	scvi	0.1980563232805322	NA	1	0.5469172745195611	NA	1	0.37248679890004666	NA	1	0.6313210472996627	NA	1	0.5057034649329426	NA	1	0.5685122561163026	NA	1	0.6256330681305086	NA	1	0.47049952750817464	NA	1	0.5222107077156193	NA	1	expression_driven	10000	Mouse Brain	scVI	Scanpy Pearson
MouseBrainSerialSections	scanpy_pearson	200	cellcharter	0.5606818709576658	NA	1	0.8120387125318489	NA	1	0.6863602917447573	NA	1	0.76352588125072	NA	1	0.7977626393806359	NA	1	0.7806442603156779	NA	1	0.935301139528186	NA	1	0.7335022760302177	NA	1	0.8007685638628738	NA	1	expression_driven	200	Mouse Brain	CellCharter	Scanpy Pearson
MouseBrainSerialSections	scanpy_pearson	200	scvi	0.6685999228256765	NA	1	0.7530476158697925	NA	1	0.7108237693477345	NA	1	0.7570963046405182	NA	1	0.9104779321713812	NA	1	0.8337871184059498	NA	1	0.9341630016042431	NA	1	0.7723054438768422	NA	1	0.8262579631193092	NA	1	expression_driven	200	Mouse Brain	scVI	Scanpy Pearson
MouseBrainSerialSections	scanpy_pearson	2000	cellcharter	0.5577163379903022	0.0089277777336497	3	0.8467541354494582	0.0102844563554936	3	0.7022352367198802	0.00657027159025727	3	0.7895644572805343	0.00399736936396858	3	0.8127523435118396	5.4755390239782e-4	3	0.8011584003961869	0.00180212701917922	3	0.9672037900996096	0.01106650081900644	3	0.7516968185580337	0.00414998784809841	3	0.8235324757385589	0.00153391433523833	3	expression_driven	2000	Mouse Brain	CellCharter	Scanpy Pearson
MouseBrainSerialSections	scanpy_pearson	2000	scvi	0.20319150332380717	0.07175609878622285	3	0.5443023704421089	0.07381335137140793	3	0.373746936882958	0.01151162376859672	3	0.6500243785659446	0.11561608772417042	3	0.6127849156804315	0.20232760556044943	3	0.6314046471231881	0.15887750257666053	3	0.5744502757376041	0.15133434646674743	3	0.502575792003073	0.08033525326303212	3	0.5265339532479167	0.00316762377338749	3	expression_driven	2000	Mouse Brain	scVI	Scanpy Pearson
MouseBrainSerialSections	scanpy_pearson	500	cellcharter	0.5652722498761529	NA	1	0.8118145078971702	NA	1	0.6885433788866615	NA	1	0.7775663021970317	NA	1	0.8111492903200541	NA	1	0.7943577962585429	NA	1	0.9429565010556542	NA	1	0.7414505875726022	NA	1	0.8086192254002862	NA	1	expression_driven	500	Mouse Brain	CellCharter	Scanpy Pearson
MouseBrainSerialSections	scanpy_pearson	500	scvi	0.6163356340551344	NA	1	0.7746617823729389	NA	1	0.6954987082140367	NA	1	0.7275290467331045	NA	1	0.9294990543107768	NA	1	0.8285140505219406	NA	1	0.9417453945760546	NA	1	0.7620063793679887	NA	1	0.8219193844373439	NA	1	expression_driven	500	Mouse Brain	scVI	Scanpy Pearson
MouseBrainSerialSections	scanpy_pearson	5000	cellcharter	0.5840782198480838	NA	1	0.860673050721914	NA	1	0.7223756352849989	NA	1	0.778345894333734	NA	1	0.8708394979734893	NA	1	0.8245926961536116	NA	1	0.9545654029580372	NA	1	0.7734841657193052	NA	1	0.8338445781322159	NA	1	expression_driven	5000	Mouse Brain	CellCharter	Scanpy Pearson
MouseBrainSerialSections	scanpy_pearson	5000	scvi	0.07227168358479563	NA	1	0.6194774463503058	NA	1	0.3458745649675507	NA	1	0.719103852064391	NA	1	0.6786668290571933	NA	1	0.6988853405607922	NA	1	0.31104913262213335	NA	1	0.5223799527641715	NA	1	0.4519363460501588	NA	1	expression_driven	5000	Mouse Brain	scVI	Scanpy Pearson
MouseBrainSerialSections	scanpy_pearson_batch	100	cellcharter	0.5827069240222253	NA	1	0.7992529021279811	NA	1	0.6909799130751032	NA	1	0.7588070169174488	NA	1	0.8588245228584159	NA	1	0.8088157698879324	NA	1	0.918581297480792	NA	1	0.7498978414815178	NA	1	0.8061256601479426	NA	1	expression_driven	100	Mouse Brain	CellCharter	Scanpy Pearson, batch
MouseBrainSerialSections	scanpy_pearson_batch	100	scvi	0.6926366487317123	NA	1	0.7848896662294206	NA	1	0.7387631574805664	NA	1	0.7335875822696577	NA	1	0.8552451664465957	NA	1	0.7944163743581267	NA	1	0.932085074079235	NA	1	0.7665897659193466	NA	1	0.8217548686393094	NA	1	expression_driven	100	Mouse Brain	scVI	Scanpy Pearson, batch
MouseBrainSerialSections	scanpy_pearson_batch	1000	cellcharter	0.5299227966128829	NA	1	0.8739330378264913	NA	1	0.7019279172196871	NA	1	0.779282722597944	NA	1	0.8886680983908175	NA	1	0.8339754104943807	NA	1	0.9404198323868044	NA	1	0.7679516638570338	NA	1	0.8254410533669573	NA	1	expression_driven	1000	Mouse Brain	CellCharter	Scanpy Pearson, batch
MouseBrainSerialSections	scanpy_pearson_batch	1000	scvi	0.5086179234246379	NA	1	0.7131292254417836	NA	1	0.6108735744332108	NA	1	0.7128004235734874	NA	1	0.8642896282131042	NA	1	0.7885450258932958	NA	1	0.8756128585244345	NA	1	0.6997093001632533	NA	1	0.7583438196169804	NA	1	expression_driven	1000	Mouse Brain	scVI	Scanpy Pearson, batch
MouseBrainSerialSections	scanpy_pearson_batch	10000	cellcharter	0.5696391353177463	NA	1	0.858486882534071	NA	1	0.7140630089259087	NA	1	0.7771983853943402	NA	1	0.8271857172630919	NA	1	0.802192051328716	NA	1	0.9496704367032384	NA	1	0.7581275301273123	NA	1	0.821975165652621	NA	1	expression_driven	10000	Mouse Brain	CellCharter	Scanpy Pearson, batch
MouseBrainSerialSections	scanpy_pearson_batch	10000	scvi	0.20867807645494263	NA	1	0.6007600375304761	NA	1	0.4047190569927094	NA	1	0.6428484071049673	NA	1	0.4976487085417488	NA	1	0.570248557823358	NA	1	0.6999598872930597	NA	1	0.4874838074080337	NA	1	0.558309167369709	NA	1	expression_driven	10000	Mouse Brain	scVI	Scanpy Pearson, batch
MouseBrainSerialSections	scanpy_pearson_batch	200	cellcharter	0.5568290102239372	NA	1	0.817062351337945	NA	1	0.6869456807809411	NA	1	0.7598767064017599	NA	1	0.881266785163535	NA	1	0.8205717457826474	NA	1	0.9409603493419229	NA	1	0.7537587132817942	NA	1	0.8161592586351704	NA	1	expression_driven	200	Mouse Brain	CellCharter	Scanpy Pearson, batch
MouseBrainSerialSections	scanpy_pearson_batch	200	scvi	0.6499380932288482	NA	1	0.8238925712222109	NA	1	0.7369153322255295	NA	1	0.7469399627084656	NA	1	0.9320560487079086	NA	1	0.8394980057081871	NA	1	0.9316060221884296	NA	1	0.7882066689668583	NA	1	0.8360064533740488	NA	1	expression_driven	200	Mouse Brain	scVI	Scanpy Pearson, batch
MouseBrainSerialSections	scanpy_pearson_batch	2000	cellcharter	0.5590334063553808	0.00479431414844343	3	0.8398305821342396	0.00801956409285323	3	0.6994319942448102	0.00609006231444693	3	0.7878014759608877	0.00124063574062005	3	0.8044143710961985	0.0115299969143718	3	0.7961079235285432	0.00540091826477462	3	0.9662051563127833	0.00969947740606767	3	0.7477699588866766	3.8378940881731e-4	3	0.8205816913620456	0.00312160390524036	3	expression_driven	2000	Mouse Brain	CellCharter	Scanpy Pearson, batch
MouseBrainSerialSections	scanpy_pearson_batch	2000	scvi	0.259247270152079	0.0640321108385468	3	0.5209619454414577	0.08273508719748532	3	0.3901046077967683	0.07286060949506883	3	0.6055216214929585	0.04297882590216724	3	0.4772243767759971	0.05472103845986344	3	0.5413729991344779	0.02297114043290776	3	0.7004365926605741	0.14915087389716314	3	0.4657388034656231	0.03772383735539321	3	0.54397139986394	0.07279127247584903	3	expression_driven	2000	Mouse Brain	scVI	Scanpy Pearson, batch
MouseBrainSerialSections	scanpy_pearson_batch	500	cellcharter	0.5529283928926025	NA	1	0.8437410325573305	NA	1	0.6983347127249665	NA	1	0.7803323895959298	NA	1	0.812658626093282	NA	1	0.7964955078446059	NA	1	0.9370175774577112	NA	1	0.7474151102847861	NA	1	0.8106159326757613	NA	1	expression_driven	500	Mouse Brain	CellCharter	Scanpy Pearson, batch
MouseBrainSerialSections	scanpy_pearson_batch	500	scvi	0.638617922861369	NA	1	0.7559295947014304	NA	1	0.6972737587813997	NA	1	0.7413869286016048	NA	1	0.8301407032427073	NA	1	0.785763815922156	NA	1	0.9458031078822856	NA	1	0.7415187873517779	NA	1	0.8096135608619471	NA	1	expression_driven	500	Mouse Brain	scVI	Scanpy Pearson, batch
MouseBrainSerialSections	scanpy_pearson_batch	5000	cellcharter	0.5814446328715474	NA	1	0.8725176837605931	NA	1	0.7269811583160702	NA	1	0.7755901192506213	NA	1	0.8571272803461685	NA	1	0.8163586997983949	NA	1	0.958742030555498	NA	1	0.7716699290572326	NA	1	0.834027296223321	NA	1	expression_driven	5000	Mouse Brain	CellCharter	Scanpy Pearson, batch
MouseBrainSerialSections	scanpy_pearson_batch	5000	scvi	0.03383822281454785	NA	1	0.5368703464841977	NA	1	0.2853542846493728	NA	1	0.7502794774519351	NA	1	0.871213279516146	NA	1	0.8107463784840405	NA	1	0.41968892628649834	NA	1	0.5480503315667067	NA	1	0.505263196473304	NA	1	expression_driven	5000	Mouse Brain	scVI	Scanpy Pearson, batch
MouseBrainSerialSections	scanpy_seurat	100	cellcharter	0.7314796688449257	NA	1	0.7991771492417479	NA	1	0.7653284090433368	NA	1	0.7243292983724867	NA	1	0.5564010301274349	NA	1	0.6403651642499608	NA	1	0.90631667590243	NA	1	0.7028467866466488	NA	1	0.7706700830652427	NA	1	expression_driven	100	Mouse Brain	CellCharter	Scanpy Seurat
MouseBrainSerialSections	scanpy_seurat	100	scvi	0.7940613113660836	NA	1	0.6812388171762872	NA	1	0.7376500642711854	NA	1	0.6055458384453005	NA	1	0.5953650145659333	NA	1	0.6004554265056169	NA	1	0.8439321977402728	NA	1	0.6690527453884012	NA	1	0.7273458961723583	NA	1	expression_driven	100	Mouse Brain	scVI	Scanpy Seurat
MouseBrainSerialSections	scanpy_seurat	1000	cellcharter	0.6932141445899124	NA	1	0.7700951418201021	NA	1	0.7316546432050073	NA	1	0.7665434594060409	NA	1	0.7501347746506735	NA	1	0.7583391170283571	NA	1	0.93611972729112	NA	1	0.7449968801166822	NA	1	0.808704495841495	NA	1	expression_driven	1000	Mouse Brain	CellCharter	Scanpy Seurat
MouseBrainSerialSections	scanpy_seurat	1000	scvi	0.7282094815454808	NA	1	0.7322346089863291	NA	1	0.730222045265905	NA	1	0.7437297541005657	NA	1	0.8891054116875268	NA	1	0.8164175828940463	NA	1	0.941348799025444	NA	1	0.7733198140799756	NA	1	0.829329475728465	NA	1	expression_driven	1000	Mouse Brain	scVI	Scanpy Seurat
MouseBrainSerialSections	scanpy_seurat	10000	cellcharter	0.5551795865872	NA	1	0.8588748219782737	NA	1	0.7070272042827368	NA	1	0.7740234837902061	NA	1	0.8852918192359471	NA	1	0.8296576515130767	NA	1	0.9526511669454644	NA	1	0.7683424278979067	NA	1	0.8297786742470926	NA	1	expression_driven	10000	Mouse Brain	CellCharter	Scanpy Seurat
MouseBrainSerialSections	scanpy_seurat	10000	scvi	0.1628975186754841	NA	1	0.6296251886809356	NA	1	0.39626135367820986	NA	1	0.738617244054454	NA	1	0.6335089219218772	NA	1	0.6860630829881655	NA	1	0.6763169020615771	NA	1	0.5411622183331877	NA	1	0.5862137795759842	NA	1	expression_driven	10000	Mouse Brain	scVI	Scanpy Seurat
MouseBrainSerialSections	scanpy_seurat	200	cellcharter	0.7132333696066759	NA	1	0.7835555858355128	NA	1	0.7483944777210944	NA	1	0.7362788795928782	NA	1	0.6547791538397005	NA	1	0.6955290167162893	NA	1	0.91685204967129	NA	1	0.7219617472186919	NA	1	0.786925181369558	NA	1	expression_driven	200	Mouse Brain	CellCharter	Scanpy Seurat
MouseBrainSerialSections	scanpy_seurat	200	scvi	0.7529965190017571	NA	1	0.7130412339927549	NA	1	0.73301887649725606	NA	1	0.6663131461808051	NA	1	0.6484106635802325	NA	1	0.6573619048805188	NA	1	0.870297058685908	NA	1	0.6951903906888874	NA	1	0.7535592800212276	NA	1	expression_driven	200	Mouse Brain	scVI	Scanpy Seurat
MouseBrainSerialSections	scanpy_seurat	2000	cellcharter	0.6809100506077912	0.01022335789449244	3	0.8103085073589386	0.01635367080925151	3	0.7456092789833649	0.00803574278940861	3	0.7719341508953365	0.00196905649173905	3	0.7829160930120729	0.01082057268076185	3	0.7774251219537046	0.00449404437167814	3	0.9627789051449094	0.01247427306046202	3	0.7615172004685347	0.00617156826622923	3	0.8286044353606595	0.00804841651616593	3	expression_driven	2000	Mouse Brain	CellCharter	Scanpy Seurat
MouseBrainSerialSections	scanpy_seurat	2000	scvi	0.6976967194799283	4.9698727189619e-4	3	0.7825503851229824	0.00762854943846211	3	0.7401235523014553	0.00406276290785032	3	0.736080697802211	0.00459130684600395	3	0.8820331239598072	0.01214464658730754	3	0.8090569108810092	0.00834273487702858	3	0.9493701143610896	0.01216019285289585	3	0.7745902315912322	0.00606308177168754	3	0.8328501925145179	0.00681459234740261	3	expression_driven	2000	Mouse Brain	scVI	Scanpy Seurat
MouseBrainSerialSections	scanpy_seurat	500	cellcharter	0.6903341753731052	NA	1	0.7805164486920898	NA	1	0.7354253120325975	NA	1	0.7539085722481156	NA	1	0.6697439371727237	NA	1	0.7118262547104197	NA	1	0.936252099074882	NA	1	0.7236257833715086	NA	1	0.7945012219392997	NA	1	expression_driven	500	Mouse Brain	CellCharter	Scanpy Seurat
MouseBrainSerialSections	scanpy_seurat	500	scvi	0.7386209922735054	NA	1	0.7365526697621518	NA	1	0.7375868310178286	NA	1	0.6934652564545943	NA	1	0.8317283003655982	NA	1	0.7625967784100962	NA	1	0.9117528370626916	NA	1	0.7500918047139624	NA	1	0.8039788154968721	NA	1	expression_driven	500	Mouse Brain	scVI	Scanpy Seurat
MouseBrainSerialSections	scanpy_seurat	5000	cellcharter	0.5958185768914834	NA	1	0.85092629613805	NA	1	0.7233724365147667	NA	1	0.7881721434656802	NA	1	0.8145387719267496	NA	1	0.801355457696215	NA	1	0.9588862789951323	NA	1	0.7623639471054908	NA	1	0.8278713910687047	NA	1	expression_driven	5000	Mouse Brain	CellCharter	Scanpy Seurat
MouseBrainSerialSections	scanpy_seurat	5000	scvi	0.2661286718268038	NA	1	0.4757413015433922	NA	1	0.370934986685098	NA	1	0.5793013645940142	NA	1	0.44536634582945944	NA	1	0.5123338552117368	NA	1	0.8620507408335243	NA	1	0.44163442094841743	NA	1	0.5817731942434531	NA	1	expression_driven	5000	Mouse Brain	scVI	Scanpy Seurat
MouseBrainSerialSections	scanpy_seurat_batch	100	cellcharter	0.7440362116873718	NA	1	0.7678587995554953	NA	1	0.7559475056214335	NA	1	0.727014911153649	NA	1	0.6511808776302275	NA	1	0.6890978943919382	NA	1	0.9058998296500218	NA	1	0.7225227000066858	NA	1	0.7836484098877978	NA	1	expression_driven	100	Mouse Brain	CellCharter	Scanpy Seurat, batch
MouseBrainSerialSections	scanpy_seurat_batch	100	scvi	0.7861381258932059	NA	1	0.6821344444688637	NA	1	0.7341362851810348	NA	1	0.6501497136330084	NA	1	0.6713946597388734	NA	1	0.6607721866859408	NA	1	0.8480710012327582	NA	1	0.6974542359334879	NA	1	0.7476598243665781	NA	1	expression_driven	100	Mouse Brain	scVI	Scanpy Seurat, batch
MouseBrainSerialSections	scanpy_seurat_batch	1000	cellcharter	0.681921058536289	NA	1	0.7927976282577819	NA	1	0.7373593433970355	NA	1	0.7668959109582826	NA	1	0.7984658110399134	NA	1	0.7826808609990981	NA	1	0.9461364056674522	NA	1	0.7600201021980668	NA	1	0.8220588700211953	NA	1	expression_driven	1000	Mouse Brain	CellCharter	Scanpy Seurat, batch
MouseBrainSerialSections	scanpy_seurat_batch	1000	scvi	0.7366037713724919	NA	1	0.7332026379347983	NA	1	0.7349032046536451	NA	1	0.7240325514978011	NA	1	0.8999206020094297	NA	1	0.8119765767536153	NA	1	0.9330897830797542	NA	1	0.7734398907036302	NA	1	0.8266565214956715	NA	1	expression_driven	1000	Mouse Brain	scVI	Scanpy Seurat, batch
MouseBrainSerialSections	scanpy_seurat_batch	10000	cellcharter	0.5549351572174488	NA	1	0.8767155913444791	NA	1	0.7158253742809639	NA	1	0.7739915506427361	NA	1	0.8613269745519869	NA	1	0.8176592625973615	NA	1	0.9542533825031996	NA	1	0.7667423184391627	NA	1	0.8292460064605084	NA	1	expression_driven	10000	Mouse Brain	CellCharter	Scanpy Seurat, batch
MouseBrainSerialSections	scanpy_seurat_batch	10000	scvi	0.17407376893688625	NA	1	0.6631972852529529	NA	1	0.4186355270949196	NA	1	0.6721216602557164	NA	1	0.5177884728292939	NA	1	0.5949550665425052	NA	1	0.6493245492673325	NA	1	0.5067952968187124	NA	1	0.5543050476349191	NA	1	expression_driven	10000	Mouse Brain	scVI	Scanpy Seurat, batch
MouseBrainSerialSections	scanpy_seurat_batch	200	cellcharter	0.6891256319413428	NA	1	0.7531961043906642	NA	1	0.7211608681660036	NA	1	0.7377235619398824	NA	1	0.7281422958107505	NA	1	0.7329329288753165	NA	1	0.9296115400755692	NA	1	0.72704689852066	NA	1	0.7945684457056297	NA	1	expression_driven	200	Mouse Brain	CellCharter	Scanpy Seurat, batch
MouseBrainSerialSections	scanpy_seurat_batch	200	scvi	0.7538422047647915	NA	1	0.6950312398011975	NA	1	0.7244367222829945	NA	1	0.6731926402490629	NA	1	0.7539147668135895	NA	1	0.7135537035313262	NA	1	0.9055475434929292	NA	1	0.7189952129071604	NA	1	0.7811793231024167	NA	1	expression_driven	200	Mouse Brain	scVI	Scanpy Seurat, batch
MouseBrainSerialSections	scanpy_seurat_batch	2000	cellcharter	0.6038836105581683	0.03116150845175049	3	0.8159565232329519	0.01399671581979774	3	0.7099200668955601	0.01472783333380321	3	0.7776542653596992	0.00430253806079173	3	0.7934754526144171	0.02317014272255583	3	0.7855648589870582	0.01239936891080978	3	0.9651697260304402	0.00695236332167126	3	0.7477424629413091	0.01356316926552521	3	0.8202182173043528	0.00739184743883003	3	expression_driven	2000	Mouse Brain	CellCharter	Scanpy Seurat, batch
MouseBrainSerialSections	scanpy_seurat_batch	2000	scvi	0.5109544070771724	0.15960778423344762	3	0.6721592571931841	0.1008622778662827	3	0.5915568321351783	0.130164156143077	3	0.6941610056053534	0.05597282626247866	3	0.7794081131466631	0.1875597352146259	3	0.7367845593760083	0.12165802080140845	3	0.8774009946492054	0.08230140820897541	3	0.6641706957555932	0.1255270202618143	3	0.7352474620534638	0.11100201209651038	3	expression_driven	2000	Mouse Brain	scVI	Scanpy Seurat, batch
MouseBrainSerialSections	scanpy_seurat_batch	500	cellcharter	0.6712847161507303	NA	1	0.7774080879748179	NA	1	0.7243464020627741	NA	1	0.7585288931706121	NA	1	0.7400757591828666	NA	1	0.7493023261767393	NA	1	0.9325795000847428	NA	1	0.7368243641197567	NA	1	0.8020760761080853	NA	1	expression_driven	500	Mouse Brain	CellCharter	Scanpy Seurat, batch
MouseBrainSerialSections	scanpy_seurat_batch	500	scvi	0.7424319066147789	NA	1	0.7139008858502477	NA	1	0.7281663962325133	NA	1	0.7132748955256792	NA	1	0.8767840025246891	NA	1	0.7950294490251841	NA	1	0.9261818077234978	NA	1	0.7615979226288487	NA	1	0.8164592176603985	NA	1	expression_driven	500	Mouse Brain	scVI	Scanpy Seurat, batch
MouseBrainSerialSections	scanpy_seurat_batch	5000	cellcharter	0.5953121386675966	NA	1	0.8739648069944403	NA	1	0.7346384728310185	NA	1	0.7770426019170226	NA	1	0.8853326208014682	NA	1	0.8311876113592453	NA	1	0.9563531926042864	NA	1	0.7829130420951319	NA	1	0.8407264255981834	NA	1	expression_driven	5000	Mouse Brain	CellCharter	Scanpy Seurat, batch
MouseBrainSerialSections	scanpy_seurat_batch	5000	scvi	0.12968842734424935	NA	1	0.6092923803687725	NA	1	0.36949040385651094	NA	1	0.7745588075692617	NA	1	0.6883068411470645	NA	1	0.7314328243581631	NA	1	0.3643419542351346	NA	1	0.5504616141073371	NA	1	0.4884217274832696	NA	1	expression_driven	5000	Mouse Brain	scVI	Scanpy Seurat, batch
MouseBrainSerialSections	scanpy_seurat_v3	100	cellcharter	0.7128796111836415	NA	1	0.7358157829772725	NA	1	0.724347697080457	NA	1	0.7460403161774393	NA	1	0.6292589019059105	NA	1	0.6876496090416748	NA	1	0.9200481336115558	NA	1	0.7059986530610659	NA	1	0.7773484799112292	NA	1	expression_driven	100	Mouse Brain	CellCharter	Scanpy Seurat v3
MouseBrainSerialSections	scanpy_seurat_v3	100	scvi	0.7726018978944053	NA	1	0.6879495751043233	NA	1	0.7302757364993643	NA	1	0.6174308201375993	NA	1	0.6555234659151872	NA	1	0.6364771430263932	NA	1	0.9010184196977056	NA	1	0.6833764397628788	NA	1	0.755923766407821	NA	1	expression_driven	100	Mouse Brain	scVI	Scanpy Seurat v3
MouseBrainSerialSections	scanpy_seurat_v3	1000	cellcharter	0.7102900178919376	NA	1	0.7946250130911316	NA	1	0.7524575154915346	NA	1	0.7856152961217457	NA	1	0.7802831357675899	NA	1	0.7829492159446678	NA	1	0.9475949618524802	NA	1	0.7677033657181012	NA	1	0.8276672310962274	NA	1	expression_driven	1000	Mouse Brain	CellCharter	Scanpy Seurat v3
MouseBrainSerialSections	scanpy_seurat_v3	1000	scvi	0.7134065864224091	NA	1	0.7964937027048189	NA	1	0.754950144563614	NA	1	0.7592465210657937	NA	1	0.9238969769936785	NA	1	0.8415717490297361	NA	1	0.9410241665961256	NA	1	0.798260946796675	NA	1	0.8458486867298252	NA	1	expression_driven	1000	Mouse Brain	scVI	Scanpy Seurat v3
MouseBrainSerialSections	scanpy_seurat_v3	10000	cellcharter	0.6004476812398116	NA	1	0.8600792566595142	NA	1	0.730263468949663	NA	1	0.7751706146147418	NA	1	0.7959806066940371	NA	1	0.7855756106543894	NA	1	0.9512544955285656	NA	1	0.7579195398020262	NA	1	0.8223645250442061	NA	1	expression_driven	10000	Mouse Brain	CellCharter	Scanpy Seurat v3
MouseBrainSerialSections	scanpy_seurat_v3	10000	scvi	0.13866305595335932	NA	1	0.6863951708308769	NA	1	0.41252911339211806	NA	1	0.7659899063091836	NA	1	0.7966605539562405	NA	1	0.781325230132712	NA	1	0.7643391948943659	NA	1	0.596927171762415	NA	1	0.6527311794730654	NA	1	expression_driven	10000	Mouse Brain	scVI	Scanpy Seurat v3
MouseBrainSerialSections	scanpy_seurat_v3	200	cellcharter	0.7104676927262533	NA	1	0.7628633794342483	NA	1	0.7366655360802508	NA	1	0.7623166793637521	NA	1	0.7951588719240834	NA	1	0.7787377756439178	NA	1	0.933221927583108	NA	1	0.7577016558620843	NA	1	0.8162084131024255	NA	1	expression_driven	200	Mouse Brain	CellCharter	Scanpy Seurat v3
MouseBrainSerialSections	scanpy_seurat_v3	200	scvi	0.7478799714087399	NA	1	0.7106326378924166	NA	1	0.7292563046505782	NA	1	0.6865800406160694	NA	1	0.7242968696514933	NA	1	0.7054384551337813	NA	1	0.913705685154594	NA	1	0.7173473798921798	NA	1	0.7828001483129845	NA	1	expression_driven	200	Mouse Brain	scVI	Scanpy Seurat v3
MouseBrainSerialSections	scanpy_seurat_v3	2000	cellcharter	0.6769305986514175	0.00963926519948849	3	0.7940938275579484	0.0187397532512702	3	0.7355122131046828	0.0057846722507632	3	0.7857099783820046	0.00458012082525303	3	0.8022571711602441	0.00413202338064107	3	0.7939835747711244	0.00182943148901476	3	0.9537928198162868	0.00880569174459988	3	0.7647478939379037	0.00302219738788473	3	0.8277628692306981	0.00373417462419875	3	expression_driven	2000	Mouse Brain	CellCharter	Scanpy Seurat v3
MouseBrainSerialSections	scanpy_seurat_v3	2000	scvi	0.5895133327548011	0.15671174363542975	3	0.7620072807465199	0.01806305024336263	3	0.6757603067506605	0.08578451255448886	3	0.7316817795227379	0.01478183182824458	3	0.7718897019701133	0.05933107759624168	3	0.7517857407464256	0.03075878417458193	3	0.9272793444907464	0.04149930241640676	3	0.713773023748543	0.05469801120795845	3	0.7849417973292775	0.04980399515793179	3	expression_driven	2000	Mouse Brain	scVI	Scanpy Seurat v3
MouseBrainSerialSections	scanpy_seurat_v3	500	cellcharter	0.7054106761920491	NA	1	0.7860432212588792	NA	1	0.7457269487254641	NA	1	0.7755550359031435	NA	1	0.8079614920799376	NA	1	0.7917582639915406	NA	1	0.9486199144833444	NA	1	0.7687426063585023	NA	1	0.8287017090667831	NA	1	expression_driven	500	Mouse Brain	CellCharter	Scanpy Seurat v3
MouseBrainSerialSections	scanpy_seurat_v3	500	scvi	0.7265352605377939	NA	1	0.7739165359887564	NA	1	0.7502258982632752	NA	1	0.7379354949761034	NA	1	0.7728749365535696	NA	1	0.7554052157648365	NA	1	0.9475491709643916	NA	1	0.7528155570140559	NA	1	0.8177267616641678	NA	1	expression_driven	500	Mouse Brain	scVI	Scanpy Seurat v3
MouseBrainSerialSections	scanpy_seurat_v3	5000	cellcharter	0.6201695267256533	NA	1	0.8432815666544873	NA	1	0.7317255466900703	NA	1	0.7846170231169757	NA	1	0.8109005257049378	NA	1	0.7977587744109567	NA	1	0.9574632353861022	NA	1	0.7647421605505135	NA	1	0.8289825188290431	NA	1	expression_driven	5000	Mouse Brain	CellCharter	Scanpy Seurat v3
MouseBrainSerialSections	scanpy_seurat_v3	5000	scvi	0.31922277978332614	NA	1	0.6683202772195986	NA	1	0.4937715285014624	NA	1	0.7032631318068184	NA	1	0.7145458366468895	NA	1	0.7089044842268539	NA	1	0.8845236032252701	NA	1	0.6013380063641581	NA	1	0.6957332053178621	NA	1	expression_driven	5000	Mouse Brain	scVI	Scanpy Seurat v3
MouseBrainSerialSections	scanpy_seurat_v3_batch	100	cellcharter	0.695871676480331	NA	1	0.7385928249171645	NA	1	0.7172322506987477	NA	1	0.7616393160688374	NA	1	0.6349866387421916	NA	1	0.6983129774055146	NA	1	0.9240598211257456	NA	1	0.7077726140521312	NA	1	0.7798683497433361	NA	1	expression_driven	100	Mouse Brain	CellCharter	Scanpy Seurat v3, batch
MouseBrainSerialSections	scanpy_seurat_v3_batch	100	scvi	0.7693854320654095	NA	1	0.7107954064172008	NA	1	0.7400904192413051	NA	1	0.6766834848862174	NA	1	0.6853477111354944	NA	1	0.6810155980108559	NA	1	0.9087085534539694	NA	1	0.7105530086260805	NA	1	0.7766048569020434	NA	1	expression_driven	100	Mouse Brain	scVI	Scanpy Seurat v3, batch
MouseBrainSerialSections	scanpy_seurat_v3_batch	1000	cellcharter	0.6877286776304121	NA	1	0.7903709617355397	NA	1	0.7390498196829759	NA	1	0.779802860493526	NA	1	0.8144794294238389	NA	1	0.7971411449586825	NA	1	0.9387667427233696	NA	1	0.7680954823208292	NA	1	0.8249859024550094	NA	1	expression_driven	1000	Mouse Brain	CellCharter	Scanpy Seurat v3, batch
MouseBrainSerialSections	scanpy_seurat_v3_batch	1000	scvi	0.6948878265974552	NA	1	0.7557683302128207	NA	1	0.7253280784051379	NA	1	0.7420135620947294	NA	1	0.83905828185451	NA	1	0.7905359219746197	NA	1	0.9412258283780676	NA	1	0.7579320001898788	NA	1	0.8190299429192751	NA	1	expression_driven	1000	Mouse Brain	scVI	Scanpy Seurat v3, batch
MouseBrainSerialSections	scanpy_seurat_v3_batch	10000	cellcharter	0.5932198519743554	NA	1	0.851268012738093	NA	1	0.7222439323562242	NA	1	0.7752691612698083	NA	1	0.8130765783630001	NA	1	0.7941728698164041	NA	1	0.9483455115020882	NA	1	0.7582084010863142	NA	1	0.8215874378915723	NA	1	expression_driven	10000	Mouse Brain	CellCharter	Scanpy Seurat v3, batch
MouseBrainSerialSections	scanpy_seurat_v3_batch	10000	scvi	0.05784019168379675	NA	1	0.581087596093501	NA	1	0.3194638938886489	NA	1	0.7684270639692826	NA	1	0.8363215084321753	NA	1	0.802374286200729	NA	1	0.6224613361864798	NA	1	0.560919090044689	NA	1	0.5814331720919527	NA	1	expression_driven	10000	Mouse Brain	scVI	Scanpy Seurat v3, batch
MouseBrainSerialSections	scanpy_seurat_v3_batch	200	cellcharter	0.6774597318846749	NA	1	0.7896497643112114	NA	1	0.7335547480979432	NA	1	0.7671174457101845	NA	1	0.7900617461146529	NA	1	0.7785895959124187	NA	1	0.9243219476545608	NA	1	0.756072172005181	NA	1	0.8121554305549742	NA	1	expression_driven	200	Mouse Brain	CellCharter	Scanpy Seurat v3, batch
MouseBrainSerialSections	scanpy_seurat_v3_batch	200	scvi	0.732544290631712	NA	1	0.7171253226050256	NA	1	0.7248348066183687	NA	1	0.7215419614655486	NA	1	0.825136455865774	NA	1	0.7733392086656613	NA	1	0.9179705062548572	NA	1	0.7490870076420151	NA	1	0.8053815071796292	NA	1	expression_driven	200	Mouse Brain	scVI	Scanpy Seurat v3, batch
MouseBrainSerialSections	scanpy_seurat_v3_batch	2000	cellcharter	0.6261292649208133	0.01271736659474286	3	0.8298229649174284	0.02349960486796258	3	0.7279761149191208	0.00778077412981317	3	0.7885037534978974	0.00196419911563767	3	0.8119937268889066	0.00210433602355043	3	0.800248740193402	0.0015163678426826	3	0.9584277060889465	0.00682311627026752	3	0.7641124275562614	0.00454800377876821	3	0.8288841870671565	0.00463940305409051	3	expression_driven	2000	Mouse Brain	CellCharter	Scanpy Seurat v3, batch
MouseBrainSerialSections	scanpy_seurat_v3_batch	2000	scvi	0.3971870886139273	0.13413154349583428	3	0.669516419726618	0.07449403785665118	3	0.5333517541702727	0.10258264820258056	3	0.7143292538661455	0.04900840124823163	3	0.6766120307767208	0.2587182145003569	3	0.6954706423214332	0.1538623474565105	3	0.8192581270151842	0.0992386776750038	3	0.614411198245853	0.1208675223549366	3	0.68269350783563	0.11212494397195012	3	expression_driven	2000	Mouse Brain	scVI	Scanpy Seurat v3, batch
MouseBrainSerialSections	scanpy_seurat_v3_batch	500	cellcharter	0.6868467794211306	NA	1	0.7906064804232263	NA	1	0.7387266299221784	NA	1	0.7763362599237494	NA	1	0.7807718611260723	NA	1	0.7785540605249108	NA	1	0.937111004753842	NA	1	0.7586403452235446	NA	1	0.8181305650669771	NA	1	expression_driven	500	Mouse Brain	CellCharter	Scanpy Seurat v3, batch
MouseBrainSerialSections	scanpy_seurat_v3_batch	500	scvi	0.7203854348749756	NA	1	0.7640459553848801	NA	1	0.7422156951299279	NA	1	0.7381357039629827	NA	1	0.8767474162873055	NA	1	0.8074415601251441	NA	1	0.9448446141891916	NA	1	0.774828627627536	NA	1	0.8315006231480879	NA	1	expression_driven	500	Mouse Brain	scVI	Scanpy Seurat v3, batch
MouseBrainSerialSections	scanpy_seurat_v3_batch	5000	cellcharter	0.6052907289922622	NA	1	0.8454972539727761	NA	1	0.7253939914825192	NA	1	0.7787536166421253	NA	1	0.8389425482149349	NA	1	0.80884808242853	NA	1	0.9508868298155462	NA	1	0.7671210369555246	NA	1	0.8283763012421984	NA	1	expression_driven	5000	Mouse Brain	CellCharter	Scanpy Seurat v3, batch
MouseBrainSerialSections	scanpy_seurat_v3_batch	5000	scvi	0.18641388766122996	NA	1	0.4886229994490948	NA	1	0.33751844355516236	NA	1	0.5818010160504175	NA	1	0.37821767520650984	NA	1	0.4800093456284637	NA	1	0.75394031552916	NA	1	0.408763894591813	NA	1	0.5238227015709286	NA	1	expression_driven	5000	Mouse Brain	scVI	Scanpy Seurat v3, batch
MouseBrainSerialSections	scry	100	cellcharter	0.5699382231583257	NA	1	0.8128701917012825	NA	1	0.6914042074298041	NA	1	0.7600347316947436	NA	1	0.8146942833759683	NA	1	0.7873645075353559	NA	1	0.9414478021863	NA	1	0.73938435748258	NA	1	0.8067388390504867	NA	1	expression_driven	100	Mouse Brain	CellCharter	scry
MouseBrainSerialSections	scry	100	scvi	0.6900554415067077	NA	1	0.8327419219703921	NA	1	0.7613986817385499	NA	1	0.7131248574567731	NA	1	0.8561137129527585	NA	1	0.7846192852047658	NA	1	0.9486578897875309	NA	1	0.7730089834716578	NA	1	0.831558618910282	NA	1	expression_driven	100	Mouse Brain	scVI	scry
MouseBrainSerialSections	scry	1000	cellcharter	0.5519541491827794	NA	1	0.848398011987002	NA	1	0.7001760805848907	NA	1	0.7853528264549308	NA	1	0.8065345478402512	NA	1	0.795943687147591	NA	1	0.9584405845292348	NA	1	0.7480598838662409	NA	1	0.8181867840872389	NA	1	expression_driven	1000	Mouse Brain	CellCharter	scry
MouseBrainSerialSections	scry	1000	scvi	0.5460049486626503	NA	1	0.7546384844041387	NA	1	0.6503217165333945	NA	1	0.7451286825873392	NA	1	0.8323479965343419	NA	1	0.7887383395608405	NA	1	0.9073967276037754	NA	1	0.7195300280471175	NA	1	0.7821522612326701	NA	1	expression_driven	1000	Mouse Brain	scVI	scry
MouseBrainSerialSections	scry	10000	cellcharter	0.5895944870618683	NA	1	0.8130974430505296	NA	1	0.701345965056199	NA	1	0.768274526333388	NA	1	0.7807341865173252	NA	1	0.7745043564253566	NA	1	0.9272517469516556	NA	1	0.7379251607407777	NA	1	0.8010340228110703	NA	1	expression_driven	10000	Mouse Brain	CellCharter	scry
MouseBrainSerialSections	scry	10000	scvi	0.07835596673358565	NA	1	0.5826371395079639	NA	1	0.3304965531207748	NA	1	0.6767782692460798	NA	1	0.4654460332201773	NA	1	0.5711121512331285	NA	1	0.5512424606186717	NA	1	0.4508043521769517	NA	1	0.48428372165752503	NA	1	expression_driven	10000	Mouse Brain	scVI	scry
MouseBrainSerialSections	scry	200	cellcharter	0.5496914859701383	NA	1	0.8472429081054121	NA	1	0.6984671970377752	NA	1	0.7629860253563931	NA	1	0.8281014738016714	NA	1	0.7955437495790323	NA	1	0.9384763724024888	NA	1	0.7470054733084037	NA	1	0.8108291063397655	NA	1	expression_driven	200	Mouse Brain	CellCharter	scry
MouseBrainSerialSections	scry	200	scvi	0.6734512705119988	NA	1	0.8535972903565425	NA	1	0.7635242804342707	NA	1	0.732598431651743	NA	1	0.8884541478962706	NA	1	0.8105262897740069	NA	1	0.9576540321174462	NA	1	0.7870252851041388	NA	1	0.8439015341085746	NA	1	expression_driven	200	Mouse Brain	scVI	scry
MouseBrainSerialSections	scry	2000	cellcharter	0.5776101725002483	0.01020698617735597	3	0.8681993358895427	0.02038927014149043	3	0.7229047541948955	0.01480332726644069	3	0.7765719688251657	0.00113956530652206	3	0.8539567785463377	0.02640247165563041	3	0.8152643736857517	0.01271601875795599	3	0.9649846692516336	0.00567860752308623	3	0.7690845639403235	0.001630407830478	3	0.8343845990440936	0.00223734229814417	3	expression_driven	2000	Mouse Brain	CellCharter	scry
MouseBrainSerialSections	scry	2000	scvi	0.2417080108861985	0.09149934158862484	3	0.5279600286305242	0.09658722727460116	3	0.38483401975836135	0.01509934244724012	3	0.5665543568503985	0.10863811100436606	3	0.4127373429509625	0.10221727388717472	3	0.4896458499006804	0.10542654757822308	3	0.5677885391895645	0.24795436512374405	3	0.4372399348295209	0.05410114411574743	3	0.48075613628286873	0.04665652340779788	3	expression_driven	2000	Mouse Brain	scVI	scry
MouseBrainSerialSections	scry	500	cellcharter	0.5483612381628857	NA	1	0.8286869149306749	NA	1	0.6885240765467804	NA	1	0.7805199096172245	NA	1	0.8175417606181214	NA	1	0.7990308351176729	NA	1	0.9486491051421118	NA	1	0.7437774558322267	NA	1	0.8120680056021884	NA	1	expression_driven	500	Mouse Brain	CellCharter	scry
MouseBrainSerialSections	scry	500	scvi	0.610108048576484	NA	1	0.7873660591646231	NA	1	0.6987370538705535	NA	1	0.7411070935669427	NA	1	0.9365905790784114	NA	1	0.838848836322677	NA	1	0.9285622515348888	NA	1	0.7687929450966153	NA	1	0.8220493805760398	NA	1	expression_driven	500	Mouse Brain	scVI	scry
MouseBrainSerialSections	scry	5000	cellcharter	0.6035438475941066	NA	1	0.8410803645048617	NA	1	0.7223121060494841	NA	1	0.7746213995588228	NA	1	0.7991272393765878	NA	1	0.7868743194677053	NA	1	0.9428686018331244	NA	1	0.7545932127585947	NA	1	0.8173516757834379	NA	1	expression_driven	5000	Mouse Brain	CellCharter	scry
MouseBrainSerialSections	scry	5000	scvi	0.12370433614174414	NA	1	0.5840832287230893	NA	1	0.3538937824324167	NA	1	0.6993531498948262	NA	1	0.453582538650941	NA	1	0.5764678442728837	NA	1	0.6616285137030959	NA	1	0.46518081335265016	NA	1	0.5306633801361321	NA	1	expression_driven	5000	Mouse Brain	scVI	scry
MouseBrainSerialSections	seurat_disp	100	cellcharter	0.5792490241857309	NA	1	0.7785371325032506	NA	1	0.6788930783444908	NA	1	0.7483341858595209	NA	1	0.7224559509120595	NA	1	0.7353950683857902	NA	1	0.9216627801031866	NA	1	0.7071440733651404	NA	1	0.7786503089444891	NA	1	expression_driven	100	Mouse Brain	CellCharter	Seurat Dispersion
MouseBrainSerialSections	seurat_disp	100	scvi	0.7355851407822428	NA	1	0.7918886633379036	NA	1	0.7637369020600733	NA	1	0.6578796389056553	NA	1	0.7920700916448171	NA	1	0.7249748652752361	NA	1	0.9285282249720304	NA	1	0.7443558836676547	NA	1	0.8057466641024466	NA	1	expression_driven	100	Mouse Brain	scVI	Seurat Dispersion
MouseBrainSerialSections	seurat_disp	1000	cellcharter	0.5583060985380447	NA	1	0.8415078670984917	NA	1	0.6999069828182682	NA	1	0.7621907553452437	NA	1	0.7383921780111496	NA	1	0.7502914666781967	NA	1	0.9428083315652164	NA	1	0.7250992247482324	NA	1	0.7976689270205605	NA	1	expression_driven	1000	Mouse Brain	CellCharter	Seurat Dispersion
MouseBrainSerialSections	seurat_disp	1000	scvi	0.5089536902878056	NA	1	0.7400438004786727	NA	1	0.6244987453832391	NA	1	0.6533420689110359	NA	1	0.8760716715462151	NA	1	0.7647068702286255	NA	1	0.9106266735984794	NA	1	0.6946028078059323	NA	1	0.7666107630701147	NA	1	expression_driven	1000	Mouse Brain	scVI	Seurat Dispersion
MouseBrainSerialSections	seurat_disp	10000	cellcharter	0.5834812169514518	NA	1	0.8346717993531174	NA	1	0.7090765081522846	NA	1	0.7752470207592886	NA	1	0.8203502152689517	NA	1	0.7977986180141201	NA	1	0.9457097863459788	NA	1	0.7534375630832024	NA	1	0.8175283041707946	NA	1	expression_driven	10000	Mouse Brain	CellCharter	Seurat Dispersion
MouseBrainSerialSections	seurat_disp	10000	scvi	0.0764623791738567	NA	1	0.5754671082496615	NA	1	0.3259647437117591	NA	1	0.681662123841028	NA	1	0.4614540603017484	NA	1	0.5715580920713882	NA	1	0.24873938797731465	NA	1	0.4487614178915736	NA	1	0.38208740792015394	NA	1	expression_driven	10000	Mouse Brain	scVI	Seurat Dispersion
MouseBrainSerialSections	seurat_disp	200	cellcharter	0.583910736438435	NA	1	0.8078382806023691	NA	1	0.6958745085204021	NA	1	0.7574032296696985	NA	1	0.7725133511771236	NA	1	0.7649582904234111	NA	1	0.9455046591388784	NA	1	0.7304163994719066	NA	1	0.8021124860275638	NA	1	expression_driven	200	Mouse Brain	CellCharter	Seurat Dispersion
MouseBrainSerialSections	seurat_disp	200	scvi	0.7100211391197249	NA	1	0.8121401918329553	NA	1	0.76108066547634	NA	1	0.7118989319402509	NA	1	0.8837384567110811	NA	1	0.797818694325666	NA	1	0.951742865388564	NA	1	0.779449679901003	NA	1	0.83688074173019	NA	1	expression_driven	200	Mouse Brain	scVI	Seurat Dispersion
MouseBrainSerialSections	seurat_disp	2000	cellcharter	0.576139266441522	0.0130738801486115	3	0.8548213263589038	0.012636484262689	3	0.7154802964002128	0.01079379993759847	3	0.7807176376917666	0.00392495186728657	3	0.7999436586221575	0.00731297888122132	3	0.7903306481569622	0.0042538104541172	3	0.9705461439455038	0.00579812467281544	3	0.7529054722785876	0.00490922870890128	3	0.8254523628342264	0.00281443220933043	3	expression_driven	2000	Mouse Brain	CellCharter	Seurat Dispersion
MouseBrainSerialSections	seurat_disp	2000	scvi	0.3397964073746708	0.11134282622488398	3	0.5968776038583855	0.12443922609476794	3	0.46833700561652813	0.11785705112908072	3	0.6075233356538283	0.08580821128178842	3	0.5770531512003262	0.2069261846104848	3	0.5922882434270772	0.14590346327076523	3	0.7646337998232751	0.13379622374191646	3	0.5303126245218027	0.13157036280712373	3	0.6084196829556269	0.13214248576111928	3	expression_driven	2000	Mouse Brain	scVI	Seurat Dispersion
MouseBrainSerialSections	seurat_disp	500	cellcharter	0.5628677039793747	NA	1	0.8153440718788226	NA	1	0.6891058879290987	NA	1	0.7706445214213815	NA	1	0.8406485326091313	NA	1	0.8056465270152564	NA	1	0.9444815824411066	NA	1	0.7473762074721775	NA	1	0.8130779991284872	NA	1	expression_driven	500	Mouse Brain	CellCharter	Seurat Dispersion
MouseBrainSerialSections	seurat_disp	500	scvi	0.6455309188946359	NA	1	0.8050436024735469	NA	1	0.7252872606840914	NA	1	0.7505598545570719	NA	1	0.8667255665293042	NA	1	0.808642710543188	NA	1	0.9388766461396874	NA	1	0.7669649856136398	NA	1	0.8242688724556556	NA	1	expression_driven	500	Mouse Brain	scVI	Seurat Dispersion
MouseBrainSerialSections	seurat_disp	5000	cellcharter	0.5824717050739927	NA	1	0.8763660414601897	NA	1	0.7294188732670912	NA	1	0.7729291736130678	NA	1	0.872725603134149	NA	1	0.8228273883736084	NA	1	0.9495414288622924	NA	1	0.7761231308203498	NA	1	0.833929230167664	NA	1	expression_driven	5000	Mouse Brain	CellCharter	Seurat Dispersion
MouseBrainSerialSections	seurat_disp	5000	scvi	0.22620972196010963	NA	1	0.4756640553678051	NA	1	0.3509368886639574	NA	1	0.5957435268810104	NA	1	0.46758083227867464	NA	1	0.5316621795798425	NA	1	0.497194671642729	NA	1	0.44129953412189993	NA	1	0.45993124662884294	NA	1	expression_driven	5000	Mouse Brain	scVI	Seurat Dispersion
MouseBrainSerialSections	seurat_mvp	100	cellcharter	0.6897507705835966	NA	1	0.7688393017582673	NA	1	0.7292950361709319	NA	1	0.7479171454290702	NA	1	0.6903902698287065	NA	1	0.7191537076288883	NA	1	0.9287560112030367	NA	1	0.7242243718999102	NA	1	0.7924015850009525	NA	1	expression_driven	100	Mouse Brain	CellCharter	Seurat MVP
MouseBrainSerialSections	seurat_mvp	100	scvi	0.7796535140790972	NA	1	0.7065157870635185	NA	1	0.7430846505713078	NA	1	0.6663693708220084	NA	1	0.7207598330162541	NA	1	0.6935646019191313	NA	1	0.9117298026314558	NA	1	0.7183246262452195	NA	1	0.782793018373965	NA	1	expression_driven	100	Mouse Brain	scVI	Seurat MVP
MouseBrainSerialSections	seurat_mvp	1000	cellcharter	0.6896083144396737	NA	1	0.811543830413836	NA	1	0.750576072426755	NA	1	0.7681634246009802	NA	1	0.8001147827762944	NA	1	0.7841391036886374	NA	1	0.9440406197569482	NA	1	0.7673575880576962	NA	1	0.8262519319574468	NA	1	expression_driven	1000	Mouse Brain	CellCharter	Seurat MVP
MouseBrainSerialSections	seurat_mvp	1000	scvi	0.7095698512098069	NA	1	0.7948309924753574	NA	1	0.7522004218425822	NA	1	0.7389347029450821	NA	1	0.879706970789909	NA	1	0.8093208368674956	NA	1	0.9476868410610688	NA	1	0.7807606293550389	NA	1	0.8364026999237155	NA	1	expression_driven	1000	Mouse Brain	scVI	Seurat MVP
MouseBrainSerialSections	seurat_mvp	10000	cellcharter	0.6859990661988723	NA	1	0.7953856408718271	NA	1	0.7406923535353497	NA	1	0.7776891261623889	NA	1	0.7782556605325137	NA	1	0.7779723933474514	NA	1	0.9441475926776	NA	1	0.7593323734414006	NA	1	0.8209374465201337	NA	1	expression_driven	10000	Mouse Brain	CellCharter	Seurat MVP
MouseBrainSerialSections	seurat_mvp	10000	scvi	0.6965175564897138	NA	1	0.7827171509645844	NA	1	0.7396173537271491	NA	1	0.741210638361065	NA	1	0.8620565748905791	NA	1	0.8016336066258221	NA	1	0.9515141027359776	NA	1	0.7706254801764856	NA	1	0.8309216876963162	NA	1	expression_driven	10000	Mouse Brain	scVI	Seurat MVP
MouseBrainSerialSections	seurat_mvp	200	cellcharter	0.688469861616251	NA	1	0.7750002119158294	NA	1	0.7317350367660402	NA	1	0.7610214667769144	NA	1	0.7846896778218035	NA	1	0.772855572299359	NA	1	0.937209934293196	NA	1	0.7522953045326997	NA	1	0.8139335144528651	NA	1	expression_driven	200	Mouse Brain	CellCharter	Seurat MVP
MouseBrainSerialSections	seurat_mvp	200	scvi	0.7539862707514893	NA	1	0.7259682178084783	NA	1	0.7399772442799838	NA	1	0.7058731613953128	NA	1	0.8069862608321302	NA	1	0.7564297111137215	NA	1	0.9161045071763384	NA	1	0.7482034776968527	NA	1	0.804170487523348	NA	1	expression_driven	200	Mouse Brain	scVI	Seurat MVP
MouseBrainSerialSections	seurat_mvp	2000	cellcharter	0.6719226862301974	0.01443479652348365	3	0.8048701079728735	0.01604948955793556	3	0.7383963971015354	0.01094145001794377	3	0.7738221376936026	0.00335388253182494	3	0.7812840898948225	0.00530702110142251	3	0.7775531137942125	0.00224511167928074	3	0.9573986048651998	0.01150289757577403	3	0.757974755447874	0.00659308899744713	3	0.824449371920316	0.00507404181085423	3	expression_driven	2000	Mouse Brain	CellCharter	Seurat MVP
MouseBrainSerialSections	seurat_mvp	2000	scvi	0.6911859654505541	0.00954988110932837	3	0.7745903758465107	0.0091507382922404509	3	0.7328881706485323	0.00918839901940218	3	0.7350640626059602	0.00573841607190712	3	0.8512320937252421	0.02285039339991907	3	0.7931480781656012	0.01364003598893871	3	0.9493866690653254	0.00209597132716562	3	0.7630181244070667	0.00694377393497019	3	0.8251409726264862	0.00531850060970161	3	expression_driven	2000	Mouse Brain	scVI	Seurat MVP
MouseBrainSerialSections	seurat_mvp	500	cellcharter	0.6870253478558843	NA	1	0.7927376262323561	NA	1	0.7398814870441202	NA	1	0.7711310959805139	NA	1	0.79218219564501835	NA	1	0.7816566458127661	NA	1	0.9498221017866004	NA	1	0.7607690664284431	NA	1	0.8237867448811622	NA	1	expression_driven	500	Mouse Brain	CellCharter	Seurat MVP
MouseBrainSerialSections	seurat_mvp	500	scvi	0.7230048664931702	NA	1	0.7666284433053449	NA	1	0.7448166548992575	NA	1	0.7285482762504377	NA	1	0.8720250028564147	NA	1	0.8002866395534263	NA	1	0.9417983910743464	NA	1	0.7725516472263418	NA	1	0.8289672285090101	NA	1	expression_driven	500	Mouse Brain	scVI	Seurat MVP
MouseBrainSerialSections	seurat_mvp	5000	cellcharter	0.6859990661988723	NA	1	0.7953856408718271	NA	1	0.7406923535353497	NA	1	0.7776891261623889	NA	1	0.7782556605325137	NA	1	0.7779723933474514	NA	1	0.9441475926776	NA	1	0.7593323734414006	NA	1	0.8209374465201337	NA	1	expression_driven	5000	Mouse Brain	CellCharter	Seurat MVP
MouseBrainSerialSections	seurat_mvp	5000	scvi	0.6965175564897138	NA	1	0.7827171509645844	NA	1	0.7396173537271491	NA	1	0.741210638361065	NA	1	0.8620565748905791	NA	1	0.8016336066258221	NA	1	0.9515141027359776	NA	1	0.7706254801764856	NA	1	0.8309216876963162	NA	1	expression_driven	5000	Mouse Brain	scVI	Seurat MVP
MouseBrainSerialSections	seurat_sct	100	cellcharter	0.6023670571583946	NA	1	0.8103617679702844	NA	1	0.7063644125643395	NA	1	0.7634632062215037	NA	1	0.7823597375919045	NA	1	0.7729114719067041	NA	1	0.9359483008919892	NA	1	0.7396379422355217	NA	1	0.8050747284543442	NA	1	expression_driven	100	Mouse Brain	CellCharter	Seurat sctransform
MouseBrainSerialSections	seurat_sct	100	scvi	0.7494235095499171	NA	1	0.7795366198691038	NA	1	0.7644800647095105	NA	1	0.7228820132863224	NA	1	0.816032900599009	NA	1	0.7694574569426658	NA	1	0.9442300275883212	NA	1	0.7669687608260881	NA	1	0.8260558497468325	NA	1	expression_driven	100	Mouse Brain	scVI	Seurat sctransform
MouseBrainSerialSections	seurat_sct	1000	cellcharter	0.610291677461218	NA	1	0.8555124995924942	NA	1	0.7329020885268561	NA	1	0.7768450382866184	NA	1	0.8305757529582986	NA	1	0.8037103956224585	NA	1	0.9550521257275176	NA	1	0.7683062420746574	NA	1	0.8305548699589442	NA	1	expression_driven	1000	Mouse Brain	CellCharter	Seurat sctransform
MouseBrainSerialSections	seurat_sct	1000	scvi	0.6515261627083943	NA	1	0.7943377661984117	NA	1	0.7229319644534029	NA	1	0.7421176086160409	NA	1	0.8314305862718254	NA	1	0.7867740974439332	NA	1	0.923090135356926	NA	1	0.7548530309486681	NA	1	0.8109320657514206	NA	1	expression_driven	1000	Mouse Brain	scVI	Seurat sctransform
MouseBrainSerialSections	seurat_sct	10000	cellcharter	0.5961761703908446	NA	1	0.838965103779924	NA	1	0.7175706370853843	NA	1	0.7545292443185777	NA	1	0.8135747938183633	NA	1	0.7840520190684706	NA	1	0.9380365857915218	NA	1	0.7508113280769274	NA	1	0.8132197473151255	NA	1	expression_driven	10000	Mouse Brain	CellCharter	Seurat sctransform
MouseBrainSerialSections	seurat_sct	10000	scvi	0.03244375824889569	NA	1	0.5440037775825218	NA	1	0.28822376791570875	NA	1	0.6445136176416638	NA	1	0.4914839605816612	NA	1	0.5679987891116625	NA	1	0.29132315714272405	NA	1	0.4281112785136856	NA	1	0.3825152380566983	NA	1	expression_driven	10000	Mouse Brain	scVI	Seurat sctransform
MouseBrainSerialSections	seurat_sct	200	cellcharter	0.6128011624919196	NA	1	0.8214502820243178	NA	1	0.7171257222581187	NA	1	0.7722923747305211	NA	1	0.7995978302055522	NA	1	0.7859451024680366	NA	1	0.9388306450826568	NA	1	0.7515354123630776	NA	1	0.8139671566029373	NA	1	expression_driven	200	Mouse Brain	CellCharter	Seurat sctransform
MouseBrainSerialSections	seurat_sct	200	scvi	0.7235780515718154	NA	1	0.7939262763329864	NA	1	0.7587521639524009	NA	1	0.7442591927395524	NA	1	0.8729301799944703	NA	1	0.8085946863670114	NA	1	0.945859735803718	NA	1	0.7836734251597062	NA	1	0.8377355287077101	NA	1	expression_driven	200	Mouse Brain	scVI	Seurat sctransform
MouseBrainSerialSections	seurat_sct	2000	cellcharter	0.5958966888970946	0.00950115625624761	3	0.8465845957996135	0.01018378144498715	3	0.721240642348354	0.00167962925960576	3	0.7883701548227969	8.3468783006434e-4	3	0.7931737624121342	0.01668742720848091	3	0.7907719586174656	0.00825228086621178	3	0.9662894311696322	0.00995647943178666	3	0.7560063004829098	0.00496328535889241	3	0.8261006773784839	0.00629174955636933	3	expression_driven	2000	Mouse Brain	CellCharter	Seurat sctransform
MouseBrainSerialSections	seurat_sct	2000	scvi	0.39283545185753993	0.11901910038767408	3	0.6841216961963914	0.05031438720352115	3	0.5384785740269656	0.08462245610047793	3	0.6721726507087569	0.08305580825307865	3	0.7238901905417797	0.144385833643954	3	0.6980314206252682	0.11315591354670054	3	0.8165984149578529	0.11318496966820986	3	0.618254997326117	0.09861810960163224	3	0.684369469870029	0.10307262681041486	3	expression_driven	2000	Mouse Brain	scVI	Seurat sctransform
MouseBrainSerialSections	seurat_sct	500	cellcharter	0.6161825329860271	NA	1	0.8212633987695397	NA	1	0.7187229658777834	NA	1	0.77883787015745	NA	1	0.7990043619118197	NA	1	0.7889211160346348	NA	1	0.9440883197882536	NA	1	0.7538220409562091	NA	1	0.8172441339002239	NA	1	expression_driven	500	Mouse Brain	CellCharter	Seurat sctransform
MouseBrainSerialSections	seurat_sct	500	scvi	0.6502355952296259	NA	1	0.8055178870320401	NA	1	0.727876741130833	NA	1	0.7653091796531363	NA	1	0.8684538198298629	NA	1	0.8168814997414996	NA	1	0.9570672591434308	NA	1	0.7723791204361663	NA	1	0.8339418333385878	NA	1	expression_driven	500	Mouse Brain	scVI	Seurat sctransform
MouseBrainSerialSections	seurat_sct	5000	cellcharter	0.6334009791454808	NA	1	0.851908358955112	NA	1	0.7426546690502964	NA	1	0.7731477275156645	NA	1	0.8163148542817096	NA	1	0.794731290898687	NA	1	0.952794171010062	NA	1	0.7686929799744917	NA	1	0.8300600436530151	NA	1	expression_driven	5000	Mouse Brain	CellCharter	Seurat sctransform
MouseBrainSerialSections	seurat_sct	5000	scvi	0.03870899259497275	NA	1	0.5541844164109622	NA	1	0.29644670450296745	NA	1	0.6750670175521499	NA	1	0.6739409351244666	NA	1	0.6745039763383083	NA	1	0.27208146431473995	NA	1	0.4854753404206379	NA	1	0.4143440483853386	NA	1	expression_driven	5000	Mouse Brain	scVI	Seurat sctransform
MouseBrainSerialSections	seurat_vst	100	cellcharter	0.7150222075583081	NA	1	0.7603579878014589	NA	1	0.7376900976798835	NA	1	0.7430690126136751	NA	1	0.6321201407094682	NA	1	0.6875945766615716	NA	1	0.9166224202045676	NA	1	0.7126423371707276	NA	1	0.7806356981820075	NA	1	expression_driven	100	Mouse Brain	CellCharter	Seurat VST
MouseBrainSerialSections	seurat_vst	100	scvi	0.7729036481202504	NA	1	0.6737570865798099	NA	1	0.7233303673500302	NA	1	0.6161558245202693	NA	1	0.6570427875290414	NA	1	0.6365993060246553	NA	1	0.8890629989574232	NA	1	0.6799648366873428	NA	1	0.7496642241107029	NA	1	expression_driven	100	Mouse Brain	scVI	Seurat VST
MouseBrainSerialSections	seurat_vst	1000	cellcharter	0.7103501540448517	NA	1	0.7950352700032773	NA	1	0.7526927120240645	NA	1	0.7855354948049039	NA	1	0.7838408762650771	NA	1	0.7846881855349905	NA	1	0.9501351962686988	NA	1	0.7686904487795275	NA	1	0.829172031275918	NA	1	expression_driven	1000	Mouse Brain	CellCharter	Seurat VST
MouseBrainSerialSections	seurat_vst	1000	scvi	0.7088049561437704	NA	1	0.796299660829906	NA	1	0.7525523084868382	NA	1	0.7593446572965993	NA	1	0.9067384491508916	NA	1	0.8330415532237454	NA	1	0.941820752248678	NA	1	0.7927969308552918	NA	1	0.8424715379864205	NA	1	expression_driven	1000	Mouse Brain	scVI	Seurat VST
MouseBrainSerialSections	seurat_vst	10000	cellcharter	0.5942145938357888	NA	1	0.8398488151268249	NA	1	0.7170317044813068	NA	1	0.7771566343851228	NA	1	0.8488208102038775	NA	1	0.8129887222945001	NA	1	0.9577881170362608	NA	1	0.7650102133879035	NA	1	0.8292695146040225	NA	1	expression_driven	10000	Mouse Brain	CellCharter	Seurat VST
MouseBrainSerialSections	seurat_vst	10000	scvi	0.1503330395696041	NA	1	0.6917882397911757	NA	1	0.4210606396803898	NA	1	0.7438888245035216	NA	1	0.7889684483625259	NA	1	0.7664286364330237	NA	1	0.7753814263016872	NA	1	0.5937446380567069	NA	1	0.654290234138367	NA	1	expression_driven	10000	Mouse Brain	scVI	Seurat VST
MouseBrainSerialSections	seurat_vst	200	cellcharter	0.7096660259982902	NA	1	0.7654650193134183	NA	1	0.7375655226558542	NA	1	0.7628756178867864	NA	1	0.7952854430474333	NA	1	0.7790805304671098	NA	1	0.9372443908312876	NA	1	0.758323026561482	NA	1	0.8179634813180838	NA	1	expression_driven	200	Mouse Brain	CellCharter	Seurat VST
MouseBrainSerialSections	seurat_vst	200	scvi	0.7455845952634328	NA	1	0.7216569301622864	NA	1	0.7336207627128596	NA	1	0.6868401601788411	NA	1	0.7280705129867105	NA	1	0.7074553365827758	NA	1	0.9094886234604268	NA	1	0.7205380496478178	NA	1	0.7835215742520208	NA	1	expression_driven	200	Mouse Brain	scVI	Seurat VST
MouseBrainSerialSections	seurat_vst	2000	cellcharter	0.6771244055770543	0.0104460512230929	3	0.7913104422543075	0.01598012037106485	3	0.7342174239156809	0.00292896194055928	3	0.7862298450768295	0.0033833141246274	3	0.80455079461226	0.00427603457274912	3	0.7953903198445448	0.00351747581960633	3	0.9569038200382656	0.0086826697706992	3	0.7648038718801128	0.00322018686320817	3	0.8288371879328303	0.00131219933898204	3	expression_driven	2000	Mouse Brain	CellCharter	Seurat VST
MouseBrainSerialSections	seurat_vst	2000	scvi	0.5921819167495489	0.1555662729526645	3	0.7707742872732862	0.02803770266454504	3	0.6814781020114177	0.09041823448944224	3	0.724438591479683	0.00839572734966936	3	0.7659580906617979	0.06720909202405391	3	0.7451983410707405	0.03550105743667414	3	0.926931904047739	0.03640852585696422	3	0.7133382215410791	0.06168871868686131	3	0.7845361157099656	0.0531281629660761	3	expression_driven	2000	Mouse Brain	scVI	Seurat VST
MouseBrainSerialSections	seurat_vst	500	cellcharter	0.7061147878115543	NA	1	0.7875610036877361	NA	1	0.7468378957496452	NA	1	0.7756739889029375	NA	1	0.8047814797157337	NA	1	0.7902277343093356	NA	1	0.9493971367735116	NA	1	0.7685328150294903	NA	1	0.8288209222774974	NA	1	expression_driven	500	Mouse Brain	CellCharter	Seurat VST
MouseBrainSerialSections	seurat_vst	500	scvi	0.7286575496982154	NA	1	0.7721752008349602	NA	1	0.7504163752665878	NA	1	0.729692120544761	NA	1	0.7850205656116038	NA	1	0.7573563430781824	NA	1	0.945781321893918	NA	1	0.7538863591723851	NA	1	0.8178513467462295	NA	1	expression_driven	500	Mouse Brain	scVI	Seurat VST
MouseBrainSerialSections	seurat_vst	5000	cellcharter	0.6118589263998341	NA	1	0.8487240312602595	NA	1	0.7302914788300467	NA	1	0.7837846060426911	NA	1	0.8141979854475697	NA	1	0.7989912957451304	NA	1	0.9538739243055112	NA	1	0.7646413872875886	NA	1	0.8277188996268962	NA	1	expression_driven	5000	Mouse Brain	CellCharter	Seurat VST
MouseBrainSerialSections	seurat_vst	5000	scvi	0.2939533217976146	NA	1	0.6285203867806926	NA	1	0.4612368542891536	NA	1	0.6121827501042719	NA	1	0.5920042122923399	NA	1	0.6020934811983059	NA	1	0.859612073328541	NA	1	0.5316651677437297	NA	1	0.6409808029386669	NA	1	expression_driven	5000	Mouse Brain	scVI	Seurat VST
MouseBrainSerialSections	singleCellHaystack	100	cellcharter	0.7241361747466508	NA	1	0.7718607159371342	NA	1	0.7479984453418925	NA	1	0.759376389394379	NA	1	0.8025466876739082	NA	1	0.7809615385341436	NA	1	0.9531176734677862	NA	1	0.7644799919380181	NA	1	0.8273592191146074	NA	1	expression_driven	100	Mouse Brain	CellCharter	singleCellHaystack
MouseBrainSerialSections	singleCellHaystack	100	scvi	0.699559420102818	NA	1	0.641578609753654	NA	1	0.670569014928236	NA	1	0.6373795810184671	NA	1	0.6409017034774698	NA	1	0.6391406422479684	NA	1	0.917555457406439	NA	1	0.6548548285881022	NA	1	0.7424217048608811	NA	1	expression_driven	100	Mouse Brain	scVI	singleCellHaystack
MouseBrainSerialSections	singleCellHaystack	1000	cellcharter	0.6426679966320689	NA	1	0.8096230641218535	NA	1	0.7261455303769612	NA	1	0.7892866056561413	NA	1	0.8439265909153266	NA	1	0.816606598285734	NA	1	0.947613229913308	NA	1	0.7713760643313476	NA	1	0.830121786192001	NA	1	expression_driven	1000	Mouse Brain	CellCharter	singleCellHaystack
MouseBrainSerialSections	singleCellHaystack	1000	scvi	0.5566031439979928	NA	1	0.6257049492270971	NA	1	0.5911540466125449	NA	1	0.7559798082762388	NA	1	0.7133034091851411	NA	1	0.73464160873069	NA	1	0.9118104465281284	NA	1	0.6628978276716174	NA	1	0.7458687006237877	NA	1	expression_driven	1000	Mouse Brain	scVI	singleCellHaystack
MouseBrainSerialSections	singleCellHaystack	10000	cellcharter	0.5920485229129508	NA	1	0.8335835236059728	NA	1	0.7128160232594618	NA	1	0.779506006193139	NA	1	0.7896995510405189	NA	1	0.784602778616829	NA	1	0.9422490729073552	NA	1	0.7487094009381454	NA	1	0.813222624927882	NA	1	expression_driven	10000	Mouse Brain	CellCharter	singleCellHaystack
MouseBrainSerialSections	singleCellHaystack	10000	scvi	0.08198323289092549	NA	1	0.6003695332025024	NA	1	0.34117638304671394	NA	1	0.7109811135872993	NA	1	0.5166870464487672	NA	1	0.6138340800180333	NA	1	0.6773427626247518	NA	1	0.4775052315323736	NA	1	0.5441177418964996	NA	1	expression_driven	10000	Mouse Brain	scVI	singleCellHaystack
MouseBrainSerialSections	singleCellHaystack	200	cellcharter	0.6989377698423875	NA	1	0.7982268838323752	NA	1	0.7485823268373814	NA	1	0.7760868808462077	NA	1	0.7931505585927533	NA	1	0.7846187197194805	NA	1	0.946682168670278	NA	1	0.766600523278431	NA	1	0.8266277384090467	NA	1	expression_driven	200	Mouse Brain	CellCharter	singleCellHaystack
MouseBrainSerialSections	singleCellHaystack	200	scvi	0.5942156516466824	NA	1	0.6090220962088755	NA	1	0.601618873927779	NA	1	0.6621724509599548	NA	1	0.6471431700503525	NA	1	0.6546578105051537	NA	1	0.9148345951063046	NA	1	0.6281383422164664	NA	1	0.7237037598464124	NA	1	expression_driven	200	Mouse Brain	scVI	singleCellHaystack
MouseBrainSerialSections	singleCellHaystack	2000	cellcharter	0.6316011492833475	0.01378803013153411	3	0.8045800120569266	0.00912864286274092	3	0.7180905806701371	0.0032987653239114	3	0.7942134490643737	0.00512528608318904	3	0.8028206220738406	0.04473266360925119	3	0.7985170355691072	0.02359466692656248	3	0.9579679721061084	0.00966515627190843	3	0.7583038081196222	0.01268585997041842	3	0.8248585294484508	0.0057649887337729204	3	expression_driven	2000	Mouse Brain	CellCharter	singleCellHaystack
MouseBrainSerialSections	singleCellHaystack	2000	scvi	0.3733886219265857	0.20423454302089977	3	0.7086102652976015	0.04767910939225134	3	0.5409994436120936	0.1138647129679728	3	0.759654972858391	0.04227815099114913	3	0.7982646910283303	0.1242124556148258	3	0.7789598319433607	0.0830630951377064	3	0.8290934718305504	0.0580434396745255	3	0.6599796377777271	0.03817491427054757	3	0.7163509157953349	0.03962442242427577	3	expression_driven	2000	Mouse Brain	scVI	singleCellHaystack
MouseBrainSerialSections	singleCellHaystack	500	cellcharter	0.654392194248764	NA	1	0.8067164591694918	NA	1	0.7305543267091279	NA	1	0.7942789902270477	NA	1	0.8046627174410919	NA	1	0.7994708538340698	NA	1	0.9432638142026885	NA	1	0.7650125902715988	NA	1	0.8244296649152952	NA	1	expression_driven	500	Mouse Brain	CellCharter	singleCellHaystack
MouseBrainSerialSections	singleCellHaystack	500	scvi	0.6146425016782459	NA	1	0.6509148701714458	NA	1	0.6327786859248459	NA	1	0.7178137964829534	NA	1	0.6730360705923073	NA	1	0.6954249335376304	NA	1	0.9231239080781092	NA	1	0.6641018097312381	NA	1	0.7504425091801951	NA	1	expression_driven	500	Mouse Brain	scVI	singleCellHaystack
MouseBrainSerialSections	singleCellHaystack	5000	cellcharter	0.6098888804769039	NA	1	0.8514825264893958	NA	1	0.7306857034831499	NA	1	0.7725862548207161	NA	1	0.7771828881601706	NA	1	0.7748845714904433	NA	1	0.9461311615010596	NA	1	0.7527851374867967	NA	1	0.8172338121582176	NA	1	expression_driven	5000	Mouse Brain	CellCharter	singleCellHaystack
MouseBrainSerialSections	singleCellHaystack	5000	scvi	0.07554187610182672	NA	1	0.6409769935699452	NA	1	0.35825943483588596	NA	1	0.7470869930434105	NA	1	0.663806912683994	NA	1	0.7054469528637023	NA	1	0.5746532845829271	NA	1	0.5318531938497941	NA	1	0.5461198907608384	NA	1	expression_driven	5000	Mouse Brain	scVI	singleCellHaystack
MouseBrainSerialSections	somde	100	cellcharter	0.5503685346591156	NA	1	0.8283822191766875	NA	1	0.6893753769179016	NA	1	0.7625093358925259	NA	1	0.7883074934907067	NA	1	0.7754084146916163	NA	1	0.9463480946136624	NA	1	0.7323918958047589	NA	1	0.8037106287410601	NA	1	spatially_informed	100	Mouse Brain	CellCharter	SOMDE
MouseBrainSerialSections	somde	100	scvi	0.6948368732361652	NA	1	0.7908700712875185	NA	1	0.7428534722618418	NA	1	0.7602110404800864	NA	1	0.8615638846763418	NA	1	0.8108874625782141	NA	1	0.9335244677253984	NA	1	0.776870467420028	NA	1	0.8290884675218182	NA	1	spatially_informed	100	Mouse Brain	scVI	SOMDE
MouseBrainSerialSections	somde	1000	cellcharter	0.5329397000842357	NA	1	0.8678533801901921	NA	1	0.7003965401372139	NA	1	0.786209567678048	NA	1	0.8272652575031949	NA	1	0.8067374125906215	NA	1	0.9535881616215232	NA	1	0.7535669763639177	NA	1	0.8202407047831195	NA	1	spatially_informed	1000	Mouse Brain	CellCharter	SOMDE
MouseBrainSerialSections	somde	1000	scvi	0.609929282115329	NA	1	0.8406362261780955	NA	1	0.7252827541467123	NA	1	0.7541718968883279	NA	1	0.8945662699749122	NA	1	0.82436908343162	NA	1	0.9461690791523316	NA	1	0.7748259187891662	NA	1	0.831940305576888	NA	1	spatially_informed	1000	Mouse Brain	scVI	SOMDE
MouseBrainSerialSections	somde	10000	cellcharter	0.5744566991282472	NA	1	0.8668025692244374	NA	1	0.7206296341763423	NA	1	0.7781403276002449	NA	1	0.8035828211957975	NA	1	0.7908615743980212	NA	1	0.940549216276706	NA	1	0.7557456042871817	NA	1	0.8173468082836898	NA	1	spatially_informed	10000	Mouse Brain	CellCharter	SOMDE
MouseBrainSerialSections	somde	10000	scvi	0.00755378218713114	NA	1	0.4926056796574432	NA	1	0.2500797309222872	NA	1	0.6659244928234848	NA	1	0.5740925014091156	NA	1	0.6200084971163002	NA	1	0.2625809486350409	NA	1	0.4350441140192937	NA	1	0.3775563922245428	NA	1	spatially_informed	10000	Mouse Brain	scVI	SOMDE
MouseBrainSerialSections	somde	200	cellcharter	0.5085720957636624	NA	1	0.8436104816312543	NA	1	0.6760912886974584	NA	1	0.7927852241409418	NA	1	0.8163604544272206	NA	1	0.8045728392840812	NA	1	0.9429753220564976	NA	1	0.7403320639907698	NA	1	0.8078798166793457	NA	1	spatially_informed	200	Mouse Brain	CellCharter	SOMDE
MouseBrainSerialSections	somde	200	scvi	0.6489328247039501	NA	1	0.8456897701345383	NA	1	0.7473112974192442	NA	1	0.7665291033663819	NA	1	0.8985870367065538	NA	1	0.8325580700364679	NA	1	0.9378302340585594	NA	1	0.789934683727856	NA	1	0.8392332005047572	NA	1	spatially_informed	200	Mouse Brain	scVI	SOMDE
MouseBrainSerialSections	somde	2000	cellcharter	0.5603408659470811	0.00853201750711784	3	0.8690254335762102	0.01095834891672211	3	0.7146831497616457	0.00948263930983977	3	0.7881406096907634	8.9202932683089e-4	3	0.8064321637125028	0.01978099483671994	3	0.7972863867016331	0.00946511895283273	3	0.961701818563086	0.0039088012109825	3	0.7559847682316394	0.0092717883068954	3	0.8245571183421215	0.00536163377330807	3	spatially_informed	2000	Mouse Brain	CellCharter	SOMDE
MouseBrainSerialSections	somde	2000	scvi	0.31037069318639404	0.04371081427024684	3	0.6407593908060891	0.07286096583695245	3	0.4755650419962416	0.05198248635934083	3	0.5874510950355212	0.05302149866191731	3	0.46390071873340744	0.1362291163559414	3	0.5256759068844643	0.09449959426893915	3	0.7949864941489647	0.04946055891415767	3	0.500620474440353	0.07175389524787179	3	0.5987424810098901	0.0411580643724081	3	spatially_informed	2000	Mouse Brain	scVI	SOMDE
MouseBrainSerialSections	somde	500	cellcharter	0.524339598359002	NA	1	0.8523053667080259	NA	1	0.6883224825335139	NA	1	0.7873822228883024	NA	1	0.8037849199407074	NA	1	0.795583571414505	NA	1	0.9452255385856564	NA	1	0.7419530269740094	NA	1	0.8097105308445585	NA	1	spatially_informed	500	Mouse Brain	CellCharter	SOMDE
MouseBrainSerialSections	somde	500	scvi	0.6357203737862896	NA	1	0.8422064587867526	NA	1	0.7389634162865211	NA	1	0.7622662943911434	NA	1	0.8457287176928159	NA	1	0.8039975060419796	NA	1	0.9404791437798932	NA	1	0.7714804611642503	NA	1	0.8278133553694645	NA	1	spatially_informed	500	Mouse Brain	scVI	SOMDE
MouseBrainSerialSections	somde	5000	cellcharter	0.5659804679578091	NA	1	0.9043149023687518	NA	1	0.7351476851632804	NA	1	0.7737408112752052	NA	1	0.8543158792265739	NA	1	0.8140283452508896	NA	1	0.9460942791046832	NA	1	0.774588015207085	NA	1	0.8317567698396178	NA	1	spatially_informed	5000	Mouse Brain	CellCharter	SOMDE
MouseBrainSerialSections	somde	5000	scvi	0.07052582155631483	NA	1	0.5984117077569521	NA	1	0.33446876465663344	NA	1	0.6758971920981333	NA	1	0.426378997337044	NA	1	0.5511380947175887	NA	1	0.21665576943472512	NA	1	0.44280342968711106	NA	1	0.3674208762696491	NA	1	spatially_informed	5000	Mouse Brain	scVI	SOMDE
MouseBrainSerialSections	sparkx	100	cellcharter	0.5705252143643293	NA	1	0.8181770973978248	NA	1	0.6943511558810771	NA	1	0.7697755762094681	NA	1	0.7433546723985089	NA	1	0.7565651243039886	NA	1	0.929926207187848	NA	1	0.7254581400925328	NA	1	0.7936141624576378	NA	1	spatially_informed	100	Mouse Brain	CellCharter	SPARK-X
MouseBrainSerialSections	sparkx	100	scvi	0.6707933852982946	NA	1	0.8188437362021564	NA	1	0.7448185607502256	NA	1	0.7430815635086878	NA	1	0.8421589818707883	NA	1	0.792620272689738	NA	1	0.931111940454434	NA	1	0.7687194167199818	NA	1	0.8228502579647992	NA	1	spatially_informed	100	Mouse Brain	scVI	SPARK-X
MouseBrainSerialSections	sparkx	1000	cellcharter	0.5819159675694474	NA	1	0.8505922496271412	NA	1	0.7162541085982943	NA	1	0.7923020707225349	NA	1	0.8270132738278595	NA	1	0.8096576722751971	NA	1	0.9452224741822344	NA	1	0.7629558904367457	NA	1	0.8237114183519086	NA	1	spatially_informed	1000	Mouse Brain	CellCharter	SPARK-X
MouseBrainSerialSections	sparkx	1000	scvi	0.36092950008727825	NA	1	0.7298712545804581	NA	1	0.5454003773338681	NA	1	0.6812544030991939	NA	1	0.6352462390302358	NA	1	0.6582503210647148	NA	1	0.8305681330994398	NA	1	0.6018253491992915	NA	1	0.6780729438326744	NA	1	spatially_informed	1000	Mouse Brain	scVI	SPARK-X
MouseBrainSerialSections	sparkx	10000	cellcharter	0.5770042565291922	NA	1	0.805242787151114	NA	1	0.691123521840153	NA	1	0.784529382112817	NA	1	0.7793616573300699	NA	1	0.7819455197214434	NA	1	0.9412552380923164	NA	1	0.7365345207807983	NA	1	0.8047747598846376	NA	1	spatially_informed	10000	Mouse Brain	CellCharter	SPARK-X
MouseBrainSerialSections	sparkx	10000	scvi	0.12360516163159405	NA	1	0.573961643800627	NA	1	0.3487834027161105	NA	1	0.7114310241634106	NA	1	0.4464885578358837	NA	1	0.5789597909996471	NA	1	0.5396679462881319	NA	1	0.4638715968578788	NA	1	0.4891370466679632	NA	1	spatially_informed	10000	Mouse Brain	scVI	SPARK-X
MouseBrainSerialSections	sparkx	200	cellcharter	0.5671593530956085	NA	1	0.8191826414361054	NA	1	0.693170997265857	NA	1	0.7858325506977476	NA	1	0.8347046630331911	NA	1	0.8102686068654694	NA	1	0.942184809944964	NA	1	0.7517198020656632	NA	1	0.8152081380254302	NA	1	spatially_informed	200	Mouse Brain	CellCharter	SPARK-X
MouseBrainSerialSections	sparkx	200	scvi	0.6317339510827673	NA	1	0.7724585316056102	NA	1	0.7020962413441887	NA	1	0.7521583261629999	NA	1	0.809921061357079	NA	1	0.7810396937600395	NA	1	0.9332737393737118	NA	1	0.7415679675521141	NA	1	0.8054698914926467	NA	1	spatially_informed	200	Mouse Brain	scVI	SPARK-X
MouseBrainSerialSections	sparkx	2000	cellcharter	0.5856846577401259	0.00641090065556966	3	0.8526535045227696	0.0147701205302536	3	0.7191690811314477	0.00521579390384377	3	0.7874367428727673	0.00829973955147195	3	0.8318105111550751	0.03842066198027216	3	0.8096236270139211	0.01609234404737555	3	0.9616892880306862	0.00906621911665761	3	0.7643963540726845	0.00598494573501353	3	0.8301606653920185	0.00569288553709392	3	spatially_informed	2000	Mouse Brain	CellCharter	SPARK-X
MouseBrainSerialSections	sparkx	2000	scvi	0.22237694164952204	0.10218492867520255	3	0.6306126083251876	0.06677072779553535	3	0.4264947749873548	0.02948326961372239	3	0.6514298452862044	0.1123492835584007	3	0.6034921441415481	0.14771790895345732	3	0.6274609947138763	0.12997353716637453	3	0.677861387268424	0.16394684991915645	3	0.5269778848506156	0.05544276898654151	3	0.5772723856565517	0.02484506225232051	3	spatially_informed	2000	Mouse Brain	scVI	SPARK-X
MouseBrainSerialSections	sparkx	500	cellcharter	0.5771662308582566	NA	1	0.8571348689539662	NA	1	0.7171505499061114	NA	1	0.7903323424408644	NA	1	0.793925177608011	NA	1	0.7921287600244377	NA	1	0.9490341275270064	NA	1	0.7546396549652745	NA	1	0.8194378124858518	NA	1	spatially_informed	500	Mouse Brain	CellCharter	SPARK-X
MouseBrainSerialSections	sparkx	500	scvi	0.6095649354976771	NA	1	0.7774704348261474	NA	1	0.6935176851619123	NA	1	0.7595461768142204	NA	1	0.8371279059307027	NA	1	0.7983370413724615	NA	1	0.9074929135966688	NA	1	0.7459273632671869	NA	1	0.7997825467103475	NA	1	spatially_informed	500	Mouse Brain	scVI	SPARK-X
MouseBrainSerialSections	sparkx	5000	cellcharter	0.56058969653778	NA	1	0.8616511065878998	NA	1	0.7111204015628398	NA	1	0.7857236194229076	NA	1	0.8445153489501177	NA	1	0.8151194841865126	NA	1	0.9448263416872364	NA	1	0.7631199428746762	NA	1	0.823688742478863	NA	1	spatially_informed	5000	Mouse Brain	CellCharter	SPARK-X
MouseBrainSerialSections	sparkx	5000	scvi	0.03000479943990896	NA	1	0.521045142400432	NA	1	0.2755249709201705	NA	1	0.6823898655880312	NA	1	0.7862508960247169	NA	1	0.7343203808063741	NA	1	0.4787191791793256	NA	1	0.5049226758632723	NA	1	0.4961881769686234	NA	1	spatially_informed	5000	Mouse Brain	scVI	SPARK-X
MouseBrainSerialSections	spatialde	100	cellcharter	0.5709400924135248	NA	1	0.816709204777472	NA	1	0.6938246485954984	NA	1	0.7697453689249656	NA	1	0.8260124685217858	NA	1	0.7978789187233757	NA	1	0.940219041643851	NA	1	0.745851783659437	NA	1	0.8106408696542416	NA	1	spatially_informed	100	Mouse Brain	CellCharter	SpatialDE
MouseBrainSerialSections	spatialde	100	scvi	0.6757570678381388	NA	1	0.7700515044411905	NA	1	0.7229042861396646	NA	1	0.7378432384342698	NA	1	0.906581210540598	NA	1	0.8222122244874339	NA	1	0.9424684873796896	NA	1	0.7725582553135493	NA	1	0.8291949993355962	NA	1	spatially_informed	100	Mouse Brain	scVI	SpatialDE
MouseBrainSerialSections	spatialde	1000	cellcharter	0.5623284098394041	NA	1	0.825783456776189	NA	1	0.6940559333077966	NA	1	0.7920968117111121	NA	1	0.8343976054229063	NA	1	0.8132472085670093	NA	1	0.9538356862994524	NA	1	0.753651570937403	NA	1	0.8203796093914194	NA	1	spatially_informed	1000	Mouse Brain	CellCharter	SpatialDE
MouseBrainSerialSections	spatialde	1000	scvi	0.3899642869016262	NA	1	0.6930192380688798	NA	1	0.541491762485253	NA	1	0.6506834962953213	NA	1	0.5880248924186506	NA	1	0.619354194356986	NA	1	0.8508435298447841	NA	1	0.5804229784211195	NA	1	0.6705631622290076	NA	1	spatially_informed	1000	Mouse Brain	scVI	SpatialDE
MouseBrainSerialSections	spatialde	10000	cellcharter	0.5586700073210389	NA	1	0.856682940710663	NA	1	0.707676474015851	NA	1	0.7729258976725818	NA	1	0.7994384526414128	NA	1	0.7861821751569973	NA	1	0.939136649718981	NA	1	0.7469293245864241	NA	1	0.8109984329639431	NA	1	spatially_informed	10000	Mouse Brain	CellCharter	SpatialDE
MouseBrainSerialSections	spatialde	10000	scvi	0.02464447916168195	NA	1	0.5222201364560106	NA	1	0.2734323078088463	NA	1	0.7232521820955425	NA	1	0.9297464042271196	NA	1	0.8264992931613311	NA	1	0.25788708471367394	NA	1	0.5499658004850887	NA	1	0.4526062285612838	NA	1	spatially_informed	10000	Mouse Brain	scVI	SpatialDE
MouseBrainSerialSections	spatialde	200	cellcharter	0.5409013335591599	NA	1	0.8457254049029324	NA	1	0.6933133692310461	NA	1	0.7801200464027205	NA	1	0.8261215033281024	NA	1	0.8031207748654114	NA	1	0.9504079479951096	NA	1	0.7482170720482288	NA	1	0.8156140306971892	NA	1	spatially_informed	200	Mouse Brain	CellCharter	SpatialDE
MouseBrainSerialSections	spatialde	200	scvi	0.6475585059245292	NA	1	0.7826421280973666	NA	1	0.7151003170109479	NA	1	0.7411927289886756	NA	1	0.9263702190983144	NA	1	0.833781474043495	NA	1	0.9512674814078004	NA	1	0.7744408955272215	NA	1	0.8333830908207478	NA	1	spatially_informed	200	Mouse Brain	scVI	SpatialDE
MouseBrainSerialSections	spatialde	2000	cellcharter	0.5713182050508542	0.00585690850054711	3	0.8606553908338096	0.01165883334283833	3	0.7159867979423318	0.0066770537451429	3	0.7904522995987199	0.00660004502638706	3	0.7905088747872812	0.01424673490122032	3	0.7904805871930005	0.00979854748202727	3	0.9617822467968172	0.0109931389640914	3	0.7532336925676661	0.00684060068165669	3	0.8227498773107165	0.00329501011272683	3	spatially_informed	2000	Mouse Brain	CellCharter	SpatialDE
MouseBrainSerialSections	spatialde	2000	scvi	0.3350348111232724	0.15501621644917407	3	0.628351809306333	0.12179829804754014	3	0.4816933102148027	0.13428451605349365	3	0.6100935403052913	0.1194157019795294	3	0.5060126385700396	0.3042275660144162	3	0.5580530894376655	0.2095662084065554	3	0.7696618189768712	0.10696339033947898	3	0.5198731998262341	0.17144079551136895	3	0.6031360728764464	0.14994071046168306	3	spatially_informed	2000	Mouse Brain	scVI	SpatialDE
MouseBrainSerialSections	spatialde	500	cellcharter	0.5487466704454838	NA	1	0.8502947198211581	NA	1	0.6995206951333209	NA	1	0.7914072879517525	NA	1	0.8178618113365208	NA	1	0.8046345496441367	NA	1	0.9429889583955064	NA	1	0.7520776223887289	NA	1	0.8157147343909882	NA	1	spatially_informed	500	Mouse Brain	CellCharter	SpatialDE
MouseBrainSerialSections	spatialde	500	scvi	0.607393835072905	NA	1	0.7662650228953984	NA	1	0.6868294289841517	NA	1	0.764414457056979	NA	1	0.8601404966469051	NA	1	0.8122774768519421	NA	1	0.9135700006250884	NA	1	0.7495534529180469	NA	1	0.8042256354870606	NA	1	spatially_informed	500	Mouse Brain	scVI	SpatialDE
MouseBrainSerialSections	spatialde	5000	cellcharter	0.5772515278708468	NA	1	0.8739680248228339	NA	1	0.7256097763468403	NA	1	0.7756067817729738	NA	1	0.8015430746957151	NA	1	0.7885749282343444	NA	1	0.9444086251584712	NA	1	0.7570923522905924	NA	1	0.8195311099132186	NA	1	spatially_informed	5000	Mouse Brain	CellCharter	SpatialDE
MouseBrainSerialSections	spatialde	5000	scvi	0.11434709239769186	NA	1	0.5804032448919574	NA	1	0.34737516864482465	NA	1	0.6895079211996303	NA	1	0.4260460440154256	NA	1	0.557776982607528	NA	1	0.5707230708929164	NA	1	0.4525760756261763	NA	1	0.4919584073817564	NA	1	spatially_informed	5000	Mouse Brain	scVI	SpatialDE
MouseBrainSerialSections	statistic_mean	100	cellcharter	0.49271714919565457	NA	1	0.8701202919188105	NA	1	0.6814187205572325	NA	1	0.7362577907347143	NA	1	0.8434147116228958	NA	1	0.7898362511788051	NA	1	0.9332918992271242	NA	1	0.7356274858680187	NA	1	0.8015156236543873	NA	1	expression_driven	100	Mouse Brain	CellCharter	Mean expression
MouseBrainSerialSections	statistic_mean	100	scvi	0.7402047769966983	NA	1	0.7730111480753203	NA	1	0.7566079625360094	NA	1	0.5114832595165996	NA	1	0.4959459159514312	NA	1	0.5037145877340155	NA	1	0.8856150026299358	NA	1	0.6301612751350124	NA	1	0.7153125176333202	NA	1	expression_driven	100	Mouse Brain	scVI	Mean expression
MouseBrainSerialSections	statistic_mean	1000	cellcharter	0.5441647901658647	NA	1	0.8941588848400148	NA	1	0.7191618375029398	NA	1	0.770536872978595	NA	1	0.7914851834543319	NA	1	0.7810110282164635	NA	1	0.9442594952108012	NA	1	0.7500864328597017	NA	1	0.8148107869767349	NA	1	expression_driven	1000	Mouse Brain	CellCharter	Mean expression
MouseBrainSerialSections	statistic_mean	1000	scvi	0.2618453438791651	NA	1	0.3901179357272062	NA	1	0.3259816398031856	NA	1	0.4671758753495813	NA	1	0.3262091843842294	NA	1	0.3966925298669054	NA	1	0.5941337412967304	NA	1	0.3613370848350455	NA	1	0.43893597032227377	NA	1	expression_driven	1000	Mouse Brain	scVI	Mean expression
MouseBrainSerialSections	statistic_mean	10000	cellcharter	0.5922282260597943	NA	1	0.8337117052955454	NA	1	0.7129699656776698	NA	1	0.7516637071478712	NA	1	0.777717392919405	NA	1	0.7646905500336381	NA	1	0.9167777359664452	NA	1	0.7388302578556539	NA	1	0.7981460838925843	NA	1	expression_driven	10000	Mouse Brain	CellCharter	Mean expression
MouseBrainSerialSections	statistic_mean	10000	scvi	0.18935941022860828	NA	1	0.5425256900649982	NA	1	0.3659425501468032	NA	1	0.5783568418386008	NA	1	0.36501365973845834	NA	1	0.4716852507885296	NA	1	0.5604336399920775	NA	1	0.4188139004676664	NA	1	0.4660204803091368	NA	1	expression_driven	10000	Mouse Brain	scVI	Mean expression
MouseBrainSerialSections	statistic_mean	200	cellcharter	0.5172514081825824	NA	1	0.8978434124922481	NA	1	0.7075474103374153	NA	1	0.7413321743900786	NA	1	0.9149050068229696	NA	1	0.828118590606524	NA	1	0.9263812406832668	NA	1	0.7678330004719697	NA	1	0.8206824138757353	NA	1	expression_driven	200	Mouse Brain	CellCharter	Mean expression
MouseBrainSerialSections	statistic_mean	200	scvi	0.5528435943124222	NA	1	0.6978663271885447	NA	1	0.6253549607504835	NA	1	0.5066527498937355	NA	1	0.46349087401686623	NA	1	0.4850718119553009	NA	1	0.8573619880795127	NA	1	0.5552133863528922	NA	1	0.6559295869284324	NA	1	expression_driven	200	Mouse Brain	scVI	Mean expression
MouseBrainSerialSections	statistic_mean	2000	cellcharter	0.5590039610639507	0.0115133491196219	3	0.8689670150488281	0.02157350643241621	3	0.7139854880563895	0.01583885160288565	3	0.7737858317959126	0.01162145305893747	3	0.8219931695292605	0.05439234699110643	3	0.7978895006625866	0.02337190701434517	3	0.952083567537707	0.00811525583552283	3	0.755937494359488	0.0158158284477608	3	0.8213195187522276	0.00991860054116332	3	expression_driven	2000	Mouse Brain	CellCharter	Mean expression
MouseBrainSerialSections	statistic_mean	2000	scvi	0.22624259377086264	0.10541790730347264	3	0.5006916209759891	0.07527052242233956	3	0.36346710737342586	0.02093856406652322	3	0.5696514446686676	0.12645354394637995	3	0.3887849338894349	0.08461766965969608	3	0.4792181892790513	0.1052664083476028	3	0.5974827693742535	0.09194641667675968	3	0.4213426483262386	0.04398168819892416	3	0.4800560220089101	0.04136845265765235	3	expression_driven	2000	Mouse Brain	scVI	Mean expression
MouseBrainSerialSections	statistic_mean	500	cellcharter	0.5523021774815672	NA	1	0.8734325677720235	NA	1	0.7128673726267953	NA	1	0.767934595407366	NA	1	0.7647660356635052	NA	1	0.7663503155354356	NA	1	0.9365339104362354	NA	1	0.7396088440811155	NA	1	0.8052505328661553	NA	1	expression_driven	500	Mouse Brain	CellCharter	Mean expression
MouseBrainSerialSections	statistic_mean	500	scvi	0.3972039328237441	NA	1	0.7112331146531424	NA	1	0.5542185237384433	NA	1	0.50435209454341	NA	1	0.4480613628373743	NA	1	0.47620672869039216	NA	1	0.7326578615098749	NA	1	0.5152126262144177	NA	1	0.5876943713129034	NA	1	expression_driven	500	Mouse Brain	scVI	Mean expression
MouseBrainSerialSections	statistic_mean	5000	cellcharter	0.5781094037914997	NA	1	0.8738493179403315	NA	1	0.7259793608659155	NA	1	0.7653544619637894	NA	1	0.8021636501549295	NA	1	0.7837590560593595	NA	1	0.9389032105507624	NA	1	0.7548692084626375	NA	1	0.8162138758253459	NA	1	expression_driven	5000	Mouse Brain	CellCharter	Mean expression
MouseBrainSerialSections	statistic_mean	5000	scvi	0.19816952272735397	NA	1	0.4706650803580253	NA	1	0.3344173015426896	NA	1	0.557025786210859	NA	1	0.3402581850974066	NA	1	0.4486419856541328	NA	1	0.4255040910274043	NA	1	0.3915296435984112	NA	1	0.4028544594080756	NA	1	expression_driven	5000	Mouse Brain	scVI	Mean expression
MouseBrainSerialSections	statistic_variance	100	cellcharter	0.6159310787616072	NA	1	0.8001620760248348	NA	1	0.708046577393221	NA	1	0.7656577767329801	NA	1	0.8028709867498156	NA	1	0.7842643817413979	NA	1	0.9419946389541076	NA	1	0.7461554795673094	NA	1	0.8114351993629088	NA	1	expression_driven	100	Mouse Brain	CellCharter	Expression variance
MouseBrainSerialSections	statistic_variance	100	scvi	0.7202992392621164	NA	1	0.7622736945579676	NA	1	0.741286466910042	NA	1	0.6986332330259105	NA	1	0.865395096727602	NA	1	0.7820141648767562	NA	1	0.9400606459401512	NA	1	0.7616503158933992	NA	1	0.8211204259089833	NA	1	expression_driven	100	Mouse Brain	scVI	Expression variance
MouseBrainSerialSections	statistic_variance	1000	cellcharter	0.6012111759588379	NA	1	0.8607645142983454	NA	1	0.7309878451285916	NA	1	0.7668263703017647	NA	1	0.9657974255366908	NA	1	0.8663118979192277	NA	1	0.9489126878895964	NA	1	0.7986498715239096	NA	1	0.8487374769791386	NA	1	expression_driven	1000	Mouse Brain	CellCharter	Expression variance
MouseBrainSerialSections	statistic_variance	1000	scvi	0.3323456168181661	NA	1	0.5678042447504477	NA	1	0.4500749307843069	NA	1	0.5240370619355359	NA	1	0.4026328814919623	NA	1	0.4633349717137491	NA	1	0.5545923824185591	NA	1	0.456704951249028	NA	1	0.489334094972205	NA	1	expression_driven	1000	Mouse Brain	scVI	Expression variance
MouseBrainSerialSections	statistic_variance	10000	cellcharter	0.5631240842252999	NA	1	0.8284627409358085	NA	1	0.6957934125805543	NA	1	0.7759308767279968	NA	1	0.8120574042118931	NA	1	0.7939941404699449	NA	1	0.9300527855987784	NA	1	0.7448937765252496	NA	1	0.8066134462164257	NA	1	expression_driven	10000	Mouse Brain	CellCharter	Expression variance
MouseBrainSerialSections	statistic_variance	10000	scvi	0.01319418736133151	NA	1	0.4838528493081231	NA	1	0.2485235183347273	NA	1	0.6780483854128557	NA	1	0.692921695538849	NA	1	0.6854850404758523	NA	1	0.1357109449320829	NA	1	0.4670042794052898	NA	1	0.35657316791422083	NA	1	expression_driven	10000	Mouse Brain	scVI	Expression variance
MouseBrainSerialSections	statistic_variance	200	cellcharter	0.6327745514835104	NA	1	0.8122477127617485	NA	1	0.7225111321226294	NA	1	0.7724780343181616	NA	1	0.8253705784409271	NA	1	0.7989243063795444	NA	1	0.9510749589482256	NA	1	0.7607177192510869	NA	1	0.8241701324834665	NA	1	expression_driven	200	Mouse Brain	CellCharter	Expression variance
MouseBrainSerialSections	statistic_variance	200	scvi	0.6836627182130015	NA	1	0.7281595629030044	NA	1	0.705911140558003	NA	1	0.7408936996969636	NA	1	0.8411014077944465	NA	1	0.790997553745705	NA	1	0.9316270736555992	NA	1	0.748454347151854	NA	1	0.8095119226531023	NA	1	expression_driven	200	Mouse Brain	scVI	Expression variance
MouseBrainSerialSections	statistic_variance	2000	cellcharter	0.5991159364954357	0.00724467823965429	3	0.8591732976251681	0.00375226066653658	3	0.7291446170603019	0.00191938839529346	3	0.7717363636220336	0.00155642843079129	3	0.7982180854668903	0.00461638941908424	3	0.7849772245444621	0.00154585780290114	3	0.9655023528078622	0.00557515653729304	3	0.757060920802382	8.583407507675e-4	3	0.8265413981375419	0.00210611867001195	3	expression_driven	2000	Mouse Brain	CellCharter	Expression variance
MouseBrainSerialSections	statistic_variance	2000	scvi	0.06802118727203589	0.02440857130055744	3	0.5468134477886601	0.05907752114706634	3	0.307417317530348	0.04132740331595955	3	0.6999352085475651	0.03271688051026239	3	0.6708961962916845	0.11789236580971184	3	0.6854157024196247	0.05749838428707319	3	0.3886649340551586	0.0747564134167892	3	0.4964165099749864	0.0352137359253193	3	0.46049931800171046	0.04834164838212786	3	expression_driven	2000	Mouse Brain	scVI	Expression variance
MouseBrainSerialSections	statistic_variance	500	cellcharter	0.6270798481150806	NA	1	0.8270918436686521	NA	1	0.7270858458918663	NA	1	0.7782361657224177	NA	1	0.8268710786544595	NA	1	0.8025536221884386	NA	1	0.9515194960545056	NA	1	0.7648197340401525	NA	1	0.827052988044937	NA	1	expression_driven	500	Mouse Brain	CellCharter	Expression variance
MouseBrainSerialSections	statistic_variance	500	scvi	0.5866743253436917	NA	1	0.7186131083025564	NA	1	0.652643716823124	NA	1	0.7052135096550257	NA	1	0.7864269717521095	NA	1	0.7458202407035677	NA	1	0.8680415003263104	NA	1	0.6992319787633459	NA	1	0.755501819284334	NA	1	expression_driven	500	Mouse Brain	scVI	Expression variance
MouseBrainSerialSections	statistic_variance	5000	cellcharter	0.586144556418229	NA	1	0.842856002479005	NA	1	0.714500279448617	NA	1	0.7787404681139521	NA	1	0.7910950237281762	NA	1	0.7849177459210641	NA	1	0.9465909217497126	NA	1	0.7497090126848406	NA	1	0.8153363157064645	NA	1	expression_driven	5000	Mouse Brain	CellCharter	Expression variance
MouseBrainSerialSections	statistic_variance	5000	scvi	0.02781190923611462	NA	1	0.5033526992241774	NA	1	0.265582304230146	NA	1	0.6462287033842687	NA	1	0.4421398168758155	NA	1	0.5441842601300422	NA	1	0.24572197368020043	NA	1	0.40488328218009406	NA	1	0.3518295126801296	NA	1	expression_driven	5000	Mouse Brain	scVI	Expression variance
MouseBrainSerialSections	triku	100	cellcharter	0.7868508419533928	NA	1	0.5949934352608789	NA	1	0.6909221386071358	NA	1	0.7164992050284353	NA	1	0.4359864183156638	NA	1	0.5762428116720496	NA	1	0.8157850090752339	NA	1	0.6335824751395926	NA	1	0.6943166531181397	NA	1	expression_driven	100	Mouse Brain	CellCharter	triku
MouseBrainSerialSections	triku	100	scvi	0.6385842337294099	NA	1	0.3968824984596327	NA	1	0.5177333660945214	NA	1	0.5080247778684721	NA	1	0.1965067308343174	NA	1	0.35226575435139473	NA	1	0.668763587727208	NA	1	0.4349995602229581	NA	1	0.5129209027243747	NA	1	expression_driven	100	Mouse Brain	scVI	triku
MouseBrainSerialSections	triku	1000	cellcharter	0.677677910829191	NA	1	0.8089218654444703	NA	1	0.7432998881368307	NA	1	0.781267614282022	NA	1	0.7745267365336643	NA	1	0.7778971754078432	NA	1	0.936682126259055	NA	1	0.7605985317723369	NA	1	0.8192930632679096	NA	1	expression_driven	1000	Mouse Brain	CellCharter	triku
MouseBrainSerialSections	triku	1000	scvi	0.720190094260047	NA	1	0.7872117174279398	NA	1	0.7537009058439934	NA	1	0.7829463363044246	NA	1	0.8983397068876229	NA	1	0.8406430215960237	NA	1	0.9376661459791474	NA	1	0.7971719637200085	NA	1	0.8440033578063882	NA	1	expression_driven	1000	Mouse Brain	scVI	triku
MouseBrainSerialSections	triku	10000	cellcharter	0.563511700061617	NA	1	0.8660610842018515	NA	1	0.7147863921317342	NA	1	0.7754700391826496	NA	1	0.8140670948831363	NA	1	0.794768567032893	NA	1	0.9414137356153351	NA	1	0.7547774795823137	NA	1	0.8169895649266542	NA	1	expression_driven	10000	Mouse Brain	CellCharter	triku
MouseBrainSerialSections	triku	10000	scvi	0.07831792784544392	NA	1	0.6232627880905595	NA	1	0.3507903579680017	NA	1	0.7383426944878243	NA	1	0.8169432526215459	NA	1	0.777642973554685	NA	1	0.4885950338616649	NA	1	0.5642166657613433	NA	1	0.5390094551281172	NA	1	expression_driven	10000	Mouse Brain	scVI	triku
MouseBrainSerialSections	triku	200	cellcharter	0.7807583425912961	NA	1	0.7053641866711737	NA	1	0.7430612646312349	NA	1	0.7445501684988747	NA	1	0.6185256119889204	NA	1	0.6815378902438975	NA	1	0.8767900576333395	NA	1	0.7122995774375662	NA	1	0.767129737502824	NA	1	expression_driven	200	Mouse Brain	CellCharter	triku
MouseBrainSerialSections	triku	200	scvi	0.8133022357169815	NA	1	0.5738146729807028	NA	1	0.6935584543488421	NA	1	0.5578232938810246	NA	1	0.5206912984767449	NA	1	0.5392572961788847	NA	1	0.8968531627898289	NA	1	0.6164078752638634	NA	1	0.7098896377725185	NA	1	expression_driven	200	Mouse Brain	scVI	triku
MouseBrainSerialSections	triku	2000	cellcharter	0.6724236594460599	0.00355341700910003	3	0.8106368907917512	0.01267555542001945	3	0.7415302751189055	0.00767829955500058	3	0.7879867092953335	0.0044505415743475	3	0.791443536007468	0.0113256838485341	3	0.7897151226514008	0.00782826374023876	3	0.958200534691346	0.00887764485898604	3	0.7656226988851532	0.0077197434069468	3	0.8298153108205506	0.00747101339627374	3	expression_driven	2000	Mouse Brain	CellCharter	triku
MouseBrainSerialSections	triku	2000	scvi	0.6890241279963183	0.00442644940555646	3	0.8115698259209831	0.00422164894790847	3	0.7502969769586508	0.00431760820031708	3	0.7686762146605228	0.01249093956697836	3	0.8835387504131349	0.05489584341455617	3	0.826107482536829	0.03360431187916263	3	0.9586190990395614	0.00548862017406805	3	0.7882022297477397	0.0184677666412921	3	0.8450078528450137	0.01343702306370504	3	expression_driven	2000	Mouse Brain	scVI	triku
MouseBrainSerialSections	triku	500	cellcharter	0.7156087734754519	NA	1	0.7900397827130539	NA	1	0.7528242780942529	NA	1	0.7696467645431383	NA	1	0.7256078052527084	NA	1	0.7476272848979233	NA	1	0.9224778664026844	NA	1	0.7502257814960881	NA	1	0.8076431431316201	NA	1	expression_driven	500	Mouse Brain	CellCharter	triku
MouseBrainSerialSections	triku	500	scvi	0.7583085783030249	NA	1	0.7191898507291916	NA	1	0.7387492145161083	NA	1	0.7402543803732443	NA	1	0.7190564582250694	NA	1	0.7296554192991569	NA	1	0.9301357283755388	NA	1	0.7342023169076326	NA	1	0.7995134540636014	NA	1	expression_driven	500	Mouse Brain	scVI	triku
MouseBrainSerialSections	triku	5000	cellcharter	0.6091090736749156	NA	1	0.8388046859252873	NA	1	0.7239568798001015	NA	1	0.7875591587686553	NA	1	0.7859701702188149	NA	1	0.7867646644937352	NA	1	0.9521816905473528	NA	1	0.7553607721469183	NA	1	0.8209677449470631	NA	1	expression_driven	5000	Mouse Brain	CellCharter	triku
MouseBrainSerialSections	triku	5000	scvi	0.31700242646738325	NA	1	0.6791487914395465	NA	1	0.4980756089534649	NA	1	0.6424063860288145	NA	1	0.5273868932625818	NA	1	0.5848966396456982	NA	1	0.8044862219582327	NA	1	0.5414861242995815	NA	1	0.6291528235191319	NA	1	expression_driven	5000	Mouse Brain	scVI	triku
STOmics0212	Brennecke	100	cellcharter	0.03152892602738829	NA	1	0.7949746708244835	NA	1	0.4132517984259359	NA	1	0.7315453710225932	NA	1	0.7329478935970206	NA	1	0.7322466323098069	NA	1	NA	NA	0	0.5727492153678714	NA	1	NA	NA	0	expression_driven	100	STOmics-0212	CellCharter	Brennecke
STOmics0212	Brennecke	100	scvi	0.3476162355324416	NA	1	0.7021693524655084	NA	1	0.5248927939989749	NA	1	0.6182401221937833	NA	1	0.5873216418727276	NA	1	0.6027808820332554	NA	1	NA	NA	0	0.5638368380161152	NA	1	NA	NA	0	expression_driven	100	STOmics-0212	scVI	Brennecke
STOmics0212	Brennecke	1000	cellcharter	0.0129327324267117	NA	1	0.7956969795117079	NA	1	0.4043148559692098	NA	1	0.7367802814942536	NA	1	0.8678315042187106	NA	1	0.8023058928564821	NA	1	NA	NA	0	0.603310374412846	NA	1	NA	NA	0	expression_driven	1000	STOmics-0212	CellCharter	Brennecke
STOmics0212	Brennecke	1000	scvi	0.3771370949460953	NA	1	0.7208005940109131	NA	1	0.5489688444785042	NA	1	0.6246731841384396	NA	1	0.6508651692991207	NA	1	0.6377691767187802	NA	1	NA	NA	0	0.5933690105986422	NA	1	NA	NA	0	expression_driven	1000	STOmics-0212	scVI	Brennecke
STOmics0212	Brennecke	10000	cellcharter	0.31817022836945796	NA	1	0.621902173507282	NA	1	0.47003620093837	NA	1	0.701640370719264	NA	1	0.5687823686878694	NA	1	0.6352113697035666	NA	1	NA	NA	0	0.5526237853209683	NA	1	NA	NA	0	expression_driven	10000	STOmics-0212	CellCharter	Brennecke
STOmics0212	Brennecke	10000	scvi	0.2899774791696651	NA	1	0.5498144392603418	NA	1	0.41989595921500344	NA	1	0.5849204975784802	NA	1	0.5159254931592566	NA	1	0.5504229953688684	NA	1	NA	NA	0	0.4851594772919359	NA	1	NA	NA	0	expression_driven	10000	STOmics-0212	scVI	Brennecke
STOmics0212	Brennecke	200	cellcharter	0.00947773523103477	NA	1	0.7991872446321996	NA	1	0.4043324899316172	NA	1	0.7354032691454694	NA	1	0.8178409682828671	NA	1	0.7766221187141682	NA	1	NA	NA	0	0.5904773043228927	NA	1	NA	NA	0	expression_driven	200	STOmics-0212	CellCharter	Brennecke
STOmics0212	Brennecke	200	scvi	0.35543764730334676	NA	1	0.7189561375708735	NA	1	0.5371968924371101	NA	1	0.6180454410702393	NA	1	0.6098429601381206	NA	1	0.61394420060418	NA	1	NA	NA	0	0.5755705465206451	NA	1	NA	NA	0	expression_driven	200	STOmics-0212	scVI	Brennecke
STOmics0212	Brennecke	2000	cellcharter	0.03377371546160072	0.007872606028962	3	0.8092516190224757	0.02002282340303004	3	0.4215126672420382	0.01246698683533274	3	0.723747066361554	0.00589571812774662	3	0.6911337850458873	0.04680455644497165	3	0.7074404257037207	0.02555739207266437	3	NA	NA	0	0.5644765464728794	0.00870353811198455	3	NA	NA	0	expression_driven	2000	STOmics-0212	CellCharter	Brennecke
STOmics0212	Brennecke	2000	scvi	0.3435178294508984	0.03052960698259056	3	0.666007009923738	0.02487746845472461	3	0.5047624196873183	0.02622238325307075	3	0.6102358028258456	0.02079325922220054	3	0.5372506200011589	0.02194150078239358	3	0.5737432114135022	0.02105715518078648	3	NA	NA	0	0.5392528155504102	0.00776305308162858	3	NA	NA	0	expression_driven	2000	STOmics-0212	scVI	Brennecke
STOmics0212	Brennecke	500	cellcharter	0.02898758635153725	NA	1	0.797452973800553	NA	1	0.4132202800760452	NA	1	0.7277051580437898	NA	1	0.8539628890854345	NA	1	0.7908340235646121	NA	1	NA	NA	0	0.6020271518203286	NA	1	NA	NA	0	expression_driven	500	STOmics-0212	CellCharter	Brennecke
STOmics0212	Brennecke	500	scvi	0.355241226254376	NA	1	0.7194019375807617	NA	1	0.5373215819175688	NA	1	0.6287746464151882	NA	1	0.5978048235878318	NA	1	0.6132897350015101	NA	1	NA	NA	0	0.5753056584595395	NA	1	NA	NA	0	expression_driven	500	STOmics-0212	scVI	Brennecke
STOmics0212	Brennecke	5000	cellcharter	0.18157180555080224	NA	1	0.7851746878864265	NA	1	0.4833732467186144	NA	1	0.7016496754853435	NA	1	0.6330792919601792	NA	1	0.6673644837227614	NA	1	NA	NA	0	0.5753688652206879	NA	1	NA	NA	0	expression_driven	5000	STOmics-0212	CellCharter	Brennecke
STOmics0212	Brennecke	5000	scvi	0.3149213471754665	NA	1	0.6035477306863426	NA	1	0.45923453893090455	NA	1	0.6045299493829223	NA	1	0.49327130916527384	NA	1	0.5489006292740981	NA	1	NA	NA	0	0.5040675841025013	NA	1	NA	NA	0	expression_driven	5000	STOmics-0212	scVI	Brennecke
STOmics0212	anticor	100	cellcharter	0.1098672343470657	NA	1	0.8781604185687277	NA	1	0.4940138264578967	NA	1	0.7062129479090382	NA	1	0.8870056357719127	NA	1	0.7966092918404755	NA	1	NA	NA	0	0.645311559149186	NA	1	NA	NA	0	expression_driven	100	STOmics-0212	CellCharter	Anticor
STOmics0212	anticor	100	scvi	0.47630885152891456	NA	1	0.6682643167409886	NA	1	0.5722865841349516	NA	1	0.5886166682396708	NA	1	0.8057901111783519	NA	1	0.6972033897090113	NA	1	NA	NA	0	0.6347449869219814	NA	1	NA	NA	0	expression_driven	100	STOmics-0212	scVI	Anticor
STOmics0212	anticor	1000	cellcharter	0.12906288743139263	NA	1	0.8024556685796819	NA	1	0.4657592780055373	NA	1	0.7264651367887535	NA	1	0.6309205464507499	NA	1	0.6786928416197517	NA	1	NA	NA	0	0.5722260598126445	NA	1	NA	NA	0	expression_driven	1000	STOmics-0212	CellCharter	Anticor
STOmics0212	anticor	1000	scvi	0.3821090517723757	NA	1	0.6907344746430697	NA	1	0.5364217632077226	NA	1	0.6310341420369047	NA	1	0.5933303077323859	NA	1	0.6121822248846454	NA	1	NA	NA	0	0.574301994046184	NA	1	NA	NA	0	expression_driven	1000	STOmics-0212	scVI	Anticor
STOmics0212	anticor	10000	cellcharter	0.35862308409227195	NA	1	0.6129693996561671	NA	1	0.48579624187421955	NA	1	0.7013060363524494	NA	1	0.5405433499210048	NA	1	0.6209246931367272	NA	1	NA	NA	0	0.5533604675054733	NA	1	NA	NA	0	expression_driven	10000	STOmics-0212	CellCharter	Anticor
STOmics0212	anticor	10000	scvi	0.2899111705401505	NA	1	0.6043553604650476	NA	1	0.447133265502599	NA	1	0.5876562314880965	NA	1	0.5390061813570044	NA	1	0.5633312064225504	NA	1	NA	NA	0	0.5052322359625747	NA	1	NA	NA	0	expression_driven	10000	STOmics-0212	scVI	Anticor
STOmics0212	anticor	200	cellcharter	0.06831877166391472	NA	1	0.8271586103240456	NA	1	0.44773869099398017	NA	1	0.7179448520724846	NA	1	0.7165317797202134	NA	1	0.717238315896349	NA	1	NA	NA	0	0.5824885034451646	NA	1	NA	NA	0	expression_driven	200	STOmics-0212	CellCharter	Anticor
STOmics0212	anticor	200	scvi	0.43219722494552526	NA	1	0.7009197894212007	NA	1	0.566558507183363	NA	1	0.6229980773538547	NA	1	0.6662181654168289	NA	1	0.6446081213853418	NA	1	NA	NA	0	0.6055833142843524	NA	1	NA	NA	0	expression_driven	200	STOmics-0212	scVI	Anticor
STOmics0212	anticor	2000	cellcharter	0.217729461954238	0.02638191794817992	3	0.7557250139880934	0.01851420458572152	3	0.48672723797116574	0.01193796307005211	3	0.699791184451071	0.01317466404472132	3	0.6615262171338246	0.07032523974879139	3	0.6806587007924478	0.04173469590505348	3	NA	NA	0	0.5836929693818068	0.02581846723542181	3	NA	NA	0	expression_driven	2000	STOmics-0212	CellCharter	Anticor
STOmics0212	anticor	2000	scvi	0.39236471340726387	0.01370151393111115	3	0.62735593185474825	0.00950453465399273	3	0.5098603226310061	0.0097778960983282	3	0.629892757880012	0.0139888889874606	3	0.5536779275934308	0.02074002834162406	3	0.5917853427367213	0.01019288535205525	3	NA	NA	0	0.5508228326838637	0.0097702106900764	3	NA	NA	0	expression_driven	2000	STOmics-0212	scVI	Anticor
STOmics0212	anticor	500	cellcharter	0.08328770084859326	NA	1	0.8113580749425701	NA	1	0.44732288789558167	NA	1	0.727407849791509	NA	1	0.7822569399015541	NA	1	0.7548323948465315	NA	1	NA	NA	0	0.6010776413710566	NA	1	NA	NA	0	expression_driven	500	STOmics-0212	CellCharter	Anticor
STOmics0212	anticor	500	scvi	0.3783847283158789	NA	1	0.7050915472026078	NA	1	0.5417381377592434	NA	1	0.6265789283549731	NA	1	0.599277611083219	NA	1	0.6129282697190961	NA	1	NA	NA	0	0.5773332037391697	NA	1	NA	NA	0	expression_driven	500	STOmics-0212	scVI	Anticor
STOmics0212	anticor	5000	cellcharter	0.3474158381229288	NA	1	0.6313127998747711	NA	1	0.4893643189988499	NA	1	0.7004215443397689	NA	1	0.5687640033642871	NA	1	0.6345927738520281	NA	1	NA	NA	0	0.561978546425439	NA	1	NA	NA	0	expression_driven	5000	STOmics-0212	CellCharter	Anticor
STOmics0212	anticor	5000	scvi	0.3798446429044453	NA	1	0.49523853695329495	NA	1	0.4375415899288701	NA	1	0.5822334022823231	NA	1	0.560494856010228	NA	1	0.5713641291462755	NA	1	NA	NA	0	0.5044528595375728	NA	1	NA	NA	0	expression_driven	5000	STOmics-0212	scVI	Anticor
STOmics0212	dubstepr	100	cellcharter	0.02562074555973359	NA	1	0.7703660516651772	NA	1	0.3979933986124554	NA	1	0.7304062869286176	NA	1	0.8845021251474378	NA	1	0.8074542060380276	NA	1	NA	NA	0	0.6027238023252415	NA	1	NA	NA	0	expression_driven	100	STOmics-0212	CellCharter	DUBStepR
STOmics0212	dubstepr	100	scvi	0.34981940137264644	NA	1	0.7303890459287772	NA	1	0.5401042236507119	NA	1	0.6243834318713796	NA	1	0.5831382496478581	NA	1	0.6037608407596189	NA	1	NA	NA	0	0.5719325322051654	NA	1	NA	NA	0	expression_driven	100	STOmics-0212	scVI	DUBStepR
STOmics0212	dubstepr	1000	cellcharter	0.06850386552564718	NA	1	0.8091852401522581	NA	1	0.43884455283895263	NA	1	0.7247971231597851	NA	1	0.8379640129516306	NA	1	0.7813805680557078	NA	1	NA	NA	0	0.6101125604473302	NA	1	NA	NA	0	expression_driven	1000	STOmics-0212	CellCharter	DUBStepR
STOmics0212	dubstepr	1000	scvi	0.4293861661952297	NA	1	0.6220479369496144	NA	1	0.525717051572422	NA	1	0.6037797005291713	NA	1	0.6581310596543917	NA	1	0.6309553800917815	NA	1	NA	NA	0	0.5783362158321017	NA	1	NA	NA	0	expression_driven	1000	STOmics-0212	scVI	DUBStepR
STOmics0212	dubstepr	10000	cellcharter	0.1406891744471629	NA	1	0.7989807832000305	NA	1	0.4698349788235967	NA	1	0.7169368633596903	NA	1	0.7446932337244019	NA	1	0.7308150485420462	NA	1	NA	NA	0	0.6003250136828214	NA	1	NA	NA	0	expression_driven	10000	STOmics-0212	CellCharter	DUBStepR
STOmics0212	dubstepr	10000	scvi	0.4302616148606382	NA	1	0.6240330140830033	NA	1	0.5271473144718207	NA	1	0.5750484779722753	NA	1	0.7208062321876545	NA	1	0.6479273550799649	NA	1	NA	NA	0	0.5875373347758928	NA	1	NA	NA	0	expression_driven	10000	STOmics-0212	scVI	DUBStepR
STOmics0212	dubstepr	200	cellcharter	0.02152003581249618	NA	1	0.7662005454322363	NA	1	0.3938602906223662	NA	1	0.7524117913386007	NA	1	0.737443079100109	NA	1	0.7449274352193549	NA	1	NA	NA	0	0.5693938629208606	NA	1	NA	NA	0	expression_driven	200	STOmics-0212	CellCharter	DUBStepR
STOmics0212	dubstepr	200	scvi	0.3329088699213708	NA	1	0.7441646666567935	NA	1	0.5385367682890821	NA	1	0.6328168829963042	NA	1	0.7199737432814515	NA	1	0.6763953131388778	NA	1	NA	NA	0	0.60746604071398	NA	1	NA	NA	0	expression_driven	200	STOmics-0212	scVI	DUBStepR
STOmics0212	dubstepr	2000	cellcharter	0.13460016525584972	0.00743540552166262	3	0.792143390713503	0.0075331254011209	3	0.4633717779846764	0.00747167910363365	3	0.7177601834382171	0.00145397310039877	3	0.7425370430646688	0.01200134894396444	3	0.7301486132514431	0.00658650038398256	3	NA	NA	0	0.5967601956180597	0.00653100683858739	3	NA	NA	0	expression_driven	2000	STOmics-0212	CellCharter	DUBStepR
STOmics0212	dubstepr	2000	scvi	0.4299233555213691	0.02019880747889767	3	0.6384188605556284	0.0411263115770981	3	0.5341711080384988	0.03031187167914	3	0.5799125010918427	0.02387009880724332	3	0.7044476894901841	0.04318176069600853	3	0.6421800952910134	0.03252666155130157	3	NA	NA	0	0.588175601664756	0.00134316891596364	3	NA	NA	0	expression_driven	2000	STOmics-0212	scVI	DUBStepR
STOmics0212	dubstepr	500	cellcharter	0.01787944328684546	NA	1	0.761733963182091	NA	1	0.3898067032344682	NA	1	0.7398030182458637	NA	1	0.877280478711939	NA	1	0.8085417484789014	NA	1	NA	NA	0	0.5991742258566848	NA	1	NA	NA	0	expression_driven	500	STOmics-0212	CellCharter	DUBStepR
STOmics0212	dubstepr	500	scvi	0.3661680740169046	NA	1	0.6976212527472064	NA	1	0.5318946633820555	NA	1	0.6128370850993684	NA	1	0.6321631926929615	NA	1	0.622500138896165	NA	1	NA	NA	0	0.5771974011391102	NA	1	NA	NA	0	expression_driven	500	STOmics-0212	scVI	DUBStepR
STOmics0212	dubstepr	5000	cellcharter	0.1406891744471629	NA	1	0.7989807832000305	NA	1	0.4698349788235967	NA	1	0.7169368633596903	NA	1	0.7446932337244019	NA	1	0.7308150485420462	NA	1	NA	NA	0	0.6003250136828214	NA	1	NA	NA	0	expression_driven	5000	STOmics-0212	CellCharter	DUBStepR
STOmics0212	dubstepr	5000	scvi	0.4302616148606382	NA	1	0.6240330140830033	NA	1	0.5271473144718207	NA	1	0.5750484779722753	NA	1	0.7208062321876545	NA	1	0.6479273550799649	NA	1	NA	NA	0	0.5875373347758928	NA	1	NA	NA	0	expression_driven	5000	STOmics-0212	scVI	DUBStepR
STOmics0212	hotspot	100	cellcharter	0.06649973569746857	NA	1	0.8490160901618486	NA	1	0.4577579129296586	NA	1	0.698268515326896	NA	1	0.6847892259510553	NA	1	0.6915288706389757	NA	1	NA	NA	0	0.5746433917843172	NA	1	NA	NA	0	expression_driven	100	STOmics-0212	CellCharter	Hotspot
STOmics0212	hotspot	100	scvi	0.416311187457054	NA	1	0.6010873504666508	NA	1	0.5086992689618524	NA	1	0.6275241497450638	NA	1	0.6884227332421283	NA	1	0.657973441493596	NA	1	NA	NA	0	0.5833363552277242	NA	1	NA	NA	0	expression_driven	100	STOmics-0212	scVI	Hotspot
STOmics0212	hotspot	1000	cellcharter	0.06888868943349567	NA	1	0.8524946739455601	NA	1	0.4606916816895279	NA	1	0.7120712446735794	NA	1	0.811574523964534	NA	1	0.7618228843190566	NA	1	NA	NA	0	0.6112572830042923	NA	1	NA	NA	0	expression_driven	1000	STOmics-0212	CellCharter	Hotspot
STOmics0212	hotspot	1000	scvi	0.3805797995612511	NA	1	0.6843697780744514	NA	1	0.5324747888178513	NA	1	0.5992006527683351	NA	1	0.6149806458322589	NA	1	0.607090649300297	NA	1	NA	NA	0	0.5697827190590741	NA	1	NA	NA	0	expression_driven	1000	STOmics-0212	scVI	Hotspot
STOmics0212	hotspot	10000	cellcharter	0.32734024294704195	NA	1	0.6421983877854898	NA	1	0.4847693153662659	NA	1	0.7128287376222043	NA	1	0.6180102103295502	NA	1	0.6654194739758772	NA	1	NA	NA	0	0.5750943946710716	NA	1	NA	NA	0	expression_driven	10000	STOmics-0212	CellCharter	Hotspot
STOmics0212	hotspot	10000	scvi	0.3196715314275089	NA	1	0.5737988453908655	NA	1	0.4467351884091872	NA	1	0.6062796964198552	NA	1	0.5669774403686865	NA	1	0.5866285683942709	NA	1	NA	NA	0	0.5166818784017291	NA	1	NA	NA	0	expression_driven	10000	STOmics-0212	scVI	Hotspot
STOmics0212	hotspot	200	cellcharter	0.0742171329885929	NA	1	0.8781924357130979	NA	1	0.4762047843508454	NA	1	0.7042233994742094	NA	1	0.6084214316007197	NA	1	0.6563224155374645	NA	1	NA	NA	0	0.566263599944155	NA	1	NA	NA	0	expression_driven	200	STOmics-0212	CellCharter	Hotspot
STOmics0212	hotspot	200	scvi	0.43734635392205434	NA	1	0.6166663168342598	NA	1	0.5270063353781571	NA	1	0.5759336195154434	NA	1	0.5760656675793892	NA	1	0.5759996435474163	NA	1	NA	NA	0	0.5515029894627868	NA	1	NA	NA	0	expression_driven	200	STOmics-0212	scVI	Hotspot
STOmics0212	hotspot	2000	cellcharter	0.10675989458491109	0.01093364264285816	3	0.8448566514501267	0.01250346802455911	3	0.4758082730175189	0.01092470863943435	3	0.7114334309894863	0.00891516363278578	3	0.7461867660707439	0.03549024761759979	3	0.728810098530115	0.02192262484168905	3	NA	NA	0	0.6023091857738169	0.00786079304424599	3	NA	NA	0	expression_driven	2000	STOmics-0212	CellCharter	Hotspot
STOmics0212	hotspot	2000	scvi	0.40148743840581297	0.02230564338288778	3	0.6494286904599079	0.01262580199356063	3	0.5254580644328605	0.00574859152050461	3	0.592828074719557	0.00788454984853897	3	0.6509314913154174	0.04148199972095327	3	0.6218797830174871	0.01688597649394245	3	NA	NA	0	0.5736689237251738	0.00723195312443182	3	NA	NA	0	expression_driven	2000	STOmics-0212	scVI	Hotspot
STOmics0212	hotspot	500	cellcharter	0.063701985404179845	NA	1	0.8430217217977298	NA	1	0.4533618536009548	NA	1	0.6984925778163665	NA	1	0.9033068012595706	NA	1	0.8008996895379685	NA	1	NA	NA	0	0.6271307715694616	NA	1	NA	NA	0	expression_driven	500	STOmics-0212	CellCharter	Hotspot
STOmics0212	hotspot	500	scvi	0.40878901843078536	NA	1	0.6360869108246814	NA	1	0.5224379646277334	NA	1	0.6097946734041125	NA	1	0.6122155888367644	NA	1	0.6110051311204385	NA	1	NA	NA	0	0.5667215478740859	NA	1	NA	NA	0	expression_driven	500	STOmics-0212	scVI	Hotspot
STOmics0212	hotspot	5000	cellcharter	0.20055824980336565	NA	1	0.7536811980970635	NA	1	0.47711972395021457	NA	1	0.6998596166567109	NA	1	0.6405527828940558	NA	1	0.6702061997753834	NA	1	NA	NA	0	0.573662961862799	NA	1	NA	NA	0	expression_driven	5000	STOmics-0212	CellCharter	Hotspot
STOmics0212	hotspot	5000	scvi	0.4063212657461024	NA	1	0.5743326603060711	NA	1	0.4903269630260868	NA	1	0.6139224664793812	NA	1	0.5374966652905477	NA	1	0.5757095658849645	NA	1	NA	NA	0	0.5330182644555257	NA	1	NA	NA	0	expression_driven	5000	STOmics-0212	scVI	Hotspot
STOmics0212	morans_i	100	cellcharter	0.15557719321123634	NA	1	0.8378259433775551	NA	1	0.4967015682943957	NA	1	0.7084319459027771	NA	1	0.6960250511645844	NA	1	0.7022284985336807	NA	1	NA	NA	0	0.5994650334140382	NA	1	NA	NA	0	spatially_informed	100	STOmics-0212	CellCharter	Moran's I
STOmics0212	morans_i	100	scvi	0.5539442181783647	NA	1	0.6671908226888543	NA	1	0.6105675204336095	NA	1	0.5755106620429872	NA	1	0.6747309840193231	NA	1	0.6251208230311551	NA	1	NA	NA	0	0.6178441717323824	NA	1	NA	NA	0	spatially_informed	100	STOmics-0212	scVI	Moran's I
STOmics0212	morans_i	1000	cellcharter	0.1628713979128474	NA	1	0.8654687135916752	NA	1	0.5141700557522613	NA	1	0.6968435456051546	NA	1	0.6556651110622884	NA	1	0.6762543283337215	NA	1	NA	NA	0	0.5952121920429914	NA	1	NA	NA	0	spatially_informed	1000	STOmics-0212	CellCharter	Moran's I
STOmics0212	morans_i	1000	scvi	0.4927757652441334	NA	1	0.683437420915405	NA	1	0.5881065930797692	NA	1	0.6367888698575923	NA	1	0.5619766808506137	NA	1	0.599382775354103	NA	1	NA	NA	0	0.593744684216936	NA	1	NA	NA	0	spatially_informed	1000	STOmics-0212	scVI	Moran's I
STOmics0212	morans_i	10000	cellcharter	0.3848609857275316	NA	1	0.5706019804581405	NA	1	0.477731483092836	NA	1	0.7161745895778	NA	1	0.5746648863569984	NA	1	0.6454197379673992	NA	1	NA	NA	0	0.5615756105301176	NA	1	NA	NA	0	spatially_informed	10000	STOmics-0212	CellCharter	Moran's I
STOmics0212	morans_i	10000	scvi	0.287425817464864	NA	1	0.5892511510984872	NA	1	0.43833848428167566	NA	1	0.5821462099845737	NA	1	0.544215887946919	NA	1	0.5631810489657463	NA	1	NA	NA	0	0.5007597666237109	NA	1	NA	NA	0	spatially_informed	10000	STOmics-0212	scVI	Moran's I
STOmics0212	morans_i	200	cellcharter	0.13332771234918528	NA	1	0.8625085247706417	NA	1	0.4979181185599134	NA	1	0.7052396724820221	NA	1	0.7456151819254709	NA	1	0.7254274272037465	NA	1	NA	NA	0	0.61167277288183	NA	1	NA	NA	0	spatially_informed	200	STOmics-0212	CellCharter	Moran's I
STOmics0212	morans_i	200	scvi	0.549512323194842	NA	1	0.6811312508530634	NA	1	0.6153217870239527	NA	1	0.6017657904685847	NA	1	0.6847856554659171	NA	1	0.6432757229672509	NA	1	NA	NA	0	0.6292987549956017	NA	1	NA	NA	0	spatially_informed	200	STOmics-0212	scVI	Moran's I
STOmics0212	morans_i	2000	cellcharter	0.2171206650421477	0.00998107959407127	3	0.7987923053712785	0.01918837292147128	3	0.5079564852067131	0.01418723389905147	3	0.6899426074152865	0.0140072094471633	3	0.6485186990519874	0.02178158304558172	3	0.6692306532336371	0.0140682309454074	3	NA	NA	0	0.588593569220175	0.01261213807838862	3	NA	NA	0	spatially_informed	2000	STOmics-0212	CellCharter	Moran's I
STOmics0212	morans_i	2000	scvi	0.4665035828559256	0.00717028482024371	3	0.6398397653392726	0.01011582787505602	3	0.553171674097599	0.00282855274780039	3	0.5646901107228343	0.03791502995996121	3	0.5364297513133496	0.025261666412193	3	0.5505599310180919	0.01852076205275418	3	NA	NA	0	0.5518658025578455	0.00856590568432454	3	NA	NA	0	spatially_informed	2000	STOmics-0212	scVI	Moran's I
STOmics0212	morans_i	500	cellcharter	0.12126104770905294	NA	1	0.8225703545643621	NA	1	0.4719157011367075	NA	1	0.7124288370863024	NA	1	0.7574671822645804	NA	1	0.7349480096754415	NA	1	NA	NA	0	0.6034318554060745	NA	1	NA	NA	0	spatially_informed	500	STOmics-0212	CellCharter	Moran's I
STOmics0212	morans_i	500	scvi	0.4724052306118184	NA	1	0.7341857653510021	NA	1	0.6032954979814102	NA	1	0.636295809198256	NA	1	0.56203613390499	NA	1	0.599165971551623	NA	1	NA	NA	0	0.6012307347665167	NA	1	NA	NA	0	spatially_informed	500	STOmics-0212	scVI	Moran's I
STOmics0212	morans_i	5000	cellcharter	0.28687925735201436	NA	1	0.6907311834851	NA	1	0.4888052204185572	NA	1	0.6939308805325822	NA	1	0.5957673377292294	NA	1	0.6448491091309059	NA	1	NA	NA	0	0.5668271647747315	NA	1	NA	NA	0	spatially_informed	5000	STOmics-0212	CellCharter	Moran's I
STOmics0212	morans_i	5000	scvi	0.4115870146067879	NA	1	0.539627882230475	NA	1	0.47560744841863145	NA	1	0.5905273284479886	NA	1	0.5660437782024218	NA	1	0.5782855533252051	NA	1	NA	NA	0	0.5269465008719183	NA	1	NA	NA	0	spatially_informed	5000	STOmics-0212	scVI	Moran's I
STOmics0212	nbumi	100	cellcharter	0.07907573700879407	NA	1	0.6332857875102376	NA	1	0.35618076225951584	NA	1	0.7684519190134297	NA	1	0.7867922646922967	NA	1	0.7776220918528631	NA	1	NA	NA	0	0.5669014270561895	NA	1	NA	NA	0	expression_driven	100	STOmics-0212	CellCharter	NBumi
STOmics0212	nbumi	100	scvi	0.33912332358304187	NA	1	0.656270718839348	NA	1	0.4976970212111949	NA	1	0.6332436092863412	NA	1	0.709168710315226	NA	1	0.6712061598007836	NA	1	NA	NA	0	0.5844515905059893	NA	1	NA	NA	0	expression_driven	100	STOmics-0212	scVI	NBumi
STOmics0212	nbumi	1000	cellcharter	0.1196090012496714	NA	1	0.630544996203868	NA	1	0.3750769987267697	NA	1	0.7120995100098715	NA	1	0.8153792063944821	NA	1	0.7637393582021768	NA	1	NA	NA	0	0.5694081784644732	NA	1	NA	NA	0	expression_driven	1000	STOmics-0212	CellCharter	NBumi
STOmics0212	nbumi	1000	scvi	0.3651101206929691	NA	1	0.6228854161899354	NA	1	0.49399776844145227	NA	1	0.5988025855265681	NA	1	0.7319415264335953	NA	1	0.6653720559800818	NA	1	NA	NA	0	0.579684912210767	NA	1	NA	NA	0	expression_driven	1000	STOmics-0212	scVI	NBumi
STOmics0212	nbumi	10000	cellcharter	0.33259517430549873	NA	1	0.5544834584331516	NA	1	0.4435393163693252	NA	1	0.7139167181999729	NA	1	0.5765167023054878	NA	1	0.6452167102527304	NA	1	NA	NA	0	0.5443780133110279	NA	1	NA	NA	0	expression_driven	10000	STOmics-0212	CellCharter	NBumi
STOmics0212	nbumi	10000	scvi	0.2472235846787604	NA	1	0.5109916592744854	NA	1	0.3791076219766229	NA	1	0.5802403896639888	NA	1	0.6078301745270045	NA	1	0.5940352820954966	NA	1	NA	NA	0	0.4865714520360598	NA	1	NA	NA	0	expression_driven	10000	STOmics-0212	scVI	NBumi
STOmics0212	nbumi	200	cellcharter	0.07615266219133046	NA	1	0.6344879133742859	NA	1	0.35532028778280816	NA	1	0.7559839082398881	NA	1	0.876637665684769	NA	1	0.8163107869623285	NA	1	NA	NA	0	0.5858155373725683	NA	1	NA	NA	0	expression_driven	200	STOmics-0212	CellCharter	NBumi
STOmics0212	nbumi	200	scvi	0.3331973857545451	NA	1	0.6287962714187287	NA	1	0.48099682858663695	NA	1	0.6183667344387467	NA	1	0.6862110743935614	NA	1	0.6522889044161541	NA	1	NA	NA	0	0.5666428665013955	NA	1	NA	NA	0	expression_driven	200	STOmics-0212	scVI	NBumi
STOmics0212	nbumi	2000	cellcharter	0.2458847594826797	0.01895715771214283	3	0.6846444744458443	0.0284385776840562	3	0.465264616964262	0.00685634646340971	3	0.7293446525346056	0.0049751572003056	3	0.8080848560548796	0.02790215422920311	3	0.7687147542947427	0.01199366187266519	3	NA	NA	0	0.6169896856295023	0.00337854099808091	3	NA	NA	0	expression_driven	2000	STOmics-0212	CellCharter	NBumi
STOmics0212	nbumi	2000	scvi	0.4175259817603123	0.05777536338376643	3	0.5889011642757235	0.0542283463734431	3	0.503213573018018	0.00351046965940318	3	0.6226655179522965	0.01581334598976095	3	0.6282834617666632	0.05186231231837571	3	0.6254744898594798	0.0198412605788137	3	NA	NA	0	0.5643440314387488	0.00880589149302693	3	NA	NA	0	expression_driven	2000	STOmics-0212	scVI	NBumi
STOmics0212	nbumi	500	cellcharter	0.0935889340523924	NA	1	0.6367114172639246	NA	1	0.3651501756581585	NA	1	0.7365459800844544	NA	1	0.9679976136235378	NA	1	0.8522717968539961	NA	1	NA	NA	0	0.6087109862560773	NA	1	NA	NA	0	expression_driven	500	STOmics-0212	CellCharter	NBumi
STOmics0212	nbumi	500	scvi	0.2767294053683029	NA	1	0.6728057590015109	NA	1	0.4747675821849069	NA	1	0.5989856636454053	NA	1	0.7259615314596811	NA	1	0.6624735975525432	NA	1	NA	NA	0	0.5686205898687251	NA	1	NA	NA	0	expression_driven	500	STOmics-0212	scVI	NBumi
STOmics0212	nbumi	5000	cellcharter	0.3091593883779366	NA	1	0.599338429575937	NA	1	0.4542489089769368	NA	1	0.7158982592666496	NA	1	0.6976126789104662	NA	1	0.7067554690885579	NA	1	NA	NA	0	0.5805021890327473	NA	1	NA	NA	0	expression_driven	5000	STOmics-0212	CellCharter	NBumi
STOmics0212	nbumi	5000	scvi	0.33658728924489917	NA	1	0.5626395597863351	NA	1	0.44961342451561714	NA	1	0.5943600115519215	NA	1	0.5652653614658609	NA	1	0.5798126865088913	NA	1	NA	NA	0	0.5147130555122542	NA	1	NA	NA	0	expression_driven	5000	STOmics-0212	scVI	NBumi
STOmics0212	nnsvg	100	cellcharter	0.16228999274101208	NA	1	0.8403032693840216	NA	1	0.5012966310625169	NA	1	0.6937048858568118	NA	1	0.6326493372574711	NA	1	0.6631771115571414	NA	1	NA	NA	0	0.5822368713098292	NA	1	NA	NA	0	spatially_informed	100	STOmics-0212	CellCharter	nnSVG
STOmics0212	nnsvg	100	scvi	0.6038931065481172	NA	1	0.6422475803463137	NA	1	0.6230703434472155	NA	1	0.4985669748712553	NA	1	0.6163372740566001	NA	1	0.5574521244639277	NA	1	NA	NA	0	0.5902612339555715	NA	1	NA	NA	0	spatially_informed	100	STOmics-0212	scVI	nnSVG
STOmics0212	nnsvg	1000	cellcharter	0.15131834124943863	NA	1	0.8118677408130464	NA	1	0.4815930410312425	NA	1	0.7084595649014359	NA	1	0.6432840065818538	NA	1	0.6758717857416449	NA	1	NA	NA	0	0.5787324133864437	NA	1	NA	NA	0	spatially_informed	1000	STOmics-0212	CellCharter	nnSVG
STOmics0212	nnsvg	1000	scvi	0.4248218708487097	NA	1	0.6999149217939351	NA	1	0.5623683963213224	NA	1	0.6176433456456505	NA	1	0.6551125648607564	NA	1	0.6363779552532034	NA	1	NA	NA	0	0.5993731757872629	NA	1	NA	NA	0	spatially_informed	1000	STOmics-0212	scVI	nnSVG
STOmics0212	nnsvg	10000	cellcharter	0.3988953381561514	NA	1	0.5848302334492204	NA	1	0.4918627858026859	NA	1	0.6990877997712404	NA	1	0.572073411533026	NA	1	0.6355806056521331	NA	1	NA	NA	0	0.5637216957274095	NA	1	NA	NA	0	spatially_informed	10000	STOmics-0212	CellCharter	nnSVG
STOmics0212	nnsvg	10000	scvi	0.22579076534014125	NA	1	0.5069190225840687	NA	1	0.36635489396210497	NA	1	0.6032805591976595	NA	1	0.5499144061661376	NA	1	0.5765974826818986	NA	1	NA	NA	0	0.4714761883220018	NA	1	NA	NA	0	spatially_informed	10000	STOmics-0212	scVI	nnSVG
STOmics0212	nnsvg	200	cellcharter	0.13726338582812445	NA	1	0.8798822063557087	NA	1	0.5085727960919165	NA	1	0.6920479320746824	NA	1	0.7233272059252952	NA	1	0.7076875689999889	NA	1	NA	NA	0	0.6081301825459526	NA	1	NA	NA	0	spatially_informed	200	STOmics-0212	CellCharter	nnSVG
STOmics0212	nnsvg	200	scvi	0.5570163487830417	NA	1	0.6505954238156818	NA	1	0.6038058862993618	NA	1	0.5537586855080047	NA	1	0.6754943509185953	NA	1	0.6146265182132999	NA	1	NA	NA	0	0.6092162022563309	NA	1	NA	NA	0	spatially_informed	200	STOmics-0212	scVI	nnSVG
STOmics0212	nnsvg	2000	cellcharter	0.2241801945296439	0.01203344056805585	3	0.7946574577615921	0.01408852642351706	3	0.509418826145618	0.00921899572087865	3	0.6996928888672187	0.00629587767228554	3	0.6388511789916113	0.02481257442723249	3	0.6692720339294148	0.01554771452894112	3	NA	NA	0	0.5893454300375165	0.00507054799784704	3	NA	NA	0	spatially_informed	2000	STOmics-0212	CellCharter	nnSVG
STOmics0212	nnsvg	2000	scvi	0.4240670321993721	0.00538778056881741	3	0.6405687055391681	0.0181370759038061	3	0.5323178688692701	0.00987463218514055	3	0.5754088823667648	0.01202760370624484	3	0.578288386456057	0.03306992574052808	3	0.5768486344114109	0.01797610993734914	3	NA	NA	0	0.5545832516403405	0.01148076510555803	3	NA	NA	0	spatially_informed	2000	STOmics-0212	scVI	nnSVG
STOmics0212	nnsvg	500	cellcharter	0.11615479606760556	NA	1	0.84398357541356706	NA	1	0.4800691857405863	NA	1	0.7188913450958901	NA	1	0.6930307076965352	NA	1	0.7059610263962126	NA	1	NA	NA	0	0.5930151060683995	NA	1	NA	NA	0	spatially_informed	500	STOmics-0212	CellCharter	nnSVG
STOmics0212	nnsvg	500	scvi	0.4841604536800971	NA	1	0.7122383208704213	NA	1	0.5981993872752591	NA	1	0.5844906087794872	NA	1	0.5094131174794952	NA	1	0.5469518631294912	NA	1	NA	NA	0	0.5725756252023751	NA	1	NA	NA	0	spatially_informed	500	STOmics-0212	scVI	nnSVG
STOmics0212	nnsvg	5000	cellcharter	0.3025895021189519	NA	1	0.6830454086885444	NA	1	0.4928174554037481	NA	1	0.6967378769519214	NA	1	0.5939424150186698	NA	1	0.6453401459852957	NA	1	NA	NA	0	0.5690788006945219	NA	1	NA	NA	0	spatially_informed	5000	STOmics-0212	CellCharter	nnSVG
STOmics0212	nnsvg	5000	scvi	0.38634176910434614	NA	1	0.5182863243609361	NA	1	0.45231404673264114	NA	1	0.6046659777236721	NA	1	0.5398461363435247	NA	1	0.5722560570335984	NA	1	NA	NA	0	0.5122850518831198	NA	1	NA	NA	0	spatially_informed	5000	STOmics-0212	scVI	nnSVG
STOmics0212	osca	100	cellcharter	0.04910020895489209	NA	1	0.7928732504347612	NA	1	0.42098672969482664	NA	1	0.7289960056224362	NA	1	0.7698588740815923	NA	1	0.7494274398520142	NA	1	NA	NA	0	0.5852070847734204	NA	1	NA	NA	0	expression_driven	100	STOmics-0212	CellCharter	OSCA
STOmics0212	osca	100	scvi	0.45693513325610147	NA	1	0.7212593487373758	NA	1	0.5890972409967387	NA	1	0.6212900698388087	NA	1	0.6029196256421042	NA	1	0.6121048477404565	NA	1	NA	NA	0	0.6006010443685976	NA	1	NA	NA	0	expression_driven	100	STOmics-0212	scVI	OSCA
STOmics0212	osca	1000	cellcharter	0.06509391772186787	NA	1	0.8081225868331013	NA	1	0.4366082522774846	NA	1	0.7191036149845914	NA	1	0.7747933278544356	NA	1	0.7469484714195135	NA	1	NA	NA	0	0.5917783618484991	NA	1	NA	NA	0	expression_driven	1000	STOmics-0212	CellCharter	OSCA
STOmics0212	osca	1000	scvi	0.41655968095256	NA	1	0.7082857355450458	NA	1	0.5624227082488029	NA	1	0.5792585320592575	NA	1	0.6406635165124588	NA	1	0.6099610242858582	NA	1	NA	NA	0	0.5861918662673306	NA	1	NA	NA	0	expression_driven	1000	STOmics-0212	scVI	OSCA
STOmics0212	osca	10000	cellcharter	0.20395858238959785	NA	1	0.730072167649063	NA	1	0.4670153750193304	NA	1	0.6997936874138863	NA	1	0.5863503199032636	NA	1	0.6430720036585749	NA	1	NA	NA	0	0.5550436893389527	NA	1	NA	NA	0	expression_driven	10000	STOmics-0212	CellCharter	OSCA
STOmics0212	osca	10000	scvi	0.38339269937153897	NA	1	0.5696997063441086	NA	1	0.4765462028578238	NA	1	0.5850730048121217	NA	1	0.5468157761410384	NA	1	0.56594439047658	NA	1	NA	NA	0	0.5212452966672019	NA	1	NA	NA	0	expression_driven	10000	STOmics-0212	scVI	OSCA
STOmics0212	osca	200	cellcharter	0.03202325963112671	NA	1	0.8001240196642523	NA	1	0.4160736396476895	NA	1	0.72599536064831	NA	1	0.931084644954606	NA	1	0.828540002801458	NA	1	NA	NA	0	0.6223068212245737	NA	1	NA	NA	0	expression_driven	200	STOmics-0212	CellCharter	OSCA
STOmics0212	osca	200	scvi	0.4034249600283713	NA	1	0.7668056997229891	NA	1	0.5851153298756802	NA	1	0.6242001474723234	NA	1	0.6443245810423637	NA	1	0.6342623642573435	NA	1	NA	NA	0	0.6096888470665118	NA	1	NA	NA	0	expression_driven	200	STOmics-0212	scVI	OSCA
STOmics0212	osca	2000	cellcharter	0.10686244874680216	0.01947699895989834	3	0.8123849482518666	0.00350596887134692	3	0.4596236984993344	0.00891536044003286	3	0.7106485716707863	0.00627193160606951	3	0.6866770126183949	0.1110918784027412	3	0.6986627921445906	0.05435426519830557	3	NA	NA	0	0.5791432453219625	0.02378528558491595	3	NA	NA	0	expression_driven	2000	STOmics-0212	CellCharter	OSCA
STOmics0212	osca	2000	scvi	0.4076492057201035	0.05089440570727827	3	0.641495361855765	0.01997430025865037	3	0.5245722837879342	0.01589170661418815	3	0.568605825735849	0.01537165809580931	3	0.6137463343863095	0.03285608452171002	3	0.5911760800610792	0.0218062766687825	3	NA	NA	0	0.5578741819245067	0.01856212970088408	3	NA	NA	0	expression_driven	2000	STOmics-0212	scVI	OSCA
STOmics0212	osca	500	cellcharter	0.02766787377595052	NA	1	0.8025301548249323	NA	1	0.4150990143004414	NA	1	0.7350126378717294	NA	1	0.8612587439285807	NA	1	0.7981356909001551	NA	1	NA	NA	0	0.6066173526002983	NA	1	NA	NA	0	expression_driven	500	STOmics-0212	CellCharter	OSCA
STOmics0212	osca	500	scvi	0.3720549176689789	NA	1	0.703598892624414	NA	1	0.5378269051466964	NA	1	0.5606922472317512	NA	1	0.614477697359581	NA	1	0.5875849722956661	NA	1	NA	NA	0	0.5627059387211812	NA	1	NA	NA	0	expression_driven	500	STOmics-0212	scVI	OSCA
STOmics0212	osca	5000	cellcharter	0.18175860257323995	NA	1	0.7864727199212308	NA	1	0.4841156612472354	NA	1	0.6853292702046012	NA	1	0.6400070949268353	NA	1	0.6626681825657182	NA	1	NA	NA	0	0.5733919219064768	NA	1	NA	NA	0	expression_driven	5000	STOmics-0212	CellCharter	OSCA
STOmics0212	osca	5000	scvi	0.450445924115331	NA	1	0.4948270325424188	NA	1	0.4726364783288749	NA	1	0.5914028153465538	NA	1	0.5189707605899262	NA	1	0.55518678796824	NA	1	NA	NA	0	0.5139116331485574	NA	1	NA	NA	0	expression_driven	5000	STOmics-0212	scVI	OSCA
STOmics0212	scPNMF	100	cellcharter	0.0489192868525275	NA	1	0.7741471573527495	NA	1	0.41153322210263854	NA	1	0.7360393274276543	NA	1	0.6903903453251943	NA	1	0.7132148363764244	NA	1	NA	NA	0	0.5623740292395314	NA	1	NA	NA	0	expression_driven	100	STOmics-0212	CellCharter	scPNMF
STOmics0212	scPNMF	100	scvi	0.3788323768969716	NA	1	0.7634372557978379	NA	1	0.5711348163474048	NA	1	0.6069966918266113	NA	1	0.5736314464258683	NA	1	0.5903140691262398	NA	1	NA	NA	0	0.5807244427368223	NA	1	NA	NA	0	expression_driven	100	STOmics-0212	scVI	scPNMF
STOmics0212	scPNMF	1000	cellcharter	0.0808999108391066	NA	1	0.8255423526564463	NA	1	0.4532211317477765	NA	1	0.7170865813418983	NA	1	0.8286551262771613	NA	1	0.7728708538095298	NA	1	NA	NA	0	0.6130459927786531	NA	1	NA	NA	0	expression_driven	1000	STOmics-0212	CellCharter	scPNMF
STOmics0212	scPNMF	1000	scvi	0.3890395008011478	NA	1	0.6601907910903347	NA	1	0.5246151459457413	NA	1	0.5975771167333496	NA	1	0.6604790485637793	NA	1	0.6290280826485644	NA	1	NA	NA	0	0.5768216142971528	NA	1	NA	NA	0	expression_driven	1000	STOmics-0212	scVI	scPNMF
STOmics0212	scPNMF	10000	cellcharter	0.2819656250745659	NA	1	0.6276151922765913	NA	1	0.45479040867557863	NA	1	0.6997013043419896	NA	1	0.5729342947990205	NA	1	0.636317799570505	NA	1	NA	NA	0	0.5455541041230418	NA	1	NA	NA	0	expression_driven	10000	STOmics-0212	CellCharter	scPNMF
STOmics0212	scPNMF	10000	scvi	0.30290386753391085	NA	1	0.5683376426572772	NA	1	0.435620755095594	NA	1	0.5939135456656525	NA	1	0.5312761280072333	NA	1	0.5625948368364428	NA	1	NA	NA	0	0.4991077959660184	NA	1	NA	NA	0	expression_driven	10000	STOmics-0212	scVI	scPNMF
STOmics0212	scPNMF	200	cellcharter	0.03139573733985557	NA	1	0.789026886010163	NA	1	0.4102113116750093	NA	1	0.7276872448952473	NA	1	0.8686506185377141	NA	1	0.7981689317164806	NA	1	NA	NA	0	0.6041901216957449	NA	1	NA	NA	0	expression_driven	200	STOmics-0212	CellCharter	scPNMF
STOmics0212	scPNMF	200	scvi	0.40351113678170186	NA	1	0.7834168155112061	NA	1	0.593463976146454	NA	1	0.5952304621435323	NA	1	0.6050126815047836	NA	1	0.6001215718241579	NA	1	NA	NA	0	0.596792773985306	NA	1	NA	NA	0	expression_driven	200	STOmics-0212	scVI	scPNMF
STOmics0212	scPNMF	2000	cellcharter	0.1180293633250521	0.03952376826925224	3	0.8035995415805574	0.01978486053921997	3	0.4608144524528046	0.02391256453407722	3	0.7023533322022583	0.01279204464096954	3	0.6980680544267998	0.00985501649449048	3	0.700210693314529	0.00156537147677785	3	NA	NA	0	0.5805125728836669	0.01120940086723898	3	NA	NA	0	expression_driven	2000	STOmics-0212	CellCharter	scPNMF
STOmics0212	scPNMF	2000	scvi	0.41185026225011345	0.08761114479223785	3	0.617896006073872	0.02844808590219363	3	0.5148731341619928	0.02988465473946315	3	0.5914954630566313	0.00835889551727471	3	0.6292463327981023	0.02845138330199425	3	0.6103708979273668	0.01829968482749824	3	NA	NA	0	0.5626220160446797	0.00581592267712135	3	NA	NA	0	expression_driven	2000	STOmics-0212	scVI	scPNMF
STOmics0212	scPNMF	500	cellcharter	0.02012700615118701	NA	1	0.7758559055511988	NA	1	0.3979914558511929	NA	1	0.7320516941437436	NA	1	0.9706753139818696	NA	1	0.8513635040628066	NA	1	NA	NA	0	0.6246774799569997	NA	1	NA	NA	0	expression_driven	500	STOmics-0212	CellCharter	scPNMF
STOmics0212	scPNMF	500	scvi	0.3418260602716509	NA	1	0.6983488469471871	NA	1	0.520087453609419	NA	1	0.6450309684104741	NA	1	0.5799868929442278	NA	1	0.612508930677351	NA	1	NA	NA	0	0.566298192143385	NA	1	NA	NA	0	expression_driven	500	STOmics-0212	scVI	scPNMF
STOmics0212	scPNMF	5000	cellcharter	0.26828535078463195	NA	1	0.71819424910841	NA	1	0.493239799946521	NA	1	0.7065613178327927	NA	1	0.6516057084073485	NA	1	0.6790835131200706	NA	1	NA	NA	0	0.5861616565332959	NA	1	NA	NA	0	expression_driven	5000	STOmics-0212	CellCharter	scPNMF
STOmics0212	scPNMF	5000	scvi	0.4028821027612716	NA	1	0.5192237420154189	NA	1	0.4610529223883452	NA	1	0.6178361258935966	NA	1	0.6258901475526633	NA	1	0.62186313672313	NA	1	NA	NA	0	0.5414580295557376	NA	1	NA	NA	0	expression_driven	5000	STOmics-0212	scVI	scPNMF
STOmics0212	scanpy_cell_ranger	100	cellcharter	0.1589509773976086	NA	1	0.7752314046794291	NA	1	0.4670911910385188	NA	1	0.7079637760110158	NA	1	0.6180679436345079	NA	1	0.6630158598227618	NA	1	NA	NA	0	0.5650535254306404	NA	1	NA	NA	0	expression_driven	100	STOmics-0212	CellCharter	Scanpy Cell Ranger
STOmics0212	scanpy_cell_ranger	100	scvi	0.5761880104469803	NA	1	0.567961933785333	NA	1	0.5720749721161567	NA	1	0.49649811796387455	NA	1	0.3819639920968332	NA	1	0.43923105503035387	NA	1	NA	NA	0	0.5056530135732553	NA	1	NA	NA	0	expression_driven	100	STOmics-0212	scVI	Scanpy Cell Ranger
STOmics0212	scanpy_cell_ranger	1000	cellcharter	0.0268869153446476	NA	1	0.7880554682742992	NA	1	0.4074711918094734	NA	1	0.7353976234926818	NA	1	0.7417537871371822	NA	1	0.738575705314932	NA	1	NA	NA	0	0.5730234485622027	NA	1	NA	NA	0	expression_driven	1000	STOmics-0212	CellCharter	Scanpy Cell Ranger
STOmics0212	scanpy_cell_ranger	1000	scvi	0.35690613386315717	NA	1	0.7057536643667747	NA	1	0.531329899114966	NA	1	0.5675085482381118	NA	1	0.5673065786522704	NA	1	0.5674075634451912	NA	1	NA	NA	0	0.5493687312800786	NA	1	NA	NA	0	expression_driven	1000	STOmics-0212	scVI	Scanpy Cell Ranger
STOmics0212	scanpy_cell_ranger	10000	cellcharter	0.1829594177208866	NA	1	0.8128525089415459	NA	1	0.4979059633312163	NA	1	0.7212841703226308	NA	1	0.6848946408748886	NA	1	0.7030894055987598	NA	1	NA	NA	0	0.6004976844649881	NA	1	NA	NA	0	expression_driven	10000	STOmics-0212	CellCharter	Scanpy Cell Ranger
STOmics0212	scanpy_cell_ranger	10000	scvi	0.3484559999245116	NA	1	0.6081472413740454	NA	1	0.4783016206492785	NA	1	0.6191350964747566	NA	1	0.608826705215789	NA	1	0.6139809008452728	NA	1	NA	NA	0	0.5461412607472756	NA	1	NA	NA	0	expression_driven	10000	STOmics-0212	scVI	Scanpy Cell Ranger
STOmics0212	scanpy_cell_ranger	200	cellcharter	0.15256083570405862	NA	1	0.7820413204918155	NA	1	0.4673010780979371	NA	1	0.7053737419326099	NA	1	0.6453862222661854	NA	1	0.6753799820993976	NA	1	NA	NA	0	0.5713405300986674	NA	1	NA	NA	0	expression_driven	200	STOmics-0212	CellCharter	Scanpy Cell Ranger
STOmics0212	scanpy_cell_ranger	200	scvi	0.5322879497142893	NA	1	0.6044483870328012	NA	1	0.5683681683735453	NA	1	0.4795884053774085	NA	1	0.4866751133492336	NA	1	0.4831317593633211	NA	1	NA	NA	0	0.5257499638684332	NA	1	NA	NA	0	expression_driven	200	STOmics-0212	scVI	Scanpy Cell Ranger
STOmics0212	scanpy_cell_ranger	2000	cellcharter	0.03354558977362337	0.0180597186758831	3	0.7709332572950505	0.00827370406594635	3	0.40223942353433695	0.01163079343896241	3	0.7316493503487137	0.00264796427819101	3	0.7236710359651969	0.14726499615596364	3	0.7276601931569552	0.07248947557455006	3	NA	NA	0	0.564949808345646	0.03513194586785509	3	NA	NA	0	expression_driven	2000	STOmics-0212	CellCharter	Scanpy Cell Ranger
STOmics0212	scanpy_cell_ranger	2000	scvi	0.345357643824314	0.01419861034928013	3	0.7228793286335112	0.02519581987989707	3	0.5341184862289126	0.00806195933005962	3	0.5878134945463643	0.01843771512872947	3	0.5689783511347755	0.03053780079404804	3	0.5783959228405698	0.00643909740060327	3	NA	NA	0	0.5562572045347413	0.00614239757769049	3	NA	NA	0	expression_driven	2000	STOmics-0212	scVI	Scanpy Cell Ranger
STOmics0212	scanpy_cell_ranger	500	cellcharter	0.0705452833228987	NA	1	0.7880451432514736	NA	1	0.4292952132871861	NA	1	0.7067374813374704	NA	1	0.6899074706825612	NA	1	0.6983224760100157	NA	1	NA	NA	0	0.5638088446486009	NA	1	NA	NA	0	expression_driven	500	STOmics-0212	CellCharter	Scanpy Cell Ranger
STOmics0212	scanpy_cell_ranger	500	scvi	0.4519508852240351	NA	1	0.6970492588435019	NA	1	0.5745000720337685	NA	1	0.5715715492087644	NA	1	0.5852731453419294	NA	1	0.5784223472753469	NA	1	NA	NA	0	0.5764612096545577	NA	1	NA	NA	0	expression_driven	500	STOmics-0212	scVI	Scanpy Cell Ranger
STOmics0212	scanpy_cell_ranger	5000	cellcharter	0.0660357081259293	NA	1	0.7762276534245631	NA	1	0.4211316807752462	NA	1	0.7308763593522585	NA	1	0.7838024192651378	NA	1	0.7573393893086982	NA	1	NA	NA	0	0.5892355350419722	NA	1	NA	NA	0	expression_driven	5000	STOmics-0212	CellCharter	Scanpy Cell Ranger
STOmics0212	scanpy_cell_ranger	5000	scvi	0.36750663875221634	NA	1	0.7123797073706495	NA	1	0.5399431730614329	NA	1	0.5936971370059118	NA	1	0.677241551686137	NA	1	0.6354693443460244	NA	1	NA	NA	0	0.5877062587037287	NA	1	NA	NA	0	expression_driven	5000	STOmics-0212	scVI	Scanpy Cell Ranger
STOmics0212	scanpy_cell_ranger_batch	100	cellcharter	0.2982019709116439	NA	1	0.8048292021478664	NA	1	0.5515155865297552	NA	1	0.6589555292635674	NA	1	0.5314146430600724	NA	1	0.5951850861618199	NA	1	NA	NA	0	0.5733503363457875	NA	1	NA	NA	0	expression_driven	100	STOmics-0212	CellCharter	Scanpy Cell Ranger, batch
STOmics0212	scanpy_cell_ranger_batch	100	scvi	0.7026993744846144	NA	1	0.5257927706071295	NA	1	0.6142460725458719	NA	1	0.3587481344891539	NA	1	0.4760036611301197	NA	1	0.4173758978096368	NA	1	NA	NA	0	0.5158109851777544	NA	1	NA	NA	0	expression_driven	100	STOmics-0212	scVI	Scanpy Cell Ranger, batch
STOmics0212	scanpy_cell_ranger_batch	1000	cellcharter	0.14999864725050513	NA	1	0.8487978935624978	NA	1	0.4993982704065015	NA	1	0.6935493292582372	NA	1	0.7383333384349111	NA	1	0.7159413338465741	NA	1	NA	NA	0	0.6076698021265378	NA	1	NA	NA	0	expression_driven	1000	STOmics-0212	CellCharter	Scanpy Cell Ranger, batch
STOmics0212	scanpy_cell_ranger_batch	1000	scvi	0.494344970590629	NA	1	0.6767521653441231	NA	1	0.585548567967376	NA	1	0.5208846578757242	NA	1	0.541245923914925	NA	1	0.5310652908953246	NA	1	NA	NA	0	0.5583069294313503	NA	1	NA	NA	0	expression_driven	1000	STOmics-0212	scVI	Scanpy Cell Ranger, batch
STOmics0212	scanpy_cell_ranger_batch	10000	cellcharter	0.20982907612571847	NA	1	0.7561251979165966	NA	1	0.4829771370211575	NA	1	0.688014815758693	NA	1	0.6737451341103342	NA	1	0.6808799749345136	NA	1	NA	NA	0	0.5819285559778355	NA	1	NA	NA	0	expression_driven	10000	STOmics-0212	CellCharter	Scanpy Cell Ranger, batch
STOmics0212	scanpy_cell_ranger_batch	10000	scvi	0.439997835832387	NA	1	0.5556637548170509	NA	1	0.49783079532471897	NA	1	0.6168948286679198	NA	1	0.6635271580957736	NA	1	0.6402109933818467	NA	1	NA	NA	0	0.5690208943532828	NA	1	NA	NA	0	expression_driven	10000	STOmics-0212	scVI	Scanpy Cell Ranger, batch
STOmics0212	scanpy_cell_ranger_batch	200	cellcharter	0.2296055673343618	NA	1	0.8543467939668073	NA	1	0.5419761806505846	NA	1	0.6780149298800678	NA	1	0.6482764758253428	NA	1	0.6631457028527052	NA	1	NA	NA	0	0.6025609417516449	NA	1	NA	NA	0	expression_driven	200	STOmics-0212	CellCharter	Scanpy Cell Ranger, batch
STOmics0212	scanpy_cell_ranger_batch	200	scvi	0.6351453125418944	NA	1	0.6332792624512154	NA	1	0.6342122874965549	NA	1	0.4762519675609282	NA	1	0.6064510683129078	NA	1	0.541351517936918	NA	1	NA	NA	0	0.5877819027167365	NA	1	NA	NA	0	expression_driven	200	STOmics-0212	scVI	Scanpy Cell Ranger, batch
STOmics0212	scanpy_cell_ranger_batch	2000	cellcharter	0.12255415752287396	0.00855325554425003	3	0.8465871591969397	0.01105363115572835	3	0.4845706583599069	0.00899354262217713	3	0.7173549655107938	0.0060160676088375	3	0.841748966920945	0.08923925635494394	3	0.7795519662158693	0.04162438749999386	3	NA	NA	0	0.6320613122878882	0.02340508475126623	3	NA	NA	0	expression_driven	2000	STOmics-0212	CellCharter	Scanpy Cell Ranger, batch
STOmics0212	scanpy_cell_ranger_batch	2000	scvi	0.4891954482754028	0.02557903794094108	3	0.6912802706231181	0.00318930918420677	3	0.5902378594492604	0.01426069106632125	3	0.5247500395451995	0.0060839845154691	3	0.6533897358826539	0.0246959144275289	3	0.5890698877139267	0.01154152806523599	3	NA	NA	0	0.5896538735815936	0.0128963016312074	3	NA	NA	0	expression_driven	2000	STOmics-0212	scVI	Scanpy Cell Ranger, batch
STOmics0212	scanpy_cell_ranger_batch	500	cellcharter	0.17922819025456743	NA	1	0.8705845436249978	NA	1	0.5249063669397827	NA	1	0.6832289017004197	NA	1	0.6318159900773938	NA	1	0.6575224458889067	NA	1	NA	NA	0	0.5912144064143448	NA	1	NA	NA	0	expression_driven	500	STOmics-0212	CellCharter	Scanpy Cell Ranger, batch
STOmics0212	scanpy_cell_ranger_batch	500	scvi	0.5532666811373641	NA	1	0.6554891616759106	NA	1	0.6043779214066374	NA	1	0.5005634570031767	NA	1	0.577173085850452	NA	1	0.5388682714268144	NA	1	NA	NA	0	0.5716230964167259	NA	1	NA	NA	0	expression_driven	500	STOmics-0212	scVI	Scanpy Cell Ranger, batch
STOmics0212	scanpy_cell_ranger_batch	5000	cellcharter	0.11845762622365091	NA	1	0.8807508661690596	NA	1	0.4996042461963552	NA	1	0.7114248022332398	NA	1	0.7857440272332792	NA	1	0.7485844147332594	NA	1	NA	NA	0	0.6240943304648073	NA	1	NA	NA	0	expression_driven	5000	STOmics-0212	CellCharter	Scanpy Cell Ranger, batch
STOmics0212	scanpy_cell_ranger_batch	5000	scvi	0.48754579256469965	NA	1	0.6816719769369066	NA	1	0.5846088847508031	NA	1	0.5496346774411015	NA	1	0.589339315252264	NA	1	0.5694869963466828	NA	1	NA	NA	0	0.577047940548743	NA	1	NA	NA	0	expression_driven	5000	STOmics-0212	scVI	Scanpy Cell Ranger, batch
STOmics0212	scanpy_pearson	100	cellcharter	0.04247165501057876	NA	1	0.8196853667691015	NA	1	0.43107851088984017	NA	1	0.7253917203995881	NA	1	0.8929481557092956	NA	1	0.8091699380544419	NA	1	NA	NA	0	0.620124224472141	NA	1	NA	NA	0	expression_driven	100	STOmics-0212	CellCharter	Scanpy Pearson
STOmics0212	scanpy_pearson	100	scvi	0.35574284675824863	NA	1	0.71861383597723	NA	1	0.5371783413677393	NA	1	0.6146659406823675	NA	1	0.5754831074607454	NA	1	0.5950745240715565	NA	1	NA	NA	0	0.5661264327196479	NA	1	NA	NA	0	expression_driven	100	STOmics-0212	scVI	Scanpy Pearson
STOmics0212	scanpy_pearson	1000	cellcharter	0.03288409248696751	NA	1	0.7837524049855877	NA	1	0.4083182487362776	NA	1	0.7320325662914655	NA	1	0.9028629765632864	NA	1	0.817447771427376	NA	1	NA	NA	0	0.6128830100818268	NA	1	NA	NA	0	expression_driven	1000	STOmics-0212	CellCharter	Scanpy Pearson
STOmics0212	scanpy_pearson	1000	scvi	0.35136378225245335	NA	1	0.6905693765059755	NA	1	0.5209665793792144	NA	1	0.6397715654151805	NA	1	0.6444640672538278	NA	1	0.6421178163345042	NA	1	NA	NA	0	0.5815421978568593	NA	1	NA	NA	0	expression_driven	1000	STOmics-0212	scVI	Scanpy Pearson
STOmics0212	scanpy_pearson	10000	cellcharter	0.3046094720310117	NA	1	0.6324773655143877	NA	1	0.46854341877269967	NA	1	0.7069682921521324	NA	1	0.5843993346605927	NA	1	0.6456838134063625	NA	1	NA	NA	0	0.5571136160895311	NA	1	NA	NA	0	expression_driven	10000	STOmics-0212	CellCharter	Scanpy Pearson
STOmics0212	scanpy_pearson	10000	scvi	0.28608162237742724	NA	1	0.5729936913058855	NA	1	0.42953765684165635	NA	1	0.5808914676549796	NA	1	0.5516156256309045	NA	1	0.566253546642942	NA	1	NA	NA	0	0.4978956017422992	NA	1	NA	NA	0	expression_driven	10000	STOmics-0212	scVI	Scanpy Pearson
STOmics0212	scanpy_pearson	200	cellcharter	0.04101419457390033	NA	1	0.8161463414029341	NA	1	0.4285802679884172	NA	1	0.7283622766275223	NA	1	0.8955532449735941	NA	1	0.8119577608005581	NA	1	NA	NA	0	0.6202690143944877	NA	1	NA	NA	0	expression_driven	200	STOmics-0212	CellCharter	Scanpy Pearson
STOmics0212	scanpy_pearson	200	scvi	0.35141303500487636	NA	1	0.720023246083943	NA	1	0.5357181405444097	NA	1	0.6207701250518239	NA	1	0.5702005075015226	NA	1	0.5954853162766733	NA	1	NA	NA	0	0.5656017284105415	NA	1	NA	NA	0	expression_driven	200	STOmics-0212	scVI	Scanpy Pearson
STOmics0212	scanpy_pearson	2000	cellcharter	0.05293241650408597	0.0098035168866108	3	0.803660642230312	0.01687076852565838	3	0.428296529367199	0.0133004313585039	3	0.714817207482017	0.00481692857698558	3	0.7827397538078759	0.01136647239058882	3	0.7487784806449466	0.00582892296939568	3	NA	NA	0	0.5885375050060727	0.00770846927994048	3	NA	NA	0	expression_driven	2000	STOmics-0212	CellCharter	Scanpy Pearson
STOmics0212	scanpy_pearson	2000	scvi	0.3539034986411979	0.02651617643272587	3	0.6665112198931663	0.01831336044146245	3	0.5102073592671821	0.02025110021607447	3	0.612089734791363	0.00753605389660312	3	0.649359315496818	0.03211462913597728	3	0.6307245251440905	0.01293203601557993	3	NA	NA	0	0.5704659422056363	0.00462541954775381	3	NA	NA	0	expression_driven	2000	STOmics-0212	scVI	Scanpy Pearson
STOmics0212	scanpy_pearson	500	cellcharter	0.04084418751389458	NA	1	0.8020609989767752	NA	1	0.4214525932453349	NA	1	0.7303148469340434	NA	1	0.9115528544966982	NA	1	0.8209338507153707	NA	1	NA	NA	0	0.6211932219803529	NA	1	NA	NA	0	expression_driven	500	STOmics-0212	CellCharter	Scanpy Pearson
STOmics0212	scanpy_pearson	500	scvi	0.34417333267401173	NA	1	0.7112870118291325	NA	1	0.5277301722515721	NA	1	0.5937408780756853	NA	1	0.5594482487154104	NA	1	0.5765945633955478	NA	1	NA	NA	0	0.55216236782356	NA	1	NA	NA	0	expression_driven	500	STOmics-0212	scVI	Scanpy Pearson
STOmics0212	scanpy_pearson	5000	cellcharter	0.15851707412451052	NA	1	0.8038667676882151	NA	1	0.4811919209063628	NA	1	0.6994751967330868	NA	1	0.6883961779743417	NA	1	0.6939356873537142	NA	1	NA	NA	0	0.5875638041300385	NA	1	NA	NA	0	expression_driven	5000	STOmics-0212	CellCharter	Scanpy Pearson
STOmics0212	scanpy_pearson	5000	scvi	0.30925419426324136	NA	1	0.6068054351431298	NA	1	0.4580298147031856	NA	1	0.6217114238324428	NA	1	0.6547701001467314	NA	1	0.6382407619895871	NA	1	NA	NA	0	0.5481352883463864	NA	1	NA	NA	0	expression_driven	5000	STOmics-0212	scVI	Scanpy Pearson
STOmics0212	scanpy_pearson_batch	100	cellcharter	0.04388136737504614	NA	1	0.8249607133290177	NA	1	0.4344210403520319	NA	1	0.7253545793768033	NA	1	0.9040640464717904	NA	1	0.8147093129242968	NA	1	NA	NA	0	0.6245651766381644	NA	1	NA	NA	0	expression_driven	100	STOmics-0212	CellCharter	Scanpy Pearson, batch
STOmics0212	scanpy_pearson_batch	100	scvi	0.4150407278606017	NA	1	0.7511293165568905	NA	1	0.5830850222087461	NA	1	0.6180878932728014	NA	1	0.6263916522240875	NA	1	0.6222397727484446	NA	1	NA	NA	0	0.6026623974785954	NA	1	NA	NA	0	expression_driven	100	STOmics-0212	scVI	Scanpy Pearson, batch
STOmics0212	scanpy_pearson_batch	1000	cellcharter	0.05202462743060183	NA	1	0.7938358424233296	NA	1	0.42293023492696574	NA	1	0.7245077153747091	NA	1	0.8278793304928361	NA	1	0.7761935229337726	NA	1	NA	NA	0	0.5995618789303692	NA	1	NA	NA	0	expression_driven	1000	STOmics-0212	CellCharter	Scanpy Pearson, batch
STOmics0212	scanpy_pearson_batch	1000	scvi	0.34494279801787486	NA	1	0.7450683873150993	NA	1	0.5450055926664871	NA	1	0.5849865491650018	NA	1	0.6157415352848228	NA	1	0.6003640422249124	NA	1	NA	NA	0	0.5726848174456998	NA	1	NA	NA	0	expression_driven	1000	STOmics-0212	scVI	Scanpy Pearson, batch
STOmics0212	scanpy_pearson_batch	10000	cellcharter	0.2889926401963027	NA	1	0.6511454183044488	NA	1	0.47006902925037575	NA	1	0.7163788088668116	NA	1	0.5677752030921004	NA	1	0.642077005979456	NA	1	NA	NA	0	0.5560730176149159	NA	1	NA	NA	0	expression_driven	10000	STOmics-0212	CellCharter	Scanpy Pearson, batch
STOmics0212	scanpy_pearson_batch	10000	scvi	0.34155723572181845	NA	1	0.5035454187760525	NA	1	0.4225513272489355	NA	1	0.5786296878448535	NA	1	0.5387079290137666	NA	1	0.5586688084293101	NA	1	NA	NA	0	0.4906100678391228	NA	1	NA	NA	0	expression_driven	10000	STOmics-0212	scVI	Scanpy Pearson, batch
STOmics0212	scanpy_pearson_batch	200	cellcharter	0.04986796153848682	NA	1	0.8189634504985597	NA	1	0.4344157060185233	NA	1	0.7180429504761271	NA	1	0.8616588002252128	NA	1	0.7898508753506699	NA	1	NA	NA	0	0.6121332906845965	NA	1	NA	NA	0	expression_driven	200	STOmics-0212	CellCharter	Scanpy Pearson, batch
STOmics0212	scanpy_pearson_batch	200	scvi	0.45817374961459045	NA	1	0.7220213723436097	NA	1	0.5900975609791002	NA	1	0.6150042292077655	NA	1	0.5885930788221361	NA	1	0.6017986540149508	NA	1	NA	NA	0	0.5959481074970254	NA	1	NA	NA	0	expression_driven	200	STOmics-0212	scVI	Scanpy Pearson, batch
STOmics0212	scanpy_pearson_batch	2000	cellcharter	0.09729098410437216	0.01316644094792786	3	0.8300281913960003	0.00603950790219731	3	0.4636595877501862	0.00744543449340386	3	0.7088551381864585	0.00266327649804641	3	0.6990137306800036	0.05241410050335524	3	0.703934434433231	0.02753864811561792	3	NA	NA	0	0.5837970110917087	0.01689460869688574	3	NA	NA	0	expression_driven	2000	STOmics-0212	CellCharter	Scanpy Pearson, batch
STOmics0212	scanpy_pearson_batch	2000	scvi	0.387861812037152	0.02194202183316801	3	0.6625586386135877	0.02951476868177642	3	0.5252102253253699	0.00873414855786475	3	0.5892484371237161	0.02959040116275023	3	0.6346346453378175	0.02368924090046589	3	0.6119415412307668	0.00719965292197994	3	NA	NA	0	0.5685758832780684	9.6252924458252e-4	3	NA	NA	0	expression_driven	2000	STOmics-0212	scVI	Scanpy Pearson, batch
STOmics0212	scanpy_pearson_batch	500	cellcharter	0.0403187071820917	NA	1	0.795099929125836	NA	1	0.4177093181539639	NA	1	0.7206704493074563	NA	1	0.7588559097628017	NA	1	0.7397631795351289	NA	1	NA	NA	0	0.5787362488445464	NA	1	NA	NA	0	expression_driven	500	STOmics-0212	CellCharter	Scanpy Pearson, batch
STOmics0212	scanpy_pearson_batch	500	scvi	0.36927805148435344	NA	1	0.7313126434355044	NA	1	0.5502953474599289	NA	1	0.5899122608534944	NA	1	0.7461580718298184	NA	1	0.6680351663416564	NA	1	NA	NA	0	0.6091652569007926	NA	1	NA	NA	0	expression_driven	500	STOmics-0212	scVI	Scanpy Pearson, batch
STOmics0212	scanpy_pearson_batch	5000	cellcharter	0.21483718330766863	NA	1	0.7623947272067828	NA	1	0.4886159552572258	NA	1	0.6935931017176511	NA	1	0.6761410955896427	NA	1	0.6848670986536469	NA	1	NA	NA	0	0.5867415269554364	NA	1	NA	NA	0	expression_driven	5000	STOmics-0212	CellCharter	Scanpy Pearson, batch
STOmics0212	scanpy_pearson_batch	5000	scvi	0.3886051903610106	NA	1	0.5909161084261945	NA	1	0.4897606493936026	NA	1	0.6167928326925678	NA	1	0.5771850593730984	NA	1	0.596988946032833	NA	1	NA	NA	0	0.5433747977132177	NA	1	NA	NA	0	expression_driven	5000	STOmics-0212	scVI	Scanpy Pearson, batch
STOmics0212	scanpy_seurat	100	cellcharter	0.19204659775320987	NA	1	0.8228021272101369	NA	1	0.5074243624816734	NA	1	0.7079405663017315	NA	1	0.5466257058844348	NA	1	0.6272831360930832	NA	1	NA	NA	0	0.5673537492873784	NA	1	NA	NA	0	expression_driven	100	STOmics-0212	CellCharter	Scanpy Seurat
STOmics0212	scanpy_seurat	100	scvi	0.5506726697135402	NA	1	0.613144416517464	NA	1	0.5819085431155021	NA	1	0.5098704475296308	NA	1	0.5537491966678372	NA	1	0.531809822098734	NA	1	NA	NA	0	0.5568591826071181	NA	1	NA	NA	0	expression_driven	100	STOmics-0212	scVI	Scanpy Seurat
STOmics0212	scanpy_seurat	1000	cellcharter	0.03077182298523465	NA	1	0.7655079536309835	NA	1	0.39813988830810904	NA	1	0.7298980345745664	NA	1	0.6616354059048218	NA	1	0.6957667202396941	NA	1	NA	NA	0	0.5469533042739015	NA	1	NA	NA	0	expression_driven	1000	STOmics-0212	CellCharter	Scanpy Seurat
STOmics0212	scanpy_seurat	1000	scvi	0.27889281243375624	NA	1	0.6471191049579144	NA	1	0.4630059586958353	NA	1	0.5964754173461128	NA	1	0.5995270552312719	NA	1	0.5980012362886924	NA	1	NA	NA	0	0.5305035974922638	NA	1	NA	NA	0	expression_driven	1000	STOmics-0212	scVI	Scanpy Seurat
STOmics0212	scanpy_seurat	10000	cellcharter	0.21352203691743385	NA	1	0.7518631183520401	NA	1	0.482692577634737	NA	1	0.6871226858388532	NA	1	0.6176369415118448	NA	1	0.6523798136753489	NA	1	NA	NA	0	0.567536195655043	NA	1	NA	NA	0	expression_driven	10000	STOmics-0212	CellCharter	Scanpy Seurat
STOmics0212	scanpy_seurat	10000	scvi	0.36208290958666633	NA	1	0.5036728652077169	NA	1	0.4328778873971916	NA	1	0.6257789008656277	NA	1	0.6763165237267186	NA	1	0.6510477122961731	NA	1	NA	NA	0	0.5419627998466824	NA	1	NA	NA	0	expression_driven	10000	STOmics-0212	scVI	Scanpy Seurat
STOmics0212	scanpy_seurat	200	cellcharter	0.13478480167416604	NA	1	0.7837782661951503	NA	1	0.4592815339346582	NA	1	0.7238354957112315	NA	1	0.7353164178062377	NA	1	0.7295759567587345	NA	1	NA	NA	0	0.5944287453466963	NA	1	NA	NA	0	expression_driven	200	STOmics-0212	CellCharter	Scanpy Seurat
STOmics0212	scanpy_seurat	200	scvi	0.43288418739644297	NA	1	0.6476472192078239	NA	1	0.5402657033021334	NA	1	0.5847953082543415	NA	1	0.5847322192067421	NA	1	0.5847637637305418	NA	1	NA	NA	0	0.5625147335163376	NA	1	NA	NA	0	expression_driven	200	STOmics-0212	scVI	Scanpy Seurat
STOmics0212	scanpy_seurat	2000	cellcharter	0.03601534469298514	0.01074919367450986	3	0.7792881270492643	0.00673397283151762	3	0.40765173587112474	0.0081716505015937	3	0.7256910849754457	0.00822151845989563	3	0.7262023108197244	0.0885872924332321	3	0.7259466978975849	0.04830202945705856	3	NA	NA	0	0.5667992168843549	0.02443782864685596	3	NA	NA	0	expression_driven	2000	STOmics-0212	CellCharter	Scanpy Seurat
STOmics0212	scanpy_seurat	2000	scvi	0.30448389044387847	0.02240450709403245	3	0.6647881734615402	0.01739852088734645	3	0.4846360319527094	0.00279002323241172	3	0.5905872840166079	0.01298019320529386	3	0.5256593348712397	0.0197330768458274	3	0.5581233094439239	0.01571188676495812	3	NA	NA	0	0.5213796706983166	0.00904513583339368	3	NA	NA	0	expression_driven	2000	STOmics-0212	scVI	Scanpy Seurat
STOmics0212	scanpy_seurat	500	cellcharter	0.04239748619738389	NA	1	0.7643637506923746	NA	1	0.40338061844487927	NA	1	0.729243512112873	NA	1	0.7160965602672469	NA	1	0.72267003619006	NA	1	NA	NA	0	0.5630253273174697	NA	1	NA	NA	0	expression_driven	500	STOmics-0212	CellCharter	Scanpy Seurat
STOmics0212	scanpy_seurat	500	scvi	0.379176904463042	NA	1	0.6544429147182474	NA	1	0.5168099095906448	NA	1	0.6176121600886918	NA	1	0.5642675130230426	NA	1	0.5909398365558671	NA	1	NA	NA	0	0.5538748730732559	NA	1	NA	NA	0	expression_driven	500	STOmics-0212	scVI	Scanpy Seurat
STOmics0212	scanpy_seurat	5000	cellcharter	0.11306332197908778	NA	1	0.8212269730975834	NA	1	0.4671451475383356	NA	1	0.7178836329731811	NA	1	0.6660592969547618	NA	1	0.6919714649639714	NA	1	NA	NA	0	0.5795583062511536	NA	1	NA	NA	0	expression_driven	5000	STOmics-0212	CellCharter	Scanpy Seurat
STOmics0212	scanpy_seurat	5000	scvi	0.39926715996798734	NA	1	0.6299533393659714	NA	1	0.5146102496669793	NA	1	0.612560876520987	NA	1	0.5953045310590288	NA	1	0.603932703790008	NA	1	NA	NA	0	0.5592714767284936	NA	1	NA	NA	0	expression_driven	5000	STOmics-0212	scVI	Scanpy Seurat
STOmics0212	scanpy_seurat_batch	100	cellcharter	0.15336524989001937	NA	1	0.8049139718313013	NA	1	0.4791396108606603	NA	1	0.7013950108053916	NA	1	0.6440406577099103	NA	1	0.672717834257651	NA	1	NA	NA	0	0.5759287225591556	NA	1	NA	NA	0	expression_driven	100	STOmics-0212	CellCharter	Scanpy Seurat, batch
STOmics0212	scanpy_seurat_batch	100	scvi	0.49918210445458056	NA	1	0.6836465380575139	NA	1	0.5914143212560472	NA	1	0.5623568710495389	NA	1	0.6775679012282709	NA	1	0.619962386138905	NA	1	NA	NA	0	0.6056883536974761	NA	1	NA	NA	0	expression_driven	100	STOmics-0212	scVI	Scanpy Seurat, batch
STOmics0212	scanpy_seurat_batch	1000	cellcharter	0.10747060766168189	NA	1	0.842499978137546	NA	1	0.47498529289961394	NA	1	0.7189146671220804	NA	1	0.7448771898774389	NA	1	0.7318959284997597	NA	1	NA	NA	0	0.6034406106996868	NA	1	NA	NA	0	expression_driven	1000	STOmics-0212	CellCharter	Scanpy Seurat, batch
STOmics0212	scanpy_seurat_batch	1000	scvi	0.4284931992947384	NA	1	0.6381617225051422	NA	1	0.5333274608999403	NA	1	0.5688382467455368	NA	1	0.6397146556046309	NA	1	0.6042764511750839	NA	1	NA	NA	0	0.5688019560375122	NA	1	NA	NA	0	expression_driven	1000	STOmics-0212	scVI	Scanpy Seurat, batch
STOmics0212	scanpy_seurat_batch	10000	cellcharter	0.23251555848480665	NA	1	0.7236440820912924	NA	1	0.4780798202880495	NA	1	0.7105758201467887	NA	1	0.677344807460861	NA	1	0.6939603138038248	NA	1	NA	NA	0	0.5860200670459372	NA	1	NA	NA	0	expression_driven	10000	STOmics-0212	CellCharter	Scanpy Seurat, batch
STOmics0212	scanpy_seurat_batch	10000	scvi	0.3996808896429673	NA	1	0.5294792420390941	NA	1	0.46458006584103073	NA	1	0.578325017372444	NA	1	0.4629497387301561	NA	1	0.5206373780513001	NA	1	NA	NA	0	0.4926087219461654	NA	1	NA	NA	0	expression_driven	10000	STOmics-0212	scVI	Scanpy Seurat, batch
STOmics0212	scanpy_seurat_batch	200	cellcharter	0.14408768677002068	NA	1	0.8078400831121897	NA	1	0.4759638849411052	NA	1	0.7039529130441093	NA	1	0.6686420267978723	NA	1	0.6862974699209908	NA	1	NA	NA	0	0.5811306774310481	NA	1	NA	NA	0	expression_driven	200	STOmics-0212	CellCharter	Scanpy Seurat, batch
STOmics0212	scanpy_seurat_batch	200	scvi	0.46518092294425695	NA	1	0.685836958508274	NA	1	0.5755089407262655	NA	1	0.5635457223254111	NA	1	0.5717168035035767	NA	1	0.567631262914494	NA	1	NA	NA	0	0.5715701018203797	NA	1	NA	NA	0	expression_driven	200	STOmics-0212	scVI	Scanpy Seurat, batch
STOmics0212	scanpy_seurat_batch	2000	cellcharter	0.08341854706538772	0.01006519294379883	3	0.8448414438634092	0.02051136737532009	3	0.4641299954643985	0.01163835570132047	3	0.722289353642673	0.01019307828265184	3	0.6876055075280282	0.06763752716712751	3	0.7049474305853506	0.03887993919212664	3	NA	NA	0	0.5845387130248745	0.01395623938513722	3	NA	NA	0	expression_driven	2000	STOmics-0212	CellCharter	Scanpy Seurat, batch
STOmics0212	scanpy_seurat_batch	2000	scvi	0.41399407742190714	0.02867647224002078	3	0.6889673087326136	0.03100023498975696	3	0.5514806930772603	0.02608473157193185	3	0.5880807779801506	0.01038123032847102	3	0.6106707037665225	0.02131986032893703	3	0.5993757408733366	0.0098131380224542	3	NA	NA	0	0.5754282169752984	0.00860568249084547	3	NA	NA	0	expression_driven	2000	STOmics-0212	scVI	Scanpy Seurat, batch
STOmics0212	scanpy_seurat_batch	500	cellcharter	0.11163700085038045	NA	1	0.8409471483288665	NA	1	0.4762920745896234	NA	1	0.7106399551058779	NA	1	0.8061278147490392	NA	1	0.7583838849274585	NA	1	NA	NA	0	0.617337979758541	NA	1	NA	NA	0	expression_driven	500	STOmics-0212	CellCharter	Scanpy Seurat, batch
STOmics0212	scanpy_seurat_batch	500	scvi	0.42417238206265273	NA	1	0.6783297706170068	NA	1	0.5512510763398297	NA	1	0.5722885008039813	NA	1	0.7450578782711739	NA	1	0.6586731895375776	NA	1	NA	NA	0	0.6049621329387036	NA	1	NA	NA	0	expression_driven	500	STOmics-0212	scVI	Scanpy Seurat, batch
STOmics0212	scanpy_seurat_batch	5000	cellcharter	0.14504897315161827	NA	1	0.843873453983902	NA	1	0.4944612135677601	NA	1	0.7153863423932033	NA	1	0.704374923126843	NA	1	0.7098806327600231	NA	1	NA	NA	0	0.6021709231638916	NA	1	NA	NA	0	expression_driven	5000	STOmics-0212	CellCharter	Scanpy Seurat, batch
STOmics0212	scanpy_seurat_batch	5000	scvi	0.3820074297501248	NA	1	0.5989805664772377	NA	1	0.4904939981136813	NA	1	0.6027790696802452	NA	1	0.5511289554859088	NA	1	0.576954012583077	NA	1	NA	NA	0	0.5337240053483792	NA	1	NA	NA	0	expression_driven	5000	STOmics-0212	scVI	Scanpy Seurat, batch
STOmics0212	scanpy_seurat_v3	100	cellcharter	0.1584957926551733	NA	1	0.6008711552301289	NA	1	0.3796834739426511	NA	1	0.751126646596845	NA	1	0.810591064824186	NA	1	0.7808588557105155	NA	1	NA	NA	0	0.5802711648265833	NA	1	NA	NA	0	expression_driven	100	STOmics-0212	CellCharter	Scanpy Seurat v3
STOmics0212	scanpy_seurat_v3	100	scvi	0.43741183046958126	NA	1	0.6041714288310759	NA	1	0.5207916296503285	NA	1	0.5728096749933427	NA	1	0.5065024044497765	NA	1	0.5396560397215595	NA	1	NA	NA	0	0.530223834685944	NA	1	NA	NA	0	expression_driven	100	STOmics-0212	scVI	Scanpy Seurat v3
STOmics0212	scanpy_seurat_v3	1000	cellcharter	0.05634473474818186	NA	1	0.6617470351721143	NA	1	0.3590458849601481	NA	1	0.7560485746874365	NA	1	0.8187608277740848	NA	1	0.7874047012307606	NA	1	NA	NA	0	0.5732252930954543	NA	1	NA	NA	0	expression_driven	1000	STOmics-0212	CellCharter	Scanpy Seurat v3
STOmics0212	scanpy_seurat_v3	1000	scvi	0.2913428211482034	NA	1	0.6451429246188584	NA	1	0.4682428728835309	NA	1	0.6107351932702106	NA	1	0.6985673818081141	NA	1	0.6546512875391624	NA	1	NA	NA	0	0.5614470802113466	NA	1	NA	NA	0	expression_driven	1000	STOmics-0212	scVI	Scanpy Seurat v3
STOmics0212	scanpy_seurat_v3	10000	cellcharter	0.2446782050573204	NA	1	0.656942685262214	NA	1	0.4508104451597672	NA	1	0.7120037243105998	NA	1	0.6870101301670266	NA	1	0.6995069272388132	NA	1	NA	NA	0	0.5751586861992902	NA	1	NA	NA	0	expression_driven	10000	STOmics-0212	CellCharter	Scanpy Seurat v3
STOmics0212	scanpy_seurat_v3	10000	scvi	0.3210828425776832	NA	1	0.4946456747939836	NA	1	0.4078642586858334	NA	1	0.55118302437883	NA	1	0.5289615967620431	NA	1	0.5400723105704366	NA	1	NA	NA	0	0.473968284628135	NA	1	NA	NA	0	expression_driven	10000	STOmics-0212	scVI	Scanpy Seurat v3
STOmics0212	scanpy_seurat_v3	200	cellcharter	0.1121872464953419	NA	1	0.6312635898708434	NA	1	0.3717254181830927	NA	1	0.7629429264596355	NA	1	0.5954716009748028	NA	1	0.6792072637172191	NA	1	NA	NA	0	0.5254663409501559	NA	1	NA	NA	0	expression_driven	200	STOmics-0212	CellCharter	Scanpy Seurat v3
STOmics0212	scanpy_seurat_v3	200	scvi	0.36501950392296334	NA	1	0.630737750806305	NA	1	0.4978786273646342	NA	1	0.6062346941055444	NA	1	0.6967161055749168	NA	1	0.6514753998402306	NA	1	NA	NA	0	0.5746770136024324	NA	1	NA	NA	0	expression_driven	200	STOmics-0212	scVI	Scanpy Seurat v3
STOmics0212	scanpy_seurat_v3	2000	cellcharter	0.09157861089421736	0.02517826679340483	3	0.7039410173975695	0.0261347018750722	3	0.3977598141458934	0.0238186010449464	3	0.7418862476764764	0.00308427456104097	3	0.948741551691176	0.03303472875926262	3	0.8453138996838264	0.01560997244839794	3	NA	NA	0	0.6215368569148599	0.01324138838114454	3	NA	NA	0	expression_driven	2000	STOmics-0212	CellCharter	Scanpy Seurat v3
STOmics0212	scanpy_seurat_v3	2000	scvi	0.2861788451710394	0.06694600869363723	3	0.6741493634557477	0.01190599851061627	3	0.4801641043133936	0.03916855828652221	3	0.6275622875965184	0.03761265621548973	3	0.6819464940238672	0.01638879995209072	3	0.6547543908101928	0.02096156398801703	3	NA	NA	0	0.5674592475617932	0.01558183434278539	3	NA	NA	0	expression_driven	2000	STOmics-0212	scVI	Scanpy Seurat v3
STOmics0212	scanpy_seurat_v3	500	cellcharter	0.05107083519301864	NA	1	0.6526277729794732	NA	1	0.35184930408624593	NA	1	0.747225478172608	NA	1	0.8046917403276959	NA	1	0.7759586092501519	NA	1	NA	NA	0	0.5639039566681989	NA	1	NA	NA	0	expression_driven	500	STOmics-0212	CellCharter	Scanpy Seurat v3
STOmics0212	scanpy_seurat_v3	500	scvi	0.28563827290593513	NA	1	0.6911295427319444	NA	1	0.48838390781893976	NA	1	0.587234843862621	NA	1	0.7012850460880029	NA	1	0.6442599449753119	NA	1	NA	NA	0	0.5663219263971259	NA	1	NA	NA	0	expression_driven	500	STOmics-0212	scVI	Scanpy Seurat v3
STOmics0212	scanpy_seurat_v3	5000	cellcharter	0.17753622314945589	NA	1	0.7185012992758509	NA	1	0.4480187612126534	NA	1	0.7141224528688214	NA	1	0.756892904967493	NA	1	0.7355076789181572	NA	1	NA	NA	0	0.5917632200654053	NA	1	NA	NA	0	expression_driven	5000	STOmics-0212	CellCharter	Scanpy Seurat v3
STOmics0212	scanpy_seurat_v3	5000	scvi	0.24848647023648068	NA	1	0.6534064741826553	NA	1	0.450946472209568	NA	1	0.6355895997879596	NA	1	0.654155142952813	NA	1	0.6448723713703863	NA	1	NA	NA	0	0.5479094217899771	NA	1	NA	NA	0	expression_driven	5000	STOmics-0212	scVI	Scanpy Seurat v3
STOmics0212	scanpy_seurat_v3_batch	100	cellcharter	0.095128763387719	NA	1	0.6280299939880348	NA	1	0.361579378687877	NA	1	0.7572178633017947	NA	1	0.7320585250126288	NA	1	0.7446381941572118	NA	1	NA	NA	0	0.5531087864225444	NA	1	NA	NA	0	expression_driven	100	STOmics-0212	CellCharter	Scanpy Seurat v3, batch
STOmics0212	scanpy_seurat_v3_batch	100	scvi	0.38462412971333415	NA	1	0.5918436162135237	NA	1	0.4882338729634289	NA	1	0.5949647623652048	NA	1	0.5226542463463488	NA	1	0.5588095043557768	NA	1	NA	NA	0	0.5235216886596028	NA	1	NA	NA	0	expression_driven	100	STOmics-0212	scVI	Scanpy Seurat v3, batch
STOmics0212	scanpy_seurat_v3_batch	1000	cellcharter	0.06404772762141497	NA	1	0.735354303330101	NA	1	0.399701015475758	NA	1	0.7458960774262234	NA	1	0.7329319110455619	NA	1	0.7394139942358926	NA	1	NA	NA	0	0.5695575048558252	NA	1	NA	NA	0	expression_driven	1000	STOmics-0212	CellCharter	Scanpy Seurat v3, batch
STOmics0212	scanpy_seurat_v3_batch	1000	scvi	0.30823711336115817	NA	1	0.7014061606609485	NA	1	0.5048216370110533	NA	1	0.6172224679441887	NA	1	0.67341745294567	NA	1	0.6453199604449293	NA	1	NA	NA	0	0.5750707987279913	NA	1	NA	NA	0	expression_driven	1000	STOmics-0212	scVI	Scanpy Seurat v3, batch
STOmics0212	scanpy_seurat_v3_batch	10000	cellcharter	0.30804970255635983	NA	1	0.6201402381945468	NA	1	0.4640949703754534	NA	1	0.7098997055147335	NA	1	0.6522616931612623	NA	1	0.6810806993379979	NA	1	NA	NA	0	0.5725878348567256	NA	1	NA	NA	0	expression_driven	10000	STOmics-0212	CellCharter	Scanpy Seurat v3, batch
STOmics0212	scanpy_seurat_v3_batch	10000	scvi	0.3342542716028539	NA	1	0.5718791908634697	NA	1	0.4530667312331618	NA	1	0.5804019962399815	NA	1	0.5421071750346111	NA	1	0.5612545856372964	NA	1	NA	NA	0	0.5071606584352291	NA	1	NA	NA	0	expression_driven	10000	STOmics-0212	scVI	Scanpy Seurat v3, batch
STOmics0212	scanpy_seurat_v3_batch	200	cellcharter	0.1240860165256136	NA	1	0.6194149714448791	NA	1	0.37175049398524634	NA	1	0.7558537902913223	NA	1	0.7551879762972107	NA	1	0.7555208832942665	NA	1	NA	NA	0	0.5636356886397564	NA	1	NA	NA	0	expression_driven	200	STOmics-0212	CellCharter	Scanpy Seurat v3, batch
STOmics0212	scanpy_seurat_v3_batch	200	scvi	0.4213195970440073	NA	1	0.6063190257929757	NA	1	0.5138193114184915	NA	1	0.6087858155222488	NA	1	0.6026437019638073	NA	1	0.605714758743028	NA	1	NA	NA	0	0.5597670350807598	NA	1	NA	NA	0	expression_driven	200	STOmics-0212	scVI	Scanpy Seurat v3, batch
STOmics0212	scanpy_seurat_v3_batch	2000	cellcharter	0.10307027410628355	0.0155498744142477	3	0.7525406303814534	0.03298703740919038	3	0.4278054522438685	0.02426694890525951	3	0.7286097045859301	0.01148949670543636	3	0.8252151973054495	0.05670957030176442	3	0.7769124509456898	0.02774470650368048	3	NA	NA	0	0.6023589515947791	0.01286205929377356	3	NA	NA	0	expression_driven	2000	STOmics-0212	CellCharter	Scanpy Seurat v3, batch
STOmics0212	scanpy_seurat_v3_batch	2000	scvi	0.35896963718634917	0.02493296006682991	3	0.6706829713143221	0.02128059079464709	3	0.5148263042503357	0.01771380543635567	3	0.6244403872693701	0.01642663481954354	3	0.6523179256404575	0.10265080762770228	3	0.6383791564549138	0.04496402107706834	3	NA	NA	0	0.5766027303526248	0.0302517443696954	3	NA	NA	0	expression_driven	2000	STOmics-0212	scVI	Scanpy Seurat v3, batch
STOmics0212	scanpy_seurat_v3_batch	500	cellcharter	0.09811385096342386	NA	1	0.6868183920595357	NA	1	0.39246612151147975	NA	1	0.7482644747709241	NA	1	0.7941455094418346	NA	1	0.7712049921063793	NA	1	NA	NA	0	0.5818355568089295	NA	1	NA	NA	0	expression_driven	500	STOmics-0212	CellCharter	Scanpy Seurat v3, batch
STOmics0212	scanpy_seurat_v3_batch	500	scvi	0.3177513964807184	NA	1	0.6598616378491858	NA	1	0.4888065171649521	NA	1	0.6312322045682729	NA	1	0.7725313766444502	NA	1	0.7018817906063615	NA	1	NA	NA	0	0.5953441538856568	NA	1	NA	NA	0	expression_driven	500	STOmics-0212	scVI	Scanpy Seurat v3, batch
STOmics0212	scanpy_seurat_v3_batch	5000	cellcharter	0.1823274992492168	NA	1	0.7333081135350843	NA	1	0.4578178063921506	NA	1	0.7021996881886915	NA	1	0.7272377249963244	NA	1	0.714718706592508	NA	1	NA	NA	0	0.5862682564923293	NA	1	NA	NA	0	expression_driven	5000	STOmics-0212	CellCharter	Scanpy Seurat v3, batch
STOmics0212	scanpy_seurat_v3_batch	5000	scvi	0.3335382513289268	NA	1	0.6179287122448236	NA	1	0.4757334817868752	NA	1	0.6375928287687115	NA	1	0.6180335032026917	NA	1	0.6278131659857016	NA	1	NA	NA	0	0.5517733238862884	NA	1	NA	NA	0	expression_driven	5000	STOmics-0212	scVI	Scanpy Seurat v3, batch
STOmics0212	scry	100	cellcharter	0.05405826449014725	NA	1	0.8053059180776134	NA	1	0.4296820912838803	NA	1	0.7224283693827531	NA	1	0.8566808181237512	NA	1	0.7895545937532522	NA	1	NA	NA	0	0.6096183425185663	NA	1	NA	NA	0	expression_driven	100	STOmics-0212	CellCharter	scry
STOmics0212	scry	100	scvi	0.4357112548434895	NA	1	0.7848963842102892	NA	1	0.6103038195268893	NA	1	0.627755499047356	NA	1	0.6362464751296559	NA	1	0.6320009870885059	NA	1	NA	NA	0	0.6211524033076976	NA	1	NA	NA	0	expression_driven	100	STOmics-0212	scVI	scry
STOmics0212	scry	1000	cellcharter	0.0946200871085426	NA	1	0.825095430389955	NA	1	0.4598577587492488	NA	1	0.7106181503538274	NA	1	0.7521118872527923	NA	1	0.7313650188033098	NA	1	NA	NA	0	0.5956113887762793	NA	1	NA	NA	0	expression_driven	1000	STOmics-0212	CellCharter	scry
STOmics0212	scry	1000	scvi	0.46805073811857434	NA	1	0.6856542494934568	NA	1	0.5768524938060156	NA	1	0.552349780156295	NA	1	0.5923600091905283	NA	1	0.5723548946734116	NA	1	NA	NA	0	0.5746036942397136	NA	1	NA	NA	0	expression_driven	1000	STOmics-0212	scVI	scry
STOmics0212	scry	10000	cellcharter	0.36515764595138345	NA	1	0.5971584180737245	NA	1	0.481158032012554	NA	1	0.7111136724944985	NA	1	0.5791870286439103	NA	1	0.6451503505692044	NA	1	NA	NA	0	0.5631541912908792	NA	1	NA	NA	0	expression_driven	10000	STOmics-0212	CellCharter	scry
STOmics0212	scry	10000	scvi	0.1885816945136937	NA	1	0.4954666155834099	NA	1	0.34202415504855177	NA	1	0.6179517980167756	NA	1	0.534369649187301	NA	1	0.5761607236020383	NA	1	NA	NA	0	0.45909243932529503	NA	1	NA	NA	0	expression_driven	10000	STOmics-0212	scVI	scry
STOmics0212	scry	200	cellcharter	0.03572706565792216	NA	1	0.7936850450100247	NA	1	0.4147060553339734	NA	1	0.7167490209311503	NA	1	0.883873769212536	NA	1	0.8003113950718432	NA	1	NA	NA	0	0.6075087252029083	NA	1	NA	NA	0	expression_driven	200	STOmics-0212	CellCharter	scry
STOmics0212	scry	200	scvi	0.4039575469690325	NA	1	0.7499336802565566	NA	1	0.5769456136127946	NA	1	0.6013247229694977	NA	1	0.59110759319067685	NA	1	0.5962161580800873	NA	1	NA	NA	0	0.586580885846441	NA	1	NA	NA	0	expression_driven	200	STOmics-0212	scVI	scry
STOmics0212	scry	2000	cellcharter	0.1984726036001936	0.02998826011367501	3	0.7975574805390434	0.00323539236179917	3	0.4980150420696184	0.01363959054686857	3	0.6991239258322383	0.00381556121757079	3	0.6489125363815366	0.01109033958889061	3	0.6740182311068873	0.0061792638744473	3	NA	NA	0	0.5860166365882529	0.00623392980222392	3	NA	NA	0	expression_driven	2000	STOmics-0212	CellCharter	scry
STOmics0212	scry	2000	scvi	0.4338780584101783	0.01279272952332049	3	0.6431949857848259	0.01936890178673835	3	0.5385365220975021	0.01058766533228766	3	0.6113683056490045	0.01652442676755723	3	0.541360099008897	0.00795682794549123	3	0.5763642023289507	0.01174156732846618	3	NA	NA	0	0.5574503622132264	0.00810282344360415	3	NA	NA	0	expression_driven	2000	STOmics-0212	scVI	scry
STOmics0212	scry	500	cellcharter	0.03916633321259943	NA	1	0.8013692283447258	NA	1	0.4202677807786626	NA	1	0.7225454947160167	NA	1	0.7750918220719288	NA	1	0.7488186583939728	NA	1	NA	NA	0	0.5845432195863177	NA	1	NA	NA	0	expression_driven	500	STOmics-0212	CellCharter	scry
STOmics0212	scry	500	scvi	0.4224354189321806	NA	1	0.7576493751019375	NA	1	0.5900423970170591	NA	1	0.6166418348234032	NA	1	0.5878366871770033	NA	1	0.6022392610002032	NA	1	NA	NA	0	0.5961408290086312	NA	1	NA	NA	0	expression_driven	500	STOmics-0212	scVI	scry
STOmics0212	scry	5000	cellcharter	0.32218232105668393	NA	1	0.6569030774232864	NA	1	0.4895426992399852	NA	1	0.706856854258923	NA	1	0.5881891250508073	NA	1	0.6475229896548651	NA	1	NA	NA	0	0.5685328444474251	NA	1	NA	NA	0	expression_driven	5000	STOmics-0212	CellCharter	scry
STOmics0212	scry	5000	scvi	0.4260544302747575	NA	1	0.5582690061945677	NA	1	0.4921617182346626	NA	1	0.5914889867863136	NA	1	0.5469931285021493	NA	1	0.5692410576442315	NA	1	NA	NA	0	0.5307013879394471	NA	1	NA	NA	0	expression_driven	5000	STOmics-0212	scVI	scry
STOmics0212	seurat_disp	100	cellcharter	0.04298525663859519	NA	1	0.7888375229118709	NA	1	0.41591138977523306	NA	1	0.7199161709276121	NA	1	0.8180925421790521	NA	1	0.7690043565533321	NA	1	NA	NA	0	0.5924578731642826	NA	1	NA	NA	0	expression_driven	100	STOmics-0212	CellCharter	Seurat Dispersion
STOmics0212	seurat_disp	100	scvi	0.3945780377664981	NA	1	0.7308105984305995	NA	1	0.5626943180985488	NA	1	0.6177675918220945	NA	1	0.6743615776127324	NA	1	0.6460645847174135	NA	1	NA	NA	0	0.6043794514079811	NA	1	NA	NA	0	expression_driven	100	STOmics-0212	scVI	Seurat Dispersion
STOmics0212	seurat_disp	1000	cellcharter	0.00187451114972535	NA	1	0.7907594723655031	NA	1	0.39631699175761426	NA	1	0.7377234506044844	NA	1	0.8597356151732551	NA	1	0.7987295328888697	NA	1	NA	NA	0	0.597523262323242	NA	1	NA	NA	0	expression_driven	1000	STOmics-0212	CellCharter	Seurat Dispersion
STOmics0212	seurat_disp	1000	scvi	0.34053908730846627	NA	1	0.6513050520585306	NA	1	0.4959220696834985	NA	1	0.6469599212688053	NA	1	0.6333629932117295	NA	1	0.6401614572402674	NA	1	NA	NA	0	0.568041763461883	NA	1	NA	NA	0	expression_driven	1000	STOmics-0212	scVI	Seurat Dispersion
STOmics0212	seurat_disp	10000	cellcharter	0.33766216640544366	NA	1	0.6369926641720534	NA	1	0.4873274152887485	NA	1	0.6909766475740442	NA	1	0.5827324113657925	NA	1	0.6368545294699184	NA	1	NA	NA	0	0.5620909723793335	NA	1	NA	NA	0	expression_driven	10000	STOmics-0212	CellCharter	Seurat Dispersion
STOmics0212	seurat_disp	10000	scvi	0.30797609176045104	NA	1	0.538473396942074	NA	1	0.4232247443512625	NA	1	0.5742698155478817	NA	1	0.5318750982765554	NA	1	0.5530724569122185	NA	1	NA	NA	0	0.4881486006317405	NA	1	NA	NA	0	expression_driven	10000	STOmics-0212	scVI	Seurat Dispersion
STOmics0212	seurat_disp	200	cellcharter	0.02086497803185502	NA	1	0.8072577612062304	NA	1	0.4140613696190427	NA	1	0.7242158731836025	NA	1	0.8835984060993245	NA	1	0.8039071396414634	NA	1	NA	NA	0	0.6089842546302531	NA	1	NA	NA	0	expression_driven	200	STOmics-0212	CellCharter	Seurat Dispersion
STOmics0212	seurat_disp	200	scvi	0.3798538756468567	NA	1	0.7486970140689738	NA	1	0.5642754448579153	NA	1	0.6053675426647208	NA	1	0.6239290630774456	NA	1	0.6146483028710832	NA	1	NA	NA	0	0.5894618738644992	NA	1	NA	NA	0	expression_driven	200	STOmics-0212	scVI	Seurat Dispersion
STOmics0212	seurat_disp	2000	cellcharter	0.05796665422347933	0.01689307710358001	3	0.8113207096837879	0.01922531497928239	3	0.4346436819536336	0.0134979652823104	3	0.7226296419339686	0.00877007967958039	3	0.6946939232710275	0.08702538540653554	3	0.7086617826024981	0.04789679908508796	3	NA	NA	0	0.5716527322780659	0.02059698369888213	3	NA	NA	0	expression_driven	2000	STOmics-0212	CellCharter	Seurat Dispersion
STOmics0212	seurat_disp	2000	scvi	0.29541354174156953	0.02631679240605856	3	0.6700549023229915	0.01062977454309066	3	0.4827342220322805	0.01843517148840923	3	0.6172315043619824	0.00481720439751028	3	0.55986048332966	0.00890965044818826	3	0.5885459938458212	0.00547435072112255	3	NA	NA	0	0.5356401079390508	0.0117592894876486	3	NA	NA	0	expression_driven	2000	STOmics-0212	scVI	Seurat Dispersion
STOmics0212	seurat_disp	500	cellcharter	0.01511448115845421	NA	1	0.7930407091945755	NA	1	0.40407759517651487	NA	1	0.7239891979326224	NA	1	0.9153489948574912	NA	1	0.8196690963950568	NA	1	NA	NA	0	0.6118733457857859	NA	1	NA	NA	0	expression_driven	500	STOmics-0212	CellCharter	Seurat Dispersion
STOmics0212	seurat_disp	500	scvi	0.37175648983957144	NA	1	0.7093934889632812	NA	1	0.5405749894014263	NA	1	0.614030827050411	NA	1	0.4537445839804593	NA	1	0.5338877055154352	NA	1	NA	NA	0	0.5372313474584307	NA	1	NA	NA	0	expression_driven	500	STOmics-0212	scVI	Seurat Dispersion
STOmics0212	seurat_disp	5000	cellcharter	0.21724750793170705	NA	1	0.7585875308797079	NA	1	0.48791751940570743	NA	1	0.685414279050908	NA	1	0.6270965879898425	NA	1	0.6562554335203752	NA	1	NA	NA	0	0.5720864764630413	NA	1	NA	NA	0	expression_driven	5000	STOmics-0212	CellCharter	Seurat Dispersion
STOmics0212	seurat_disp	5000	scvi	0.3004857961103199	NA	1	0.6114888205583907	NA	1	0.4559873083343553	NA	1	0.6557738314035747	NA	1	0.5498121355610917	NA	1	0.6027929834823331	NA	1	NA	NA	0	0.5293901459083442	NA	1	NA	NA	0	expression_driven	5000	STOmics-0212	scVI	Seurat Dispersion
STOmics0212	seurat_mvp	100	cellcharter	0.04996026408437074	NA	1	0.7614807660644077	NA	1	0.4057205150743892	NA	1	0.7186410774250565	NA	1	0.7150822637965952	NA	1	0.7168616706108258	NA	1	NA	NA	0	0.5612910928426076	NA	1	NA	NA	0	expression_driven	100	STOmics-0212	CellCharter	Seurat MVP
STOmics0212	seurat_mvp	100	scvi	0.34018076584271156	NA	1	0.7115929785447506	NA	1	0.5258868721937311	NA	1	0.5751980861742173	NA	1	0.5572713306193263	NA	1	0.5662347083967718	NA	1	NA	NA	0	0.5460607902952515	NA	1	NA	NA	0	expression_driven	100	STOmics-0212	scVI	Seurat MVP
STOmics0212	seurat_mvp	1000	cellcharter	0.04387471949117014	NA	1	0.7731138442536369	NA	1	0.4084942818724035	NA	1	0.7232651507269666	NA	1	0.7900782164464958	NA	1	0.7566716835867312	NA	1	NA	NA	0	0.5825829827295674	NA	1	NA	NA	0	expression_driven	1000	STOmics-0212	CellCharter	Seurat MVP
STOmics0212	seurat_mvp	1000	scvi	0.29079783358001776	NA	1	0.6727785022559525	NA	1	0.4817881679179851	NA	1	0.5876595850257678	NA	1	0.5813401840738772	NA	1	0.5844998845498225	NA	1	NA	NA	0	0.5331440262339038	NA	1	NA	NA	0	expression_driven	1000	STOmics-0212	scVI	Seurat MVP
STOmics0212	seurat_mvp	10000	cellcharter	0.01158399381490969	NA	1	0.7775725205583724	NA	1	0.3945782571866411	NA	1	0.7291000351493423	NA	1	0.749352913381901	NA	1	0.7392264742656216	NA	1	NA	NA	0	0.5669023657261314	NA	1	NA	NA	0	expression_driven	10000	STOmics-0212	CellCharter	Seurat MVP
STOmics0212	seurat_mvp	10000	scvi	0.32140956467325127	NA	1	0.6738712519454436	NA	1	0.4976404083093474	NA	1	0.5822953164539229	NA	1	0.6021788023786916	NA	1	0.5922370594163072	NA	1	NA	NA	0	0.5449387338628273	NA	1	NA	NA	0	expression_driven	10000	STOmics-0212	scVI	Seurat MVP
STOmics0212	seurat_mvp	200	cellcharter	0.04308886650176257	NA	1	0.7914105112838851	NA	1	0.4172496888928238	NA	1	0.7269163799372015	NA	1	0.8150808963806158	NA	1	0.7709986381589087	NA	1	NA	NA	0	0.5941241635258663	NA	1	NA	NA	0	expression_driven	200	STOmics-0212	CellCharter	Seurat MVP
STOmics0212	seurat_mvp	200	scvi	0.30638644922513353	NA	1	0.730798225345126	NA	1	0.5185923372851298	NA	1	0.5916348598240858	NA	1	0.5751735757687626	NA	1	0.5834042177964243	NA	1	NA	NA	0	0.550998277540777	NA	1	NA	NA	0	expression_driven	200	STOmics-0212	scVI	Seurat MVP
STOmics0212	seurat_mvp	2000	cellcharter	0.02833531277118172	0.01665508659635194	3	0.7693177927508645	0.00881310186781095	3	0.39882655276102313	0.00761550716912298	3	0.731158666349715	0.0152279775151412	3	0.7722490606409282	0.02242282598209703	3	0.7517038634953216	0.01674842351253287	3	NA	NA	0	0.5752652081281724	0.00786399681702353	3	NA	NA	0	expression_driven	2000	STOmics-0212	CellCharter	Seurat MVP
STOmics0212	seurat_mvp	2000	scvi	0.3038350778577885	0.01857678775342799	3	0.6774861531913964	0.00435322387406572	3	0.4906606155245925	0.00714693422827542	3	0.5980865529235021	0.01538567498053125	3	0.5554809030042204	0.04571610816223436	3	0.5767837279638611	0.01516570195471805	3	NA	NA	0	0.5337221717442268	0.01114984117728905	3	NA	NA	0	expression_driven	2000	STOmics-0212	scVI	Seurat MVP
STOmics0212	seurat_mvp	500	cellcharter	0.03807871040757065	NA	1	0.7847452517560038	NA	1	0.4114119810817872	NA	1	0.7211342371816084	NA	1	0.8685065169350115	NA	1	0.79482037705831	NA	1	NA	NA	0	0.6031161790700486	NA	1	NA	NA	0	expression_driven	500	STOmics-0212	CellCharter	Seurat MVP
STOmics0212	seurat_mvp	500	scvi	0.2764129125334125	NA	1	0.7193203532825893	NA	1	0.4978666329080009	NA	1	0.5891450718747809	NA	1	0.6987321608047417	NA	1	0.6439386163397613	NA	1	NA	NA	0	0.5709026246238811	NA	1	NA	NA	0	expression_driven	500	STOmics-0212	scVI	Seurat MVP
STOmics0212	seurat_mvp	5000	cellcharter	0.01158399381490969	NA	1	0.7775725205583724	NA	1	0.3945782571866411	NA	1	0.7291000351493423	NA	1	0.749352913381901	NA	1	0.7392264742656216	NA	1	NA	NA	0	0.5669023657261314	NA	1	NA	NA	0	expression_driven	5000	STOmics-0212	CellCharter	Seurat MVP
STOmics0212	seurat_mvp	5000	scvi	0.32140956467325127	NA	1	0.6738712519454436	NA	1	0.4976404083093474	NA	1	0.5822953164539229	NA	1	0.6021788023786916	NA	1	0.5922370594163072	NA	1	NA	NA	0	0.5449387338628273	NA	1	NA	NA	0	expression_driven	5000	STOmics-0212	scVI	Seurat MVP
STOmics0212	seurat_sct	100	cellcharter	0.02910548360395701	NA	1	0.7961046983186485	NA	1	0.4126050909613028	NA	1	0.7293505828949924	NA	1	0.8588813584308665	NA	1	0.7941159706629295	NA	1	NA	NA	0	0.6033605308121162	NA	1	NA	NA	0	expression_driven	100	STOmics-0212	CellCharter	Seurat sctransform
STOmics0212	seurat_sct	100	scvi	0.33258892012873675	NA	1	0.7084121588942038	NA	1	0.5205005395114704	NA	1	0.6134152995086516	NA	1	0.6303378139635192	NA	1	0.6218765567360853	NA	1	NA	NA	0	0.5711885481237778	NA	1	NA	NA	0	expression_driven	100	STOmics-0212	scVI	Seurat sctransform
STOmics0212	seurat_sct	1000	cellcharter	0.04571992955718574	NA	1	0.7971026281190415	NA	1	0.4214112788381136	NA	1	0.7114033641378983	NA	1	0.7161392848055596	NA	1	0.713771324471729	NA	1	NA	NA	0	0.5675913016549213	NA	1	NA	NA	0	expression_driven	1000	STOmics-0212	CellCharter	Seurat sctransform
STOmics0212	seurat_sct	1000	scvi	0.3920478666943811	NA	1	0.7037668797043876	NA	1	0.5479073731993843	NA	1	0.5717667295780715	NA	1	0.5855492368375623	NA	1	0.5786579832078169	NA	1	NA	NA	0	0.5632826782036007	NA	1	NA	NA	0	expression_driven	1000	STOmics-0212	scVI	Seurat sctransform
STOmics0212	seurat_sct	10000	cellcharter	0.3403826802970845	NA	1	0.5909255968563322	NA	1	0.46565413857670834	NA	1	0.7073427140327254	NA	1	0.5854591499980678	NA	1	0.6464009320153966	NA	1	NA	NA	0	0.5560275352960524	NA	1	NA	NA	0	expression_driven	10000	STOmics-0212	CellCharter	Seurat sctransform
STOmics0212	seurat_sct	10000	scvi	0.26215613844356334	NA	1	0.5460264320745749	NA	1	0.4040912852590691	NA	1	0.6064860503253894	NA	1	0.5084021475773199	NA	1	0.5574440989513547	NA	1	NA	NA	0	0.4807676921052119	NA	1	NA	NA	0	expression_driven	10000	STOmics-0212	scVI	Seurat sctransform
STOmics0212	seurat_sct	200	cellcharter	0.02926916895948459	NA	1	0.7840866635255365	NA	1	0.40667791624251054	NA	1	0.7237111542148735	NA	1	0.8532859793513461	NA	1	0.7884985667831098	NA	1	NA	NA	0	0.5975882415128102	NA	1	NA	NA	0	expression_driven	200	STOmics-0212	CellCharter	Seurat sctransform
STOmics0212	seurat_sct	200	scvi	0.30177799266035504	NA	1	0.7521879643338567	NA	1	0.5269829784971058	NA	1	0.6064469089595961	NA	1	0.5368004392090946	NA	1	0.5716236740843453	NA	1	NA	NA	0	0.5493033262907256	NA	1	NA	NA	0	expression_driven	200	STOmics-0212	scVI	Seurat sctransform
STOmics0212	seurat_sct	2000	cellcharter	0.1162122364117712	0.00978254636458419	3	0.8202850226821218	0.01524886839195779	3	0.4682486295469464	0.00832623320626797	3	0.7107167779919271	0.00519088890683708	3	0.7258382518886682	0.02142063579841519	3	0.7182775149402977	0.00816144288541611	3	NA	NA	0	0.5932630722436221	0.00356600877477934	3	NA	NA	0	expression_driven	2000	STOmics-0212	CellCharter	Seurat sctransform
STOmics0212	seurat_sct	2000	scvi	0.4210990928933506	0.02096929543985539	3	0.6850837809231921	0.03065596847307466	3	0.5530914369082713	0.01275716327763366	3	0.6014596597751242	0.03139243410265018	3	0.6347735002549036	0.01992217936561402	3	0.6181165800150139	0.02114405265058766	3	NA	NA	0	0.5856040084616426	0.01221365947532607	3	NA	NA	0	expression_driven	2000	STOmics-0212	scVI	Seurat sctransform
STOmics0212	seurat_sct	500	cellcharter	0.01868482179541452	NA	1	0.8029145411905773	NA	1	0.4107996814929959	NA	1	0.7441341031426824	NA	1	0.747976042264783	NA	1	0.7460550727037327	NA	1	NA	NA	0	0.5784273770983643	NA	1	NA	NA	0	expression_driven	500	STOmics-0212	CellCharter	Seurat sctransform
STOmics0212	seurat_sct	500	scvi	0.3936250866678016	NA	1	0.7152682171368937	NA	1	0.5544466519023477	NA	1	0.6233738132187076	NA	1	0.5138508985589306	NA	1	0.5686123558888191	NA	1	NA	NA	0	0.5615295038955834	NA	1	NA	NA	0	expression_driven	500	STOmics-0212	scVI	Seurat sctransform
STOmics0212	seurat_sct	5000	cellcharter	0.25197248785417004	NA	1	0.7179482935301336	NA	1	0.4849603906921518	NA	1	0.7036696870052405	NA	1	0.5993323106497909	NA	1	0.6515009988275157	NA	1	NA	NA	0	0.5682306947598337	NA	1	NA	NA	0	expression_driven	5000	STOmics-0212	CellCharter	Seurat sctransform
STOmics0212	seurat_sct	5000	scvi	0.4341863690192744	NA	1	0.6084113611995424	NA	1	0.5212988651094084	NA	1	0.5902114372603012	NA	1	0.5360557785211694	NA	1	0.5631336078907353	NA	1	NA	NA	0	0.5422162365000718	NA	1	NA	NA	0	expression_driven	5000	STOmics-0212	scVI	Seurat sctransform
STOmics0212	seurat_vst	100	cellcharter	0.15813513837431137	NA	1	0.6012778261838864	NA	1	0.37970648227909887	NA	1	0.7515441319581839	NA	1	0.811550509301769	NA	1	0.7815473206299764	NA	1	NA	NA	0	0.5806269014545377	NA	1	NA	NA	0	expression_driven	100	STOmics-0212	CellCharter	Seurat VST
STOmics0212	seurat_vst	100	scvi	0.437986021853033	NA	1	0.595160266351167	NA	1	0.5165731441021	NA	1	0.5759319417427313	NA	1	0.5058150344404095	NA	1	0.5408734880915704	NA	1	NA	NA	0	0.5287233160968352	NA	1	NA	NA	0	expression_driven	100	STOmics-0212	scVI	Seurat VST
STOmics0212	seurat_vst	1000	cellcharter	0.05609526720657844	NA	1	0.6630125560553022	NA	1	0.3595539116309403	NA	1	0.7474865524745109	NA	1	0.8165535253855196	NA	1	0.7820200389300153	NA	1	NA	NA	0	0.5707869752804777	NA	1	NA	NA	0	expression_driven	1000	STOmics-0212	CellCharter	Seurat VST
STOmics0212	seurat_vst	1000	scvi	0.292901809103205	NA	1	0.6250572775877209	NA	1	0.458979543345463	NA	1	0.6111603047881996	NA	1	0.6979526157476055	NA	1	0.6545564602679026	NA	1	NA	NA	0	0.5567680018066827	NA	1	NA	NA	0	expression_driven	1000	STOmics-0212	scVI	Seurat VST
STOmics0212	seurat_vst	10000	cellcharter	0.24910973558472063	NA	1	0.6559192574014566	NA	1	0.4525144964930886	NA	1	0.7067501744393822	NA	1	0.7050814312030083	NA	1	0.7059158028211951	NA	1	NA	NA	0	0.5792151496571418	NA	1	NA	NA	0	expression_driven	10000	STOmics-0212	CellCharter	Seurat VST
STOmics0212	seurat_vst	10000	scvi	0.359325804281578	NA	1	0.5162504437487465	NA	1	0.43778812401516226	NA	1	0.5456128343056942	NA	1	0.538786244102627	NA	1	0.5421995392041605	NA	1	NA	NA	0	0.48999383160966137	NA	1	NA	NA	0	expression_driven	10000	STOmics-0212	scVI	Seurat VST
STOmics0212	seurat_vst	200	cellcharter	0.11163277089982784	NA	1	0.6222471175475386	NA	1	0.3669399442236832	NA	1	0.7623080582262866	NA	1	0.5967334005998172	NA	1	0.6795207294130519	NA	1	NA	NA	0	0.5232303368183675	NA	1	NA	NA	0	expression_driven	200	STOmics-0212	CellCharter	Seurat VST
STOmics0212	seurat_vst	200	scvi	0.3634244649319153	NA	1	0.6396461719739329	NA	1	0.5015353184529241	NA	1	0.6136174814654108	NA	1	0.6883975669424035	NA	1	0.6510075242039072	NA	1	NA	NA	0	0.5762714213284157	NA	1	NA	NA	0	expression_driven	200	STOmics-0212	scVI	Seurat VST
STOmics0212	seurat_vst	2000	cellcharter	0.09146356740432687	0.02004055667962615	3	0.6947198677553518	0.01946097495967085	3	0.39309171757983935	0.01602422436211699	3	0.7398689443616956	0.00747001157928442	3	0.9295948041689184	0.04028993396568028	3	0.8347318742653069	0.02179802676434809	3	NA	NA	0	0.6139117959225732	0.00747739853256137	3	NA	NA	0	expression_driven	2000	STOmics-0212	CellCharter	Seurat VST
STOmics0212	seurat_vst	2000	scvi	0.2904062524801076	0.07126555087639266	3	0.6710774678965045	0.00488961989524065	3	0.480741860188306	0.03767023417818287	3	0.6339513421511968	0.01647774731027214	3	0.6745114999006486	0.01904476389253441	3	0.6542314210259227	0.01145935041131795	3	NA	NA	0	0.5674866406071143	0.01609349798087135	3	NA	NA	0	expression_driven	2000	STOmics-0212	scVI	Seurat VST
STOmics0212	seurat_vst	500	cellcharter	0.05473707429227661	NA	1	0.653528284101621	NA	1	0.3541326791969488	NA	1	0.7555307430408856	NA	1	0.6400062946072388	NA	1	0.6977685188240622	NA	1	NA	NA	0	0.5259505990105056	NA	1	NA	NA	0	expression_driven	500	STOmics-0212	CellCharter	Seurat VST
STOmics0212	seurat_vst	500	scvi	0.29047998310772716	NA	1	0.6933862872187282	NA	1	0.4919331351632277	NA	1	0.5632794078710569	NA	1	0.6634391088770424	NA	1	0.6133592583740497	NA	1	NA	NA	0	0.5526461967686387	NA	1	NA	NA	0	expression_driven	500	STOmics-0212	scVI	Seurat VST
STOmics0212	seurat_vst	5000	cellcharter	0.1768460088626767	NA	1	0.715833306456484	NA	1	0.4463396576595804	NA	1	0.7178433141814103	NA	1	0.7642309472392969	NA	1	0.7410371307103536	NA	1	NA	NA	0	0.593688394184967	NA	1	NA	NA	0	expression_driven	5000	STOmics-0212	CellCharter	Seurat VST
STOmics0212	seurat_vst	5000	scvi	0.2552128015621101	NA	1	0.6332924734640374	NA	1	0.44425263751307376	NA	1	0.641789884044678	NA	1	0.5381989105583268	NA	1	0.5899943973015024	NA	1	NA	NA	0	0.5171235174072881	NA	1	NA	NA	0	expression_driven	5000	STOmics-0212	scVI	Seurat VST
STOmics0212	singleCellHaystack	100	cellcharter	0.6154905321836359	NA	1	0.5944236652347147	NA	1	0.6049570987091752	NA	1	0.6819398757542016	NA	1	0.28597300279396487	NA	1	0.4839564392740832	NA	1	NA	NA	0	0.5444567689916292	NA	1	NA	NA	0	expression_driven	100	STOmics-0212	CellCharter	singleCellHaystack
STOmics0212	singleCellHaystack	100	scvi	0.7964616410756871	NA	1	0.38381113152556273	NA	1	0.5901363863006249	NA	1	0.4043825632170726	NA	1	0.27818555057783423	NA	1	0.34128405689745345	NA	1	NA	NA	0	0.4657102215990392	NA	1	NA	NA	0	expression_driven	100	STOmics-0212	scVI	singleCellHaystack
STOmics0212	singleCellHaystack	1000	cellcharter	0.3236998896231022	NA	1	0.6409303810680721	NA	1	0.4823151353455871	NA	1	0.7410616523690373	NA	1	0.7101038680276874	NA	1	0.7255827601983624	NA	1	NA	NA	0	0.6039489477719748	NA	1	NA	NA	0	expression_driven	1000	STOmics-0212	CellCharter	singleCellHaystack
STOmics0212	singleCellHaystack	1000	scvi	0.5991943824906986	NA	1	0.5109700956228262	NA	1	0.5550822390567625	NA	1	0.524866151522576	NA	1	0.5213969678432648	NA	1	0.5231315596829205	NA	1	NA	NA	0	0.5391068993698415	NA	1	NA	NA	0	expression_driven	1000	STOmics-0212	scVI	singleCellHaystack
STOmics0212	singleCellHaystack	10000	cellcharter	0.34505405465273215	NA	1	0.61903365018033	NA	1	0.482043852416531	NA	1	0.7115158163289664	NA	1	0.6607184149547005	NA	1	0.6861171156418335	NA	1	NA	NA	0	0.5840804840291822	NA	1	NA	NA	0	expression_driven	10000	STOmics-0212	CellCharter	singleCellHaystack
STOmics0212	singleCellHaystack	10000	scvi	0.3698353121047908	NA	1	0.5744832094142098	NA	1	0.4721592607595003	NA	1	0.6477809609494277	NA	1	0.585065326437862	NA	1	0.6164231436936449	NA	1	NA	NA	0	0.5442912022265727	NA	1	NA	NA	0	expression_driven	10000	STOmics-0212	scVI	singleCellHaystack
STOmics0212	singleCellHaystack	200	cellcharter	0.5630401561007083	NA	1	0.6262072127897385	NA	1	0.5946236844452234	NA	1	0.6811178273478175	NA	1	0.6478732744804001	NA	1	0.6644955509141088	NA	1	NA	NA	0	0.6295596176796661	NA	1	NA	NA	0	expression_driven	200	STOmics-0212	CellCharter	singleCellHaystack
STOmics0212	singleCellHaystack	200	scvi	0.8251421065583413	NA	1	0.39743863415039626	NA	1	0.6112903703543688	NA	1	0.449617711861535	NA	1	0.3229174303475153	NA	1	0.38626757110452514	NA	1	NA	NA	0	0.498778970729447	NA	1	NA	NA	0	expression_driven	200	STOmics-0212	scVI	singleCellHaystack
STOmics0212	singleCellHaystack	2000	cellcharter	0.293317998010485	0.03536515272173583	3	0.6427713338607363	0.00668651481677462	3	0.4680446659356107	0.01634703986285264	3	0.7444185494093688	0.00471714552397122	3	0.8166750090156358	0.07232295983681264	3	0.7805467792125023	0.03387449140945172	3	NA	NA	0	0.6242957225740565	0.02486782002199329	3	NA	NA	0	expression_driven	2000	STOmics-0212	CellCharter	singleCellHaystack
STOmics0212	singleCellHaystack	2000	scvi	0.5110410828342684	0.06675589911800027	3	0.5420581870963975	0.03147276698376033	3	0.526549634965333	0.02132129488689355	3	0.5781315078143064	0.0112103330094516	3	0.59034555854397	0.03451534669436106	3	0.5842385331791382	0.01168124755814235	3	NA	NA	0	0.5553940840722356	0.01399935650755151	3	NA	NA	0	expression_driven	2000	STOmics-0212	scVI	singleCellHaystack
STOmics0212	singleCellHaystack	500	cellcharter	0.4705964466066748	NA	1	0.6382805888681575	NA	1	0.5544385177374161	NA	1	0.6992979808770148	NA	1	0.7063228137866493	NA	1	0.702810397331832	NA	1	NA	NA	0	0.628624457534624	NA	1	NA	NA	0	expression_driven	500	STOmics-0212	CellCharter	singleCellHaystack
STOmics0212	singleCellHaystack	500	scvi	0.7594964142570828	NA	1	0.4578344950887931	NA	1	0.608665454672938	NA	1	0.5144072098033196	NA	1	0.46438069994598985	NA	1	0.4893939548746547	NA	1	NA	NA	0	0.5490297047737963	NA	1	NA	NA	0	expression_driven	500	STOmics-0212	scVI	singleCellHaystack
STOmics0212	singleCellHaystack	5000	cellcharter	0.31580780418732046	NA	1	0.6450340865658536	NA	1	0.480420945376587	NA	1	0.7476775839158539	NA	1	0.7300355922026821	NA	1	0.738856588059268	NA	1	NA	NA	0	0.6096387667179275	NA	1	NA	NA	0	expression_driven	5000	STOmics-0212	CellCharter	singleCellHaystack
STOmics0212	singleCellHaystack	5000	scvi	0.3921222693331455	NA	1	0.5494636796346408	NA	1	0.4707929744838931	NA	1	0.5990588750465408	NA	1	0.753040850894188	NA	1	0.6760498629703644	NA	1	NA	NA	0	0.5734214187271287	NA	1	NA	NA	0	expression_driven	5000	STOmics-0212	scVI	singleCellHaystack
STOmics0212	somde	100	cellcharter	0.1399350933324231	NA	1	0.7506683396343293	NA	1	0.44530171648337624	NA	1	0.712022104674253	NA	1	0.824605714953307	NA	1	0.76831390981378	NA	1	NA	NA	0	0.6068078131485781	NA	1	NA	NA	0	spatially_informed	100	STOmics-0212	CellCharter	SOMDE
STOmics0212	somde	100	scvi	0.46729400798678905	NA	1	0.6683317921328077	NA	1	0.5678129000597983	NA	1	0.599891451488097	NA	1	0.5040535538995151	NA	1	0.551972502693806	NA	1	NA	NA	0	0.5598927013768022	NA	1	NA	NA	0	spatially_informed	100	STOmics-0212	scVI	SOMDE
STOmics0212	somde	1000	cellcharter	0.1029541473829655	NA	1	0.8561184431821116	NA	1	0.47953629528253855	NA	1	0.7071005514029948	NA	1	0.6809333275511527	NA	1	0.6940169394770737	NA	1	NA	NA	0	0.5867766173798061	NA	1	NA	NA	0	spatially_informed	1000	STOmics-0212	CellCharter	SOMDE
STOmics0212	somde	1000	scvi	0.41542708707712817	NA	1	0.6725609996955224	NA	1	0.5439940433863253	NA	1	0.6186014265522868	NA	1	0.5741228611340765	NA	1	0.5963621438431816	NA	1	NA	NA	0	0.5701780936147535	NA	1	NA	NA	0	spatially_informed	1000	STOmics-0212	scVI	SOMDE
STOmics0212	somde	10000	cellcharter	0.3208071989655421	NA	1	0.6135785925001493	NA	1	0.4671928957328457	NA	1	0.6930365637691134	NA	1	0.6071760730437599	NA	1	0.6501063184064366	NA	1	NA	NA	0	0.5586496070696412	NA	1	NA	NA	0	spatially_informed	10000	STOmics-0212	CellCharter	SOMDE
STOmics0212	somde	10000	scvi	0.3288732440238922	NA	1	0.5458905776163254	NA	1	0.4373819108201088	NA	1	0.5564930041654558	NA	1	0.5470345350614152	NA	1	0.5517637696134354	NA	1	NA	NA	0	0.4945728402167721	NA	1	NA	NA	0	spatially_informed	10000	STOmics-0212	scVI	SOMDE
STOmics0212	somde	200	cellcharter	0.097212714050429	NA	1	0.7868922240480767	NA	1	0.4420524690492528	NA	1	0.7196127809183771	NA	1	0.8133286380469164	NA	1	0.7664707094826467	NA	1	NA	NA	0	0.60426158926594975	NA	1	NA	NA	0	spatially_informed	200	STOmics-0212	CellCharter	SOMDE
STOmics0212	somde	200	scvi	0.4126310333903473	NA	1	0.6582014814122341	NA	1	0.5354162574012907	NA	1	0.6094220131601085	NA	1	0.554551832921983	NA	1	0.5819869230410457	NA	1	NA	NA	0	0.5587015902211683	NA	1	NA	NA	0	spatially_informed	200	STOmics-0212	scVI	SOMDE
STOmics0212	somde	2000	cellcharter	0.14190876766254848	0.00957281406085811	3	0.82896776601226	0.00788780773848749	3	0.4854382668374042	0.00717127973347073	3	0.7005054536611229	0.00566681252450348	3	0.6751465225297256	0.02366171691069169	3	0.6878259880954243	0.01084877615935375	3	NA	NA	0	0.5866321274664142	0.00867407971096852	3	NA	NA	0	spatially_informed	2000	STOmics-0212	CellCharter	SOMDE
STOmics0212	somde	2000	scvi	0.4144385985758275	0.02906346872463871	3	0.6477694569476117	0.04562549977702182	3	0.5311040277617196	0.03202177966823633	3	0.6014098811658625	0.01614896877396789	3	0.5605848300481361	0.01066965906331701	3	0.5809973556069993	0.00539589807849891	3	NA	NA	0	0.5560506916843595	0.01612452064186826	3	NA	NA	0	spatially_informed	2000	STOmics-0212	scVI	SOMDE
STOmics0212	somde	500	cellcharter	0.1002266533234847	NA	1	0.8184070974708789	NA	1	0.4593168753971818	NA	1	0.7068352122932576	NA	1	0.7519206993757077	NA	1	0.7293779558344826	NA	1	NA	NA	0	0.5943474156158322	NA	1	NA	NA	0	spatially_informed	500	STOmics-0212	CellCharter	SOMDE
STOmics0212	somde	500	scvi	0.4317934315748406	NA	1	0.7168603715038251	NA	1	0.5743269015393329	NA	1	0.5988996818333291	NA	1	0.5731969534988105	NA	1	0.5860483176660698	NA	1	NA	NA	0	0.5801876096027013	NA	1	NA	NA	0	spatially_informed	500	STOmics-0212	scVI	SOMDE
STOmics0212	somde	5000	cellcharter	0.2421631597972383	NA	1	0.7522528994113195	NA	1	0.4972080296042789	NA	1	0.70616860442995	NA	1	0.6654474600353979	NA	1	0.685808032232674	NA	1	NA	NA	0	0.5915080309184764	NA	1	NA	NA	0	spatially_informed	5000	STOmics-0212	CellCharter	SOMDE
STOmics0212	somde	5000	scvi	0.3727389886377517	NA	1	0.5514300829794334	NA	1	0.46208453580859254	NA	1	0.5948699250146162	NA	1	0.5627972200951474	NA	1	0.5788335725548819	NA	1	NA	NA	0	0.5204590541817372	NA	1	NA	NA	0	spatially_informed	5000	STOmics-0212	scVI	SOMDE
STOmics0212	sparkx	100	cellcharter	0.4205122012998411	NA	1	0.7898036854512006	NA	1	0.6051579433755209	NA	1	0.6521584320022061	NA	1	0.6545731856854793	NA	1	0.6533658088438428	NA	1	NA	NA	0	0.6292618761096818	NA	1	NA	NA	0	spatially_informed	100	STOmics-0212	CellCharter	SPARK-X
STOmics0212	sparkx	100	scvi	0.6878952650573716	NA	1	0.4218561621227632	NA	1	0.5548757135900675	NA	1	0.46583226739800226	NA	1	0.4161331520485136	NA	1	0.4409827097232579	NA	1	NA	NA	0	0.4979292116566627	NA	1	NA	NA	0	spatially_informed	100	STOmics-0212	scVI	SPARK-X
STOmics0212	sparkx	1000	cellcharter	0.3792937374459248	NA	1	0.6459803187394311	NA	1	0.512637028092678	NA	1	0.6968853936780204	NA	1	0.5991833780130458	NA	1	0.6480343858455331	NA	1	NA	NA	0	0.5803357069691055	NA	1	NA	NA	0	spatially_informed	1000	STOmics-0212	CellCharter	SPARK-X
STOmics0212	sparkx	1000	scvi	0.39628555774072577	NA	1	0.5571231176938483	NA	1	0.47670433771728704	NA	1	0.5642674584051798	NA	1	0.5031770431196968	NA	1	0.5337222507624383	NA	1	NA	NA	0	0.5052132942398626	NA	1	NA	NA	0	spatially_informed	1000	STOmics-0212	scVI	SPARK-X
STOmics0212	sparkx	10000	cellcharter	0.412108647905421	NA	1	0.5633335900898104	NA	1	0.4877211189976157	NA	1	0.7130660897070887	NA	1	0.558316766627512	NA	1	0.6356914281673003	NA	1	NA	NA	0	0.5617062735824581	NA	1	NA	NA	0	spatially_informed	10000	STOmics-0212	CellCharter	SPARK-X
STOmics0212	sparkx	10000	scvi	0.2486987798961585	NA	1	0.5175260446091903	NA	1	0.38311241225267434	NA	1	0.5840901078717815	NA	1	0.5438084799920326	NA	1	0.5639492939319071	NA	1	NA	NA	0	0.4735308530922907	NA	1	NA	NA	0	spatially_informed	10000	STOmics-0212	scVI	SPARK-X
STOmics0212	sparkx	200	cellcharter	0.36473872968440674	NA	1	0.7691420320261997	NA	1	0.5669403808553032	NA	1	0.683500053795294	NA	1	0.6876928840856382	NA	1	0.6855964689404661	NA	1	NA	NA	0	0.6262684248978847	NA	1	NA	NA	0	spatially_informed	200	STOmics-0212	CellCharter	SPARK-X
STOmics0212	sparkx	200	scvi	0.6158826869101959	NA	1	0.4115791719585279	NA	1	0.5137309294343619	NA	1	0.4977636202337667	NA	1	0.45746759653267	NA	1	0.4776156083832184	NA	1	NA	NA	0	0.49567326890879015	NA	1	NA	NA	0	spatially_informed	200	STOmics-0212	scVI	SPARK-X
STOmics0212	sparkx	2000	cellcharter	0.3929918650790709	0.01312249097685787	3	0.6266445125185366	0.00648526794227689	3	0.5098181887988037	0.00436972513109668	3	0.6937882113079175	0.01195088703389819	3	0.5898946071438873	0.01388983125788326	3	0.6418414092259024	0.01030326726115956	3	NA	NA	0	0.575829799012353	0.00466691897245243	3	NA	NA	0	spatially_informed	2000	STOmics-0212	CellCharter	SPARK-X
STOmics0212	sparkx	2000	scvi	0.4020349730286384	0.0738834641116145	3	0.542300412837034	0.07753269373438605	3	0.4721676929328362	0.04900417643812682	3	0.570082898356099	0.01722985564333744	3	0.5211091050467034	0.01285770172939121	3	0.5455960017014011	0.00384128965172045	3	NA	NA	0	0.5088818473171187	0.02279575702124967	3	NA	NA	0	spatially_informed	2000	STOmics-0212	scVI	SPARK-X
STOmics0212	sparkx	500	cellcharter	0.36453126982190043	NA	1	0.7091954262785984	NA	1	0.5368633480502494	NA	1	0.6845929100425779	NA	1	0.5735396124784617	NA	1	0.6290662612605198	NA	1	NA	NA	0	0.5829648046553846	NA	1	NA	NA	0	spatially_informed	500	STOmics-0212	CellCharter	SPARK-X
STOmics0212	sparkx	500	scvi	0.5263887551935761	NA	1	0.47440583558271543	NA	1	0.5003972953881457	NA	1	0.554300275192377	NA	1	0.5660754161474957	NA	1	0.5601878456699363	NA	1	NA	NA	0	0.530292570529041	NA	1	NA	NA	0	spatially_informed	500	STOmics-0212	scVI	SPARK-X
STOmics0212	sparkx	5000	cellcharter	0.4136709462620533	NA	1	0.5801484016832302	NA	1	0.49690967397264174	NA	1	0.7069011731719806	NA	1	0.557532861959513	NA	1	0.6322170175657469	NA	1	NA	NA	0	0.5645633457691943	NA	1	NA	NA	0	spatially_informed	5000	STOmics-0212	CellCharter	SPARK-X
STOmics0212	sparkx	5000	scvi	0.2308593609143597	NA	1	0.5358198632653296	NA	1	0.3833396120898447	NA	1	0.5806142328377913	NA	1	0.5493995714236366	NA	1	0.565006902130714	NA	1	NA	NA	0	0.47417325711027936	NA	1	NA	NA	0	spatially_informed	5000	STOmics-0212	scVI	SPARK-X
STOmics0212	spatialde	100	cellcharter	0.16390828686604375	NA	1	0.8143517633582344	NA	1	0.4891300251121391	NA	1	0.6928443749364299	NA	1	0.6627713789494125	NA	1	0.6778078769429212	NA	1	NA	NA	0	0.5834689510275302	NA	1	NA	NA	0	spatially_informed	100	STOmics-0212	CellCharter	SpatialDE
STOmics0212	spatialde	100	scvi	0.5793066874787276	NA	1	0.6621188563739262	NA	1	0.6207127719263269	NA	1	0.5192212457914901	NA	1	0.5382706868670377	NA	1	0.528745966329264	NA	1	NA	NA	0	0.5747293691277955	NA	1	NA	NA	0	spatially_informed	100	STOmics-0212	scVI	SpatialDE
STOmics0212	spatialde	1000	cellcharter	0.149165445126047	NA	1	0.8144263827826224	NA	1	0.4817959139543347	NA	1	0.7050042075365006	NA	1	0.7003982449335591	NA	1	0.7027012262350298	NA	1	NA	NA	0	0.5922485700946822	NA	1	NA	NA	0	spatially_informed	1000	STOmics-0212	CellCharter	SpatialDE
STOmics0212	spatialde	1000	scvi	0.5195498288200867	NA	1	0.6485920754704141	NA	1	0.5840709521452504	NA	1	0.586294418188	NA	1	0.4585265603013248	NA	1	0.5224104892446624	NA	1	NA	NA	0	0.5532407206949563	NA	1	NA	NA	0	spatially_informed	1000	STOmics-0212	scVI	SpatialDE
STOmics0212	spatialde	10000	cellcharter	0.395770623668087	NA	1	0.5987952416441732	NA	1	0.4972829326561301	NA	1	0.7034526227557659	NA	1	0.5507852651335385	NA	1	0.6271189439446523	NA	1	NA	NA	0	0.5622009383003912	NA	1	NA	NA	0	spatially_informed	10000	STOmics-0212	CellCharter	SpatialDE
STOmics0212	spatialde	10000	scvi	0.2678704428855938	NA	1	0.5707509151214119	NA	1	0.4193106790035028	NA	1	0.5881028131380638	NA	1	0.5118401051560133	NA	1	0.5499714591470386	NA	1	NA	NA	0	0.4846410690752707	NA	1	NA	NA	0	spatially_informed	10000	STOmics-0212	scVI	SpatialDE
STOmics0212	spatialde	200	cellcharter	0.14597858385408383	NA	1	0.8257992154597015	NA	1	0.48588889965689264	NA	1	0.6950204356845401	NA	1	0.7028718575017723	NA	1	0.6989461465931561	NA	1	NA	NA	0	0.5924175231250244	NA	1	NA	NA	0	spatially_informed	200	STOmics-0212	CellCharter	SpatialDE
STOmics0212	spatialde	200	scvi	0.5534804501715243	NA	1	0.6944829544104278	NA	1	0.623981702290976	NA	1	0.5402083536987894	NA	1	0.6352603345968832	NA	1	0.5877343441478363	NA	1	NA	NA	0	0.6058580232194062	NA	1	NA	NA	0	spatially_informed	200	STOmics-0212	scVI	SpatialDE
STOmics0212	spatialde	2000	cellcharter	0.2314412639601741	0.02316176811597042	3	0.7877396193072442	0.0172178914204199	3	0.509590441633709	0.00415475429708006	3	0.6965091241079749	0.00399215185703745	3	0.6356337902712594	0.03326665312120362	3	0.6660714571896172	0.0180211511287476	3	NA	NA	0	0.5878309494116633	0.00741831905957261	3	NA	NA	0	spatially_informed	2000	STOmics-0212	CellCharter	SpatialDE
STOmics0212	spatialde	2000	scvi	0.45001817316815057	0.00137896845498117	3	0.6262278848376955	0.06152735399839852	3	0.5381230290029231	0.03029815113520287	3	0.6183758254274023	0.02460441444792538	3	0.5464110981588067	0.04400944319017672	3	0.5823934617931045	0.01797039701325354	3	NA	NA	0	0.5602582453980137	0.02391860501636178	3	NA	NA	0	spatially_informed	2000	STOmics-0212	scVI	SpatialDE
STOmics0212	spatialde	500	cellcharter	0.10557402486297798	NA	1	0.8259403071561469	NA	1	0.4657571660095624	NA	1	0.713760381831662	NA	1	0.739946087074276	NA	1	0.726853234452969	NA	1	NA	NA	0	0.5963052002312657	NA	1	NA	NA	0	spatially_informed	500	STOmics-0212	CellCharter	SpatialDE
STOmics0212	spatialde	500	scvi	0.4530758752202166	NA	1	0.7311527481395048	NA	1	0.5921143116798606	NA	1	0.5972453595726527	NA	1	0.5288904734326413	NA	1	0.563067916502647	NA	1	NA	NA	0	0.5775911140912537	NA	1	NA	NA	0	spatially_informed	500	STOmics-0212	scVI	SpatialDE
STOmics0212	spatialde	5000	cellcharter	0.3243110108146668	NA	1	0.6388395646269444	NA	1	0.4815752877208056	NA	1	0.7034247070033084	NA	1	0.565781683396291	NA	1	0.6346031951997997	NA	1	NA	NA	0	0.5580892414603027	NA	1	NA	NA	0	spatially_informed	5000	STOmics-0212	CellCharter	SpatialDE
STOmics0212	spatialde	5000	scvi	0.4212434191649256	NA	1	0.5510806290394861	NA	1	0.4861620241022059	NA	1	0.5950395323484706	NA	1	0.5422572231740169	NA	1	0.5686483777612438	NA	1	NA	NA	0	0.5274052009317248	NA	1	NA	NA	0	spatially_informed	5000	STOmics-0212	scVI	SpatialDE
STOmics0212	statistic_mean	100	cellcharter	0.2502073846798441	NA	1	0.8479321244854254	NA	1	0.5490697545826347	NA	1	0.6655905824494908	NA	1	0.7389608900393649	NA	1	0.7022757362444279	NA	1	NA	NA	0	0.6256727454135314	NA	1	NA	NA	0	expression_driven	100	STOmics-0212	CellCharter	Mean expression
STOmics0212	statistic_mean	100	scvi	0.62586146457453	NA	1	0.5349067669381122	NA	1	0.5803841157563211	NA	1	0.5616758910349552	NA	1	0.5841098352466336	NA	1	0.5728928631407944	NA	1	NA	NA	0	0.5766384894485577	NA	1	NA	NA	0	expression_driven	100	STOmics-0212	scVI	Mean expression
STOmics0212	statistic_mean	1000	cellcharter	0.1820913746551862	NA	1	0.8371320197807184	NA	1	0.5096116972179523	NA	1	0.7055887231771255	NA	1	0.6490316981542359	NA	1	0.6773102106656808	NA	1	NA	NA	0	0.5934609539418165	NA	1	NA	NA	0	expression_driven	1000	STOmics-0212	CellCharter	Mean expression
STOmics0212	statistic_mean	1000	scvi	0.48619456582040704	NA	1	0.6404852779908299	NA	1	0.5633399219056184	NA	1	0.5828085913200329	NA	1	0.4877366165867403	NA	1	0.5352726039533866	NA	1	NA	NA	0	0.5493062629295025	NA	1	NA	NA	0	expression_driven	1000	STOmics-0212	scVI	Mean expression
STOmics0212	statistic_mean	10000	cellcharter	0.3628856032134368	NA	1	0.6047335963812341	NA	1	0.48380959979733545	NA	1	0.7043722858687923	NA	1	0.5829655230238642	NA	1	0.6436689044463282	NA	1	NA	NA	0	0.5637392521218318	NA	1	NA	NA	0	expression_driven	10000	STOmics-0212	CellCharter	Mean expression
STOmics0212	statistic_mean	10000	scvi	0.22344928900769653	NA	1	0.550693888624137	NA	1	0.3870715888159168	NA	1	0.6111008739532754	NA	1	0.5366923502240364	NA	1	0.5738966120886559	NA	1	NA	NA	0	0.4804841004522864	NA	1	NA	NA	0	expression_driven	10000	STOmics-0212	scVI	Mean expression
STOmics0212	statistic_mean	200	cellcharter	0.07508626080738184	NA	1	0.7972848712247442	NA	1	0.43618556601606306	NA	1	0.734883010499524	NA	1	0.7283079822066527	NA	1	0.7315954963530884	NA	1	NA	NA	0	0.5838905311845757	NA	1	NA	NA	0	expression_driven	200	STOmics-0212	CellCharter	Mean expression
STOmics0212	statistic_mean	200	scvi	0.4896892350095163	NA	1	0.6716519859347417	NA	1	0.580670610472129	NA	1	0.6099267441386464	NA	1	0.5554113251487829	NA	1	0.5826690346437147	NA	1	NA	NA	0	0.5816698225579218	NA	1	NA	NA	0	expression_driven	200	STOmics-0212	scVI	Mean expression
STOmics0212	statistic_mean	2000	cellcharter	0.2300453528156251	0.02923616876892344	3	0.7804872758932553	0.01203836058951812	3	0.5052663143544401	0.0116685413422675	3	0.6955971528982392	0.00746387009496156	3	0.6285454143837733	0.05522929480772178	3	0.6620712836410063	0.02854071909095869	3	NA	NA	0	0.5836687989977233	0.01322003918990135	3	NA	NA	0	expression_driven	2000	STOmics-0212	CellCharter	Mean expression
STOmics0212	statistic_mean	2000	scvi	0.4772081191734375	0.02491118217743095	3	0.6211612275016783	0.02440801828444795	3	0.5491846733375579	0.01947519726776585	3	0.5866414940875201	0.01955311729145648	3	0.4941471293314001	0.07265632019469877	3	0.5403943117094601	0.02723298329975616	3	NA	NA	0	0.544789492523509	0.01302411927534482	3	NA	NA	0	expression_driven	2000	STOmics-0212	scVI	Mean expression
STOmics0212	statistic_mean	500	cellcharter	0.10194965302658889	NA	1	0.8332078071792991	NA	1	0.467578730102944	NA	1	0.7138732036037719	NA	1	0.7676876556476241	NA	1	0.740780429625698	NA	1	NA	NA	0	0.604179579864321	NA	1	NA	NA	0	expression_driven	500	STOmics-0212	CellCharter	Mean expression
STOmics0212	statistic_mean	500	scvi	0.4575448121398754	NA	1	0.7127006034571336	NA	1	0.5851227077985045	NA	1	0.6025024095827717	NA	1	0.5970083324756484	NA	1	0.5997553710292101	NA	1	NA	NA	0	0.5924390394138572	NA	1	NA	NA	0	expression_driven	500	STOmics-0212	scVI	Mean expression
STOmics0212	statistic_mean	5000	cellcharter	0.30530941073988654	NA	1	0.6544532555604989	NA	1	0.4798813331501928	NA	1	0.7011723464532927	NA	1	0.5812145881302895	NA	1	0.6411934672917912	NA	1	NA	NA	0	0.560537400220992	NA	1	NA	NA	0	expression_driven	5000	STOmics-0212	CellCharter	Mean expression
STOmics0212	statistic_mean	5000	scvi	0.3926483928460507	NA	1	0.4923745712375145	NA	1	0.4425114820417826	NA	1	0.577948355324232	NA	1	0.5406884313004365	NA	1	0.5593183933123342	NA	1	NA	NA	0	0.5009149376770584	NA	1	NA	NA	0	expression_driven	5000	STOmics-0212	scVI	Mean expression
STOmics0212	statistic_variance	100	cellcharter	0.050363722724961237	NA	1	0.8015711850082061	NA	1	0.4259674538665837	NA	1	0.7230185259977415	NA	1	0.8388073069641053	NA	1	0.7809129164809234	NA	1	NA	NA	0	0.6034401851737535	NA	1	NA	NA	0	expression_driven	100	STOmics-0212	CellCharter	Expression variance
STOmics0212	statistic_variance	100	scvi	0.4024725484677432	NA	1	0.7261542225292456	NA	1	0.5643133854984943	NA	1	0.6117831038244322	NA	1	0.6822944495765284	NA	1	0.6470387767004804	NA	1	NA	NA	0	0.6056760810994873	NA	1	NA	NA	0	expression_driven	100	STOmics-0212	scVI	Expression variance
STOmics0212	statistic_variance	1000	cellcharter	0.13974037923513824	NA	1	0.8335788580018932	NA	1	0.48665961861851575	NA	1	0.7053216829136489	NA	1	0.6313583161135969	NA	1	0.668339999513623	NA	1	NA	NA	0	0.5774998090660693	NA	1	NA	NA	0	expression_driven	1000	STOmics-0212	CellCharter	Expression variance
STOmics0212	statistic_variance	1000	scvi	0.4271919087756899	NA	1	0.6579469160475466	NA	1	0.5425694124116183	NA	1	0.5851348180561246	NA	1	0.5924020067823643	NA	1	0.5887684124192445	NA	1	NA	NA	0	0.5656689124154314	NA	1	NA	NA	0	expression_driven	1000	STOmics-0212	scVI	Expression variance
STOmics0212	statistic_variance	10000	cellcharter	0.354841024495579	NA	1	0.5817062399914538	NA	1	0.4682736322435164	NA	1	0.7097927976899977	NA	1	0.5923237287949968	NA	1	0.6510582632424973	NA	1	NA	NA	0	0.5596659477430068	NA	1	NA	NA	0	expression_driven	10000	STOmics-0212	CellCharter	Expression variance
STOmics0212	statistic_variance	10000	scvi	0.29837612095864174	NA	1	0.5442621656390733	NA	1	0.4213191432988575	NA	1	0.5765375055862458	NA	1	0.5430331018060013	NA	1	0.5597853036961236	NA	1	NA	NA	0	0.4905522234974905	NA	1	NA	NA	0	expression_driven	10000	STOmics-0212	scVI	Expression variance
STOmics0212	statistic_variance	200	cellcharter	0.05114751521821532	NA	1	0.8350368722223954	NA	1	0.4430921937203054	NA	1	0.7292181103527176	NA	1	0.7638220010918038	NA	1	0.7465200557222607	NA	1	NA	NA	0	0.594806124721283	NA	1	NA	NA	0	expression_driven	200	STOmics-0212	CellCharter	Expression variance
STOmics0212	statistic_variance	200	scvi	0.48316190803870274	NA	1	0.7359902043297308	NA	1	0.6095760561842167	NA	1	0.5916548253266035	NA	1	0.677129024087602	NA	1	0.6343919247071028	NA	1	NA	NA	0	0.6219839904456598	NA	1	NA	NA	0	expression_driven	200	STOmics-0212	scVI	Expression variance
STOmics0212	statistic_variance	2000	cellcharter	0.2151152867259346	0.01715614011280742	3	0.7936611325804019	0.0154824006536367	3	0.5043882096531682	0.00747196260173067	3	0.6965372660903936	0.00559513510897952	3	0.619984914899456	0.04520896943906269	3	0.6582610904949248	0.02319690819540083	3	NA	NA	0	0.5813246500740464	0.01533366831443829	3	NA	NA	0	expression_driven	2000	STOmics-0212	CellCharter	Expression variance
STOmics0212	statistic_variance	2000	scvi	0.4469307182377582	0.01960920075637451	3	0.6038065550195775	0.02565690321449562	3	0.5253686366286678	0.00545541989702333	3	0.5676376197228046	0.00729399674747914	3	0.4935621632240723	0.02051715074615317	3	0.5305998914734384	0.01235767139370345	3	NA	NA	0	0.5279842640510531	0.00615764358396309	3	NA	NA	0	expression_driven	2000	STOmics-0212	scVI	Expression variance
STOmics0212	statistic_variance	500	cellcharter	0.04381584493769267	NA	1	0.8055011971914877	NA	1	0.4246585210645902	NA	1	0.7194171070439895	NA	1	0.8428545930149437	NA	1	0.7811358500294666	NA	1	NA	NA	0	0.6028971855470284	NA	1	NA	NA	0	expression_driven	500	STOmics-0212	CellCharter	Expression variance
STOmics0212	statistic_variance	500	scvi	0.405270014612037	NA	1	0.7521585678162526	NA	1	0.5787142912141447	NA	1	0.6254242888981293	NA	1	0.5503867602648056	NA	1	0.5879055245814675	NA	1	NA	NA	0	0.5833099078978061	NA	1	NA	NA	0	expression_driven	500	STOmics-0212	scVI	Expression variance
STOmics0212	statistic_variance	5000	cellcharter	0.32163353677687506	NA	1	0.6544743178128881	NA	1	0.4880539272948816	NA	1	0.6952252157205114	NA	1	0.5888058381203053	NA	1	0.6420155269204084	NA	1	NA	NA	0	0.565034727107645	NA	1	NA	NA	0	expression_driven	5000	STOmics-0212	CellCharter	Expression variance
STOmics0212	statistic_variance	5000	scvi	0.3973236333892655	NA	1	0.5380072357210934	NA	1	0.4676654345551795	NA	1	0.6223085809653689	NA	1	0.6054855614346584	NA	1	0.6138970712000136	NA	1	NA	NA	0	0.5407812528775966	NA	1	NA	NA	0	expression_driven	5000	STOmics-0212	scVI	Expression variance
STOmics0212	triku	100	cellcharter	0.3245191027405945	NA	1	0.5712821271205104	NA	1	0.4479006149305525	NA	1	0.7117423506625098	NA	1	0.4184453947678444	NA	1	0.5650938727151771	NA	1	NA	NA	0	0.5064972438228648	NA	1	NA	NA	0	expression_driven	100	STOmics-0212	CellCharter	triku
STOmics0212	triku	100	scvi	0.47821231405493225	NA	1	0.3928354769913182	NA	1	0.4355238955231252	NA	1	0.5190959277806083	NA	1	0.3906282285427301	NA	1	0.4548620781616692	NA	1	NA	NA	0	0.4451929868423971	NA	1	NA	NA	0	expression_driven	100	STOmics-0212	scVI	triku
STOmics0212	triku	1000	cellcharter	0.04217120001422897	NA	1	0.7689389986454586	NA	1	0.4055550993298438	NA	1	0.7300652584756809	NA	1	0.9261195844324605	NA	1	0.8280924214540706	NA	1	NA	NA	0	0.6168237603919572	NA	1	NA	NA	0	expression_driven	1000	STOmics-0212	CellCharter	triku
STOmics0212	triku	1000	scvi	0.31970889506751865	NA	1	0.7429956292229126	NA	1	0.5313522621452156	NA	1	0.5965559398500946	NA	1	0.6309754779898823	NA	1	0.6137657089199884	NA	1	NA	NA	0	0.572558985532602	NA	1	NA	NA	0	expression_driven	1000	STOmics-0212	scVI	triku
STOmics0212	triku	10000	cellcharter	0.23169844598762837	NA	1	0.6736340999249355	NA	1	0.4526662729562819	NA	1	0.7170361284777539	NA	1	0.6777856074601651	NA	1	0.6974108679689595	NA	1	NA	NA	0	0.5750385704626206	NA	1	NA	NA	0	expression_driven	10000	STOmics-0212	CellCharter	triku
STOmics0212	triku	10000	scvi	0.35127160428945153	NA	1	0.5055901200473402	NA	1	0.4284308621683959	NA	1	0.5542781748859026	NA	1	0.5543513962287532	NA	1	0.5543147855573278	NA	1	NA	NA	0	0.49137282386286185	NA	1	NA	NA	0	expression_driven	10000	STOmics-0212	scVI	triku
STOmics0212	triku	200	cellcharter	0.11854332905209708	NA	1	0.730306435172987	NA	1	0.424424882112542	NA	1	0.7719678792211168	NA	1	0.6001684975587541	NA	1	0.6860681883899354	NA	1	NA	NA	0	0.5552465352512388	NA	1	NA	NA	0	expression_driven	200	STOmics-0212	CellCharter	triku
STOmics0212	triku	200	scvi	0.4447246971341789	NA	1	0.5789211168239872	NA	1	0.511822906979083	NA	1	0.5815544310914907	NA	1	0.4918213885228356	NA	1	0.5366879098071632	NA	1	NA	NA	0	0.524255408393123	NA	1	NA	NA	0	expression_driven	200	STOmics-0212	scVI	triku
STOmics0212	triku	2000	cellcharter	0.06636023128111636	0.00230218823137373	3	0.7919611881780408	0.00579621802555315	3	0.42916070972957865	0.00403933141021943	3	0.7364354630600136	0.00222874868247825	3	0.7155558846338753	0.01280690362383733	3	0.7259956738469443	0.00594260497038736	3	NA	NA	0	0.5775781917882615	0.00378594568142542	3	NA	NA	0	expression_driven	2000	STOmics-0212	CellCharter	triku
STOmics0212	triku	2000	scvi	0.35649406946741724	0.02562719192832804	3	0.7177718666943335	0.01293623874996803	3	0.5371329680808753	0.00927678806563528	3	0.6147203744093671	0.0269859236981032	3	0.6465932778090249	0.03411980883704089	3	0.630656826109196	0.00565801997425074	3	NA	NA	0	0.5838948970950356	0.00558537685324627	3	NA	NA	0	expression_driven	2000	STOmics-0212	scVI	triku
STOmics0212	triku	500	cellcharter	0.01480969557807235	NA	1	0.7588199336308721	NA	1	0.3868148146044722	NA	1	0.7291879759267853	NA	1	0.8753448712400429	NA	1	0.802266423583414	NA	1	NA	NA	0	0.5945406190939431	NA	1	NA	NA	0	expression_driven	500	STOmics-0212	CellCharter	triku
STOmics0212	triku	500	scvi	0.33200147873109187	NA	1	0.7153398236152426	NA	1	0.5236706511731672	NA	1	0.6378807800828309	NA	1	0.7564272237342924	NA	1	0.6971540019085616	NA	1	NA	NA	0	0.6104123265408644	NA	1	NA	NA	0	expression_driven	500	STOmics-0212	scVI	triku
STOmics0212	triku	5000	cellcharter	0.14847153706186314	NA	1	0.7711572157721246	NA	1	0.45981437641699385	NA	1	0.7009139753639267	NA	1	0.7169208219096896	NA	1	0.7089173986368082	NA	1	NA	NA	0	0.5843658875269011	NA	1	NA	NA	0	expression_driven	5000	STOmics-0212	CellCharter	triku
STOmics0212	triku	5000	scvi	0.410599255423234	NA	1	0.6134189466317052	NA	1	0.5120091010274695	NA	1	0.6276988572753314	NA	1	0.7188271491685124	NA	1	0.6732630032219219	NA	1	NA	NA	0	0.5926360521246957	NA	1	NA	NA	0	expression_driven	5000	STOmics-0212	scVI	triku
STOmics0218	Brennecke	100	cellcharter	0.6494042971582716	NA	1	0.7787405009028553	NA	1	0.7140723990305635	NA	1	0.6363303836555328	NA	1	0.6552836261733452	NA	1	0.6458070049144391	NA	1	NA	NA	0	0.6799397019725013	NA	1	NA	NA	0	expression_driven	100	STOmics-0218	CellCharter	Brennecke
STOmics0218	Brennecke	100	scvi	0.8959256144173482	NA	1	0.5251119096549534	NA	1	0.7105187620361508	NA	1	0.2894060682178365	NA	1	0.3934790384098694	NA	1	0.341442553313853	NA	1	NA	NA	0	0.5259806576750019	NA	1	NA	NA	0	expression_driven	100	STOmics-0218	scVI	Brennecke
STOmics0218	Brennecke	1000	cellcharter	0.6048328417175993	NA	1	0.9244346801087068	NA	1	0.764633760913153	NA	1	0.7149573673022175	NA	1	0.7780852970135332	NA	1	0.7465213321578754	NA	1	NA	NA	0	0.7555775465355142	NA	1	NA	NA	0	expression_driven	1000	STOmics-0218	CellCharter	Brennecke
STOmics0218	Brennecke	1000	scvi	0.8075658303924043	NA	1	0.7246977632487872	NA	1	0.7661317968205957	NA	1	0.6369252619524832	NA	1	0.7831415414479281	NA	1	0.7100334017002057	NA	1	NA	NA	0	0.7380825992604008	NA	1	NA	NA	0	expression_driven	1000	STOmics-0218	scVI	Brennecke
STOmics0218	Brennecke	10000	cellcharter	0.6400606809598061	NA	1	0.8619804206790368	NA	1	0.7510205508194214	NA	1	0.7247738206528215	NA	1	0.7434517779511103	NA	1	0.7341127993019658	NA	1	NA	NA	0	0.7425666750606936	NA	1	NA	NA	0	expression_driven	10000	STOmics-0218	CellCharter	Brennecke
STOmics0218	Brennecke	10000	scvi	0.7519184276726567	NA	1	0.6847441875124352	NA	1	0.7183313075925459	NA	1	0.6313280756715973	NA	1	0.801682050501443	NA	1	0.7165050630865202	NA	1	NA	NA	0	0.717418185339533	NA	1	NA	NA	0	expression_driven	10000	STOmics-0218	scVI	Brennecke
STOmics0218	Brennecke	200	cellcharter	0.6363245199612871	NA	1	0.8637555359496554	NA	1	0.7500400279554713	NA	1	0.656038615051448	NA	1	0.7525106457674613	NA	1	0.7042746304094547	NA	1	NA	NA	0	0.727157329182463	NA	1	NA	NA	0	expression_driven	200	STOmics-0218	CellCharter	Brennecke
STOmics0218	Brennecke	200	scvi	0.8565947346785067	NA	1	0.6311735229713589	NA	1	0.7438841288249327	NA	1	0.4455273301189754	NA	1	0.6533564859703153	NA	1	0.5494419080446453	NA	1	NA	NA	0	0.646663018434789	NA	1	NA	NA	0	expression_driven	200	STOmics-0218	scVI	Brennecke
STOmics0218	Brennecke	2000	cellcharter	0.6147373743637928	0.01383149933273711	3	0.8834875437990455	0.00904099897389344	3	0.7491124590814192	0.0109354804594245	3	0.724168742365937	0.00327585974525449	3	0.7546329132122841	0.02022152322775263	3	0.7394008277891105	0.00875648963477741	3	NA	NA	0	0.744256643435265	0.00352628203812476	3	NA	NA	0	expression_driven	2000	STOmics-0218	CellCharter	Brennecke
STOmics0218	Brennecke	2000	scvi	0.8304096862467079	0.01095257185720464	3	0.698773959498662	0.01058724402625802	3	0.7645918228726849	0.01030071822026734	3	0.6422913247338287	0.03556821539182333	3	0.7783787015712539	0.03462986321078899	3	0.7103350131525413	0.03273002457370622	3	NA	NA	0	0.7374634180126131	0.01121589389441657	3	NA	NA	0	expression_driven	2000	STOmics-0218	scVI	Brennecke
STOmics0218	Brennecke	500	cellcharter	0.5946297127840806	NA	1	0.9197752487816884	NA	1	0.7572024807828844	NA	1	0.6988083343165128	NA	1	0.7532276395446094	NA	1	0.7260179869305611	NA	1	NA	NA	0	0.7416102338567228	NA	1	NA	NA	0	expression_driven	500	STOmics-0218	CellCharter	Brennecke
STOmics0218	Brennecke	500	scvi	0.8327726107919885	NA	1	0.7314052152268354	NA	1	0.782088913009412	NA	1	0.5585130706362024	NA	1	0.7791553540257892	NA	1	0.6688342123309958	NA	1	NA	NA	0	0.7254615626702039	NA	1	NA	NA	0	expression_driven	500	STOmics-0218	scVI	Brennecke
STOmics0218	Brennecke	5000	cellcharter	0.6157169316502629	NA	1	0.8729787467050243	NA	1	0.7443478391776436	NA	1	0.7303238365951051	NA	1	0.7162926894251325	NA	1	0.7233082630101189	NA	1	NA	NA	0	0.7338280510938813	NA	1	NA	NA	0	expression_driven	5000	STOmics-0218	CellCharter	Brennecke
STOmics0218	Brennecke	5000	scvi	0.8142431413575442	NA	1	0.6837900151300661	NA	1	0.7490165782438052	NA	1	0.6559823485633822	NA	1	0.8141407738418804	NA	1	0.7350615612026313	NA	1	NA	NA	0	0.7420390697232182	NA	1	NA	NA	0	expression_driven	5000	STOmics-0218	scVI	Brennecke
STOmics0218	anticor	100	cellcharter	0.7522772255448333	NA	1	0.8006378662479208	NA	1	0.776457545896377	NA	1	0.6680926959215331	NA	1	0.7388778777975626	NA	1	0.7034852868595478	NA	1	NA	NA	0	0.7399714163779625	NA	1	NA	NA	0	expression_driven	100	STOmics-0218	CellCharter	Anticor
STOmics0218	anticor	100	scvi	0.8834651543859041	NA	1	0.58047041925082965	NA	1	0.7319677868183669	NA	1	0.5116359152183968	NA	1	0.7400659854602021	NA	1	0.6258509503392995	NA	1	NA	NA	0	0.6789093685788332	NA	1	NA	NA	0	expression_driven	100	STOmics-0218	scVI	Anticor
STOmics0218	anticor	1000	cellcharter	0.600902936607564	NA	1	0.8773070878518003	NA	1	0.7391050122296822	NA	1	0.7371713507119421	NA	1	0.7581525202586541	NA	1	0.747661935485298	NA	1	NA	NA	0	0.74338347385749	NA	1	NA	NA	0	expression_driven	1000	STOmics-0218	CellCharter	Anticor
STOmics0218	anticor	1000	scvi	0.8282554696935727	NA	1	0.6614665052622265	NA	1	0.7448609874778995	NA	1	0.6545744115547931	NA	1	0.8266132068697922	NA	1	0.7405938092122927	NA	1	NA	NA	0	0.7427273983450962	NA	1	NA	NA	0	expression_driven	1000	STOmics-0218	scVI	Anticor
STOmics0218	anticor	10000	cellcharter	0.6351514933529109	NA	1	0.849818611326959	NA	1	0.7424850523399349	NA	1	0.7302404103760954	NA	1	0.7967713056850314	NA	1	0.7635058580305634	NA	1	NA	NA	0	0.7529954551852491	NA	1	NA	NA	0	expression_driven	10000	STOmics-0218	CellCharter	Anticor
STOmics0218	anticor	10000	scvi	0.7088817064932431	NA	1	0.7408268810235342	NA	1	0.7248542937583886	NA	1	0.606017092813189	NA	1	0.8954122756364205	NA	1	0.7507146842248047	NA	1	NA	NA	0	0.7377844889915967	NA	1	NA	NA	0	expression_driven	10000	STOmics-0218	scVI	Anticor
STOmics0218	anticor	200	cellcharter	0.6790721619931681	NA	1	0.820410969885942	NA	1	0.749741565939555	NA	1	0.7145560693363389	NA	1	0.7003226198901036	NA	1	0.7074393446132212	NA	1	NA	NA	0	0.7285904552763881	NA	1	NA	NA	0	expression_driven	200	STOmics-0218	CellCharter	Anticor
STOmics0218	anticor	200	scvi	0.8607666865388883	NA	1	0.6615218121837008	NA	1	0.7611442493612945	NA	1	0.5274339442507906	NA	1	0.7329761578747872	NA	1	0.6302050510627889	NA	1	NA	NA	0	0.6956746502120417	NA	1	NA	NA	0	expression_driven	200	STOmics-0218	scVI	Anticor
STOmics0218	anticor	2000	cellcharter	0.6244384643072441	0.015444992114181341	3	0.8768891738229541	0.00397053221877434	3	0.750663819065099	0.00726299927007077	3	0.7465994218888546	0.00751820214929153	3	0.731492841728016	0.00644053009837331	3	0.7390461318084354	5.8361662131185e-4	3	NA	NA	0	0.7448549754367672	0.00334085265791451	3	NA	NA	0	expression_driven	2000	STOmics-0218	CellCharter	Anticor
STOmics0218	anticor	2000	scvi	0.8210287594615421	0.00670739272327149	3	0.6864192541109224	0.01294975488749468	3	0.7537240067862322	0.0093658772961162	3	0.6562814155598042	0.01498216346927812	3	0.8373864931456222	0.00678033601439403	3	0.7468339543527133	0.00561275291650469	3	NA	NA	0	0.7502789805694728	0.0026971254506566	3	NA	NA	0	expression_driven	2000	STOmics-0218	scVI	Anticor
STOmics0218	anticor	500	cellcharter	0.6094388685977099	NA	1	0.8695133947109311	NA	1	0.7394761316543206	NA	1	0.7226310717231909	NA	1	0.7621711827293736	NA	1	0.7424011272262823	NA	1	NA	NA	0	0.7409386294403014	NA	1	NA	NA	0	expression_driven	500	STOmics-0218	CellCharter	Anticor
STOmics0218	anticor	500	scvi	0.8316678835020773	NA	1	0.6012397118217185	NA	1	0.7164537976618979	NA	1	0.6228410383544424	NA	1	0.7475422099727483	NA	1	0.6851916241635954	NA	1	NA	NA	0	0.7008227109127466	NA	1	NA	NA	0	expression_driven	500	STOmics-0218	scVI	Anticor
STOmics0218	anticor	5000	cellcharter	0.6498548725617581	NA	1	0.8671564049428899	NA	1	0.758505638752324	NA	1	0.7211988324074681	NA	1	0.7351843783346359	NA	1	0.728191605371052	NA	1	NA	NA	0	0.7433486220616881	NA	1	NA	NA	0	expression_driven	5000	STOmics-0218	CellCharter	Anticor
STOmics0218	anticor	5000	scvi	0.8040691368589483	NA	1	0.6594120718905825	NA	1	0.7317406043747654	NA	1	0.6498570274280864	NA	1	0.8353892508839404	NA	1	0.7426231391560134	NA	1	NA	NA	0	0.7371818717653894	NA	1	NA	NA	0	expression_driven	5000	STOmics-0218	scVI	Anticor
STOmics0218	dubstepr	100	cellcharter	0.6461620916854361	NA	1	0.837957480288869	NA	1	0.7420597859871525	NA	1	0.6939727250623223	NA	1	0.7299962858468677	NA	1	0.711984505454595	NA	1	NA	NA	0	0.7270221457208738	NA	1	NA	NA	0	expression_driven	100	STOmics-0218	CellCharter	DUBStepR
STOmics0218	dubstepr	100	scvi	0.863911914546926	NA	1	0.6382857433370265	NA	1	0.7510988289419762	NA	1	0.5370614700157202	NA	1	0.7298444044643275	NA	1	0.6334529372400239	NA	1	NA	NA	0	0.6922758830910001	NA	1	NA	NA	0	expression_driven	100	STOmics-0218	scVI	DUBStepR
STOmics0218	dubstepr	1000	cellcharter	0.6065037046119158	NA	1	0.8941465953068068	NA	1	0.7503251499593613	NA	1	0.7273516223100732	NA	1	0.8028016603788584	NA	1	0.7650766413444658	NA	1	NA	NA	0	0.7577008956519136	NA	1	NA	NA	0	expression_driven	1000	STOmics-0218	CellCharter	DUBStepR
STOmics0218	dubstepr	1000	scvi	0.8045740112149695	NA	1	0.7016964445643806	NA	1	0.753135227889675	NA	1	0.6956135011176204	NA	1	0.801260274196605	NA	1	0.7484368876571127	NA	1	NA	NA	0	0.7507860577733938	NA	1	NA	NA	0	expression_driven	1000	STOmics-0218	scVI	DUBStepR
STOmics0218	dubstepr	10000	cellcharter	0.6172086478253372	NA	1	0.8670217170706866	NA	1	0.7421151824480119	NA	1	0.7315114044391846	NA	1	0.7388383932613978	NA	1	0.7351748988502912	NA	1	NA	NA	0	0.7386450406491516	NA	1	NA	NA	0	expression_driven	10000	STOmics-0218	CellCharter	DUBStepR
STOmics0218	dubstepr	10000	scvi	0.8057598035233027	NA	1	0.6874058761481725	NA	1	0.7465828398357376	NA	1	0.6678491325565656	NA	1	0.7882119108474146	NA	1	0.7280305217019901	NA	1	NA	NA	0	0.7373066807688639	NA	1	NA	NA	0	expression_driven	10000	STOmics-0218	scVI	DUBStepR
STOmics0218	dubstepr	200	cellcharter	0.6422573677077751	NA	1	0.8743017603509209	NA	1	0.758279564029348	NA	1	0.7122994191285591	NA	1	0.741606872008058	NA	1	0.7269531455683085	NA	1	NA	NA	0	0.7426163547988283	NA	1	NA	NA	0	expression_driven	200	STOmics-0218	CellCharter	DUBStepR
STOmics0218	dubstepr	200	scvi	0.8436512509434704	NA	1	0.6539959339785506	NA	1	0.7488235924610105	NA	1	0.5780142604986	NA	1	0.7875222387553519	NA	1	0.682768249626976	NA	1	NA	NA	0	0.7157959210439933	NA	1	NA	NA	0	expression_driven	200	STOmics-0218	scVI	DUBStepR
STOmics0218	dubstepr	2000	cellcharter	0.6114128621268454	0.01024028531062342	3	0.8746866760759681	0.00693234969907536	3	0.7430497691014066	0.00201438514327395	3	0.7409429870032955	0.0063491970369195	3	0.7523117518497952	0.02043069096268247	3	0.7466273694265454	0.01012804002864653	3	NA	NA	0	0.7448385692639761	0.00583320120059671	3	NA	NA	0	expression_driven	2000	STOmics-0218	CellCharter	DUBStepR
STOmics0218	dubstepr	2000	scvi	0.8092141759760662	0.00301605654492937	3	0.6893307677199445	0.01935058713281994	3	0.7492724718480054	0.01113352315264938	3	0.6658448627257632	0.01379441010061818	3	0.8153971816210052	0.03025139960689825	3	0.7406210221733843	0.0179532044603977	3	NA	NA	0	0.7449467470106947	0.01027667827706295	3	NA	NA	0	expression_driven	2000	STOmics-0218	scVI	DUBStepR
STOmics0218	dubstepr	500	cellcharter	0.5850666254091604	NA	1	0.8986198186056051	NA	1	0.7418432220073827	NA	1	0.7300740767268157	NA	1	0.7468839017408935	NA	1	0.7384789892338546	NA	1	NA	NA	0	0.7401611056206187	NA	1	NA	NA	0	expression_driven	500	STOmics-0218	CellCharter	DUBStepR
STOmics0218	dubstepr	500	scvi	0.8257173193569673	NA	1	0.6969070453273182	NA	1	0.7613121823421427	NA	1	0.6670150290640676	NA	1	0.7737528571255092	NA	1	0.7203839430947885	NA	1	NA	NA	0	0.7408480627184656	NA	1	NA	NA	0	expression_driven	500	STOmics-0218	scVI	DUBStepR
STOmics0218	dubstepr	5000	cellcharter	0.6172086478253372	NA	1	0.8670217170706866	NA	1	0.7421151824480119	NA	1	0.7315114044391846	NA	1	0.7388383932613978	NA	1	0.7351748988502912	NA	1	NA	NA	0	0.7386450406491516	NA	1	NA	NA	0	expression_driven	5000	STOmics-0218	CellCharter	DUBStepR
STOmics0218	dubstepr	5000	scvi	0.8057598035233027	NA	1	0.6874058761481725	NA	1	0.7465828398357376	NA	1	0.6678491325565656	NA	1	0.7882119108474146	NA	1	0.7280305217019901	NA	1	NA	NA	0	0.7373066807688639	NA	1	NA	NA	0	expression_driven	5000	STOmics-0218	scVI	DUBStepR
STOmics0218	hotspot	100	cellcharter	0.5834528168845841	NA	1	0.8504048304403773	NA	1	0.7169288236624807	NA	1	0.6549272979855991	NA	1	0.7519070321032324	NA	1	0.7034171650444158	NA	1	NA	NA	0	0.7101729943534483	NA	1	NA	NA	0	expression_driven	100	STOmics-0218	CellCharter	Hotspot
STOmics0218	hotspot	100	scvi	0.8533311578977918	NA	1	0.6388525759254615	NA	1	0.7460918669116267	NA	1	0.5154775950770466	NA	1	0.8017400714886199	NA	1	0.6586088332828333	NA	1	NA	NA	0	0.7023503500972299	NA	1	NA	NA	0	expression_driven	100	STOmics-0218	scVI	Hotspot
STOmics0218	hotspot	1000	cellcharter	0.5902792656779717	NA	1	0.8839642887059326	NA	1	0.7371217771919522	NA	1	0.725552316476992	NA	1	0.787628556874749	NA	1	0.7565904366758704	NA	1	NA	NA	0	0.7468561069339112	NA	1	NA	NA	0	expression_driven	1000	STOmics-0218	CellCharter	Hotspot
STOmics0218	hotspot	1000	scvi	0.8202547395340003	NA	1	0.6469703341626688	NA	1	0.7336125368483346	NA	1	0.652750094718409	NA	1	0.7434403720508718	NA	1	0.6980952333846404	NA	1	NA	NA	0	0.7158538851164875	NA	1	NA	NA	0	expression_driven	1000	STOmics-0218	scVI	Hotspot
STOmics0218	hotspot	10000	cellcharter	0.6411589888875119	NA	1	0.8384072104275408	NA	1	0.7397830996575263	NA	1	0.7243277087725523	NA	1	0.7678415508928723	NA	1	0.7460846298327123	NA	1	NA	NA	0	0.7429338647451194	NA	1	NA	NA	0	expression_driven	10000	STOmics-0218	CellCharter	Hotspot
STOmics0218	hotspot	10000	scvi	0.7072383586817674	NA	1	0.7427709744490908	NA	1	0.7250046665654291	NA	1	0.6157945768711631	NA	1	0.7768013459152918	NA	1	0.6962979613932274	NA	1	NA	NA	0	0.7106513139793282	NA	1	NA	NA	0	expression_driven	10000	STOmics-0218	scVI	Hotspot
STOmics0218	hotspot	200	cellcharter	0.5878397072888666	NA	1	0.854817216214924	NA	1	0.7213284617518954	NA	1	0.7067507217506667	NA	1	0.751872901768331	NA	1	0.7293118117594988	NA	1	NA	NA	0	0.7253201367556971	NA	1	NA	NA	0	expression_driven	200	STOmics-0218	CellCharter	Hotspot
STOmics0218	hotspot	200	scvi	0.8533642396350022	NA	1	0.6253013006522453	NA	1	0.7393327701436238	NA	1	0.5733287929686982	NA	1	0.7759717582141862	NA	1	0.6746502755914422	NA	1	NA	NA	0	0.706991522867533	NA	1	NA	NA	0	expression_driven	200	STOmics-0218	scVI	Hotspot
STOmics0218	hotspot	2000	cellcharter	0.6331909669476956	0.00674468822023279	3	0.8507141806046281	0.00220738414257584	3	0.7419525737761618	0.00310365219399402	3	0.7456163876140302	0.00890317371787632	3	0.7912159074201798	0.05966834322196681	3	0.768416147517105	0.02541253723365816	3	NA	NA	0	0.7551843606466333	0.01425706091085241	3	NA	NA	0	expression_driven	2000	STOmics-0218	CellCharter	Hotspot
STOmics0218	hotspot	2000	scvi	0.8237447113675516	0.00569665080299936	3	0.6624946075754211	0.01534423951990027	3	0.7431196594714863	0.00994966905848567	3	0.6651815501448451	0.00937016107821477	3	0.7864673546182613	0.0351854142653745	3	0.7258244523815532	0.01600637965387111	3	NA	NA	0	0.7344720559265197	0.00564515205115671	3	NA	NA	0	expression_driven	2000	STOmics-0218	scVI	Hotspot
STOmics0218	hotspot	500	cellcharter	0.5552429456448268	NA	1	0.8992347213072899	NA	1	0.7272388334760583	NA	1	0.7319175824688241	NA	1	0.7927494099898464	NA	1	0.7623334962293353	NA	1	NA	NA	0	0.7447861648526968	NA	1	NA	NA	0	expression_driven	500	STOmics-0218	CellCharter	Hotspot
STOmics0218	hotspot	500	scvi	0.8190666603731086	NA	1	0.6679239946195421	NA	1	0.7434953274963254	NA	1	0.6784952172753652	NA	1	0.7890156176132416	NA	1	0.7337554174443034	NA	1	NA	NA	0	0.7386253724703145	NA	1	NA	NA	0	expression_driven	500	STOmics-0218	scVI	Hotspot
STOmics0218	hotspot	5000	cellcharter	0.6325482689083506	NA	1	0.8423007478534426	NA	1	0.7374245083808966	NA	1	0.7398167947742859	NA	1	0.703933021831594	NA	1	0.7218749083029399	NA	1	NA	NA	0	0.7296497083419182	NA	1	NA	NA	0	expression_driven	5000	STOmics-0218	CellCharter	Hotspot
STOmics0218	hotspot	5000	scvi	0.7270894944213971	NA	1	0.7164062472574725	NA	1	0.7217478708394348	NA	1	0.6201168169973463	NA	1	0.7979885199778856	NA	1	0.709052668487616	NA	1	NA	NA	0	0.7154002696635253	NA	1	NA	NA	0	expression_driven	5000	STOmics-0218	scVI	Hotspot
STOmics0218	morans_i	100	cellcharter	0.6622690114335884	NA	1	0.83856397043812	NA	1	0.7504164909358542	NA	1	0.725992448178626	NA	1	0.7321513375258657	NA	1	0.7290718928522458	NA	1	NA	NA	0	0.7397441918940499	NA	1	NA	NA	0	spatially_informed	100	STOmics-0218	CellCharter	Moran's I
STOmics0218	morans_i	100	scvi	0.8268050030131433	NA	1	0.7083118420123393	NA	1	0.7675584225127413	NA	1	0.6852429742650155	NA	1	0.7679424128873815	NA	1	0.7265926935761985	NA	1	NA	NA	0	0.7470755580444699	NA	1	NA	NA	0	spatially_informed	100	STOmics-0218	scVI	Moran's I
STOmics0218	morans_i	1000	cellcharter	0.6393553979021116	NA	1	0.8485728405511561	NA	1	0.7439641192266339	NA	1	0.7414292254223381	NA	1	0.7905638388475221	NA	1	0.7659965321349301	NA	1	NA	NA	0	0.754980325680782	NA	1	NA	NA	0	spatially_informed	1000	STOmics-0218	CellCharter	Moran's I
STOmics0218	morans_i	1000	scvi	0.7928919001762831	NA	1	0.6841002778803933	NA	1	0.7384960890283382	NA	1	0.6886107170796135	NA	1	0.7152060500989368	NA	1	0.7019083835892752	NA	1	NA	NA	0	0.7202022363088068	NA	1	NA	NA	0	spatially_informed	1000	STOmics-0218	scVI	Moran's I
STOmics0218	morans_i	10000	cellcharter	0.6502051666485356	NA	1	0.833618591606843	NA	1	0.7419118791276893	NA	1	0.7250635919317839	NA	1	0.7363268624267658	NA	1	0.7306952271792748	NA	1	NA	NA	0	0.7363035531534821	NA	1	NA	NA	0	spatially_informed	10000	STOmics-0218	CellCharter	Moran's I
STOmics0218	morans_i	10000	scvi	0.6417332983593258	NA	1	0.7042466370716046	NA	1	0.6729899677154652	NA	1	0.5579354337223589	NA	1	0.7835208950708266	NA	1	0.6707281643965928	NA	1	NA	NA	0	0.671859066056029	NA	1	NA	NA	0	spatially_informed	10000	STOmics-0218	scVI	Moran's I
STOmics0218	morans_i	200	cellcharter	0.653464188741004	NA	1	0.8575548451054519	NA	1	0.755509516923228	NA	1	0.7365456710201786	NA	1	0.7251078056640787	NA	1	0.7308267383421287	NA	1	NA	NA	0	0.7431681276326784	NA	1	NA	NA	0	spatially_informed	200	STOmics-0218	CellCharter	Moran's I
STOmics0218	morans_i	200	scvi	0.8271827284532163	NA	1	0.698678481805745	NA	1	0.7629306051294806	NA	1	0.6804495144461592	NA	1	0.8250992949172021	NA	1	0.7527744046816807	NA	1	NA	NA	0	0.7578525049055806	NA	1	NA	NA	0	spatially_informed	200	STOmics-0218	scVI	Moran's I
STOmics0218	morans_i	2000	cellcharter	0.6490830007723772	0.00451845658636499	3	0.8517782160562991	0.00750467772178203	3	0.7504306084143382	0.00560662383491559	3	0.73914124027235	0.01324232062141105	3	0.7642456021597398	0.0417540530738812	3	0.751693421216045	0.0157816813883193	3	NA	NA	0	0.7510620148151915	0.00989588963939185	3	NA	NA	0	spatially_informed	2000	STOmics-0218	CellCharter	Moran's I
STOmics0218	morans_i	2000	scvi	0.808284775370597	0.01213551420108761	3	0.6917411482134724	0.01566105080173719	3	0.7500129617920347	0.01381862395678562	3	0.6797831166500835	0.02077174611506855	3	0.7867847599545944	0.02549332304000879	3	0.7332839383023391	0.01432766957534101	3	NA	NA	0	0.7416484500471868	0.00751413329129901	3	NA	NA	0	spatially_informed	2000	STOmics-0218	scVI	Moran's I
STOmics0218	morans_i	500	cellcharter	0.6431157273824091	NA	1	0.8445322773039043	NA	1	0.7438240023431567	NA	1	0.7403017518195605	NA	1	0.7894439465310472	NA	1	0.7648728491753038	NA	1	NA	NA	0	0.7543484257592303	NA	1	NA	NA	0	spatially_informed	500	STOmics-0218	CellCharter	Moran's I
STOmics0218	morans_i	500	scvi	0.8101598367240977	NA	1	0.6997735848082602	NA	1	0.754966710766179	NA	1	0.6902368786402692	NA	1	0.7893974324209161	NA	1	0.7398171555305926	NA	1	NA	NA	0	0.7473919331483858	NA	1	NA	NA	0	spatially_informed	500	STOmics-0218	scVI	Moran's I
STOmics0218	morans_i	5000	cellcharter	0.6446603733458626	NA	1	0.8477582745229946	NA	1	0.7462093239344285	NA	1	0.7407838235895818	NA	1	0.7939979210212025	NA	1	0.7673908723053922	NA	1	NA	NA	0	0.7568000981199103	NA	1	NA	NA	0	spatially_informed	5000	STOmics-0218	CellCharter	Moran's I
STOmics0218	morans_i	5000	scvi	0.7772861452913236	NA	1	0.7098116124237842	NA	1	0.7435488788575539	NA	1	0.6536294027211864	NA	1	0.8105527996095152	NA	1	0.7320911011653508	NA	1	NA	NA	0	0.7378199900114524	NA	1	NA	NA	0	spatially_informed	5000	STOmics-0218	scVI	Moran's I
STOmics0218	nbumi	100	cellcharter	0.6023427172371172	NA	1	0.8691243093068479	NA	1	0.7357335132719826	NA	1	0.7127797561241183	NA	1	0.9037714281906936	NA	1	0.8082755921574059	NA	1	NA	NA	0	0.7720045527146941	NA	1	NA	NA	0	expression_driven	100	STOmics-0218	CellCharter	NBumi
STOmics0218	nbumi	100	scvi	0.8290700438167635	NA	1	0.7247906254142034	NA	1	0.7769303346154834	NA	1	0.6176140033233408	NA	1	0.7889101303488875	NA	1	0.7032620668361141	NA	1	NA	NA	0	0.7400962007257987	NA	1	NA	NA	0	expression_driven	100	STOmics-0218	scVI	NBumi
STOmics0218	nbumi	1000	cellcharter	0.6296172541647355	NA	1	0.8810381413884845	NA	1	0.7553276977766099	NA	1	0.733517074092657	NA	1	0.8183762001717061	NA	1	0.7759466371321815	NA	1	NA	NA	0	0.7656371674543957	NA	1	NA	NA	0	expression_driven	1000	STOmics-0218	CellCharter	NBumi
STOmics0218	nbumi	1000	scvi	0.8301787766771258	NA	1	0.6976596405748482	NA	1	0.763919208625987	NA	1	0.6709493640755287	NA	1	0.8084336393947118	NA	1	0.7396915017351202	NA	1	NA	NA	0	0.7518053551805536	NA	1	NA	NA	0	expression_driven	1000	STOmics-0218	scVI	NBumi
STOmics0218	nbumi	10000	cellcharter	0.6295153851791657	NA	1	0.8605507705706843	NA	1	0.745033077874925	NA	1	0.7202320373839829	NA	1	0.7770403907448389	NA	1	0.7486362140644109	NA	1	NA	NA	0	0.746834645969668	NA	1	NA	NA	0	expression_driven	10000	STOmics-0218	CellCharter	NBumi
STOmics0218	nbumi	10000	scvi	0.7226686192988977	NA	1	0.7349937458660357	NA	1	0.7288311825824667	NA	1	0.6279066560440869	NA	1	0.8599340775155436	NA	1	0.7439203667798153	NA	1	NA	NA	0	0.736375774681141	NA	1	NA	NA	0	expression_driven	10000	STOmics-0218	scVI	NBumi
STOmics0218	nbumi	200	cellcharter	0.614712834656737	NA	1	0.8893886570480293	NA	1	0.7520507458523831	NA	1	0.7238613179557055	NA	1	0.6733323874980333	NA	1	0.6985968527268693	NA	1	NA	NA	0	0.7253237992896262	NA	1	NA	NA	0	expression_driven	200	STOmics-0218	CellCharter	NBumi
STOmics0218	nbumi	200	scvi	0.8339982013060734	NA	1	0.7234102109654807	NA	1	0.7787042061357771	NA	1	0.6418366239732253	NA	1	0.7398606441222396	NA	1	0.6908486340477324	NA	1	NA	NA	0	0.7347764200917548	NA	1	NA	NA	0	expression_driven	200	STOmics-0218	scVI	NBumi
STOmics0218	nbumi	2000	cellcharter	0.6170300202627371	0.00623281166760098	3	0.8688113923387181	0.00734947554727922	3	0.7429207063007276	0.0029535800579766	3	0.7357306524749384	0.00182307257678913	3	0.7871985748250893	0.02905243503230767	3	0.7614646136500137	0.0154342597544245	3	NA	NA	0	0.7521926599753707	0.00782313465060345	3	NA	NA	0	expression_driven	2000	STOmics-0218	CellCharter	NBumi
STOmics0218	nbumi	2000	scvi	0.8299247568750636	0.01125237812762117	3	0.6865395130985993	0.01742384077680132	3	0.7582321349868314	0.01325638291316454	3	0.6738298459506128	0.00871834408419659	3	0.7772917584751621	0.0407493366328176	3	0.7255608022128874	0.02430173135960217	3	NA	NA	0	0.7418964685998595	0.01621533277489824	3	NA	NA	0	expression_driven	2000	STOmics-0218	scVI	NBumi
STOmics0218	nbumi	500	cellcharter	0.6307209472361791	NA	1	0.8629684290074753	NA	1	0.7468446881218271	NA	1	0.7291666359115747	NA	1	0.70696728576645	NA	1	0.7180669608390123	NA	1	NA	NA	0	0.7324558244804198	NA	1	NA	NA	0	expression_driven	500	STOmics-0218	CellCharter	NBumi
STOmics0218	nbumi	500	scvi	0.8312092002631795	NA	1	0.7058444675227948	NA	1	0.7685268338929871	NA	1	0.6721343959061027	NA	1	0.7753091168197015	NA	1	0.7237217563629021	NA	1	NA	NA	0	0.7461242951279446	NA	1	NA	NA	0	expression_driven	500	STOmics-0218	scVI	NBumi
STOmics0218	nbumi	5000	cellcharter	0.6471991964553958	NA	1	0.8514806863959676	NA	1	0.7493399414256817	NA	1	0.7390354015650294	NA	1	0.7071244041466012	NA	1	0.7230799028558152	NA	1	NA	NA	0	0.7362099221407485	NA	1	NA	NA	0	expression_driven	5000	STOmics-0218	CellCharter	NBumi
STOmics0218	nbumi	5000	scvi	0.7849049590626428	NA	1	0.7008416467168255	NA	1	0.7428733028897341	NA	1	0.6756710304962171	NA	1	0.8389221340612285	NA	1	0.7572965822787228	NA	1	NA	NA	0	0.7500849425842284	NA	1	NA	NA	0	expression_driven	5000	STOmics-0218	scVI	NBumi
STOmics0218	nnsvg	100	cellcharter	0.5606825106924364	NA	1	0.8740241624869189	NA	1	0.7173533365896776	NA	1	0.7201503160417166	NA	1	0.8037957816234078	NA	1	0.7619730488325622	NA	1	NA	NA	0	0.7396631927111199	NA	1	NA	NA	0	spatially_informed	100	STOmics-0218	CellCharter	nnSVG
STOmics0218	nnsvg	100	scvi	0.8014709912668283	NA	1	0.7197475990369646	NA	1	0.7606092951518965	NA	1	0.6568547282043311	NA	1	0.7317309135178001	NA	1	0.6942928208610656	NA	1	NA	NA	0	0.727451058006481	NA	1	NA	NA	0	spatially_informed	100	STOmics-0218	scVI	nnSVG
STOmics0218	nnsvg	1000	cellcharter	0.6149003289292324	NA	1	0.8827485545694915	NA	1	0.7488244417493619	NA	1	0.7344225226994383	NA	1	0.7226549850872318	NA	1	0.728538753893335	NA	1	NA	NA	0	0.7386815978213485	NA	1	NA	NA	0	spatially_informed	1000	STOmics-0218	CellCharter	nnSVG
STOmics0218	nnsvg	1000	scvi	0.8095606396967245	NA	1	0.6709602180678625	NA	1	0.7402604288822936	NA	1	0.6705587242479606	NA	1	0.7403155372066044	NA	1	0.7054371307272824	NA	1	NA	NA	0	0.722848779804788	NA	1	NA	NA	0	spatially_informed	1000	STOmics-0218	scVI	nnSVG
STOmics0218	nnsvg	10000	cellcharter	0.628961123106738	NA	1	0.8571669134230966	NA	1	0.7430640182649173	NA	1	0.7321275536748533	NA	1	0.783651535970173	NA	1	0.7578895448225131	NA	1	NA	NA	0	0.7504767815437152	NA	1	NA	NA	0	spatially_informed	10000	STOmics-0218	CellCharter	nnSVG
STOmics0218	nnsvg	10000	scvi	0.7891996808807511	NA	1	0.6632460815095135	NA	1	0.7262228811951323	NA	1	0.6591798123110003	NA	1	0.841404167676729	NA	1	0.7502919899938647	NA	1	NA	NA	0	0.7382574355944985	NA	1	NA	NA	0	spatially_informed	10000	STOmics-0218	scVI	nnSVG
STOmics0218	nnsvg	200	cellcharter	0.5881250077479344	NA	1	0.8785135876304084	NA	1	0.7333192976891714	NA	1	0.731397463739397	NA	1	0.7230484949517211	NA	1	0.727222979345559	NA	1	NA	NA	0	0.7302711385173652	NA	1	NA	NA	0	spatially_informed	200	STOmics-0218	CellCharter	nnSVG
STOmics0218	nnsvg	200	scvi	0.8172018448474911	NA	1	0.7024760321973558	NA	1	0.7598389385224235	NA	1	0.6754037754767817	NA	1	0.769959547741746	NA	1	0.7226816616092638	NA	1	NA	NA	0	0.7412603000658436	NA	1	NA	NA	0	spatially_informed	200	STOmics-0218	scVI	nnSVG
STOmics0218	nnsvg	2000	cellcharter	0.6302958170891586	0.01248328121555664	3	0.8651068740311109	0.00757080859653129	3	0.7477013455601348	0.00394321225885848	3	0.7325891011464963	0.0042276310607044	3	0.7771553671453514	0.04617300055932871	3	0.7548722341459239	0.02137659649579538	3	NA	NA	0	0.7512867898530292	0.00979761020141175	3	NA	NA	0	spatially_informed	2000	STOmics-0218	CellCharter	nnSVG
STOmics0218	nnsvg	2000	scvi	0.8238962420432429	0.01333587615778255	3	0.6742421976052991	0.01984637988944114	3	0.7490692198242709	0.01444015135746002	3	0.6789210481434763	0.01530850773009704	3	0.8258551676501975	0.01066692217437079	3	0.752388107896837	0.00779154530843519	3	NA	NA	0	0.750728663860554	0.00368006646214392	3	NA	NA	0	spatially_informed	2000	STOmics-0218	scVI	nnSVG
STOmics0218	nnsvg	500	cellcharter	0.6210078529903537	NA	1	0.8436120793416374	NA	1	0.7323099661659955	NA	1	0.7346016525024192	NA	1	0.7197696239129002	NA	1	0.7271856382076597	NA	1	NA	NA	0	0.7297478021868276	NA	1	NA	NA	0	spatially_informed	500	STOmics-0218	CellCharter	nnSVG
STOmics0218	nnsvg	500	scvi	0.8033070266815475	NA	1	0.709688847920915	NA	1	0.7564979373012313	NA	1	0.6848748460259539	NA	1	0.81289001999999	NA	1	0.748882433012972	NA	1	NA	NA	0	0.7526901851571016	NA	1	NA	NA	0	spatially_informed	500	STOmics-0218	scVI	nnSVG
STOmics0218	nnsvg	5000	cellcharter	0.6402668755462164	NA	1	0.8618690517609917	NA	1	0.7510679636536041	NA	1	0.7344893863495091	NA	1	0.7624892453714728	NA	1	0.748489315860491	NA	1	NA	NA	0	0.7497786397570475	NA	1	NA	NA	0	spatially_informed	5000	STOmics-0218	CellCharter	nnSVG
STOmics0218	nnsvg	5000	scvi	0.8019921138761701	NA	1	0.6372286072432252	NA	1	0.7196103605596976	NA	1	0.6665759712873914	NA	1	0.7855178882147721	NA	1	0.7260469297510818	NA	1	NA	NA	0	0.7228286451553897	NA	1	NA	NA	0	spatially_informed	5000	STOmics-0218	scVI	nnSVG
STOmics0218	osca	100	cellcharter	0.5268439261313811	NA	1	0.9321412593776612	NA	1	0.7294925927545212	NA	1	0.7185143690202235	NA	1	0.7731703859992882	NA	1	0.7458423775097558	NA	1	NA	NA	0	0.7376674851321385	NA	1	NA	NA	0	expression_driven	100	STOmics-0218	CellCharter	OSCA
STOmics0218	osca	100	scvi	0.8262073947591473	NA	1	0.7238090541554241	NA	1	0.7750082244572857	NA	1	0.5564607622406558	NA	1	0.7367467675630459	NA	1	0.6466037649018508	NA	1	NA	NA	0	0.7108059946795682	NA	1	NA	NA	0	expression_driven	100	STOmics-0218	scVI	OSCA
STOmics0218	osca	1000	cellcharter	0.6276856538505806	NA	1	0.8715443585852962	NA	1	0.7496150062179384	NA	1	0.7166011234927755	NA	1	0.8234570313445426	NA	1	0.7700290774186591	NA	1	NA	NA	0	0.7598220418182988	NA	1	NA	NA	0	expression_driven	1000	STOmics-0218	CellCharter	OSCA
STOmics0218	osca	1000	scvi	0.8225583396340707	NA	1	0.6903162534826377	NA	1	0.7564372965583541	NA	1	0.6828527063592541	NA	1	0.844734394247282	NA	1	0.763793550303268	NA	1	NA	NA	0	0.7601154234308111	NA	1	NA	NA	0	expression_driven	1000	STOmics-0218	scVI	OSCA
STOmics0218	osca	10000	cellcharter	0.6651568372975214	NA	1	0.8481218387134725	NA	1	0.756639338005497	NA	1	0.7381161138305822	NA	1	0.7353537650389116	NA	1	0.7367349394347469	NA	1	NA	NA	0	0.7466871387201219	NA	1	NA	NA	0	expression_driven	10000	STOmics-0218	CellCharter	OSCA
STOmics0218	osca	10000	scvi	0.7997151778369054	NA	1	0.659300441500412	NA	1	0.7295078096686587	NA	1	0.6475601217189725	NA	1	0.7894999980563217	NA	1	0.7185300598876471	NA	1	NA	NA	0	0.7240189347781529	NA	1	NA	NA	0	expression_driven	10000	STOmics-0218	scVI	OSCA
STOmics0218	osca	200	cellcharter	0.5563377615243554	NA	1	0.9167463075607972	NA	1	0.7365420345425763	NA	1	0.7179397840962806	NA	1	0.7232385322026635	NA	1	0.7205891581494721	NA	1	NA	NA	0	0.7285655963460242	NA	1	NA	NA	0	expression_driven	200	STOmics-0218	CellCharter	OSCA
STOmics0218	osca	200	scvi	0.828036516057822	NA	1	0.7377615105417831	NA	1	0.7828990132998026	NA	1	0.6379918564355561	NA	1	0.8716708799448715	NA	1	0.7548313681902138	NA	1	NA	NA	0	0.7688651907450081	NA	1	NA	NA	0	expression_driven	200	STOmics-0218	scVI	OSCA
STOmics0218	osca	2000	cellcharter	0.6585413697223589	0.01845684507070882	3	0.860741107173089	0.00446177911901016	3	0.759641238447724	0.00964190974456869	3	0.7392189289795517	0.00654133585046663	3	0.7981619063138986	0.01752837258128353	3	0.7686904176467252	0.00876965272157779	3	NA	NA	0	0.7641658280472244	0.0088506977700206	3	NA	NA	0	expression_driven	2000	STOmics-0218	CellCharter	OSCA
STOmics0218	osca	2000	scvi	0.8418834922219246	0.01163058353684507	3	0.6928688483789168	0.00635145520767163	3	0.7673761703004208	0.00532731571566747	3	0.676258454339418	0.00425633421720965	3	0.7819152986501813	0.02909242799417051	3	0.7290868764947996	0.01478946077894927	3	NA	NA	0	0.7482315233976102	0.00484997169455181	3	NA	NA	0	expression_driven	2000	STOmics-0218	scVI	OSCA
STOmics0218	osca	500	cellcharter	0.6028657174562653	NA	1	0.9034819554081694	NA	1	0.7531738364322174	NA	1	0.7299188451689177	NA	1	0.8184231330285212	NA	1	0.7741709890987194	NA	1	NA	NA	0	0.7636724127654684	NA	1	NA	NA	0	expression_driven	500	STOmics-0218	CellCharter	OSCA
STOmics0218	osca	500	scvi	0.8338517466038285	NA	1	0.7248060369132681	NA	1	0.7793288917585484	NA	1	0.6722649967938376	NA	1	0.7968408338378619	NA	1	0.7345529153158497	NA	1	NA	NA	0	0.756940903537199	NA	1	NA	NA	0	expression_driven	500	STOmics-0218	scVI	OSCA
STOmics0218	osca	5000	cellcharter	0.6612730635837648	NA	1	0.8536435348028601	NA	1	0.7574582991933125	NA	1	0.7381057327269828	NA	1	0.8072510136250951	NA	1	0.7726783731760389	NA	1	NA	NA	0	0.7650683361846757	NA	1	NA	NA	0	expression_driven	5000	STOmics-0218	CellCharter	OSCA
STOmics0218	osca	5000	scvi	0.8289937846084989	NA	1	0.6702732242931	NA	1	0.7496335044507995	NA	1	0.6639049526142384	NA	1	0.8069422994288792	NA	1	0.7354236260215588	NA	1	NA	NA	0	0.742528565236179	NA	1	NA	NA	0	expression_driven	5000	STOmics-0218	scVI	OSCA
STOmics0218	scPNMF	100	cellcharter	0.5091735889670012	NA	1	0.8771952146252909	NA	1	0.693184401796146	NA	1	0.6865706725930615	NA	1	0.7345685085252197	NA	1	0.7105695905591406	NA	1	NA	NA	0	0.7018769961776433	NA	1	NA	NA	0	expression_driven	100	STOmics-0218	CellCharter	scPNMF
STOmics0218	scPNMF	100	scvi	0.8423614096540257	NA	1	0.6906242625809564	NA	1	0.7664928361174911	NA	1	0.5607042557483443	NA	1	0.7295500339949392	NA	1	0.6451271448716418	NA	1	NA	NA	0	0.7058099904945665	NA	1	NA	NA	0	expression_driven	100	STOmics-0218	scVI	scPNMF
STOmics0218	scPNMF	1000	cellcharter	0.5757517161553445	NA	1	0.8956962824577347	NA	1	0.7357239993065396	NA	1	0.7203325894901932	NA	1	0.7397310531443353	NA	1	0.7300318213172643	NA	1	NA	NA	0	0.732877910311902	NA	1	NA	NA	0	expression_driven	1000	STOmics-0218	CellCharter	scPNMF
STOmics0218	scPNMF	1000	scvi	0.8195551016857778	NA	1	0.6820145886653638	NA	1	0.7507848451755708	NA	1	0.6261117280996791	NA	1	0.7901010647488862	NA	1	0.7081063964242826	NA	1	NA	NA	0	0.7294456207999267	NA	1	NA	NA	0	expression_driven	1000	STOmics-0218	scVI	scPNMF
STOmics0218	scPNMF	10000	cellcharter	0.6265379907849247	NA	1	0.8598118686528429	NA	1	0.7431749297188838	NA	1	0.7329567183160335	NA	1	0.7280287943084498	NA	1	0.7304927563122416	NA	1	NA	NA	0	0.7368338430155628	NA	1	NA	NA	0	expression_driven	10000	STOmics-0218	CellCharter	scPNMF
STOmics0218	scPNMF	10000	scvi	0.7763147429907009	NA	1	0.6962737006322528	NA	1	0.7362942218114769	NA	1	0.6321753144139878	NA	1	0.8093875697393694	NA	1	0.7207814420766786	NA	1	NA	NA	0	0.7285378319440777	NA	1	NA	NA	0	expression_driven	10000	STOmics-0218	scVI	scPNMF
STOmics0218	scPNMF	200	cellcharter	0.5413037832519942	NA	1	0.8968512747748536	NA	1	0.7190775290134239	NA	1	0.7010715537465071	NA	1	0.7538719172075963	NA	1	0.7274717354770517	NA	1	NA	NA	0	0.7232746322452378	NA	1	NA	NA	0	expression_driven	200	STOmics-0218	CellCharter	scPNMF
STOmics0218	scPNMF	200	scvi	0.8186942150882293	NA	1	0.7249110835187279	NA	1	0.7718026493034786	NA	1	0.5857544708934714	NA	1	0.841349565017143	NA	1	0.7135520179553072	NA	1	NA	NA	0	0.7426773336293929	NA	1	NA	NA	0	expression_driven	200	STOmics-0218	scVI	scPNMF
STOmics0218	scPNMF	2000	cellcharter	0.6062063438165475	0.01979359211864042	3	0.8814199707627014	0.01028964036761862	3	0.7438131572896244	0.00934149406544097	3	0.731689091639138	0.00417399959292177	3	0.7577492999680406	0.02779547804707621	3	0.7447191958035893	0.01186876344237868	3	NA	NA	0	0.7442661765466068	0.00440803382061152	3	NA	NA	0	expression_driven	2000	STOmics-0218	CellCharter	scPNMF
STOmics0218	scPNMF	2000	scvi	0.8255678962027594	0.01919627151326823	3	0.6819591044608279	0.02538743344944906	3	0.7537635003317935	0.01616214102098338	3	0.6428371306853976	0.00978659918002969	3	0.7897544350576858	0.00909320827995721	3	0.7162957828715418	0.0043720339992434	3	NA	NA	0	0.7350296416016677	0.00808142591051054	3	NA	NA	0	expression_driven	2000	STOmics-0218	scVI	scPNMF
STOmics0218	scPNMF	500	cellcharter	0.5674725101983998	NA	1	0.906992952119404	NA	1	0.737232731158902	NA	1	0.7161011584463299	NA	1	0.7882034986681927	NA	1	0.7521523285572613	NA	1	NA	NA	0	0.7446925298580817	NA	1	NA	NA	0	expression_driven	500	STOmics-0218	CellCharter	scPNMF
STOmics0218	scPNMF	500	scvi	0.8112343619476243	NA	1	0.7213774058888409	NA	1	0.7663058839182326	NA	1	0.6324961521449995	NA	1	0.774131594778148	NA	1	0.7033138734615738	NA	1	NA	NA	0	0.7348098786899032	NA	1	NA	NA	0	expression_driven	500	STOmics-0218	scVI	scPNMF
STOmics0218	scPNMF	5000	cellcharter	0.6159279019523456	NA	1	0.8632208821250827	NA	1	0.7395743920387141	NA	1	0.7280886252443439	NA	1	0.7814553604222658	NA	1	0.7547719928333049	NA	1	NA	NA	0	0.7471731924360094	NA	1	NA	NA	0	expression_driven	5000	STOmics-0218	CellCharter	scPNMF
STOmics0218	scPNMF	5000	scvi	0.7899171751517468	NA	1	0.6919094068790999	NA	1	0.7409132910154232	NA	1	0.6596384415781897	NA	1	0.8071993818346913	NA	1	0.7334189117064405	NA	1	NA	NA	0	0.7371661013609319	NA	1	NA	NA	0	expression_driven	5000	STOmics-0218	scVI	scPNMF
STOmics0218	scanpy_cell_ranger	100	cellcharter	0.6124038439858426	NA	1	0.8544736731944853	NA	1	0.7334387585901639	NA	1	0.7079253993084453	NA	1	0.7046585296285692	NA	1	0.7062919644685073	NA	1	NA	NA	0	0.7198653615293356	NA	1	NA	NA	0	expression_driven	100	STOmics-0218	CellCharter	Scanpy Cell Ranger
STOmics0218	scanpy_cell_ranger	100	scvi	0.8308310957770375	NA	1	0.712436453070557	NA	1	0.7716337744237973	NA	1	0.5312875294456997	NA	1	0.6625857111242689	NA	1	0.5969366202849843	NA	1	NA	NA	0	0.6842851973543909	NA	1	NA	NA	0	expression_driven	100	STOmics-0218	scVI	Scanpy Cell Ranger
STOmics0218	scanpy_cell_ranger	1000	cellcharter	0.6793197866452166	NA	1	0.8345112050123298	NA	1	0.7569154958287732	NA	1	0.7162843056937502	NA	1	0.7480428607529623	NA	1	0.7321635832233563	NA	1	NA	NA	0	0.7445395395260648	NA	1	NA	NA	0	expression_driven	1000	STOmics-0218	CellCharter	Scanpy Cell Ranger
STOmics0218	scanpy_cell_ranger	1000	scvi	0.8474737234134933	NA	1	0.683994274445368	NA	1	0.7657339989294306	NA	1	0.6351894659480143	NA	1	0.8252801252329142	NA	1	0.7302347955904642	NA	1	NA	NA	0	0.7479843972599474	NA	1	NA	NA	0	expression_driven	1000	STOmics-0218	scVI	Scanpy Cell Ranger
STOmics0218	scanpy_cell_ranger	10000	cellcharter	0.6609414950936694	NA	1	0.8562888138178639	NA	1	0.7586151544557667	NA	1	0.7459632878676951	NA	1	0.7308866605336395	NA	1	0.7384249742006672	NA	1	NA	NA	0	0.7485200643282169	NA	1	NA	NA	0	expression_driven	10000	STOmics-0218	CellCharter	Scanpy Cell Ranger
STOmics0218	scanpy_cell_ranger	10000	scvi	0.8271197181287114	NA	1	0.6647468074760934	NA	1	0.7459332628024025	NA	1	0.6530720460616517	NA	1	0.7829215009465347	NA	1	0.7179967735040932	NA	1	NA	NA	0	0.7319650181532478	NA	1	NA	NA	0	expression_driven	10000	STOmics-0218	scVI	Scanpy Cell Ranger
STOmics0218	scanpy_cell_ranger	200	cellcharter	0.6035889254263144	NA	1	0.8613728239751537	NA	1	0.7324808747007341	NA	1	0.7127356931029499	NA	1	0.7754348604474308	NA	1	0.7440852767751904	NA	1	NA	NA	0	0.7382830757379623	NA	1	NA	NA	0	expression_driven	200	STOmics-0218	CellCharter	Scanpy Cell Ranger
STOmics0218	scanpy_cell_ranger	200	scvi	0.836367626169326	NA	1	0.7101665826433048	NA	1	0.7732671044063154	NA	1	0.5538358397863998	NA	1	0.778106514630625	NA	1	0.6659711772085124	NA	1	NA	NA	0	0.719619140807414	NA	1	NA	NA	0	expression_driven	200	STOmics-0218	scVI	Scanpy Cell Ranger
STOmics0218	scanpy_cell_ranger	2000	cellcharter	0.6639125336931918	0.00618532493173225	3	0.8479245133208116	0.0065620453442746	3	0.7559185235070017	0.00247113777863121	3	0.7281655116233182	0.00577490775497437	3	0.7564606787102673	0.05835296666751028	3	0.7423130951667928	0.0285737945943112	3	NA	NA	0	0.7491158093368973	0.01528517902307603	3	NA	NA	0	expression_driven	2000	STOmics-0218	CellCharter	Scanpy Cell Ranger
STOmics0218	scanpy_cell_ranger	2000	scvi	0.8533921827912804	0.01111754889395366	3	0.6878428792157459	0.0100658679643796	3	0.7706175310035132	0.01029867705767663	3	0.6652099525099483	0.01581833505796956	3	0.7609232389294381	0.07759451943340491	3	0.7130665957196932	0.04588520075403213	3	NA	NA	0	0.7418420633616032	0.02795681702312926	3	NA	NA	0	expression_driven	2000	STOmics-0218	scVI	Scanpy Cell Ranger
STOmics0218	scanpy_cell_ranger	500	cellcharter	0.6371216213996616	NA	1	0.852149651054039	NA	1	0.7446356362268503	NA	1	0.7129267625498114	NA	1	0.854941453642017	NA	1	0.7839341080959141	NA	1	NA	NA	0	0.7642848721613822	NA	1	NA	NA	0	expression_driven	500	STOmics-0218	CellCharter	Scanpy Cell Ranger
STOmics0218	scanpy_cell_ranger	500	scvi	0.8466418698436902	NA	1	0.6922596198844146	NA	1	0.7694507448640524	NA	1	0.6165018578408867	NA	1	0.8393265603781974	NA	1	0.7279142091095421	NA	1	NA	NA	0	0.7486824769867972	NA	1	NA	NA	0	expression_driven	500	STOmics-0218	scVI	Scanpy Cell Ranger
STOmics0218	scanpy_cell_ranger	5000	cellcharter	0.6827833881727114	NA	1	0.8487571974129405	NA	1	0.765770292792826	NA	1	0.7248532589041211	NA	1	0.7677767973309966	NA	1	0.7463150281175588	NA	1	NA	NA	0	0.7560426604551924	NA	1	NA	NA	0	expression_driven	5000	STOmics-0218	CellCharter	Scanpy Cell Ranger
STOmics0218	scanpy_cell_ranger	5000	scvi	0.8409119587612003	NA	1	0.694151165414612	NA	1	0.7675315620879062	NA	1	0.6709827316266249	NA	1	0.8200373974228826	NA	1	0.7455100645247538	NA	1	NA	NA	0	0.7565208133063299	NA	1	NA	NA	0	expression_driven	5000	STOmics-0218	scVI	Scanpy Cell Ranger
STOmics0218	scanpy_cell_ranger_batch	100	cellcharter	0.6425140886049028	NA	1	0.8632631753568213	NA	1	0.7528886319808621	NA	1	0.68921916197954	NA	1	0.776216708149471	NA	1	0.7327179350645054	NA	1	NA	NA	0	0.7428032835226838	NA	1	NA	NA	0	expression_driven	100	STOmics-0218	CellCharter	Scanpy Cell Ranger, batch
STOmics0218	scanpy_cell_ranger_batch	100	scvi	0.8499132527307425	NA	1	0.7104762056589575	NA	1	0.78019472919485	NA	1	0.5074350542732237	NA	1	0.7293391415855917	NA	1	0.6183870979294077	NA	1	NA	NA	0	0.6992909135621288	NA	1	NA	NA	0	expression_driven	100	STOmics-0218	scVI	Scanpy Cell Ranger, batch
STOmics0218	scanpy_cell_ranger_batch	1000	cellcharter	0.6736594406382804	NA	1	0.8561549068617357	NA	1	0.764907173750008	NA	1	0.710956829272985	NA	1	0.7845758778975449	NA	1	0.747766353585265	NA	1	NA	NA	0	0.7563367636676366	NA	1	NA	NA	0	expression_driven	1000	STOmics-0218	CellCharter	Scanpy Cell Ranger, batch
STOmics0218	scanpy_cell_ranger_batch	1000	scvi	0.853803973202299	NA	1	0.699957287331468	NA	1	0.7768806302668835	NA	1	0.6022067770540082	NA	1	0.716835043210565	NA	1	0.6595209101322865	NA	1	NA	NA	0	0.718200770199585	NA	1	NA	NA	0	expression_driven	1000	STOmics-0218	scVI	Scanpy Cell Ranger, batch
STOmics0218	scanpy_cell_ranger_batch	10000	cellcharter	0.6756639746208379	NA	1	0.8387575701708301	NA	1	0.757210772395834	NA	1	0.7284869774241628	NA	1	0.827912826964839	NA	1	0.778199902194501	NA	1	NA	NA	0	0.7677053372951674	NA	1	NA	NA	0	expression_driven	10000	STOmics-0218	CellCharter	Scanpy Cell Ranger, batch
STOmics0218	scanpy_cell_ranger_batch	10000	scvi	0.8268773231650177	NA	1	0.6704623666147485	NA	1	0.7486698448898831	NA	1	0.6545721415033993	NA	1	0.8238017986700079	NA	1	0.7391869700867035	NA	1	NA	NA	0	0.7439284074882933	NA	1	NA	NA	0	expression_driven	10000	STOmics-0218	scVI	Scanpy Cell Ranger, batch
STOmics0218	scanpy_cell_ranger_batch	200	cellcharter	0.6236962011278766	NA	1	0.8714655779433647	NA	1	0.7475808895356206	NA	1	0.7045414756535617	NA	1	0.7351759552647523	NA	1	0.719858715459157	NA	1	NA	NA	0	0.7337198024973888	NA	1	NA	NA	0	expression_driven	200	STOmics-0218	CellCharter	Scanpy Cell Ranger, batch
STOmics0218	scanpy_cell_ranger_batch	200	scvi	0.8436276129375173	NA	1	0.7260863322082721	NA	1	0.7848569725728947	NA	1	0.5789377800114758	NA	1	0.7370976684224618	NA	1	0.6580177242169688	NA	1	NA	NA	0	0.7214373483949317	NA	1	NA	NA	0	expression_driven	200	STOmics-0218	scVI	Scanpy Cell Ranger, batch
STOmics0218	scanpy_cell_ranger_batch	2000	cellcharter	0.68316327247319375	0.00588921696318016	3	0.8361440780210642	0.01739043718563019	3	0.7596536752471289	0.01163737588333214	3	0.7273678265563808	0.00778272628034096	3	0.7377632735064991	0.00639373654817093	3	0.73256555003144	0.00361763504727619	3	NA	NA	0	0.7461096126392844	0.00415949482192231	3	NA	NA	0	expression_driven	2000	STOmics-0218	CellCharter	Scanpy Cell Ranger, batch
STOmics0218	scanpy_cell_ranger_batch	2000	scvi	0.8514321866998397	0.0065436069482915	3	0.6913649956146465	0.01369058690413455	3	0.7713985911572431	0.00753085543229294	3	0.6664590046909789	0.0130670529786046	3	0.7744486023666514	0.02221912178648285	3	0.7204538035288152	0.00600111675743163	3	NA	NA	0	0.7459261973430292	0.00555901249322799	3	NA	NA	0	expression_driven	2000	STOmics-0218	scVI	Scanpy Cell Ranger, batch
STOmics0218	scanpy_cell_ranger_batch	500	cellcharter	0.6476665551543815	NA	1	0.8653757479077786	NA	1	0.7565211515310801	NA	1	0.7207179712275806	NA	1	0.6991523887509306	NA	1	0.7099351799892556	NA	1	NA	NA	0	0.7332281657601678	NA	1	NA	NA	0	expression_driven	500	STOmics-0218	CellCharter	Scanpy Cell Ranger, batch
STOmics0218	scanpy_cell_ranger_batch	500	scvi	0.8502565793841095	NA	1	0.7044353578070595	NA	1	0.7773459685955845	NA	1	0.6287656041025742	NA	1	0.8294247013799673	NA	1	0.7290951527412708	NA	1	NA	NA	0	0.7532205606684277	NA	1	NA	NA	0	expression_driven	500	STOmics-0218	scVI	Scanpy Cell Ranger, batch
STOmics0218	scanpy_cell_ranger_batch	5000	cellcharter	0.6947786970725681	NA	1	0.8394974709997818	NA	1	0.767138084036175	NA	1	0.7296191649964284	NA	1	0.793854867594947	NA	1	0.7617370162956877	NA	1	NA	NA	0	0.7644375501659313	NA	1	NA	NA	0	expression_driven	5000	STOmics-0218	CellCharter	Scanpy Cell Ranger, batch
STOmics0218	scanpy_cell_ranger_batch	5000	scvi	0.8374299778345515	NA	1	0.6947188138779605	NA	1	0.766074395856256	NA	1	0.6727686011043957	NA	1	0.8116780580850702	NA	1	0.7422233295947329	NA	1	NA	NA	0	0.7541488627254944	NA	1	NA	NA	0	expression_driven	5000	STOmics-0218	scVI	Scanpy Cell Ranger, batch
STOmics0218	scanpy_pearson	100	cellcharter	0.5430922473349739	NA	1	0.9204324038535806	NA	1	0.7317623255942772	NA	1	0.6991482338793246	NA	1	0.7421985577873111	NA	1	0.7206733958333178	NA	1	NA	NA	0	0.7262178607137975	NA	1	NA	NA	0	expression_driven	100	STOmics-0218	CellCharter	Scanpy Pearson
STOmics0218	scanpy_pearson	100	scvi	0.8191225220686159	NA	1	0.7319769147071913	NA	1	0.7755497183879037	NA	1	0.5602036252307477	NA	1	0.7915043026252647	NA	1	0.6758539639280062	NA	1	NA	NA	0	0.725701841157955	NA	1	NA	NA	0	expression_driven	100	STOmics-0218	scVI	Scanpy Pearson
STOmics0218	scanpy_pearson	1000	cellcharter	0.5815387834947208	NA	1	0.8898576088505843	NA	1	0.7356981961726525	NA	1	0.7383882713058775	NA	1	0.8032281757288953	NA	1	0.7708082235173863	NA	1	NA	NA	0	0.7532532098450194	NA	1	NA	NA	0	expression_driven	1000	STOmics-0218	CellCharter	Scanpy Pearson
STOmics0218	scanpy_pearson	1000	scvi	0.814870520956564	NA	1	0.6873883879059685	NA	1	0.7511294544312662	NA	1	0.6377072614423654	NA	1	0.7786676557326153	NA	1	0.7081874585874903	NA	1	NA	NA	0	0.7296584565093782	NA	1	NA	NA	0	expression_driven	1000	STOmics-0218	scVI	Scanpy Pearson
STOmics0218	scanpy_pearson	10000	cellcharter	0.6492114213319526	NA	1	0.8472068311394939	NA	1	0.7482091262357233	NA	1	0.7335994196723656	NA	1	0.7646354498543806	NA	1	0.7491174347633731	NA	1	NA	NA	0	0.7486632804995482	NA	1	NA	NA	0	expression_driven	10000	STOmics-0218	CellCharter	Scanpy Pearson
STOmics0218	scanpy_pearson	10000	scvi	0.6928403230049096	NA	1	0.7448073701503437	NA	1	0.7188238465776267	NA	1	0.5758631734933496	NA	1	0.8153153978091686	NA	1	0.6955892856512591	NA	1	NA	NA	0	0.7072065661144429	NA	1	NA	NA	0	expression_driven	10000	STOmics-0218	scVI	Scanpy Pearson
STOmics0218	scanpy_pearson	200	cellcharter	0.5480228437488948	NA	1	0.9264616333169412	NA	1	0.737242238532918	NA	1	0.7198860301112684	NA	1	0.7965862069159699	NA	1	0.7582361185136192	NA	1	NA	NA	0	0.7477391785232685	NA	1	NA	NA	0	expression_driven	200	STOmics-0218	CellCharter	Scanpy Pearson
STOmics0218	scanpy_pearson	200	scvi	0.8109413875798954	NA	1	0.702280935609845	NA	1	0.7566111615948702	NA	1	0.611416413725274	NA	1	0.7572140367909328	NA	1	0.6843152252581034	NA	1	NA	NA	0	0.7204631934264868	NA	1	NA	NA	0	expression_driven	200	STOmics-0218	scVI	Scanpy Pearson
STOmics0218	scanpy_pearson	2000	cellcharter	0.6228815548164243	0.015600951038089469	3	0.8642385621987616	0.01782935496495309	3	0.7435600585075929	0.01114937868901324	3	0.7357527451754766	0.01005597864214421	3	0.7439350994977764	0.02077475343296669	3	0.7398439223366265	0.00546985667184159	3	NA	NA	0	0.7417019904221097	0.00758933865530218	3	NA	NA	0	expression_driven	2000	STOmics-0218	CellCharter	Scanpy Pearson
STOmics0218	scanpy_pearson	2000	scvi	0.8215302139573587	0.00797491029156853	3	0.6911710852150601	0.01126665963378092	3	0.7563506495862095	0.00959792709082971	3	0.6688094646796395	0.0047044045207172	3	0.7976930559404573	0.02727144181759014	3	0.7332512603100483	0.01515303832829905	3	NA	NA	0	0.7448009549481288	0.00306659885469556	3	NA	NA	0	expression_driven	2000	STOmics-0218	scVI	Scanpy Pearson
STOmics0218	scanpy_pearson	500	cellcharter	0.572669974195464	NA	1	0.9166847297899692	NA	1	0.7446773519927166	NA	1	0.7253191525960537	NA	1	0.7253526579455334	NA	1	0.7253359052707935	NA	1	NA	NA	0	0.735006628631755	NA	1	NA	NA	0	expression_driven	500	STOmics-0218	CellCharter	Scanpy Pearson
STOmics0218	scanpy_pearson	500	scvi	0.8121429526573596	NA	1	0.6753542471010768	NA	1	0.7437485998792182	NA	1	0.6478522900967169	NA	1	0.784520728725932	NA	1	0.7161865094113244	NA	1	NA	NA	0	0.7299675546452713	NA	1	NA	NA	0	expression_driven	500	STOmics-0218	scVI	Scanpy Pearson
STOmics0218	scanpy_pearson	5000	cellcharter	0.611112311616397	NA	1	0.8813481133104942	NA	1	0.7462302124634457	NA	1	0.7448192986206693	NA	1	0.7913097985824531	NA	1	0.7680645486015611	NA	1	NA	NA	0	0.7571473805325034	NA	1	NA	NA	0	expression_driven	5000	STOmics-0218	CellCharter	Scanpy Pearson
STOmics0218	scanpy_pearson	5000	scvi	0.7895001184321295	NA	1	0.7147895318687494	NA	1	0.7521448251504395	NA	1	0.6138410461464988	NA	1	0.903425491867338	NA	1	0.7586332690069184	NA	1	NA	NA	0	0.7553890470786789	NA	1	NA	NA	0	expression_driven	5000	STOmics-0218	scVI	Scanpy Pearson
STOmics0218	scanpy_pearson_batch	100	cellcharter	0.5511185345533778	NA	1	0.9154339255019988	NA	1	0.7332762300276883	NA	1	0.7201704486311712	NA	1	0.8034923757876011	NA	1	0.7618314122093861	NA	1	NA	NA	0	0.7475538211185372	NA	1	NA	NA	0	expression_driven	100	STOmics-0218	CellCharter	Scanpy Pearson, batch
STOmics0218	scanpy_pearson_batch	100	scvi	0.8220123378242317	NA	1	0.7283980734486464	NA	1	0.775205205636439	NA	1	0.5780238840778642	NA	1	0.8379874629085184	NA	1	0.7080056734931913	NA	1	NA	NA	0	0.7416054395648152	NA	1	NA	NA	0	expression_driven	100	STOmics-0218	scVI	Scanpy Pearson, batch
STOmics0218	scanpy_pearson_batch	1000	cellcharter	0.6101812750618566	NA	1	0.889804788429251	NA	1	0.7499930317455539	NA	1	0.7380666570722676	NA	1	0.8280880259187504	NA	1	0.783077341495509	NA	1	NA	NA	0	0.7665351866205314	NA	1	NA	NA	0	expression_driven	1000	STOmics-0218	CellCharter	Scanpy Pearson, batch
STOmics0218	scanpy_pearson_batch	1000	scvi	0.8098022547058793	NA	1	0.700198075333341	NA	1	0.7550001650196101	NA	1	0.6732510031216773	NA	1	0.8002418417499162	NA	1	0.7367464224357967	NA	1	NA	NA	0	0.7458732937277034	NA	1	NA	NA	0	expression_driven	1000	STOmics-0218	scVI	Scanpy Pearson, batch
STOmics0218	scanpy_pearson_batch	10000	cellcharter	0.63180446458172	NA	1	0.8598501100234767	NA	1	0.7458272873025984	NA	1	0.7409654142896525	NA	1	0.7463837172188104	NA	1	0.7436745657542314	NA	1	NA	NA	0	0.7447509265284149	NA	1	NA	NA	0	expression_driven	10000	STOmics-0218	CellCharter	Scanpy Pearson, batch
STOmics0218	scanpy_pearson_batch	10000	scvi	0.7899462465439397	NA	1	0.6799515555617823	NA	1	0.734948901052861	NA	1	0.6555158934738406	NA	1	0.8559876563435824	NA	1	0.7557517749087115	NA	1	NA	NA	0	0.7453503379807862	NA	1	NA	NA	0	expression_driven	10000	STOmics-0218	scVI	Scanpy Pearson, batch
STOmics0218	scanpy_pearson_batch	200	cellcharter	0.6108209668227571	NA	1	0.8948928833647087	NA	1	0.7528569250937329	NA	1	0.7142157320683612	NA	1	0.73722529679325155	NA	1	0.7257205144308063	NA	1	NA	NA	0	0.7392887197622696	NA	1	NA	NA	0	expression_driven	200	STOmics-0218	CellCharter	Scanpy Pearson, batch
STOmics0218	scanpy_pearson_batch	200	scvi	0.8309360653556176	NA	1	0.7298926286712102	NA	1	0.780414347013414	NA	1	0.6186691193540852	NA	1	0.8682057180745593	NA	1	0.7434374187143222	NA	1	NA	NA	0	0.7619258828638681	NA	1	NA	NA	0	expression_driven	200	STOmics-0218	scVI	Scanpy Pearson, batch
STOmics0218	scanpy_pearson_batch	2000	cellcharter	0.6272248333000391	0.01448493433979147	3	0.8882095284532351	0.01751941601955479	3	0.7577171808766371	0.00192519889389622	3	0.7371216031996232	0.00615667691746471	3	0.7646235818745916	0.04241701841060726	3	0.7508725925371075	0.0223499781824816	3	NA	NA	0	0.7542948867068722	0.01193500915554916	3	NA	NA	0	expression_driven	2000	STOmics-0218	CellCharter	Scanpy Pearson, batch
STOmics0218	scanpy_pearson_batch	2000	scvi	0.8257904626664817	0.00827696563213736	3	0.6994167530075358	0.01277849268750297	3	0.7626036078370086	0.00879630451203543	3	0.6587916468771399	0.00792078285728228	3	0.8170928798243371	0.02443710961453487	3	0.7379422633507385	0.01542044937501457	3	NA	NA	0	0.7502729355938736	0.00358892184142049	3	NA	NA	0	expression_driven	2000	STOmics-0218	scVI	Scanpy Pearson, batch
STOmics0218	scanpy_pearson_batch	500	cellcharter	0.6092666948270393	NA	1	0.8911723973577024	NA	1	0.7502195460923708	NA	1	0.7284425385800414	NA	1	0.7383343195373435	NA	1	0.7333884290586925	NA	1	NA	NA	0	0.7418039875755317	NA	1	NA	NA	0	expression_driven	500	STOmics-0218	CellCharter	Scanpy Pearson, batch
STOmics0218	scanpy_pearson_batch	500	scvi	0.8135624924054704	NA	1	0.6801128750393719	NA	1	0.7468376837224211	NA	1	0.6431266003517635	NA	1	0.8048875545514925	NA	1	0.7240070774516281	NA	1	NA	NA	0	0.7354223805870246	NA	1	NA	NA	0	expression_driven	500	STOmics-0218	scVI	Scanpy Pearson, batch
STOmics0218	scanpy_pearson_batch	5000	cellcharter	0.6286375183416419	NA	1	0.8736076950235303	NA	1	0.7511226066825861	NA	1	0.7416864894314766	NA	1	0.7302068081353492	NA	1	0.735946648783413	NA	1	NA	NA	0	0.7435346277329995	NA	1	NA	NA	0	expression_driven	5000	STOmics-0218	CellCharter	Scanpy Pearson, batch
STOmics0218	scanpy_pearson_batch	5000	scvi	0.804215887138672	NA	1	0.689519137893424	NA	1	0.746867512516048	NA	1	0.6500009956681484	NA	1	0.785184271443141	NA	1	0.7175926335556446	NA	1	NA	NA	0	0.7322300730358463	NA	1	NA	NA	0	expression_driven	5000	STOmics-0218	scVI	Scanpy Pearson, batch
STOmics0218	scanpy_seurat	100	cellcharter	0.698912846653604	NA	1	0.6537436730995544	NA	1	0.6763282598765792	NA	1	0.47663696865483135	NA	1	0.4923051385325169	NA	1	0.48447105359367415	NA	1	NA	NA	0	0.5803996567351266	NA	1	NA	NA	0	expression_driven	100	STOmics-0218	CellCharter	Scanpy Seurat
STOmics0218	scanpy_seurat	100	scvi	0.954124147049455	NA	1	0.3831100459660168	NA	1	0.6686170965077359	NA	1	0.15329351434035474	NA	1	0.2448547872624212	NA	1	0.19907415080138796	NA	1	NA	NA	0	0.4338456236545619	NA	1	NA	NA	0	expression_driven	100	STOmics-0218	scVI	Scanpy Seurat
STOmics0218	scanpy_seurat	1000	cellcharter	0.5864587524743894	NA	1	0.8894556512478851	NA	1	0.7379572018611372	NA	1	0.698623457078163	NA	1	0.8331625834764251	NA	1	0.765893020277294	NA	1	NA	NA	0	0.7519251110692156	NA	1	NA	NA	0	expression_driven	1000	STOmics-0218	CellCharter	Scanpy Seurat
STOmics0218	scanpy_seurat	1000	scvi	0.8222284299877076	NA	1	0.7090332668069169	NA	1	0.7656308483973122	NA	1	0.5656184833530415	NA	1	0.7227786202981761	NA	1	0.6441985518256088	NA	1	NA	NA	0	0.7049147001114605	NA	1	NA	NA	0	expression_driven	1000	STOmics-0218	scVI	Scanpy Seurat
STOmics0218	scanpy_seurat	10000	cellcharter	0.6524627849439677	NA	1	0.8578733619695431	NA	1	0.7551680734567554	NA	1	0.7457898493931124	NA	1	0.7434394042589668	NA	1	0.7446146268260396	NA	1	NA	NA	0	0.7498913501413975	NA	1	NA	NA	0	expression_driven	10000	STOmics-0218	CellCharter	Scanpy Seurat
STOmics0218	scanpy_seurat	10000	scvi	0.8038012881138346	NA	1	0.6996672889566083	NA	1	0.7517342885352214	NA	1	0.6489933479735263	NA	1	0.8021558304684688	NA	1	0.7255745892209975	NA	1	NA	NA	0	0.7386544388781094	NA	1	NA	NA	0	expression_driven	10000	STOmics-0218	scVI	Scanpy Seurat
STOmics0218	scanpy_seurat	200	cellcharter	0.6791177245927207	NA	1	0.7498900829252642	NA	1	0.7145039037589924	NA	1	0.5860393408680148	NA	1	0.7222146280192987	NA	1	0.6541269844436568	NA	1	NA	NA	0	0.6843154441013246	NA	1	NA	NA	0	expression_driven	200	STOmics-0218	CellCharter	Scanpy Seurat
STOmics0218	scanpy_seurat	200	scvi	0.932063194388354	NA	1	0.4727863020808422	NA	1	0.7024247482345981	NA	1	0.2370530598909563	NA	1	0.3721158397830139	NA	1	0.30458444983698507	NA	1	NA	NA	0	0.5035045990357916	NA	1	NA	NA	0	expression_driven	200	STOmics-0218	scVI	Scanpy Seurat
STOmics0218	scanpy_seurat	2000	cellcharter	0.603575849585421	0.02307521932719494	3	0.8847425189497198	0.01536705960977735	3	0.7441591842675704	0.005505509023446	3	0.7237005069020409	0.00660105049902987	3	0.7597562891878984	0.04739185013633883	3	0.7417283980449696	0.02044549531122607	3	NA	NA	0	0.7429437911562701	0.0125430062807432	3	NA	NA	0	expression_driven	2000	STOmics-0218	CellCharter	Scanpy Seurat
STOmics0218	scanpy_seurat	2000	scvi	0.8413470727229276	0.00654539404327778	3	0.7152112665974087	0.01805752180620985	3	0.7782791696601682	0.01220817398618078	3	0.6153093404273781	0.01691610484072411	3	0.7806142548456049	0.02960267583418585	3	0.6979617976364914	0.01786648753900053	3	NA	NA	0	0.7381204836483298	0.01433626351739337	3	NA	NA	0	expression_driven	2000	STOmics-0218	scVI	Scanpy Seurat
STOmics0218	scanpy_seurat	500	cellcharter	0.6016055143770473	NA	1	0.8727588567488923	NA	1	0.7371821855629699	NA	1	0.672445199638941	NA	1	0.7773346244974633	NA	1	0.7248899120682022	NA	1	NA	NA	0	0.731036048815586	NA	1	NA	NA	0	expression_driven	500	STOmics-0218	CellCharter	Scanpy Seurat
STOmics0218	scanpy_seurat	500	scvi	0.8357156788249844	NA	1	0.6901114721073649	NA	1	0.7629135754661747	NA	1	0.4766193225129934	NA	1	0.7491974609404627	NA	1	0.6129083917267281	NA	1	NA	NA	0	0.6879109835964514	NA	1	NA	NA	0	expression_driven	500	STOmics-0218	scVI	Scanpy Seurat
STOmics0218	scanpy_seurat	5000	cellcharter	0.6329428884766679	NA	1	0.8657133749254838	NA	1	0.7493281317010758	NA	1	0.7213411347686806	NA	1	0.7905006877964463	NA	1	0.7559209112825634	NA	1	NA	NA	0	0.7526245214918197	NA	1	NA	NA	0	expression_driven	5000	STOmics-0218	CellCharter	Scanpy Seurat
STOmics0218	scanpy_seurat	5000	scvi	0.8210535422621732	NA	1	0.6768776624808713	NA	1	0.7489656023715223	NA	1	0.6526552687340778	NA	1	0.8312111924196639	NA	1	0.7419332305768709	NA	1	NA	NA	0	0.7454494164741966	NA	1	NA	NA	0	expression_driven	5000	STOmics-0218	scVI	Scanpy Seurat
STOmics0218	scanpy_seurat_batch	100	cellcharter	0.6067999849443968	NA	1	0.8612885401967219	NA	1	0.7340442625705593	NA	1	0.6782627514560674	NA	1	0.8035794398631781	NA	1	0.7409210956596228	NA	1	NA	NA	0	0.737482679115091	NA	1	NA	NA	0	expression_driven	100	STOmics-0218	CellCharter	Scanpy Seurat, batch
STOmics0218	scanpy_seurat_batch	100	scvi	0.8552228625439647	NA	1	0.7105074675659979	NA	1	0.7828651650549814	NA	1	0.4641705503575159	NA	1	0.6460306765401426	NA	1	0.5551006134488292	NA	1	NA	NA	0	0.6689828892519053	NA	1	NA	NA	0	expression_driven	100	STOmics-0218	scVI	Scanpy Seurat, batch
STOmics0218	scanpy_seurat_batch	1000	cellcharter	0.6213100297675056	NA	1	0.856028969213637	NA	1	0.7386694994905714	NA	1	0.7280779679979902	NA	1	0.7135329372355632	NA	1	0.7208054526167766	NA	1	NA	NA	0	0.729737476053674	NA	1	NA	NA	0	expression_driven	1000	STOmics-0218	CellCharter	Scanpy Seurat, batch
STOmics0218	scanpy_seurat_batch	1000	scvi	0.8389796613875435	NA	1	0.6972461059694977	NA	1	0.7681128836785206	NA	1	0.6557409838922573	NA	1	0.8024119073517286	NA	1	0.7290764456219929	NA	1	NA	NA	0	0.7485946646502568	NA	1	NA	NA	0	expression_driven	1000	STOmics-0218	scVI	Scanpy Seurat, batch
STOmics0218	scanpy_seurat_batch	10000	cellcharter	0.6757915344288181	NA	1	0.8599167549632775	NA	1	0.7678541446960478	NA	1	0.742312375966912	NA	1	0.7868852329892846	NA	1	0.7645988044780982	NA	1	NA	NA	0	0.766226474587073	NA	1	NA	NA	0	expression_driven	10000	STOmics-0218	CellCharter	Scanpy Seurat, batch
STOmics0218	scanpy_seurat_batch	10000	scvi	0.8118111505132142	NA	1	0.6833335978092203	NA	1	0.7475723741612172	NA	1	0.6581531511275677	NA	1	0.7892941501934867	NA	1	0.7237236506605271	NA	1	NA	NA	0	0.7356480124108722	NA	1	NA	NA	0	expression_driven	10000	STOmics-0218	scVI	Scanpy Seurat, batch
STOmics0218	scanpy_seurat_batch	200	cellcharter	0.6119147756304915	NA	1	0.8729822224565863	NA	1	0.7424484990435389	NA	1	0.6988333003098229	NA	1	0.7718487457226518	NA	1	0.7353410230162374	NA	1	NA	NA	0	0.7388947610298882	NA	1	NA	NA	0	expression_driven	200	STOmics-0218	CellCharter	Scanpy Seurat, batch
STOmics0218	scanpy_seurat_batch	200	scvi	0.8342193725799629	NA	1	0.708728825908236	NA	1	0.7714740992440995	NA	1	0.494045673469655	NA	1	0.6926961584537017	NA	1	0.5933709159616783	NA	1	NA	NA	0	0.6824225076028889	NA	1	NA	NA	0	expression_driven	200	STOmics-0218	scVI	Scanpy Seurat, batch
STOmics0218	scanpy_seurat_batch	2000	cellcharter	0.6546324554098397	0.0159743771878857	3	0.8631194028739461	0.00881345738541118	3	0.758875929141893	0.00414500701053201	3	0.732929284943789	0.00272406502493869	3	0.7698793391805676	0.03513935457119972	3	0.7514043120621783	0.01621964571210011	3	NA	NA	0	0.7551401206020355	0.00648811732732425	3	NA	NA	0	expression_driven	2000	STOmics-0218	CellCharter	Scanpy Seurat, batch
STOmics0218	scanpy_seurat_batch	2000	scvi	0.835533553079227	0.01154487533694722	3	0.6963958304835822	0.01630199170645466	3	0.7659646917814046	0.0115943904103959	3	0.6512062071781176	0.02831553014501404	3	0.7747520577344531	0.01082859896895256	3	0.7129791324562854	0.00877637971553629	3	NA	NA	0	0.739471912118845	0.00173384559503686	3	NA	NA	0	expression_driven	2000	STOmics-0218	scVI	Scanpy Seurat, batch
STOmics0218	scanpy_seurat_batch	500	cellcharter	0.590105760702671	NA	1	0.8734513421572785	NA	1	0.7317785514299747	NA	1	0.7185020454122751	NA	1	0.8404631417557707	NA	1	0.7794825935840229	NA	1	NA	NA	0	0.7556305725069988	NA	1	NA	NA	0	expression_driven	500	STOmics-0218	CellCharter	Scanpy Seurat, batch
STOmics0218	scanpy_seurat_batch	500	scvi	0.8373560565883096	NA	1	0.7026715722854804	NA	1	0.770013814436895	NA	1	0.6110133421529652	NA	1	0.7930585868927296	NA	1	0.7020359645228473	NA	1	NA	NA	0	0.7360248894798711	NA	1	NA	NA	0	expression_driven	500	STOmics-0218	scVI	Scanpy Seurat, batch
STOmics0218	scanpy_seurat_batch	5000	cellcharter	0.6762477912435565	NA	1	0.853770814996918	NA	1	0.7650093031202372	NA	1	0.7319546424414108	NA	1	0.7329257724165781	NA	1	0.7324402074289944	NA	1	NA	NA	0	0.7487247552746158	NA	1	NA	NA	0	expression_driven	5000	STOmics-0218	CellCharter	Scanpy Seurat, batch
STOmics0218	scanpy_seurat_batch	5000	scvi	0.8212223329262925	NA	1	0.6811756061697765	NA	1	0.7511989695480346	NA	1	0.632665425696298	NA	1	0.8383704861522963	NA	1	0.7355179559242971	NA	1	NA	NA	0	0.7433584627361658	NA	1	NA	NA	0	expression_driven	5000	STOmics-0218	scVI	Scanpy Seurat, batch
STOmics0218	scanpy_seurat_v3	100	cellcharter	0.5832093243485541	NA	1	0.9061023829542776	NA	1	0.7446558536514158	NA	1	0.6842697543035424	NA	1	0.7755164929774339	NA	1	0.7298931236404882	NA	1	NA	NA	0	0.737274488645952	NA	1	NA	NA	0	expression_driven	100	STOmics-0218	CellCharter	Scanpy Seurat v3
STOmics0218	scanpy_seurat_v3	100	scvi	0.8128972680226487	NA	1	0.7113003655551703	NA	1	0.7620988167889096	NA	1	0.5022312234343866	NA	1	0.7096535088584508	NA	1	0.6059423661464187	NA	1	NA	NA	0	0.6840205914676641	NA	1	NA	NA	0	expression_driven	100	STOmics-0218	scVI	Scanpy Seurat v3
STOmics0218	scanpy_seurat_v3	1000	cellcharter	0.6525091571482775	NA	1	0.8685119576483635	NA	1	0.7605105573983205	NA	1	0.7357021812960975	NA	1	0.7665766212235237	NA	1	0.7511394012598106	NA	1	NA	NA	0	0.7558249793290656	NA	1	NA	NA	0	expression_driven	1000	STOmics-0218	CellCharter	Scanpy Seurat v3
STOmics0218	scanpy_seurat_v3	1000	scvi	0.8244864958168409	NA	1	0.6971772477119123	NA	1	0.7608318717643765	NA	1	0.6612045642751121	NA	1	0.7517409819265567	NA	1	0.7064727731008345	NA	1	NA	NA	0	0.7336523224326055	NA	1	NA	NA	0	expression_driven	1000	STOmics-0218	scVI	Scanpy Seurat v3
STOmics0218	scanpy_seurat_v3	10000	cellcharter	0.6767268558533024	NA	1	0.850238839154392	NA	1	0.7634828475038472	NA	1	0.740230737866729	NA	1	0.8111186075648984	NA	1	0.7756746727158137	NA	1	NA	NA	0	0.7695787601098305	NA	1	NA	NA	0	expression_driven	10000	STOmics-0218	CellCharter	Scanpy Seurat v3
STOmics0218	scanpy_seurat_v3	10000	scvi	0.8147159551621297	NA	1	0.6514988446433847	NA	1	0.7331073999027572	NA	1	0.6807815034161503	NA	1	0.8034596732738603	NA	1	0.7421205883450053	NA	1	NA	NA	0	0.7376139941238813	NA	1	NA	NA	0	expression_driven	10000	STOmics-0218	scVI	Scanpy Seurat v3
STOmics0218	scanpy_seurat_v3	200	cellcharter	0.6044513357329518	NA	1	0.8841983878151642	NA	1	0.7443248617740581	NA	1	0.713030130335205	NA	1	0.780421859901369	NA	1	0.746725995118287	NA	1	NA	NA	0	0.7455254284461725	NA	1	NA	NA	0	expression_driven	200	STOmics-0218	CellCharter	Scanpy Seurat v3
STOmics0218	scanpy_seurat_v3	200	scvi	0.8335050069268641	NA	1	0.7260457547022244	NA	1	0.7797753808145442	NA	1	0.6138094392447103	NA	1	0.8117077548115601	NA	1	0.7127585970281352	NA	1	NA	NA	0	0.7462669889213397	NA	1	NA	NA	0	expression_driven	200	STOmics-0218	scVI	Scanpy Seurat v3
STOmics0218	scanpy_seurat_v3	2000	cellcharter	0.6575482747169835	0.01270241664038566	3	0.8578344884030334	0.00842870310686763	3	0.7576913815600084	0.00812805012292467	3	0.7400232758127704	0.00296041567533964	3	0.7474545363952028	0.05684541175352669	3	0.7437389061039866	0.02739292747783944	3	NA	NA	0	0.7507151438319974	0.01088417130954239	3	NA	NA	0	expression_driven	2000	STOmics-0218	CellCharter	Scanpy Seurat v3
STOmics0218	scanpy_seurat_v3	2000	scvi	0.8358571168416492	0.01640501454602444	3	0.6844785623031525	0.02088947857152598	3	0.760167839572401	0.01620763245952261	3	0.6755471066430552	0.01962078520281827	3	0.7602815646952122	0.03144410144425887	3	0.7179143356691338	0.01234591431856927	3	NA	NA	0	0.7390410876207673	0.00694710247709484	3	NA	NA	0	expression_driven	2000	STOmics-0218	scVI	Scanpy Seurat v3
STOmics0218	scanpy_seurat_v3	500	cellcharter	0.6401534393544349	NA	1	0.8649685143726192	NA	1	0.7525609768635271	NA	1	0.7257279175919255	NA	1	0.7130954560544382	NA	1	0.7194116868231819	NA	1	NA	NA	0	0.7359863318433545	NA	1	NA	NA	0	expression_driven	500	STOmics-0218	CellCharter	Scanpy Seurat v3
STOmics0218	scanpy_seurat_v3	500	scvi	0.8257808776227151	NA	1	0.6857590298500674	NA	1	0.7557699537363913	NA	1	0.643663192116591	NA	1	0.7947490787013463	NA	1	0.7192061354089686	NA	1	NA	NA	0	0.7374880445726799	NA	1	NA	NA	0	expression_driven	500	STOmics-0218	scVI	Scanpy Seurat v3
STOmics0218	scanpy_seurat_v3	5000	cellcharter	0.6751366059903361	NA	1	0.8430746895610587	NA	1	0.7591056477756974	NA	1	0.7446447234087522	NA	1	0.7984502690432654	NA	1	0.7715474962260088	NA	1	NA	NA	0	0.7653265720008531	NA	1	NA	NA	0	expression_driven	5000	STOmics-0218	CellCharter	Scanpy Seurat v3
STOmics0218	scanpy_seurat_v3	5000	scvi	0.8262700262169098	NA	1	0.6723502784407156	NA	1	0.7493101523288127	NA	1	0.7007036656683537	NA	1	0.7721203402612282	NA	1	0.7364120029647909	NA	1	NA	NA	0	0.7428610776468019	NA	1	NA	NA	0	expression_driven	5000	STOmics-0218	scVI	Scanpy Seurat v3
STOmics0218	scanpy_seurat_v3_batch	100	cellcharter	0.5934891944148599	NA	1	0.8876903902015794	NA	1	0.7405897923082196	NA	1	0.6845851211106192	NA	1	0.696855984514366	NA	1	0.6907205528124927	NA	1	NA	NA	0	0.7156551725603562	NA	1	NA	NA	0	expression_driven	100	STOmics-0218	CellCharter	Scanpy Seurat v3, batch
STOmics0218	scanpy_seurat_v3_batch	100	scvi	0.8367949798694312	NA	1	0.7046121488009465	NA	1	0.7707035643351888	NA	1	0.5039904628009141	NA	1	0.7075527270928446	NA	1	0.6057715949468794	NA	1	NA	NA	0	0.688237579641034	NA	1	NA	NA	0	expression_driven	100	STOmics-0218	scVI	Scanpy Seurat v3, batch
STOmics0218	scanpy_seurat_v3_batch	1000	cellcharter	0.6601796439472747	NA	1	0.8226884234216832	NA	1	0.7414340336844789	NA	1	0.732183147383218	NA	1	0.7265877951469437	NA	1	0.7293854712650809	NA	1	NA	NA	0	0.7354097524747799	NA	1	NA	NA	0	expression_driven	1000	STOmics-0218	CellCharter	Scanpy Seurat v3, batch
STOmics0218	scanpy_seurat_v3_batch	1000	scvi	0.8350355247620012	NA	1	0.6790501724537515	NA	1	0.7570428486078764	NA	1	0.6618116604900658	NA	1	0.7645124613833201	NA	1	0.7131620609366929	NA	1	NA	NA	0	0.7351024547722846	NA	1	NA	NA	0	expression_driven	1000	STOmics-0218	scVI	Scanpy Seurat v3, batch
STOmics0218	scanpy_seurat_v3_batch	10000	cellcharter	0.673620298433283	NA	1	0.8503406966041013	NA	1	0.7619804975186921	NA	1	0.743159403037006	NA	1	0.7935065329661559	NA	1	0.7683329680015809	NA	1	NA	NA	0	0.7651567327601365	NA	1	NA	NA	0	expression_driven	10000	STOmics-0218	CellCharter	Scanpy Seurat v3, batch
STOmics0218	scanpy_seurat_v3_batch	10000	scvi	0.8070451193517427	NA	1	0.6816436006908148	NA	1	0.7443443600212787	NA	1	0.6705599575245357	NA	1	0.8123929067177263	NA	1	0.741476432121131	NA	1	NA	NA	0	0.7429103960712049	NA	1	NA	NA	0	expression_driven	10000	STOmics-0218	scVI	Scanpy Seurat v3, batch
STOmics0218	scanpy_seurat_v3_batch	200	cellcharter	0.6138494552183619	NA	1	0.8812816485300798	NA	1	0.7475655518742208	NA	1	0.7214750436176711	NA	1	0.7975197832289989	NA	1	0.759497413423335	NA	1	NA	NA	0	0.7535314826487779	NA	1	NA	NA	0	expression_driven	200	STOmics-0218	CellCharter	Scanpy Seurat v3, batch
STOmics0218	scanpy_seurat_v3_batch	200	scvi	0.8192508733291461	NA	1	0.741023306206645	NA	1	0.7801370897678956	NA	1	0.6120048605066462	NA	1	0.7724746143770546	NA	1	0.6922397374418503	NA	1	NA	NA	0	0.736188413604873	NA	1	NA	NA	0	expression_driven	200	STOmics-0218	scVI	Scanpy Seurat v3, batch
STOmics0218	scanpy_seurat_v3_batch	2000	cellcharter	0.664174611628725	0.01363961727969577	3	0.846774585650868	0.00925637288513119	3	0.7554745986397965	0.00382250323390741	3	0.7344038000016523	0.00789075367542713	3	0.7436345488888579	0.04412622576959101	3	0.7390191744452551	0.02368456310109361	3	NA	NA	0	0.7472468865425258	0.00999045642843011	3	NA	NA	0	expression_driven	2000	STOmics-0218	CellCharter	Scanpy Seurat v3, batch
STOmics0218	scanpy_seurat_v3_batch	2000	scvi	0.8417668619282939	0.01082260780733511	3	0.6820508513785549	0.01455946714242822	3	0.7619088566534243	0.00603484259241965	3	0.6782069880783309	0.0181051658738809	3	0.7598654767614256	0.0387649376255018	3	0.7190362324198784	0.0273509586073636	3	NA	NA	0	0.7404725445366513	0.01519686739613707	3	NA	NA	0	expression_driven	2000	STOmics-0218	scVI	Scanpy Seurat v3, batch
STOmics0218	scanpy_seurat_v3_batch	500	cellcharter	0.5915793174651724	NA	1	0.8749222186657584	NA	1	0.7332507680654654	NA	1	0.7210405105143097	NA	1	0.7370733523458035	NA	1	0.7290569314300566	NA	1	NA	NA	0	0.731153849747761	NA	1	NA	NA	0	expression_driven	500	STOmics-0218	CellCharter	Scanpy Seurat v3, batch
STOmics0218	scanpy_seurat_v3_batch	500	scvi	0.837979644293832	NA	1	0.7049725780245194	NA	1	0.7714761111591757	NA	1	0.6371353607951188	NA	1	0.6888234983420884	NA	1	0.6629794295686036	NA	1	NA	NA	0	0.7172277703638896	NA	1	NA	NA	0	expression_driven	500	STOmics-0218	scVI	Scanpy Seurat v3, batch
STOmics0218	scanpy_seurat_v3_batch	5000	cellcharter	0.6544283748559299	NA	1	0.860106151631082	NA	1	0.7572672632435059	NA	1	0.741509422682228	NA	1	0.7504099708384402	NA	1	0.7459596967603341	NA	1	NA	NA	0	0.7516134800019201	NA	1	NA	NA	0	expression_driven	5000	STOmics-0218	CellCharter	Scanpy Seurat v3, batch
STOmics0218	scanpy_seurat_v3_batch	5000	scvi	0.819172465715988	NA	1	0.6753283408253322	NA	1	0.7472504032706602	NA	1	0.6947700723104567	NA	1	0.7683572075066384	NA	1	0.7315636399085476	NA	1	NA	NA	0	0.7394070215896038	NA	1	NA	NA	0	expression_driven	5000	STOmics-0218	scVI	Scanpy Seurat v3, batch
STOmics0218	scry	100	cellcharter	0.526796549441313	NA	1	0.9360610275937944	NA	1	0.7314287885175538	NA	1	0.7035895168904008	NA	1	0.7535682044136405	NA	1	0.7285788606520207	NA	1	NA	NA	0	0.7300038245847873	NA	1	NA	NA	0	expression_driven	100	STOmics-0218	CellCharter	scry
STOmics0218	scry	100	scvi	0.8214286094390751	NA	1	0.7368753310749385	NA	1	0.7791519702570069	NA	1	0.5722556640158408	NA	1	0.788419287927563	NA	1	0.6803374759717019	NA	1	NA	NA	0	0.7297447231143543	NA	1	NA	NA	0	expression_driven	100	STOmics-0218	scVI	scry
STOmics0218	scry	1000	cellcharter	0.5835118118785809	NA	1	0.89092819320431	NA	1	0.7372200025414455	NA	1	0.7206974836140144	NA	1	0.743715007613059	NA	1	0.7322062456135368	NA	1	NA	NA	0	0.7347131240774911	NA	1	NA	NA	0	expression_driven	1000	STOmics-0218	CellCharter	scry
STOmics0218	scry	1000	scvi	0.8088751544660668	NA	1	0.6783862682476769	NA	1	0.7436307113568719	NA	1	0.6484771215108679	NA	1	0.7589179823245207	NA	1	0.7036975519176942	NA	1	NA	NA	0	0.723664131637283	NA	1	NA	NA	0	expression_driven	1000	STOmics-0218	scVI	scry
STOmics0218	scry	10000	cellcharter	0.6378334563582819	NA	1	0.8433323261701808	NA	1	0.7405828912642314	NA	1	0.7239141370782312	NA	1	0.7283584686147537	NA	1	0.7261363028464924	NA	1	NA	NA	0	0.7333595970553619	NA	1	NA	NA	0	expression_driven	10000	STOmics-0218	CellCharter	scry
STOmics0218	scry	10000	scvi	0.6968325765970054	NA	1	0.7293782511383327	NA	1	0.713105413867669	NA	1	0.5673412137747581	NA	1	0.8004038207290647	NA	1	0.6838725172519113	NA	1	NA	NA	0	0.6984889655597901	NA	1	NA	NA	0	expression_driven	10000	STOmics-0218	scVI	scry
STOmics0218	scry	200	cellcharter	0.5352510412929762	NA	1	0.9451142464927448	NA	1	0.7401826438928605	NA	1	0.7208848047081338	NA	1	0.7360480375592912	NA	1	0.7284664211337124	NA	1	NA	NA	0	0.7343245325132864	NA	1	NA	NA	0	expression_driven	200	STOmics-0218	CellCharter	scry
STOmics0218	scry	200	scvi	0.8183081153619935	NA	1	0.7287018134723284	NA	1	0.773504964417161	NA	1	0.6061703967599232	NA	1	0.7883335034262877	NA	1	0.6972519500931055	NA	1	NA	NA	0	0.7353784572551332	NA	1	NA	NA	0	expression_driven	200	STOmics-0218	scVI	scry
STOmics0218	scry	2000	cellcharter	0.6145518130470901	0.01046427639117442	3	0.8726204332731662	0.00259464621927069	3	0.7435861231601281	0.0042772019355525	3	0.7419133116309392	0.00559047521157655	3	0.7518803579140151	0.04024579751414117	3	0.746896834772477	0.02002656808765337	3	NA	NA	0	0.7452414789663027	0.00982236991281444	3	NA	NA	0	expression_driven	2000	STOmics-0218	CellCharter	scry
STOmics0218	scry	2000	scvi	0.8185660654861918	0.00652244403135177	3	0.647014592107931	0.00802103127248795	3	0.7327903287970615	0.00629000009071522	3	0.6464119763775814	0.01823703090413585	3	0.8235061208371884	0.00792983975406706	3	0.734959048607385	0.00880014755538719	3	NA	NA	0	0.733874688702223	0.0075164082189248	3	NA	NA	0	expression_driven	2000	STOmics-0218	scVI	scry
STOmics0218	scry	500	cellcharter	0.5879074952377732	NA	1	0.8969535188679872	NA	1	0.7424305070528803	NA	1	0.7310151556851929	NA	1	0.7213910642709014	NA	1	0.7262031099780472	NA	1	NA	NA	0	0.7343168085154637	NA	1	NA	NA	0	expression_driven	500	STOmics-0218	CellCharter	scry
STOmics0218	scry	500	scvi	0.8201455584749021	NA	1	0.7372172048886905	NA	1	0.7786813816817963	NA	1	0.6197359922466892	NA	1	0.7627164689808905	NA	1	0.6912262306137898	NA	1	NA	NA	0	0.7349538061477932	NA	1	NA	NA	0	expression_driven	500	STOmics-0218	scVI	scry
STOmics0218	scry	5000	cellcharter	0.618562200877209	NA	1	0.8323167406550653	NA	1	0.7254394707661371	NA	1	0.7169862194508192	NA	1	0.7201417982471576	NA	1	0.7185640088489884	NA	1	NA	NA	0	0.7220017398075628	NA	1	NA	NA	0	expression_driven	5000	STOmics-0218	CellCharter	scry
STOmics0218	scry	5000	scvi	0.7936615950029436	NA	1	0.6944778471598024	NA	1	0.744069721081373	NA	1	0.6347024024814759	NA	1	0.8003262533514502	NA	1	0.7175143279164631	NA	1	NA	NA	0	0.7307920244989181	NA	1	NA	NA	0	expression_driven	5000	STOmics-0218	scVI	scry
STOmics0218	seurat_disp	100	cellcharter	0.6073555041053988	NA	1	0.9071992286981454	NA	1	0.7572773664017721	NA	1	0.6492176364291221	NA	1	0.7135074501537884	NA	1	0.6813625432914552	NA	1	NA	NA	0	0.7193199548466136	NA	1	NA	NA	0	expression_driven	100	STOmics-0218	CellCharter	Seurat Dispersion
STOmics0218	seurat_disp	100	scvi	0.8011214116113786	NA	1	0.6866725801545982	NA	1	0.7438969958829884	NA	1	0.4636795582577298	NA	1	0.6739251434727314	NA	1	0.5688023508652306	NA	1	NA	NA	0	0.6563496733741094	NA	1	NA	NA	0	expression_driven	100	STOmics-0218	scVI	Seurat Dispersion
STOmics0218	seurat_disp	1000	cellcharter	0.5784883801519195	NA	1	0.9095002859178568	NA	1	0.7439943330348882	NA	1	0.7244744503367332	NA	1	0.7662270832721241	NA	1	0.7453507668044286	NA	1	NA	NA	0	0.7446725499196584	NA	1	NA	NA	0	expression_driven	1000	STOmics-0218	CellCharter	Seurat Dispersion
STOmics0218	seurat_disp	1000	scvi	0.8032505200978848	NA	1	0.7314065608646217	NA	1	0.7673285404812533	NA	1	0.6009968634182029	NA	1	0.809910491242406	NA	1	0.7054536773303044	NA	1	NA	NA	0	0.7363911089057789	NA	1	NA	NA	0	expression_driven	1000	STOmics-0218	scVI	Seurat Dispersion
STOmics0218	seurat_disp	10000	cellcharter	0.627412958797669	NA	1	0.8455538256711406	NA	1	0.7364833922344047	NA	1	0.7358965903602747	NA	1	0.7742232961964823	NA	1	0.7550599432783784	NA	1	NA	NA	0	0.7457716677563916	NA	1	NA	NA	0	expression_driven	10000	STOmics-0218	CellCharter	Seurat Dispersion
STOmics0218	seurat_disp	10000	scvi	0.7434329226380301	NA	1	0.7322034765590555	NA	1	0.7378181995985428	NA	1	0.5999744395194735	NA	1	0.8770958827287149	NA	1	0.7385351611240942	NA	1	NA	NA	0	0.7381766803613186	NA	1	NA	NA	0	expression_driven	10000	STOmics-0218	scVI	Seurat Dispersion
STOmics0218	seurat_disp	200	cellcharter	0.6050780164604599	NA	1	0.9076216962337396	NA	1	0.7563498563470998	NA	1	0.6757696687625715	NA	1	0.8736956842476139	NA	1	0.7747326765050927	NA	1	NA	NA	0	0.7655412664260963	NA	1	NA	NA	0	expression_driven	200	STOmics-0218	CellCharter	Seurat Dispersion
STOmics0218	seurat_disp	200	scvi	0.8106160037358461	NA	1	0.7149818027907572	NA	1	0.7627989032633016	NA	1	0.4999300994462632	NA	1	0.7774600312002388	NA	1	0.638695065323251	NA	1	NA	NA	0	0.7007469842932763	NA	1	NA	NA	0	expression_driven	200	STOmics-0218	scVI	Seurat Dispersion
STOmics0218	seurat_disp	2000	cellcharter	0.6046988518414523	0.00568364176179138	3	0.8887770995029726	0.0139903579020218	3	0.7467379756722125	0.00868329187119485	3	0.7282329396923525	0.00189164138720448	3	0.7544635931620297	0.01328257619378929	3	0.7413482664271912	0.00742354074917837	3	NA	NA	0	0.7440431210497018	0.00122796123822802	3	NA	NA	0	expression_driven	2000	STOmics-0218	CellCharter	Seurat Dispersion
STOmics0218	seurat_disp	2000	scvi	0.8103159417953649	0.01015069753082716	3	0.719514167978435	0.00568885867143252	3	0.7649150548869	0.00338044366908536	3	0.6298969095273459	0.0220664662125646	3	0.8196127990586554	0.0288903843548663	3	0.7247548542930007	0.00457820709646661	3	NA	NA	0	0.7448349545899503	0.00285291161089266	3	NA	NA	0	expression_driven	2000	STOmics-0218	scVI	Seurat Dispersion
STOmics0218	seurat_disp	500	cellcharter	0.5851443152209443	NA	1	0.9181509204218616	NA	1	0.7516476178214029	NA	1	0.7207698609851838	NA	1	0.7520958042778143	NA	1	0.7364328326314991	NA	1	NA	NA	0	0.744040225226451	NA	1	NA	NA	0	expression_driven	500	STOmics-0218	CellCharter	Seurat Dispersion
STOmics0218	seurat_disp	500	scvi	0.8122048856101759	NA	1	0.7383736657742385	NA	1	0.7752892756922072	NA	1	0.5917179733735991	NA	1	0.760688249520922	NA	1	0.6762031114472605	NA	1	NA	NA	0	0.7257461935697338	NA	1	NA	NA	0	expression_driven	500	STOmics-0218	scVI	Seurat Dispersion
STOmics0218	seurat_disp	5000	cellcharter	0.6253406889550792	NA	1	0.862490097240849	NA	1	0.7439153930979641	NA	1	0.7374094053658397	NA	1	0.7403422370016619	NA	1	0.7388758211837507	NA	1	NA	NA	0	0.7413956071408574	NA	1	NA	NA	0	expression_driven	5000	STOmics-0218	CellCharter	Seurat Dispersion
STOmics0218	seurat_disp	5000	scvi	0.8006999935724934	NA	1	0.6849368751470564	NA	1	0.7428184343597749	NA	1	0.6336762687473718	NA	1	0.7972760323613544	NA	1	0.7154761505543631	NA	1	NA	NA	0	0.729147292457069	NA	1	NA	NA	0	expression_driven	5000	STOmics-0218	scVI	Seurat Dispersion
STOmics0218	seurat_mvp	100	cellcharter	0.6325672832382323	NA	1	0.8929627642596993	NA	1	0.7627650237489658	NA	1	0.6701128127932954	NA	1	0.757906233349554	NA	1	0.7140095230714247	NA	1	NA	NA	0	0.7383872734101953	NA	1	NA	NA	0	expression_driven	100	STOmics-0218	CellCharter	Seurat MVP
STOmics0218	seurat_mvp	100	scvi	0.8172350681665799	NA	1	0.6719700436810623	NA	1	0.7446025559238211	NA	1	0.427098066190198	NA	1	0.6560749648643885	NA	1	0.5415865155272933	NA	1	NA	NA	0	0.6430945357255572	NA	1	NA	NA	0	expression_driven	100	STOmics-0218	scVI	Seurat MVP
STOmics0218	seurat_mvp	1000	cellcharter	0.6196707437833981	NA	1	0.8866069415463698	NA	1	0.753138842664884	NA	1	0.7185702305780746	NA	1	0.7426159044098593	NA	1	0.7305930674939669	NA	1	NA	NA	0	0.7418659550794254	NA	1	NA	NA	0	expression_driven	1000	STOmics-0218	CellCharter	Seurat MVP
STOmics0218	seurat_mvp	1000	scvi	0.8348666860650665	NA	1	0.7286714339561702	NA	1	0.7817690600106184	NA	1	0.6174671676913522	NA	1	0.7657739176318236	NA	1	0.6916205426615879	NA	1	NA	NA	0	0.7366948013361032	NA	1	NA	NA	0	expression_driven	1000	STOmics-0218	scVI	Seurat MVP
STOmics0218	seurat_mvp	10000	cellcharter	0.629106250378582	NA	1	0.8770984487238035	NA	1	0.7531023495511928	NA	1	0.720620672832231	NA	1	0.8485566749658406	NA	1	0.7845886738990357	NA	1	NA	NA	0	0.7688455117251143	NA	1	NA	NA	0	expression_driven	10000	STOmics-0218	CellCharter	Seurat MVP
STOmics0218	seurat_mvp	10000	scvi	0.8358387127187064	NA	1	0.712094458274381	NA	1	0.7739665854965436	NA	1	0.6341031638464657	NA	1	0.7508129466769877	NA	1	0.6924580552617268	NA	1	NA	NA	0	0.7332123203791352	NA	1	NA	NA	0	expression_driven	10000	STOmics-0218	scVI	Seurat MVP
STOmics0218	seurat_mvp	200	cellcharter	0.641090358895901	NA	1	0.8801294937472517	NA	1	0.7606099263215764	NA	1	0.6817536326250776	NA	1	0.7616847917721232	NA	1	0.7217192121986005	NA	1	NA	NA	0	0.7411645692600884	NA	1	NA	NA	0	expression_driven	200	STOmics-0218	CellCharter	Seurat MVP
STOmics0218	seurat_mvp	200	scvi	0.8398386428547896	NA	1	0.71428720363121	NA	1	0.7770629232429997	NA	1	0.4664629102109033	NA	1	0.7047434810754761	NA	1	0.5856031956431897	NA	1	NA	NA	0	0.6813330594430947	NA	1	NA	NA	0	expression_driven	200	STOmics-0218	scVI	Seurat MVP
STOmics0218	seurat_mvp	2000	cellcharter	0.6234278516278181	0.00514868283672233	3	0.8710835024326341	0.00931138652177734	3	0.7472556770302261	0.00685536932936424	3	0.722886040175263	0.01282719502113143	3	0.801219145992167	0.05319874692350596	3	0.7620525930837151	0.022216195631241	3	NA	NA	0	0.7546541350569705	0.0144594338931533	3	NA	NA	0	expression_driven	2000	STOmics-0218	CellCharter	Seurat MVP
STOmics0218	seurat_mvp	2000	scvi	0.841181116995596	0.00965412752019878	3	0.7117067097526645	3.9375811976037e-4	3	0.7764439133741301	0.00484083354027847	3	0.6326134130054101	0.00281266495937957	3	0.7715542444610598	0.0277140108442453	3	0.7020838287332349	0.01444925398844978	3	NA	NA	0	0.7392638710536824	0.00643340530529316	3	NA	NA	0	expression_driven	2000	STOmics-0218	scVI	Seurat MVP
STOmics0218	seurat_mvp	500	cellcharter	0.5968510693462061	NA	1	0.876107369566912	NA	1	0.736479219456559	NA	1	0.712945381103049	NA	1	0.7285235095843574	NA	1	0.7207344453437032	NA	1	NA	NA	0	0.7286068324001311	NA	1	NA	NA	0	expression_driven	500	STOmics-0218	CellCharter	Seurat MVP
STOmics0218	seurat_mvp	500	scvi	0.8274204121513297	NA	1	0.7161413959042099	NA	1	0.7717809040277698	NA	1	0.6253114835345511	NA	1	0.821976178984998	NA	1	0.7236438312597746	NA	1	NA	NA	0	0.7477123676437722	NA	1	NA	NA	0	expression_driven	500	STOmics-0218	scVI	Seurat MVP
STOmics0218	seurat_mvp	5000	cellcharter	0.629106250378582	NA	1	0.8770984487238035	NA	1	0.7531023495511928	NA	1	0.720620672832231	NA	1	0.8485566749658406	NA	1	0.7845886738990357	NA	1	NA	NA	0	0.7688455117251143	NA	1	NA	NA	0	expression_driven	5000	STOmics-0218	CellCharter	Seurat MVP
STOmics0218	seurat_mvp	5000	scvi	0.8358387127187064	NA	1	0.712094458274381	NA	1	0.7739665854965436	NA	1	0.6341031638464657	NA	1	0.7508129466769877	NA	1	0.6924580552617268	NA	1	NA	NA	0	0.7332123203791352	NA	1	NA	NA	0	expression_driven	5000	STOmics-0218	scVI	Seurat MVP
STOmics0218	seurat_sct	100	cellcharter	0.5223711283617374	NA	1	0.9302566824478056	NA	1	0.7263139054047714	NA	1	0.7106971722224644	NA	1	0.7778129809656178	NA	1	0.7442550765940411	NA	1	NA	NA	0	0.7352844909994063	NA	1	NA	NA	0	expression_driven	100	STOmics-0218	CellCharter	Seurat sctransform
STOmics0218	seurat_sct	100	scvi	0.8391916392803285	NA	1	0.7297324945834485	NA	1	0.7844620669318885	NA	1	0.557187769878333	NA	1	0.8087286929933768	NA	1	0.6829582314358549	NA	1	NA	NA	0	0.7337101491838717	NA	1	NA	NA	0	expression_driven	100	STOmics-0218	scVI	Seurat sctransform
STOmics0218	seurat_sct	1000	cellcharter	0.6184900130594366	NA	1	0.8892594150151907	NA	1	0.7538747140373137	NA	1	0.7254549158476186	NA	1	0.8095854224500967	NA	1	0.7675201691488576	NA	1	NA	NA	0	0.7606974415930856	NA	1	NA	NA	0	expression_driven	1000	STOmics-0218	CellCharter	Seurat sctransform
STOmics0218	seurat_sct	1000	scvi	0.8100288267531399	NA	1	0.6917651092139995	NA	1	0.7508969679835698	NA	1	0.6829335787045383	NA	1	0.7986437700840826	NA	1	0.7407886743943104	NA	1	NA	NA	0	0.7458428211889401	NA	1	NA	NA	0	expression_driven	1000	STOmics-0218	scVI	Seurat sctransform
STOmics0218	seurat_sct	10000	cellcharter	0.626225270064097	NA	1	0.86359966025644	NA	1	0.7449124651602685	NA	1	0.7245192992457365	NA	1	0.7744793521018462	NA	1	0.7494993256737914	NA	1	NA	NA	0	0.74720589541703	NA	1	NA	NA	0	expression_driven	10000	STOmics-0218	CellCharter	Seurat sctransform
STOmics0218	seurat_sct	10000	scvi	0.7460090051721857	NA	1	0.7150845993684524	NA	1	0.730546802270319	NA	1	0.6097516287952364	NA	1	0.83553177597312	NA	1	0.7226417023841782	NA	1	NA	NA	0	0.7265942523272486	NA	1	NA	NA	0	expression_driven	10000	STOmics-0218	scVI	Seurat sctransform
STOmics0218	seurat_sct	200	cellcharter	0.5822983933267343	NA	1	0.9012633596635	NA	1	0.7417808764951171	NA	1	0.7127215874028366	NA	1	0.8051213844018866	NA	1	0.7589214859023616	NA	1	NA	NA	0	0.7503511811987393	NA	1	NA	NA	0	expression_driven	200	STOmics-0218	CellCharter	Seurat sctransform
STOmics0218	seurat_sct	200	scvi	0.8257796267073134	NA	1	0.7217031191333272	NA	1	0.7737413729203203	NA	1	0.6099887934998215	NA	1	0.7894000093153197	NA	1	0.6996944014075706	NA	1	NA	NA	0	0.7367178871639455	NA	1	NA	NA	0	expression_driven	200	STOmics-0218	scVI	Seurat sctransform
STOmics0218	seurat_sct	2000	cellcharter	0.6293057255733892	0.00570402406533982	3	0.8608140665264828	0.00849761642585142	3	0.7450598960499359	0.00368388280766252	3	0.7388750438031333	0.00387006166665507	3	0.7350153115184459	0.01462348407431667	3	0.7369451776607896	0.00697030009526775	3	NA	NA	0	0.7410025368553628	0.00474908510093559	3	NA	NA	0	expression_driven	2000	STOmics-0218	CellCharter	Seurat sctransform
STOmics0218	seurat_sct	2000	scvi	0.8296176622661541	0.01005871991100335	3	0.6918748381677142	0.0196489862813885	3	0.7607462502169341	0.01454615303008329	3	0.6644013896675225	0.02095316252141966	3	0.7899337793172942	0.02050713966133727	3	0.7271675844924084	0.01451371790430371	3	NA	NA	0	0.7439569173546712	0.00309861198903283	3	NA	NA	0	expression_driven	2000	STOmics-0218	scVI	Seurat sctransform
STOmics0218	seurat_sct	500	cellcharter	0.5768746227807305	NA	1	0.8800506055941022	NA	1	0.7284626141874164	NA	1	0.7261777779524419	NA	1	0.7749231345541019	NA	1	0.7505504562532719	NA	1	NA	NA	0	0.7395065352203442	NA	1	NA	NA	0	expression_driven	500	STOmics-0218	CellCharter	Seurat sctransform
STOmics0218	seurat_sct	500	scvi	0.8242157120361706	NA	1	0.6968718957660638	NA	1	0.7605438039011172	NA	1	0.6448070196146091	NA	1	0.8334772894800236	NA	1	0.7391421545473164	NA	1	NA	NA	0	0.7498429792242167	NA	1	NA	NA	0	expression_driven	500	STOmics-0218	scVI	Seurat sctransform
STOmics0218	seurat_sct	5000	cellcharter	0.6496807201722917	NA	1	0.8743834353782057	NA	1	0.7620320777752487	NA	1	0.7351152373000645	NA	1	0.8002620692652491	NA	1	0.7676886532826568	NA	1	NA	NA	0	0.7648603655289528	NA	1	NA	NA	0	expression_driven	5000	STOmics-0218	CellCharter	Seurat sctransform
STOmics0218	seurat_sct	5000	scvi	0.7807391359921101	NA	1	0.7004115731669749	NA	1	0.7405753545795425	NA	1	0.6544139922080494	NA	1	0.8061086318541084	NA	1	0.7302613120310789	NA	1	NA	NA	0	0.7354183333053107	NA	1	NA	NA	0	expression_driven	5000	STOmics-0218	scVI	Seurat sctransform
STOmics0218	seurat_vst	100	cellcharter	0.5841037087466027	NA	1	0.9067525737476204	NA	1	0.7454281412471115	NA	1	0.6873721536218859	NA	1	0.8473974482760914	NA	1	0.7673848009489886	NA	1	NA	NA	0	0.75640647109805	NA	1	NA	NA	0	expression_driven	100	STOmics-0218	CellCharter	Seurat VST
STOmics0218	seurat_vst	100	scvi	0.8153889911793069	NA	1	0.7145687013661788	NA	1	0.7649788462727428	NA	1	0.4960644153937708	NA	1	0.6788838410516893	NA	1	0.58747412822273	NA	1	NA	NA	0	0.6762264872477364	NA	1	NA	NA	0	expression_driven	100	STOmics-0218	scVI	Seurat VST
STOmics0218	seurat_vst	1000	cellcharter	0.6523609785664418	NA	1	0.8710042580865611	NA	1	0.7616826183265015	NA	1	0.7425113396568612	NA	1	0.7950635135901534	NA	1	0.7687874266235073	NA	1	NA	NA	0	0.7652350224750044	NA	1	NA	NA	0	expression_driven	1000	STOmics-0218	CellCharter	Seurat VST
STOmics0218	seurat_vst	1000	scvi	0.8221401482417436	NA	1	0.6959209639168558	NA	1	0.7590305560792997	NA	1	0.6540802113687808	NA	1	0.8118604504180897	NA	1	0.7329703308934352	NA	1	NA	NA	0	0.7460004434863674	NA	1	NA	NA	0	expression_driven	1000	STOmics-0218	scVI	Seurat VST
STOmics0218	seurat_vst	10000	cellcharter	0.6759594496231601	NA	1	0.8525647601068445	NA	1	0.7642621048650022	NA	1	0.7382721168834805	NA	1	0.7499895126245535	NA	1	0.744130814754017	NA	1	NA	NA	0	0.7541964598095097	NA	1	NA	NA	0	expression_driven	10000	STOmics-0218	CellCharter	Seurat VST
STOmics0218	seurat_vst	10000	scvi	0.8163090467022289	NA	1	0.6526712764454969	NA	1	0.7344901615738629	NA	1	0.6912812115033086	NA	1	0.7671870929638244	NA	1	0.7292341522335665	NA	1	NA	NA	0	0.7318621569037147	NA	1	NA	NA	0	expression_driven	10000	STOmics-0218	scVI	Seurat VST
STOmics0218	seurat_vst	200	cellcharter	0.60496430349068	NA	1	0.8891320178562689	NA	1	0.7470481606734745	NA	1	0.7177535360939161	NA	1	0.7994748368343508	NA	1	0.7586141864641335	NA	1	NA	NA	0	0.752831173568804	NA	1	NA	NA	0	expression_driven	200	STOmics-0218	CellCharter	Seurat VST
STOmics0218	seurat_vst	200	scvi	0.8341209679024416	NA	1	0.7256944098176223	NA	1	0.779907688860032	NA	1	0.6017913232794366	NA	1	0.7837072334183808	NA	1	0.6927492783489086	NA	1	NA	NA	0	0.7363284836044703	NA	1	NA	NA	0	expression_driven	200	STOmics-0218	scVI	Seurat VST
STOmics0218	seurat_vst	2000	cellcharter	0.6573902335222916	0.01282224721520389	3	0.8574494167051321	0.00731891389959849	3	0.7574198251137118	0.00813642865952345	3	0.7358259733887035	0.00737926032062575	3	0.77379201286047	0.04520706658613993	3	0.7548089931245867	0.02623743860396639	3	NA	NA	0	0.7561144091191493	0.01142575464842281	3	NA	NA	0	expression_driven	2000	STOmics-0218	CellCharter	Seurat VST
STOmics0218	seurat_vst	2000	scvi	0.8378508090426392	0.01580123121134644	3	0.6908363486015853	0.00834064019066981	3	0.7643435788221122	0.00725154989510519	3	0.6864530542498709	0.009317450250368	3	0.7911421346019357	0.03402892823736506	3	0.7387975944259034	0.0189870765888403	3	NA	NA	0	0.7515705866240078	0.0120947375973387	3	NA	NA	0	expression_driven	2000	STOmics-0218	scVI	Seurat VST
STOmics0218	seurat_vst	500	cellcharter	0.6418932333145515	NA	1	0.8632563469969676	NA	1	0.7525747901557596	NA	1	0.7234506085621462	NA	1	0.7140683293971172	NA	1	0.7187594689796317	NA	1	NA	NA	0	0.7356671295676956	NA	1	NA	NA	0	expression_driven	500	STOmics-0218	CellCharter	Seurat VST
STOmics0218	seurat_vst	500	scvi	0.8274521821227003	NA	1	0.6827631612315435	NA	1	0.7551076716771219	NA	1	0.6719699471564073	NA	1	0.775703172168968	NA	1	0.7238365596626877	NA	1	NA	NA	0	0.7394721156699048	NA	1	NA	NA	0	expression_driven	500	STOmics-0218	scVI	Seurat VST
STOmics0218	seurat_vst	5000	cellcharter	0.6761024917121288	NA	1	0.8399456931135441	NA	1	0.7580240924128364	NA	1	0.7355986153611621	NA	1	0.7425376472245047	NA	1	0.7390681312928333	NA	1	NA	NA	0	0.7485461118528349	NA	1	NA	NA	0	expression_driven	5000	STOmics-0218	CellCharter	Seurat VST
STOmics0218	seurat_vst	5000	scvi	0.8200323126943382	NA	1	0.6840500917731822	NA	1	0.7520412022337601	NA	1	0.6799341069376349	NA	1	0.805459278973804	NA	1	0.7426966929557195	NA	1	NA	NA	0	0.7473689475947398	NA	1	NA	NA	0	expression_driven	5000	STOmics-0218	scVI	Seurat VST
STOmics0218	singleCellHaystack	100	cellcharter	0.7128754024200156	NA	1	0.7671340386339678	NA	1	0.7400047205269917	NA	1	0.6852374731485282	NA	1	0.6870965881282953	NA	1	0.6861670306384118	NA	1	NA	NA	0	0.7130858755827018	NA	1	NA	NA	0	expression_driven	100	STOmics-0218	CellCharter	singleCellHaystack
STOmics0218	singleCellHaystack	100	scvi	0.8766791032738099	NA	1	0.5738940572699505	NA	1	0.7252865802718802	NA	1	0.4808416736608536	NA	1	0.5659441583485811	NA	1	0.5233929160047174	NA	1	NA	NA	0	0.6243397481382988	NA	1	NA	NA	0	expression_driven	100	STOmics-0218	scVI	singleCellHaystack
STOmics0218	singleCellHaystack	1000	cellcharter	0.6168747539878765	NA	1	0.8814041222139405	NA	1	0.7491394381009084	NA	1	0.733060108242578	NA	1	0.9640915845032924	NA	1	0.8485758463729351	NA	1	NA	NA	0	0.7988576422369218	NA	1	NA	NA	0	expression_driven	1000	STOmics-0218	CellCharter	singleCellHaystack
STOmics0218	singleCellHaystack	1000	scvi	0.793622771906511	NA	1	0.6941976293354001	NA	1	0.7439102006209555	NA	1	0.6818158657267647	NA	1	0.7655233476633672	NA	1	0.7236696066950659	NA	1	NA	NA	0	0.7337899036580107	NA	1	NA	NA	0	expression_driven	1000	STOmics-0218	scVI	singleCellHaystack
STOmics0218	singleCellHaystack	10000	cellcharter	0.6361864531375513	NA	1	0.8559960569174145	NA	1	0.746091255027483	NA	1	0.7062023261563493	NA	1	0.7529803213397004	NA	1	0.7295913237480248	NA	1	NA	NA	0	0.737841289387754	NA	1	NA	NA	0	expression_driven	10000	STOmics-0218	CellCharter	singleCellHaystack
STOmics0218	singleCellHaystack	10000	scvi	0.6641132307367759	NA	1	0.7271558479593445	NA	1	0.6956345393480602	NA	1	0.6278052284475106	NA	1	0.8989041800396909	NA	1	0.7633547042436007	NA	1	NA	NA	0	0.7294946217958305	NA	1	NA	NA	0	expression_driven	10000	STOmics-0218	scVI	singleCellHaystack
STOmics0218	singleCellHaystack	200	cellcharter	0.7057667972005301	NA	1	0.7887982022631419	NA	1	0.747282499731836	NA	1	0.6823377567209262	NA	1	0.6748093017726176	NA	1	0.6785735292467718	NA	1	NA	NA	0	0.712928014489304	NA	1	NA	NA	0	expression_driven	200	STOmics-0218	CellCharter	singleCellHaystack
STOmics0218	singleCellHaystack	200	scvi	0.8556080301832028	NA	1	0.6390896868264853	NA	1	0.747348858504844	NA	1	0.5590934483226515	NA	1	0.7229115474510246	NA	1	0.641002497886838	NA	1	NA	NA	0	0.694175678195841	NA	1	NA	NA	0	expression_driven	200	STOmics-0218	scVI	singleCellHaystack
STOmics0218	singleCellHaystack	2000	cellcharter	0.6424307105396584	0.02763013947365129	3	0.8639834578866045	0.01583868275782866	3	0.7532070842131313	0.0059958627860648	3	0.7403393264512017	0.0065458002384295	3	0.7697934768584703	0.02206770132349905	3	0.755066401654836	0.01413820203002918	3	NA	NA	0	0.7541367429339836	0.00517326522677225	3	NA	NA	0	expression_driven	2000	STOmics-0218	CellCharter	singleCellHaystack
STOmics0218	singleCellHaystack	2000	scvi	0.8211335882905052	0.01614438106887094	3	0.6832970377688973	0.00193861241627971	3	0.7522153130297012	0.00741623509611351	3	0.683567255554952	0.00830909200613469	3	0.8288358658332345	0.07849215712230032	3	0.7562015606940933	0.03521903005796777	3	NA	NA	0	0.7542084368618972	0.02107102741430003	3	NA	NA	0	expression_driven	2000	STOmics-0218	scVI	singleCellHaystack
STOmics0218	singleCellHaystack	500	cellcharter	0.6192712186843731	NA	1	0.8377293527635594	NA	1	0.7285002857239662	NA	1	0.7255164847524519	NA	1	0.7248303665688148	NA	1	0.7251734256606334	NA	1	NA	NA	0	0.7268368556922997	NA	1	NA	NA	0	expression_driven	500	STOmics-0218	CellCharter	singleCellHaystack
STOmics0218	singleCellHaystack	500	scvi	0.815187913399539	NA	1	0.6772244281212192	NA	1	0.7462061707603791	NA	1	0.6178746219717254	NA	1	0.7483552552360868	NA	1	0.6831149386039062	NA	1	NA	NA	0	0.7146605546821426	NA	1	NA	NA	0	expression_driven	500	STOmics-0218	scVI	singleCellHaystack
STOmics0218	singleCellHaystack	5000	cellcharter	0.6437078855594429	NA	1	0.8529046609389721	NA	1	0.7483062732492075	NA	1	0.7398308020034924	NA	1	0.7943967043369593	NA	1	0.7671137531702259	NA	1	NA	NA	0	0.7577100132097168	NA	1	NA	NA	0	expression_driven	5000	STOmics-0218	CellCharter	singleCellHaystack
STOmics0218	singleCellHaystack	5000	scvi	0.7693563398612286	NA	1	0.7150420210490999	NA	1	0.7421991804551642	NA	1	0.6392843300558632	NA	1	0.7767705748637934	NA	1	0.7080274524598282	NA	1	NA	NA	0	0.7251133164574962	NA	1	NA	NA	0	expression_driven	5000	STOmics-0218	scVI	singleCellHaystack
STOmics0218	somde	100	cellcharter	0.6292919509774408	NA	1	0.8018600894342329	NA	1	0.7155760202058369	NA	1	0.7171081235267865	NA	1	0.7914680096108515	NA	1	0.754288066568819	NA	1	NA	NA	0	0.7349320433873279	NA	1	NA	NA	0	spatially_informed	100	STOmics-0218	CellCharter	SOMDE
STOmics0218	somde	100	scvi	0.7901257604920773	NA	1	0.6688483216084986	NA	1	0.7294870410502879	NA	1	0.6482480713221287	NA	1	0.7021047685171605	NA	1	0.6751764199196446	NA	1	NA	NA	0	0.7023317304849663	NA	1	NA	NA	0	spatially_informed	100	STOmics-0218	scVI	SOMDE
STOmics0218	somde	1000	cellcharter	0.6443539368945852	NA	1	0.8571455031354336	NA	1	0.7507497200150094	NA	1	0.7505118925017893	NA	1	0.8102104638379188	NA	1	0.7803611781698541	NA	1	NA	NA	0	0.7655554490924317	NA	1	NA	NA	0	spatially_informed	1000	STOmics-0218	CellCharter	SOMDE
STOmics0218	somde	1000	scvi	0.8080235095224375	NA	1	0.695168842891623	NA	1	0.7515961762070302	NA	1	0.6946213542210818	NA	1	0.8358905262737767	NA	1	0.7652559402474293	NA	1	NA	NA	0	0.7584260582272297	NA	1	NA	NA	0	spatially_informed	1000	STOmics-0218	scVI	SOMDE
STOmics0218	somde	10000	cellcharter	0.6453335849321511	NA	1	0.8592565123955261	NA	1	0.7522950486638387	NA	1	0.7300931964498218	NA	1	0.7844669915291946	NA	1	0.7572800939895082	NA	1	NA	NA	0	0.7547875713266734	NA	1	NA	NA	0	spatially_informed	10000	STOmics-0218	CellCharter	SOMDE
STOmics0218	somde	10000	scvi	0.7902072107617515	NA	1	0.7104583946975868	NA	1	0.7503328027296692	NA	1	0.6721408013335832	NA	1	0.8432015529371911	NA	1	0.7576711771353872	NA	1	NA	NA	0	0.7540019899325282	NA	1	NA	NA	0	spatially_informed	10000	STOmics-0218	scVI	SOMDE
STOmics0218	somde	200	cellcharter	0.6238965903586762	NA	1	0.8415468940516513	NA	1	0.7327217422051637	NA	1	0.7366092991433542	NA	1	0.6983982580167936	NA	1	0.7175037785800739	NA	1	NA	NA	0	0.7251127603926188	NA	1	NA	NA	0	spatially_informed	200	STOmics-0218	CellCharter	SOMDE
STOmics0218	somde	200	scvi	0.7847301670397242	NA	1	0.6931819881711532	NA	1	0.7389560776054387	NA	1	0.6729761460307037	NA	1	0.7195237721758025	NA	1	0.6962499591032532	NA	1	NA	NA	0	0.7176030183543459	NA	1	NA	NA	0	spatially_informed	200	STOmics-0218	scVI	SOMDE
STOmics0218	somde	2000	cellcharter	0.6515701804582986	0.00769274728698545	3	0.86216220792691	0.00964060116326557	3	0.7568661941926044	0.00813410786330031	3	0.739901440228747	0.0064178875496696	3	0.766140371892906	0.04403180880808939	3	0.7530209060608265	0.02169973074752218	3	NA	NA	0	0.7549435501267153	0.01013994879306295	3	NA	NA	0	spatially_informed	2000	STOmics-0218	CellCharter	SOMDE
STOmics0218	somde	2000	scvi	0.8137223496304896	0.00927492986637013	3	0.6795570408763214	0.01138891037289106	3	0.7466396952534055	0.00228816886912102	3	0.6864451719113246	0.00906417118688462	3	0.7971774103594625	0.05075028491616203	3	0.7418112911353937	0.02962349305436864	3	NA	NA	0	0.7442254931943996	0.0154380233941333	3	NA	NA	0	spatially_informed	2000	STOmics-0218	scVI	SOMDE
STOmics0218	somde	500	cellcharter	0.6061850936651622	NA	1	0.8536177473797547	NA	1	0.7299014205224584	NA	1	0.7424728816271667	NA	1	0.8256774552822124	NA	1	0.7840751684546896	NA	1	NA	NA	0	0.756988294488574	NA	1	NA	NA	0	spatially_informed	500	STOmics-0218	CellCharter	SOMDE
STOmics0218	somde	500	scvi	0.8095523961419255	NA	1	0.6895272722140742	NA	1	0.7495398341779999	NA	1	0.69903725033927	NA	1	0.7853863830214616	NA	1	0.7422118166803657	NA	1	NA	NA	0	0.7458758254291828	NA	1	NA	NA	0	spatially_informed	500	STOmics-0218	scVI	SOMDE
STOmics0218	somde	5000	cellcharter	0.6377173643689232	NA	1	0.8444304613347398	NA	1	0.7410739128518316	NA	1	0.7499116007387685	NA	1	0.7035008773731122	NA	1	0.7267062390559403	NA	1	NA	NA	0	0.733890075953886	NA	1	NA	NA	0	spatially_informed	5000	STOmics-0218	CellCharter	SOMDE
STOmics0218	somde	5000	scvi	0.8021266037669956	NA	1	0.6723685821476303	NA	1	0.737247592957313	NA	1	0.6706780971636221	NA	1	0.7912982745849306	NA	1	0.7309881858742764	NA	1	NA	NA	0	0.7341178894157947	NA	1	NA	NA	0	spatially_informed	5000	STOmics-0218	scVI	SOMDE
STOmics0218	sparkx	100	cellcharter	0.747106834515012	NA	1	0.7704297655142369	NA	1	0.7587683000146245	NA	1	0.6973568648864639	NA	1	0.6541603180409096	NA	1	0.6757585914636868	NA	1	NA	NA	0	0.7172634457391556	NA	1	NA	NA	0	spatially_informed	100	STOmics-0218	CellCharter	SPARK-X
STOmics0218	sparkx	100	scvi	0.8735604813057003	NA	1	0.6009369859740555	NA	1	0.7372487336398779	NA	1	0.6213790009936252	NA	1	0.6818501552553384	NA	1	0.6516145781244818	NA	1	NA	NA	0	0.6944316558821798	NA	1	NA	NA	0	spatially_informed	100	STOmics-0218	scVI	SPARK-X
STOmics0218	sparkx	1000	cellcharter	0.6054254076556662	NA	1	0.8572469818547301	NA	1	0.7313361947551982	NA	1	0.7372315391741772	NA	1	0.7391855763662789	NA	1	0.738208557770228	NA	1	NA	NA	0	0.7347723762627131	NA	1	NA	NA	0	spatially_informed	1000	STOmics-0218	CellCharter	SPARK-X
STOmics0218	sparkx	1000	scvi	0.8066550204478309	NA	1	0.6795394780517487	NA	1	0.7430972492497898	NA	1	0.6811899824558907	NA	1	0.8231813979729969	NA	1	0.7521856902144438	NA	1	NA	NA	0	0.7476414697321168	NA	1	NA	NA	0	spatially_informed	1000	STOmics-0218	scVI	SPARK-X
STOmics0218	sparkx	10000	cellcharter	0.6274833844096903	NA	1	0.8501818825588737	NA	1	0.7388326334842821	NA	1	0.7434383140253509	NA	1	0.7282789639156186	NA	1	0.7358586389704848	NA	1	NA	NA	0	0.7373456362273834	NA	1	NA	NA	0	spatially_informed	10000	STOmics-0218	CellCharter	SPARK-X
STOmics0218	sparkx	10000	scvi	0.7809300264650189	NA	1	0.7157927527272749	NA	1	0.748361389596147	NA	1	0.6557265965111835	NA	1	0.8269075295208618	NA	1	0.7413170630160226	NA	1	NA	NA	0	0.7448392263060848	NA	1	NA	NA	0	spatially_informed	10000	STOmics-0218	scVI	SPARK-X
STOmics0218	sparkx	200	cellcharter	0.6912963079041319	NA	1	0.7941690157806401	NA	1	0.742732661842386	NA	1	0.7188009178436966	NA	1	0.726617914843928	NA	1	0.7227094163438124	NA	1	NA	NA	0	0.7327210390930992	NA	1	NA	NA	0	spatially_informed	200	STOmics-0218	CellCharter	SPARK-X
STOmics0218	sparkx	200	scvi	0.8465122810274319	NA	1	0.647989603206889	NA	1	0.7472509421171605	NA	1	0.6534284965387807	NA	1	0.7187581012907138	NA	1	0.6860932989147472	NA	1	NA	NA	0	0.7166721205159539	NA	1	NA	NA	0	spatially_informed	200	STOmics-0218	scVI	SPARK-X
STOmics0218	sparkx	2000	cellcharter	0.6010672593544877	0.00688124019583353	3	0.864829167427199	0.00627549789833141	3	0.7329482133908433	0.00221175394065169	3	0.7376913997965309	0.0078034399005242	3	0.7402015760025661	0.03460283872092623	3	0.7389464878995483	0.01369926588811095	3	NA	NA	0	0.7359473506451959	0.00589078156163451	3	NA	NA	0	spatially_informed	2000	STOmics-0218	CellCharter	SPARK-X
STOmics0218	sparkx	2000	scvi	0.8227698891922156	0.00468716795119846	3	0.642620280164529	0.02220807092152338	3	0.7326950846783724	0.01248431703601742	3	0.6672014763002325	0.01264569636684094	3	0.7434542406748971	0.02957772098983777	3	0.7053278584875647	0.01249279499226368	3	NA	NA	0	0.7190114715829686	0.01113476856532791	3	NA	NA	0	spatially_informed	2000	STOmics-0218	scVI	SPARK-X
STOmics0218	sparkx	500	cellcharter	0.5994844898034883	NA	1	0.8453494606858485	NA	1	0.7224169752446684	NA	1	0.7285974765534023	NA	1	0.7904194534901563	NA	1	0.7595084650217794	NA	1	NA	NA	0	0.7409627201332238	NA	1	NA	NA	0	spatially_informed	500	STOmics-0218	CellCharter	SPARK-X
STOmics0218	sparkx	500	scvi	0.8194753737520666	NA	1	0.650061417635921	NA	1	0.7347683956939938	NA	1	0.6821909047014681	NA	1	0.7493336923800752	NA	1	0.7157622985407717	NA	1	NA	NA	0	0.7252653471173827	NA	1	NA	NA	0	spatially_informed	500	STOmics-0218	scVI	SPARK-X
STOmics0218	sparkx	5000	cellcharter	0.607650012318919	NA	1	0.8643130113506501	NA	1	0.7359815118347846	NA	1	0.7311293613830604	NA	1	0.7930268549097452	NA	1	0.7620781081464028	NA	1	NA	NA	0	0.7490298099905937	NA	1	NA	NA	0	spatially_informed	5000	STOmics-0218	CellCharter	SPARK-X
STOmics0218	sparkx	5000	scvi	0.7925722714261163	NA	1	0.6571639609199161	NA	1	0.7248681161730162	NA	1	0.6642452184271935	NA	1	0.8008812583805098	NA	1	0.7325632384038516	NA	1	NA	NA	0	0.7287156772884339	NA	1	NA	NA	0	spatially_informed	5000	STOmics-0218	scVI	SPARK-X
STOmics0218	spatialde	100	cellcharter	0.5982357248235488	NA	1	0.8625420831834044	NA	1	0.7303889040034766	NA	1	0.7155404519253894	NA	1	0.7605856845403618	NA	1	0.7380630682328756	NA	1	NA	NA	0	0.7342259861181761	NA	1	NA	NA	0	spatially_informed	100	STOmics-0218	CellCharter	SpatialDE
STOmics0218	spatialde	100	scvi	0.8151444980538395	NA	1	0.7041894767631942	NA	1	0.7596669874085169	NA	1	0.6255358673485976	NA	1	0.7191605193943362	NA	1	0.6723481933714669	NA	1	NA	NA	0	0.7160075903899918	NA	1	NA	NA	0	spatially_informed	100	STOmics-0218	scVI	SpatialDE
STOmics0218	spatialde	1000	cellcharter	0.6252591213447978	NA	1	0.8668012872310633	NA	1	0.7460302042879305	NA	1	0.7362154766233678	NA	1	0.7246782827006224	NA	1	0.7304468796619952	NA	1	NA	NA	0	0.7382385419749629	NA	1	NA	NA	0	spatially_informed	1000	STOmics-0218	CellCharter	SpatialDE
STOmics0218	spatialde	1000	scvi	0.7955633990151578	NA	1	0.6970967428201651	NA	1	0.7463300709176615	NA	1	0.7016803700586195	NA	1	0.7769050724292169	NA	1	0.7392927212439182	NA	1	NA	NA	0	0.7428113960807898	NA	1	NA	NA	0	spatially_informed	1000	STOmics-0218	scVI	SpatialDE
STOmics0218	spatialde	10000	cellcharter	0.6448677864801986	NA	1	0.8486837714708958	NA	1	0.7467757789755471	NA	1	0.723594549739786	NA	1	0.7722656629823832	NA	1	0.7479301063610846	NA	1	NA	NA	0	0.7473529426683159	NA	1	NA	NA	0	spatially_informed	10000	STOmics-0218	CellCharter	SpatialDE
STOmics0218	spatialde	10000	scvi	0.7399283250255141	NA	1	0.730198013586477	NA	1	0.7350631693059955	NA	1	0.6106864604566254	NA	1	0.826550910811327	NA	1	0.7186186856339762	NA	1	NA	NA	0	0.7268409274699859	NA	1	NA	NA	0	spatially_informed	10000	STOmics-0218	scVI	SpatialDE
STOmics0218	spatialde	200	cellcharter	0.6003490390949962	NA	1	0.8602163795579801	NA	1	0.7302827093264881	NA	1	0.7223276695286166	NA	1	0.7787061460400508	NA	1	0.7505169077843337	NA	1	NA	NA	0	0.7403998085554109	NA	1	NA	NA	0	spatially_informed	200	STOmics-0218	CellCharter	SpatialDE
STOmics0218	spatialde	200	scvi	0.792796587168351	NA	1	0.7148454741921864	NA	1	0.7538210306802686	NA	1	0.6557885012644199	NA	1	0.7446168059360914	NA	1	0.7002026536002557	NA	1	NA	NA	0	0.7270118421402622	NA	1	NA	NA	0	spatially_informed	200	STOmics-0218	scVI	SpatialDE
STOmics0218	spatialde	2000	cellcharter	0.6491588293494016	0.00230486103168359	3	0.8540059745254016	0.01086182582084236	3	0.7515824019374016	0.00438861894160432	3	0.7402899310215645	0.00397362939052684	3	0.7773626278551719	0.01866510938598315	3	0.7588262794383681	0.00894721330617817	3	NA	NA	0	0.755204340687885	0.0066363638561929	3	NA	NA	0	spatially_informed	2000	STOmics-0218	CellCharter	SpatialDE
STOmics0218	spatialde	2000	scvi	0.8129307199219736	0.01757232020575313	3	0.6967565776631272	0.01079595725874793	3	0.7548436487925504	0.00632721217128749	3	0.673864616219995	0.01452373927224817	3	0.7682491712567653	0.04703291792250971	3	0.7210568937383801	0.03037524728405	3	NA	NA	0	0.7379502712654653	0.01312238716929483	3	NA	NA	0	spatially_informed	2000	STOmics-0218	scVI	SpatialDE
STOmics0218	spatialde	500	cellcharter	0.6080869299345331	NA	1	0.8691669229861317	NA	1	0.7386269264603325	NA	1	0.7410210547405285	NA	1	0.8336349740444866	NA	1	0.7873280143925075	NA	1	NA	NA	0	0.7629774704264201	NA	1	NA	NA	0	spatially_informed	500	STOmics-0218	CellCharter	SpatialDE
STOmics0218	spatialde	500	scvi	0.8049833341542534	NA	1	0.7217349266545989	NA	1	0.7633591304044262	NA	1	0.6736611678241831	NA	1	0.8576416646471902	NA	1	0.7656514162356867	NA	1	NA	NA	0	0.7645052733200564	NA	1	NA	NA	0	spatially_informed	500	STOmics-0218	scVI	SpatialDE
STOmics0218	spatialde	5000	cellcharter	0.6408658184814453	NA	1	0.8680105393665417	NA	1	0.7544381789239936	NA	1	0.7349094418827078	NA	1	0.7968685155102393	NA	1	0.7658889786964735	NA	1	NA	NA	0	0.7601635788102336	NA	1	NA	NA	0	spatially_informed	5000	STOmics-0218	CellCharter	SpatialDE
STOmics0218	spatialde	5000	scvi	0.7747454034609985	NA	1	0.7038112138151663	NA	1	0.7392783086380824	NA	1	0.6203739630050922	NA	1	0.7838701513349692	NA	1	0.7021220571700306	NA	1	NA	NA	0	0.7207001829040565	NA	1	NA	NA	0	spatially_informed	5000	STOmics-0218	scVI	SpatialDE
STOmics0218	statistic_mean	100	cellcharter	0.5771315179983316	NA	1	0.8549615919693003	NA	1	0.716046554983816	NA	1	0.6660528732011203	NA	1	0.7655659330103224	NA	1	0.7158094031057214	NA	1	NA	NA	0	0.7159279790447687	NA	1	NA	NA	0	expression_driven	100	STOmics-0218	CellCharter	Mean expression
STOmics0218	statistic_mean	100	scvi	0.8391810953742352	NA	1	0.6210087826618844	NA	1	0.7300949390180598	NA	1	0.48280323743193593	NA	1	0.6448181526656025	NA	1	0.5638106950487692	NA	1	NA	NA	0	0.6469528170334145	NA	1	NA	NA	0	expression_driven	100	STOmics-0218	scVI	Mean expression
STOmics0218	statistic_mean	1000	cellcharter	0.5458133966764858	NA	1	0.8872283223990522	NA	1	0.716520859537769	NA	1	0.7054284495527564	NA	1	0.7470082423218058	NA	1	0.7262183459372811	NA	1	NA	NA	0	0.721369602737525	NA	1	NA	NA	0	expression_driven	1000	STOmics-0218	CellCharter	Mean expression
STOmics0218	statistic_mean	1000	scvi	0.8078713020258887	NA	1	0.6766934892651049	NA	1	0.7422823956454968	NA	1	0.5856186430095423	NA	1	0.7813837256666778	NA	1	0.68350118433811	NA	1	NA	NA	0	0.7128917899918035	NA	1	NA	NA	0	expression_driven	1000	STOmics-0218	scVI	Mean expression
STOmics0218	statistic_mean	10000	cellcharter	0.6428503419572233	NA	1	0.8422914992000441	NA	1	0.7425709205786337	NA	1	0.7264970645964904	NA	1	0.6981987979188282	NA	1	0.7123479312576593	NA	1	NA	NA	0	0.7274594259181465	NA	1	NA	NA	0	expression_driven	10000	STOmics-0218	CellCharter	Mean expression
STOmics0218	statistic_mean	10000	scvi	0.766422057302502	NA	1	0.7019690848599554	NA	1	0.7341955710812287	NA	1	0.6017163313903088	NA	1	0.8714423390447587	NA	1	0.7365793352175337	NA	1	NA	NA	0	0.7353874531493811	NA	1	NA	NA	0	expression_driven	10000	STOmics-0218	scVI	Mean expression
STOmics0218	statistic_mean	200	cellcharter	0.4972758214928665	NA	1	0.923975896933848	NA	1	0.7106258592133572	NA	1	0.7032224400324751	NA	1	0.7373261270017637	NA	1	0.7202742835171194	NA	1	NA	NA	0	0.7154500713652383	NA	1	NA	NA	0	expression_driven	200	STOmics-0218	CellCharter	Mean expression
STOmics0218	statistic_mean	200	scvi	0.8344637497418304	NA	1	0.6727829226089427	NA	1	0.7536233361753866	NA	1	0.5323201742765806	NA	1	0.7365960048287078	NA	1	0.6344580895526442	NA	1	NA	NA	0	0.6940407128640154	NA	1	NA	NA	0	expression_driven	200	STOmics-0218	scVI	Mean expression
STOmics0218	statistic_mean	2000	cellcharter	0.5856010133058385	0.01126547697019481	3	0.874734587810818	0.00182816848846321	3	0.7301678005583283	0.00523113067898166	3	0.7246753761561399	0.00515463588201612	3	0.7676872769496139	0.01859010189577986	3	0.7461813265528768	0.00890445341768396	3	NA	NA	0	0.7381745635556026	0.00691592363004276	3	NA	NA	0	expression_driven	2000	STOmics-0218	CellCharter	Mean expression
STOmics0218	statistic_mean	2000	scvi	0.8186650948502784	0.01640415355513987	3	0.6830703112599615	0.00512486758523574	3	0.75086770305512	0.00563977313867292	3	0.6220336716839235	0.00796054868462453	3	0.8247220409518997	0.00496515614737933	3	0.7233778563179115	0.00535994683530598	3	NA	NA	0	0.7371227796865157	0.00114710054068966	3	NA	NA	0	expression_driven	2000	STOmics-0218	scVI	Mean expression
STOmics0218	statistic_mean	500	cellcharter	0.5391183941263552	NA	1	0.8899378591377392	NA	1	0.7145281266320471	NA	1	0.7040838049167558	NA	1	0.7195761765810825	NA	1	0.7118299907489192	NA	1	NA	NA	0	0.7131790586904831	NA	1	NA	NA	0	expression_driven	500	STOmics-0218	CellCharter	Mean expression
STOmics0218	statistic_mean	500	scvi	0.8196254243518148	NA	1	0.6788703327097068	NA	1	0.7492478785307608	NA	1	0.5662091355262602	NA	1	0.723316320120029	NA	1	0.6447627278231446	NA	1	NA	NA	0	0.6970053031769528	NA	1	NA	NA	0	expression_driven	500	STOmics-0218	scVI	Mean expression
STOmics0218	statistic_mean	5000	cellcharter	0.6162164288434838	NA	1	0.8546839613870831	NA	1	0.7354501951152834	NA	1	0.7133140760955662	NA	1	0.796502762341667	NA	1	0.7549084192186166	NA	1	NA	NA	0	0.74517930716695	NA	1	NA	NA	0	expression_driven	5000	STOmics-0218	CellCharter	Mean expression
STOmics0218	statistic_mean	5000	scvi	0.7874821051223608	NA	1	0.6784212024210288	NA	1	0.7329516537716948	NA	1	0.6059975675191906	NA	1	0.766380567447914	NA	1	0.6861890674835524	NA	1	NA	NA	0	0.7095703606276236	NA	1	NA	NA	0	expression_driven	5000	STOmics-0218	scVI	Mean expression
STOmics0218	statistic_variance	100	cellcharter	0.5343956581039051	NA	1	0.9207319975378097	NA	1	0.7275638278208574	NA	1	0.7112513973379508	NA	1	0.6971463290979141	NA	1	0.7041988632179325	NA	1	NA	NA	0	0.7158813455193949	NA	1	NA	NA	0	expression_driven	100	STOmics-0218	CellCharter	Expression variance
STOmics0218	statistic_variance	100	scvi	0.831070382492397	NA	1	0.7076625953598082	NA	1	0.7693664889261026	NA	1	0.6172423611679562	NA	1	0.8214599528131005	NA	1	0.7193511569905283	NA	1	NA	NA	0	0.7443588229583155	NA	1	NA	NA	0	expression_driven	100	STOmics-0218	scVI	Expression variance
STOmics0218	statistic_variance	1000	cellcharter	0.5607550886081646	NA	1	0.9267963836651916	NA	1	0.7437757361366781	NA	1	0.7230057290733077	NA	1	0.7571814596329839	NA	1	0.7400935943531458	NA	1	NA	NA	0	0.7419346652449119	NA	1	NA	NA	0	expression_driven	1000	STOmics-0218	CellCharter	Expression variance
STOmics0218	statistic_variance	1000	scvi	0.8163641519350728	NA	1	0.6792196079654867	NA	1	0.7477918799502798	NA	1	0.6721250945143394	NA	1	0.7631613848629054	NA	1	0.7176432396886224	NA	1	NA	NA	0	0.7327175598194511	NA	1	NA	NA	0	expression_driven	1000	STOmics-0218	scVI	Expression variance
STOmics0218	statistic_variance	10000	cellcharter	0.6474153308728614	NA	1	0.826965987816453	NA	1	0.7371906593446572	NA	1	0.7162856301257361	NA	1	0.7915379765149946	NA	1	0.7539118033203653	NA	1	NA	NA	0	0.7455512313325112	NA	1	NA	NA	0	expression_driven	10000	STOmics-0218	CellCharter	Expression variance
STOmics0218	statistic_variance	10000	scvi	0.7014876695133788	NA	1	0.7374533558341082	NA	1	0.7194705126737435	NA	1	0.6019848471039956	NA	1	0.8427880821601544	NA	1	0.722386464632075	NA	1	NA	NA	0	0.7209284886529093	NA	1	NA	NA	0	expression_driven	10000	STOmics-0218	scVI	Expression variance
STOmics0218	statistic_variance	200	cellcharter	0.5480923336139972	NA	1	0.9008466708347768	NA	1	0.724469502224387	NA	1	0.7095200138429109	NA	1	0.740105523756881	NA	1	0.724812768799896	NA	1	NA	NA	0	0.7246411355121415	NA	1	NA	NA	0	expression_driven	200	STOmics-0218	CellCharter	Expression variance
STOmics0218	statistic_variance	200	scvi	0.8395589772251094	NA	1	0.7064504910107706	NA	1	0.77300473411794	NA	1	0.6275657259539127	NA	1	0.8473639937115705	NA	1	0.7374648598327416	NA	1	NA	NA	0	0.7552347969753408	NA	1	NA	NA	0	expression_driven	200	STOmics-0218	scVI	Expression variance
STOmics0218	statistic_variance	2000	cellcharter	0.5774018740164285	0.01361151630190457	3	0.8894286765556201	0.01024414719809767	3	0.7334152752860242	0.00575504845147482	3	0.7295394927527071	0.00200537156461136	3	0.7655957304779665	0.02800285965407891	3	0.7475676116153368	0.01315346689639081	3	NA	NA	0	0.7404914434506805	0.00371697353226421	3	NA	NA	0	expression_driven	2000	STOmics-0218	CellCharter	Expression variance
STOmics0218	statistic_variance	2000	scvi	0.8318677065812623	0.01138590217867376	3	0.6691115872878566	0.00987696760397047	3	0.7504896469345593	0.00904009707866716	3	0.6381213727958112	0.02004965568412876	3	0.8243511720774107	0.06576087000124957	3	0.7312362724366109	0.03977439149793296	3	NA	NA	0	0.7408629596855851	0.01596038767216966	3	NA	NA	0	expression_driven	2000	STOmics-0218	scVI	Expression variance
STOmics0218	statistic_variance	500	cellcharter	0.5737853574428322	NA	1	0.9054129081499248	NA	1	0.7395991327963786	NA	1	0.7243382233194681	NA	1	0.7111700280527042	NA	1	0.7177541256860862	NA	1	NA	NA	0	0.7286766292412323	NA	1	NA	NA	0	expression_driven	500	STOmics-0218	CellCharter	Expression variance
STOmics0218	statistic_variance	500	scvi	0.839817652146953	NA	1	0.7089983764169854	NA	1	0.7744080142819691	NA	1	0.6061609961333255	NA	1	0.7831511657825178	NA	1	0.6946560809579216	NA	1	NA	NA	0	0.7345320476199454	NA	1	NA	NA	0	expression_driven	500	STOmics-0218	scVI	Expression variance
STOmics0218	statistic_variance	5000	cellcharter	0.592137611341239	NA	1	0.8752483241000331	NA	1	0.7336929677206361	NA	1	0.7213947822733037	NA	1	0.7415760803575024	NA	1	0.7314854313154031	NA	1	NA	NA	0	0.7325891995180196	NA	1	NA	NA	0	expression_driven	5000	STOmics-0218	CellCharter	Expression variance
STOmics0218	statistic_variance	5000	scvi	0.7679695418431945	NA	1	0.6846878148182785	NA	1	0.7263286783307366	NA	1	0.6223743159217818	NA	1	0.8243828166900998	NA	1	0.7233785663059409	NA	1	NA	NA	0	0.7248536223183387	NA	1	NA	NA	0	expression_driven	5000	STOmics-0218	scVI	Expression variance
STOmics0218	triku	100	cellcharter	0.7532739379574529	NA	1	0.4220144465782071	NA	1	0.5876441922678299	NA	1	0.7024357837675873	NA	1	0.1493907226839859	NA	1	0.4259132532257866	NA	1	NA	NA	0	0.5067787227468082	NA	1	NA	NA	0	expression_driven	100	STOmics-0218	CellCharter	triku
STOmics0218	triku	100	scvi	0.4824585201739019	NA	1	0.2057781788203336	NA	1	0.3441183494971177	NA	1	0.5919584915019598	NA	1	0.09633643661545004	NA	1	0.3441474640587049	NA	1	NA	NA	0	0.3441329067779113	NA	1	NA	NA	0	expression_driven	100	STOmics-0218	scVI	triku
STOmics0218	triku	1000	cellcharter	0.6769717182301348	NA	1	0.842589501506779	NA	1	0.759780609868457	NA	1	0.71143439912136	NA	1	0.7099131363627946	NA	1	0.7106737677420774	NA	1	NA	NA	0	0.7352271888052672	NA	1	NA	NA	0	expression_driven	1000	STOmics-0218	CellCharter	triku
STOmics0218	triku	1000	scvi	0.8236902148055503	NA	1	0.7058126340978502	NA	1	0.7647514244517002	NA	1	0.6771494462297089	NA	1	0.8081249645824711	NA	1	0.7426372054060899	NA	1	NA	NA	0	0.753694314928895	NA	1	NA	NA	0	expression_driven	1000	STOmics-0218	scVI	triku
STOmics0218	triku	10000	cellcharter	0.6305701604103539	NA	1	0.8630223965223474	NA	1	0.7467962784663507	NA	1	0.7404722793240718	NA	1	0.8031848246594573	NA	1	0.7718285519917645	NA	1	NA	NA	0	0.7593124152290576	NA	1	NA	NA	0	expression_driven	10000	STOmics-0218	CellCharter	triku
STOmics0218	triku	10000	scvi	0.7748467073195044	NA	1	0.7265805392923143	NA	1	0.7507136233059093	NA	1	0.6600978022751401	NA	1	0.860708263286085	NA	1	0.7604030327806126	NA	1	NA	NA	0	0.755558328043261	NA	1	NA	NA	0	expression_driven	10000	STOmics-0218	scVI	triku
STOmics0218	triku	200	cellcharter	0.7936704757020536	NA	1	0.6944803851348	NA	1	0.7440754304184268	NA	1	0.6557424775263373	NA	1	0.7200175243516704	NA	1	0.6878800009390038	NA	1	NA	NA	0	0.7159777156787153	NA	1	NA	NA	0	expression_driven	200	STOmics-0218	CellCharter	triku
STOmics0218	triku	200	scvi	0.7918853727124604	NA	1	0.4975379004935664	NA	1	0.6447116366030134	NA	1	0.39172817659207926	NA	1	0.4412082672761776	NA	1	0.4164682219341284	NA	1	NA	NA	0	0.530589929268571	NA	1	NA	NA	0	expression_driven	200	STOmics-0218	scVI	triku
STOmics0218	triku	2000	cellcharter	0.6905936553721999	0.00943731528871754	3	0.8439182822753998	0.01354812246663045	3	0.7672559688237998	0.0057830746865729	3	0.7398590936506185	0.00376401652978668	3	0.7744994861792097	0.05021907618179321	3	0.7571792899149141	0.02691542757058765	3	NA	NA	0	0.7622176293693569	0.01089021290141918	3	NA	NA	0	expression_driven	2000	STOmics-0218	CellCharter	triku
STOmics0218	triku	2000	scvi	0.8207528584652114	0.00516609877724307	3	0.7029975011835109	0.00780593929925718	3	0.761875179824361	0.00544006965779052	3	0.6983960380905964	0.00519798067287034	3	0.7933510615761546	0.03463564753593311	3	0.7458735498333756	0.01518038950956402	3	NA	NA	0	0.7538743648288683	0.0086668519211383	3	NA	NA	0	expression_driven	2000	STOmics-0218	scVI	triku
STOmics0218	triku	500	cellcharter	0.7022463942890059	NA	1	0.8477878798998714	NA	1	0.7750171370944386	NA	1	0.7175090080471201	NA	1	0.724514958326048	NA	1	0.721011983186584	NA	1	NA	NA	0	0.7480145601405113	NA	1	NA	NA	0	expression_driven	500	STOmics-0218	CellCharter	triku
STOmics0218	triku	500	scvi	0.8302314225671644	NA	1	0.7069600716826008	NA	1	0.7685957471248825	NA	1	0.6077474898732772	NA	1	0.7290537961050307	NA	1	0.668400642989154	NA	1	NA	NA	0	0.7184981950570183	NA	1	NA	NA	0	expression_driven	500	STOmics-0218	scVI	triku
STOmics0218	triku	5000	cellcharter	0.6552092439053879	NA	1	0.8467017745948668	NA	1	0.7509555092501274	NA	1	0.7367600665170145	NA	1	0.8188189456832713	NA	1	0.777789506100143	NA	1	NA	NA	0	0.7643725076751352	NA	1	NA	NA	0	expression_driven	5000	STOmics-0218	CellCharter	triku
STOmics0218	triku	5000	scvi	0.8141375044559396	NA	1	0.6735358003713807	NA	1	0.7438366524136601	NA	1	0.6886066031466056	NA	1	0.7231266205472431	NA	1	0.7058666118469243	NA	1	NA	NA	0	0.7248516321302922	NA	1	NA	NA	0	expression_driven	5000	STOmics-0218	scVI	triku
STOmics0224	Brennecke	100	cellcharter	0.6007959243517356	NA	1	0.5582681088712018	NA	1	0.5795320166114687	NA	1	0.612486348554551	NA	1	0.5116217780291152	NA	1	0.5620540632918332	NA	1	NA	NA	0	0.570793039951651	NA	1	NA	NA	0	expression_driven	100	STOmics-0224	CellCharter	Brennecke
STOmics0224	Brennecke	100	scvi	0.9112174715989668	NA	1	0.4146841258859456	NA	1	0.6629507987424563	NA	1	0.158019417012278	NA	1	0.26707150136711344	NA	1	0.21254545918969572	NA	1	NA	NA	0	0.437748128966076	NA	1	NA	NA	0	expression_driven	100	STOmics-0224	scVI	Brennecke
STOmics0224	Brennecke	1000	cellcharter	0.2920237411721249	NA	1	0.8017903542117292	NA	1	0.546907047691927	NA	1	0.6616749126930818	NA	1	0.7405655865552165	NA	1	0.7011202496241491	NA	1	NA	NA	0	0.6240136486580381	NA	1	NA	NA	0	expression_driven	1000	STOmics-0224	CellCharter	Brennecke
STOmics0224	Brennecke	1000	scvi	0.8262417742908796	NA	1	0.5411653376124224	NA	1	0.683703555951651	NA	1	0.3404773824035341	NA	1	0.760493362105608	NA	1	0.5504853722545711	NA	1	NA	NA	0	0.6170944641031111	NA	1	NA	NA	0	expression_driven	1000	STOmics-0224	scVI	Brennecke
STOmics0224	Brennecke	10000	cellcharter	0.2579078225204304	NA	1	0.81886901301356	NA	1	0.5383884177669952	NA	1	0.6959909695200124	NA	1	0.7418737248458176	NA	1	0.718932347182915	NA	1	NA	NA	0	0.628660382474955	NA	1	NA	NA	0	expression_driven	10000	STOmics-0224	CellCharter	Brennecke
STOmics0224	Brennecke	10000	scvi	0.590892451320461	NA	1	0.3205404265899444	NA	1	0.4557164389552027	NA	1	0.513640983036277	NA	1	0.5858219466739568	NA	1	0.5497314648551169	NA	1	NA	NA	0	0.5027239519051598	NA	1	NA	NA	0	expression_driven	10000	STOmics-0224	scVI	Brennecke
STOmics0224	Brennecke	200	cellcharter	0.44338658228203526	NA	1	0.6093241165833299	NA	1	0.5263553494326826	NA	1	0.6252496883520523	NA	1	0.572114777280074	NA	1	0.5986822328160631	NA	1	NA	NA	0	0.5625187911243729	NA	1	NA	NA	0	expression_driven	200	STOmics-0224	CellCharter	Brennecke
STOmics0224	Brennecke	200	scvi	0.9088931333224336	NA	1	0.4571344470686992	NA	1	0.6830137901955664	NA	1	0.22006395913874943	NA	1	0.41911732010605424	NA	1	0.31959063962240186	NA	1	NA	NA	0	0.5013022149089841	NA	1	NA	NA	0	expression_driven	200	STOmics-0224	scVI	Brennecke
STOmics0224	Brennecke	2000	cellcharter	0.2563337626345929	0.03505540418922744	3	0.8416749655947374	0.07302873851648777	3	0.5490043641146652	0.02120683965071631	3	0.7075484031703348	0.00430193313596954	3	0.7951579357763848	0.1118566449831459	3	0.7513531694733597	0.05387552840180763	3	NA	NA	0	0.6501787667940125	0.01746777074481938	3	NA	NA	0	expression_driven	2000	STOmics-0224	CellCharter	Brennecke
STOmics0224	Brennecke	2000	scvi	0.7816103166878094	0.02539292216926762	3	0.5704701630301918	0.02495554645608886	3	0.6760402398590006	0.01709910282467367	3	0.35703816852207254	0.01432209866376596	3	0.7676913972384057	0.06075159857177799	3	0.5623647828802392	0.03501654380125722	3	NA	NA	0	0.6192025113696199	0.02075367010578672	3	NA	NA	0	expression_driven	2000	STOmics-0224	scVI	Brennecke
STOmics0224	Brennecke	500	cellcharter	0.3497659697812409	NA	1	0.7240153412240029	NA	1	0.5368906555026219	NA	1	0.6720383788874335	NA	1	0.5373710248087261	NA	1	0.6047047018480798	NA	1	NA	NA	0	0.5707976786753508	NA	1	NA	NA	0	expression_driven	500	STOmics-0224	CellCharter	Brennecke
STOmics0224	Brennecke	500	scvi	0.8670023122261357	NA	1	0.5048031167508802	NA	1	0.6859027144885079	NA	1	0.2943047294310888	NA	1	0.5457311678670953	NA	1	0.420017948649092	NA	1	NA	NA	0	0.5529603315688	NA	1	NA	NA	0	expression_driven	500	STOmics-0224	scVI	Brennecke
STOmics0224	Brennecke	5000	cellcharter	0.22573088044822712	NA	1	0.8485122623371656	NA	1	0.5371215713926963	NA	1	0.7104474320940092	NA	1	0.773449041235339	NA	1	0.7419482366646741	NA	1	NA	NA	0	0.6395349040286853	NA	1	NA	NA	0	expression_driven	5000	STOmics-0224	CellCharter	Brennecke
STOmics0224	Brennecke	5000	scvi	0.7402271757780927	NA	1	0.5248811551890757	NA	1	0.6325541654835842	NA	1	0.4555761523579606	NA	1	0.9051504322298368	NA	1	0.6803632922938987	NA	1	NA	NA	0	0.6564587288887415	NA	1	NA	NA	0	expression_driven	5000	STOmics-0224	scVI	Brennecke
STOmics0224	anticor	100	cellcharter	0.4150670694469799	NA	1	0.720537122114087	NA	1	0.5678020957805334	NA	1	0.6779157128320511	NA	1	0.7958946823218689	NA	1	0.73690519757696	NA	1	NA	NA	0	0.6523536466787467	NA	1	NA	NA	0	expression_driven	100	STOmics-0224	CellCharter	Anticor
STOmics0224	anticor	100	scvi	0.8501609213513355	NA	1	0.4809257512622559	NA	1	0.6655433363067957	NA	1	0.31026002020436455	NA	1	0.6193468723776073	NA	1	0.4648034462909859	NA	1	NA	NA	0	0.5651733912988908	NA	1	NA	NA	0	expression_driven	100	STOmics-0224	scVI	Anticor
STOmics0224	anticor	1000	cellcharter	0.3116677685786983	NA	1	0.811537009142718	NA	1	0.5616023888607081	NA	1	0.7171268999800859	NA	1	0.7483736050220935	NA	1	0.7327502525010897	NA	1	NA	NA	0	0.6471763206808989	NA	1	NA	NA	0	expression_driven	1000	STOmics-0224	CellCharter	Anticor
STOmics0224	anticor	1000	scvi	0.7475625976365128	NA	1	0.5430328505902484	NA	1	0.6452977241133806	NA	1	0.4507938111405383	NA	1	0.7443361690513336	NA	1	0.5975649900959359	NA	1	NA	NA	0	0.6214313571046582	NA	1	NA	NA	0	expression_driven	1000	STOmics-0224	scVI	Anticor
STOmics0224	anticor	10000	cellcharter	0.3302239454508522	NA	1	0.760320964156718	NA	1	0.5452724548037851	NA	1	0.7311183987382055	NA	1	0.6874649215491632	NA	1	0.7092916601436843	NA	1	NA	NA	0	0.6272820574737347	NA	1	NA	NA	0	expression_driven	10000	STOmics-0224	CellCharter	Anticor
STOmics0224	anticor	10000	scvi	0.5214195309045977	NA	1	0.3403899267704833	NA	1	0.4309047288375405	NA	1	0.5405408110339427	NA	1	0.6277130763357603	NA	1	0.5841269436848515	NA	1	NA	NA	0	0.507515836261196	NA	1	NA	NA	0	expression_driven	10000	STOmics-0224	scVI	Anticor
STOmics0224	anticor	200	cellcharter	0.40607123337767936	NA	1	0.7196731806441241	NA	1	0.5628722070109018	NA	1	0.7011149523125976	NA	1	0.7719496130651538	NA	1	0.7365322826888756	NA	1	NA	NA	0	0.6497022448498887	NA	1	NA	NA	0	expression_driven	200	STOmics-0224	CellCharter	Anticor
STOmics0224	anticor	200	scvi	0.7958381925134397	NA	1	0.4439971899747912	NA	1	0.6199176912441154	NA	1	0.41213412860497406	NA	1	0.7074433905651792	NA	1	0.5597887595850767	NA	1	NA	NA	0	0.5898532254145961	NA	1	NA	NA	0	expression_driven	200	STOmics-0224	scVI	Anticor
STOmics0224	anticor	2000	cellcharter	0.3223431450870953	0.02883827168941217	3	0.7928946147656352	0.01826129427103094	3	0.5576188799263652	0.00540816659240646	3	0.7087380220140966	0.00648771604432974	3	0.7016605510274326	0.03417388091836929	3	0.7051992865207647	0.02032296005517749	3	NA	NA	0	0.6314090832235649	0.01110759764634143	3	NA	NA	0	expression_driven	2000	STOmics-0224	CellCharter	Anticor
STOmics0224	anticor	2000	scvi	0.7436431360228554	0.00876897175171008	3	0.5343995957210077	0.00866618738483544	3	0.6390213658719315	0.00836862098827477	3	0.482858592555087	0.00191413717780841	3	0.8169474478527358	0.106417140213611	3	0.6499030202039114	0.05389610065586078	3	NA	NA	0	0.6444621930379215	0.03071519290929521	3	NA	NA	0	expression_driven	2000	STOmics-0224	scVI	Anticor
STOmics0224	anticor	500	cellcharter	0.35337718288777054	NA	1	0.7916151482432625	NA	1	0.5724961655655165	NA	1	0.6885854403779247	NA	1	0.7158834040837767	NA	1	0.7022344222308508	NA	1	NA	NA	0	0.6373652938981836	NA	1	NA	NA	0	expression_driven	500	STOmics-0224	CellCharter	Anticor
STOmics0224	anticor	500	scvi	0.782861057199422	NA	1	0.5291671738412892	NA	1	0.6560141155203556	NA	1	0.42178984002927855	NA	1	0.8741933512525828	NA	1	0.6479915956409307	NA	1	NA	NA	0	0.6520028555806432	NA	1	NA	NA	0	expression_driven	500	STOmics-0224	scVI	Anticor
STOmics0224	anticor	5000	cellcharter	0.3528770051377928	NA	1	0.7978370488369922	NA	1	0.5753570269873926	NA	1	0.7235825833999775	NA	1	0.6892049237876032	NA	1	0.7063937535937903	NA	1	NA	NA	0	0.6408753902905915	NA	1	NA	NA	0	expression_driven	5000	STOmics-0224	CellCharter	Anticor
STOmics0224	anticor	5000	scvi	0.7041651843055254	NA	1	0.42490359024196	NA	1	0.5645343872737427	NA	1	0.5144714706440476	NA	1	0.7456504041009444	NA	1	0.630060937372496	NA	1	NA	NA	0	0.5972976623231194	NA	1	NA	NA	0	expression_driven	5000	STOmics-0224	scVI	Anticor
STOmics0224	dubstepr	100	cellcharter	0.5011122656524756	NA	1	0.614941534844179	NA	1	0.5580269002483274	NA	1	0.6563648925919185	NA	1	0.8099354893361839	NA	1	0.7331501909640512	NA	1	NA	NA	0	0.6455885456061893	NA	1	NA	NA	0	expression_driven	100	STOmics-0224	CellCharter	DUBStepR
STOmics0224	dubstepr	100	scvi	0.8632856458860709	NA	1	0.40069931502281186	NA	1	0.6319924804544415	NA	1	0.2918626806616358	NA	1	0.5458897419385388	NA	1	0.4188762113000873	NA	1	NA	NA	0	0.5254343458772643	NA	1	NA	NA	0	expression_driven	100	STOmics-0224	scVI	DUBStepR
STOmics0224	dubstepr	1000	cellcharter	0.46930339786979747	NA	1	0.6613824235231958	NA	1	0.5653429106964967	NA	1	0.7089606081911025	NA	1	0.6041762406252144	NA	1	0.6565684244081584	NA	1	NA	NA	0	0.6109556675523276	NA	1	NA	NA	0	expression_driven	1000	STOmics-0224	CellCharter	DUBStepR
STOmics0224	dubstepr	1000	scvi	0.6306650079921534	NA	1	0.30102701269777477	NA	1	0.4658460103449641	NA	1	0.5742391947392809	NA	1	0.6458588184732429	NA	1	0.6100490066062618	NA	1	NA	NA	0	0.5379475084756129	NA	1	NA	NA	0	expression_driven	1000	STOmics-0224	scVI	DUBStepR
STOmics0224	dubstepr	10000	cellcharter	0.4206417189343688	NA	1	0.7467588965256191	NA	1	0.5837003077299939	NA	1	0.6993078145035204	NA	1	0.6996167500984135	NA	1	0.699462282300967	NA	1	NA	NA	0	0.6415812950154804	NA	1	NA	NA	0	expression_driven	10000	STOmics-0224	CellCharter	DUBStepR
STOmics0224	dubstepr	10000	scvi	0.6130149523372206	NA	1	0.3297729141973235	NA	1	0.4713939332672721	NA	1	0.5285132371174931	NA	1	0.6938783710696158	NA	1	0.6111958040935545	NA	1	NA	NA	0	0.5412948686804133	NA	1	NA	NA	0	expression_driven	10000	STOmics-0224	scVI	DUBStepR
STOmics0224	dubstepr	200	cellcharter	0.5380645017569935	NA	1	0.6036002067397136	NA	1	0.5708323542483535	NA	1	0.6528595400271581	NA	1	0.6802209665260919	NA	1	0.6665402532766249	NA	1	NA	NA	0	0.6186863037624892	NA	1	NA	NA	0	expression_driven	200	STOmics-0224	CellCharter	DUBStepR
STOmics0224	dubstepr	200	scvi	0.6569020359965787	NA	1	0.32162550329219414	NA	1	0.4892637696443865	NA	1	0.4429873791728787	NA	1	0.5339428394498056	NA	1	0.4884651093113421	NA	1	NA	NA	0	0.4888644394778643	NA	1	NA	NA	0	expression_driven	200	STOmics-0224	scVI	DUBStepR
STOmics0224	dubstepr	2000	cellcharter	0.4140398965613103	0.00749567702477396	3	0.7340779555132261	0.03543549851723886	3	0.5740589260372682	0.02100035813308461	3	0.695433060887082	0.00690503304025202	3	0.6946038633487234	0.00508305273230755	3	0.6950184621179027	0.00420536752325317	3	NA	NA	0	0.6345386940775855	0.0121275055842074	3	NA	NA	0	expression_driven	2000	STOmics-0224	CellCharter	DUBStepR
STOmics0224	dubstepr	2000	scvi	0.6591909816927066	0.07287291855968986	3	0.35986437216548506	0.02618700094902211	3	0.5095276769290958	0.04406411056454759	3	0.533841012483264	0.00483842923415094	3	0.7090335971094763	0.01894725444933122	3	0.6214373047963702	0.01076703899689852	3	NA	NA	0	0.565482490862733	0.02738406021218834	3	NA	NA	0	expression_driven	2000	STOmics-0224	scVI	DUBStepR
STOmics0224	dubstepr	500	cellcharter	0.5011101098731974	NA	1	0.6522497471330373	NA	1	0.5766799285031173	NA	1	0.6831251193424159	NA	1	0.7127616749168524	NA	1	0.6979433971296342	NA	1	NA	NA	0	0.6373116628163757	NA	1	NA	NA	0	expression_driven	500	STOmics-0224	CellCharter	DUBStepR
STOmics0224	dubstepr	500	scvi	0.7822083900352799	NA	1	0.42655813528048014	NA	1	0.60438326265788	NA	1	0.4926370289679823	NA	1	0.6822005386926948	NA	1	0.5874187838303385	NA	1	NA	NA	0	0.5959010232441093	NA	1	NA	NA	0	expression_driven	500	STOmics-0224	scVI	DUBStepR
STOmics0224	dubstepr	5000	cellcharter	0.4206417189343688	NA	1	0.7467588965256191	NA	1	0.5837003077299939	NA	1	0.6993078145035204	NA	1	0.6996167500984135	NA	1	0.699462282300967	NA	1	NA	NA	0	0.6415812950154804	NA	1	NA	NA	0	expression_driven	5000	STOmics-0224	CellCharter	DUBStepR
STOmics0224	dubstepr	5000	scvi	0.6130149523372206	NA	1	0.3297729141973235	NA	1	0.4713939332672721	NA	1	0.5285132371174931	NA	1	0.6938783710696158	NA	1	0.6111958040935545	NA	1	NA	NA	0	0.5412948686804133	NA	1	NA	NA	0	expression_driven	5000	STOmics-0224	scVI	DUBStepR
STOmics0224	hotspot	100	cellcharter	0.30215163556666097	NA	1	0.7375036521174851	NA	1	0.519827643842073	NA	1	0.6934070465261989	NA	1	0.8069321796702844	NA	1	0.7501696130982416	NA	1	NA	NA	0	0.6349986284701573	NA	1	NA	NA	0	expression_driven	100	STOmics-0224	CellCharter	Hotspot
STOmics0224	hotspot	100	scvi	0.8420783195278408	NA	1	0.5335179003262431	NA	1	0.687798109927042	NA	1	0.2859151987442814	NA	1	0.6910977046614101	NA	1	0.48850645170284573	NA	1	NA	NA	0	0.5881522808149439	NA	1	NA	NA	0	expression_driven	100	STOmics-0224	scVI	Hotspot
STOmics0224	hotspot	1000	cellcharter	0.2744166795984506	NA	1	0.8575221797021411	NA	1	0.5659694296502958	NA	1	0.7066309263930023	NA	1	0.7586187488502995	NA	1	0.7326248376216509	NA	1	NA	NA	0	0.6492971336359734	NA	1	NA	NA	0	expression_driven	1000	STOmics-0224	CellCharter	Hotspot
STOmics0224	hotspot	1000	scvi	0.778662384646612	NA	1	0.5850459170823173	NA	1	0.6818541508644647	NA	1	0.37393167951121414	NA	1	0.752241407221554	NA	1	0.5630865433663841	NA	1	NA	NA	0	0.6224703471154244	NA	1	NA	NA	0	expression_driven	1000	STOmics-0224	scVI	Hotspot
STOmics0224	hotspot	10000	cellcharter	0.29475056888835977	NA	1	0.7752157150988481	NA	1	0.534983141993604	NA	1	0.7180970154067715	NA	1	0.6684238244731805	NA	1	0.693260419939976	NA	1	NA	NA	0	0.61412178096679	NA	1	NA	NA	0	expression_driven	10000	STOmics-0224	CellCharter	Hotspot
STOmics0224	hotspot	10000	scvi	0.5277447428227807	NA	1	0.3413226177932411	NA	1	0.4345336803080109	NA	1	0.463671135198426	NA	1	0.6162099021556924	NA	1	0.5399405186770592	NA	1	NA	NA	0	0.487237099492535	NA	1	NA	NA	0	expression_driven	10000	STOmics-0224	scVI	Hotspot
STOmics0224	hotspot	200	cellcharter	0.29509214387274285	NA	1	0.8376692232458873	NA	1	0.566380683559315	NA	1	0.6777184066369607	NA	1	0.6494100721224725	NA	1	0.6635642393797165	NA	1	NA	NA	0	0.6149724614695158	NA	1	NA	NA	0	expression_driven	200	STOmics-0224	CellCharter	Hotspot
STOmics0224	hotspot	200	scvi	0.7895249555619486	NA	1	0.6050340321768741	NA	1	0.6972794938694113	NA	1	0.34185445105918627	NA	1	0.7468154095898267	NA	1	0.5443349303245065	NA	1	NA	NA	0	0.620807212096959	NA	1	NA	NA	0	expression_driven	200	STOmics-0224	scVI	Hotspot
STOmics0224	hotspot	2000	cellcharter	0.2437096260113897	0.01645590574687993	3	0.8376577253054216	0.03142490293020391	3	0.5406836756584057	0.01318541452438032	3	0.710666416487913	0.00752592748308098	3	0.6935839638028259	0.0364567874441955	3	0.7021251901453694	0.02179449110138856	3	NA	NA	0	0.6214044329018876	0.01203233728260277	3	NA	NA	0	expression_driven	2000	STOmics-0224	CellCharter	Hotspot
STOmics0224	hotspot	2000	scvi	0.7744704376926487	0.01792516061749032	3	0.5593113761019614	0.03383826879495318	3	0.6668909068973049	0.00941588285124145	3	0.4337750870625597	0.0225576227434947	3	0.8960040463758565	0.03872066759986483	3	0.6648895667192082	0.02878157096283424	3	NA	NA	0	0.6658902368082565	0.01889089905040173	3	NA	NA	0	expression_driven	2000	STOmics-0224	scVI	Hotspot
STOmics0224	hotspot	500	cellcharter	0.2692888202106389	NA	1	0.8444759063817692	NA	1	0.556882363296204	NA	1	0.699854665933628	NA	1	0.8603597320943388	NA	1	0.7801071990139834	NA	1	NA	NA	0	0.6684947811550936	NA	1	NA	NA	0	expression_driven	500	STOmics-0224	CellCharter	Hotspot
STOmics0224	hotspot	500	scvi	0.796872527271353	NA	1	0.6217935446758439	NA	1	0.7093330359735985	NA	1	0.35706098407600634	NA	1	0.789371268207365	NA	1	0.5732161261416857	NA	1	NA	NA	0	0.6412745810576421	NA	1	NA	NA	0	expression_driven	500	STOmics-0224	scVI	Hotspot
STOmics0224	hotspot	5000	cellcharter	0.2232421645627666	NA	1	0.7713421026438785	NA	1	0.4972921336033226	NA	1	0.7250130721171382	NA	1	0.7461663386873831	NA	1	0.7355897054022607	NA	1	NA	NA	0	0.6164409195027916	NA	1	NA	NA	0	expression_driven	5000	STOmics-0224	CellCharter	Hotspot
STOmics0224	hotspot	5000	scvi	0.6922872853285114	NA	1	0.5005300726140852	NA	1	0.5964086789712983	NA	1	0.4891430888737832	NA	1	0.7384463233020848	NA	1	0.613794706087934	NA	1	NA	NA	0	0.6051016925296162	NA	1	NA	NA	0	expression_driven	5000	STOmics-0224	scVI	Hotspot
STOmics0224	morans_i	100	cellcharter	0.534750566135367	NA	1	0.613718731759808	NA	1	0.5742346489475875	NA	1	0.6756899091405647	NA	1	0.8664324001464291	NA	1	0.7710611546434969	NA	1	NA	NA	0	0.6726479017955422	NA	1	NA	NA	0	spatially_informed	100	STOmics-0224	CellCharter	Moran's I
STOmics0224	morans_i	100	scvi	0.8144148815600758	NA	1	0.39170741167385575	NA	1	0.6030611466169657	NA	1	0.35856120248968154	NA	1	0.5518508247604743	NA	1	0.4552060136250779	NA	1	NA	NA	0	0.5291335801210219	NA	1	NA	NA	0	spatially_informed	100	STOmics-0224	scVI	Moran's I
STOmics0224	morans_i	1000	cellcharter	0.34483986928809723	NA	1	0.7869881561272835	NA	1	0.5659140127076904	NA	1	0.6995233097540338	NA	1	0.6916863528837303	NA	1	0.6956048313188821	NA	1	NA	NA	0	0.6307594220132862	NA	1	NA	NA	0	spatially_informed	1000	STOmics-0224	CellCharter	Moran's I
STOmics0224	morans_i	1000	scvi	0.7415629814123634	NA	1	0.4897021799422112	NA	1	0.6156325806772873	NA	1	0.5008417129284063	NA	1	0.7469008434224316	NA	1	0.623871278175419	NA	1	NA	NA	0	0.6197519294263532	NA	1	NA	NA	0	spatially_informed	1000	STOmics-0224	scVI	Moran's I
STOmics0224	morans_i	10000	cellcharter	0.4253478694108742	NA	1	0.8135891322953019	NA	1	0.6194685008530881	NA	1	0.7072505486688757	NA	1	0.6851093000293274	NA	1	0.6961799243491016	NA	1	NA	NA	0	0.6578242126010949	NA	1	NA	NA	0	spatially_informed	10000	STOmics-0224	CellCharter	Moran's I
STOmics0224	morans_i	10000	scvi	0.48638157342675115	NA	1	0.33456238320518267	NA	1	0.41047197831596693	NA	1	0.5093246736758963	NA	1	0.5953681450012795	NA	1	0.5523464093385879	NA	1	NA	NA	0	0.4814091938272774	NA	1	NA	NA	0	spatially_informed	10000	STOmics-0224	scVI	Moran's I
STOmics0224	morans_i	200	cellcharter	0.4947666972310292	NA	1	0.6321483389112379	NA	1	0.5634575180711335	NA	1	0.695806604381688	NA	1	0.7552328022308916	NA	1	0.7255197033062898	NA	1	NA	NA	0	0.6444886106887117	NA	1	NA	NA	0	spatially_informed	200	STOmics-0224	CellCharter	Moran's I
STOmics0224	morans_i	200	scvi	0.7474784610035097	NA	1	0.40948312599953673	NA	1	0.5784807935015233	NA	1	0.49420092080364225	NA	1	0.6801823422185092	NA	1	0.5871916315110757	NA	1	NA	NA	0	0.5828362125062995	NA	1	NA	NA	0	spatially_informed	200	STOmics-0224	scVI	Moran's I
STOmics0224	morans_i	2000	cellcharter	0.36026741171254506	0.01422975478919926	3	0.8021991426629119	0.02934973247182788	3	0.5812332771877284	0.02138264498243614	3	0.7206603449805239	0.00554696184991001	3	0.6873462477452152	0.03603288449256881	3	0.7040032963628696	0.01696843053267401	3	NA	NA	0	0.6426182867752991	0.0177582261159746	3	NA	NA	0	spatially_informed	2000	STOmics-0224	CellCharter	Moran's I
STOmics0224	morans_i	2000	scvi	0.7315992808828992	0.02875241674717246	3	0.5291121385144301	0.04146014340575608	3	0.6303557096986646	0.03338436095143349	3	0.5127016649587985	0.01164140808095744	3	0.8026462111246752	0.06121937429797031	3	0.6576739380417368	0.02489226374507091	3	NA	NA	0	0.6440148238702007	0.02895073871470499	3	NA	NA	0	spatially_informed	2000	STOmics-0224	scVI	Moran's I
STOmics0224	morans_i	500	cellcharter	0.39371876469159617	NA	1	0.752614853927263	NA	1	0.5731668093094295	NA	1	0.709704322499039	NA	1	0.7374334035471144	NA	1	0.7235688630230768	NA	1	NA	NA	0	0.6483678361662532	NA	1	NA	NA	0	spatially_informed	500	STOmics-0224	CellCharter	Moran's I
STOmics0224	morans_i	500	scvi	0.7425686596513547	NA	1	0.4492362944646078	NA	1	0.5959024770579813	NA	1	0.4955529694789065	NA	1	0.676894396433426	NA	1	0.5862236829561662	NA	1	NA	NA	0	0.5910630800070737	NA	1	NA	NA	0	spatially_informed	500	STOmics-0224	scVI	Moran's I
STOmics0224	morans_i	5000	cellcharter	0.3704471899222856	NA	1	0.7772183230220102	NA	1	0.5738327564721479	NA	1	0.7233421130656623	NA	1	0.638825577746303	NA	1	0.6810838454059827	NA	1	NA	NA	0	0.6274583009390653	NA	1	NA	NA	0	spatially_informed	5000	STOmics-0224	CellCharter	Moran's I
STOmics0224	morans_i	5000	scvi	0.7057652820387458	NA	1	0.369026915550107	NA	1	0.5373960987944264	NA	1	0.5177857111600054	NA	1	0.6449572211663845	NA	1	0.581371466163195	NA	1	NA	NA	0	0.5593837824788107	NA	1	NA	NA	0	spatially_informed	5000	STOmics-0224	scVI	Moran's I
STOmics0224	nbumi	100	cellcharter	0.4736023079282181	NA	1	0.6068664427230582	NA	1	0.5402343753256382	NA	1	0.6722803447246729	NA	1	0.8747160251447478	NA	1	0.7734981849347103	NA	1	NA	NA	0	0.6568662801301743	NA	1	NA	NA	0	expression_driven	100	STOmics-0224	CellCharter	NBumi
STOmics0224	nbumi	100	scvi	0.8943916880785057	NA	1	0.468599213139793	NA	1	0.6814954506091493	NA	1	0.2457054907503168	NA	1	0.4392533560223034	NA	1	0.3424794233863101	NA	1	NA	NA	0	0.5119874369977298	NA	1	NA	NA	0	expression_driven	100	STOmics-0224	scVI	NBumi
STOmics0224	nbumi	1000	cellcharter	0.4590740356165199	NA	1	0.7042805911560913	NA	1	0.5816773133863056	NA	1	0.7040134672669144	NA	1	0.6623463257436333	NA	1	0.6831798965052738	NA	1	NA	NA	0	0.6324286049457897	NA	1	NA	NA	0	expression_driven	1000	STOmics-0224	CellCharter	NBumi
STOmics0224	nbumi	1000	scvi	0.6247517427269738	NA	1	0.42014771124701694	NA	1	0.5224497269869953	NA	1	0.5475645764401356	NA	1	0.6982550626607391	NA	1	0.6229098195504373	NA	1	NA	NA	0	0.5726797732687163	NA	1	NA	NA	0	expression_driven	1000	STOmics-0224	scVI	NBumi
STOmics0224	nbumi	10000	cellcharter	0.4236150920794101	NA	1	0.7853045492429607	NA	1	0.6044598206611854	NA	1	0.7319576565746434	NA	1	0.709945242730307	NA	1	0.7209514496524752	NA	1	NA	NA	0	0.6627056351568303	NA	1	NA	NA	0	expression_driven	10000	STOmics-0224	CellCharter	NBumi
STOmics0224	nbumi	10000	scvi	0.203780829858668	NA	1	0.3830572067928875	NA	1	0.29341901832577777	NA	1	0.5519949126381162	NA	1	0.5733665412923821	NA	1	0.5626807269652492	NA	1	NA	NA	0	0.4280498726455135	NA	1	NA	NA	0	expression_driven	10000	STOmics-0224	scVI	NBumi
STOmics0224	nbumi	200	cellcharter	0.4802398850606261	NA	1	0.6505547952836656	NA	1	0.5653973401721458	NA	1	0.6650238854300133	NA	1	0.7032251942486187	NA	1	0.6841245398393161	NA	1	NA	NA	0	0.624760940005731	NA	1	NA	NA	0	expression_driven	200	STOmics-0224	CellCharter	NBumi
STOmics0224	nbumi	200	scvi	0.8444332808891741	NA	1	0.4414902801115889	NA	1	0.6429617805003816	NA	1	0.3663290128097844	NA	1	0.4964569771200591	NA	1	0.4313929949649218	NA	1	NA	NA	0	0.5371773877326517	NA	1	NA	NA	0	expression_driven	200	STOmics-0224	scVI	NBumi
STOmics0224	nbumi	2000	cellcharter	0.4247876321983328	0.02055016562411519	3	0.7912067438691017	0.02718944078360709	3	0.6079971880337173	0.02006498975425981	3	0.7073030038083146	0.00236779319605252	3	0.7305759176992676	0.02261813688451156	3	0.718939460753791	0.01192443037069153	3	NA	NA	0	0.6634683243937541	0.00407480668699366	3	NA	NA	0	expression_driven	2000	STOmics-0224	CellCharter	NBumi
STOmics0224	nbumi	2000	scvi	0.6663866913649984	0.05218425808026891	3	0.45154825397427784	0.01203514130601951	3	0.5589674726696381	0.03150989046573353	3	0.4773427908225485	0.03251220400091174	3	0.7168332251591968	0.03577477927837663	3	0.5970880079908726	0.03001731754827672	3	NA	NA	0	0.5780277403302553	0.02655180749871672	3	NA	NA	0	expression_driven	2000	STOmics-0224	scVI	NBumi
STOmics0224	nbumi	500	cellcharter	0.4489607079331163	NA	1	0.7159274892764864	NA	1	0.5824440986048014	NA	1	0.7049755779736978	NA	1	0.824963956140639	NA	1	0.7649697670571685	NA	1	NA	NA	0	0.6737069328309849	NA	1	NA	NA	0	expression_driven	500	STOmics-0224	CellCharter	NBumi
STOmics0224	nbumi	500	scvi	0.6597443118304918	NA	1	0.3805562023889403	NA	1	0.5201502571097161	NA	1	0.45865719139283834	NA	1	0.6356930920862027	NA	1	0.5471751417395205	NA	1	NA	NA	0	0.5336626994246183	NA	1	NA	NA	0	expression_driven	500	STOmics-0224	scVI	NBumi
STOmics0224	nbumi	5000	cellcharter	0.43267693310950217	NA	1	0.7467919040296154	NA	1	0.5897344185695588	NA	1	0.6918230394659695	NA	1	0.7007173307826333	NA	1	0.6962701851243014	NA	1	NA	NA	0	0.6430023018469301	NA	1	NA	NA	0	expression_driven	5000	STOmics-0224	CellCharter	NBumi
STOmics0224	nbumi	5000	scvi	0.35348334966160566	NA	1	0.4838117060832411	NA	1	0.4186475278724234	NA	1	0.5926626657754958	NA	1	0.6884690694529323	NA	1	0.6405658676142141	NA	1	NA	NA	0	0.5296066977433187	NA	1	NA	NA	0	expression_driven	5000	STOmics-0224	scVI	NBumi
STOmics0224	nnsvg	100	cellcharter	0.5109513423915674	NA	1	0.6179412576595058	NA	1	0.5644463000255366	NA	1	0.6570148933765777	NA	1	0.72707239262829	NA	1	0.6920436430024339	NA	1	NA	NA	0	0.6282449715139853	NA	1	NA	NA	0	spatially_informed	100	STOmics-0224	CellCharter	nnSVG
STOmics0224	nnsvg	100	scvi	0.8689451763519467	NA	1	0.43065383882652586	NA	1	0.6497995075892362	NA	1	0.2897534504722669	NA	1	0.4500225889823653	NA	1	0.3698880197273161	NA	1	NA	NA	0	0.5098437636582762	NA	1	NA	NA	0	spatially_informed	100	STOmics-0224	scVI	nnSVG
STOmics0224	nnsvg	1000	cellcharter	0.3704767327036106	NA	1	0.7341231427339278	NA	1	0.5522999377187692	NA	1	0.7158113790050056	NA	1	0.7252858265657838	NA	1	0.7205486027853947	NA	1	NA	NA	0	0.6364242702520819	NA	1	NA	NA	0	spatially_informed	1000	STOmics-0224	CellCharter	nnSVG
STOmics0224	nnsvg	1000	scvi	0.7423151634704632	NA	1	0.39488940076842705	NA	1	0.5686022821194452	NA	1	0.5231300510522924	NA	1	0.7735365100575528	NA	1	0.6483332805549226	NA	1	NA	NA	0	0.6084677813371839	NA	1	NA	NA	0	spatially_informed	1000	STOmics-0224	scVI	nnSVG
STOmics0224	nnsvg	10000	cellcharter	0.41035398821747	NA	1	0.7788427328216043	NA	1	0.5945983605195372	NA	1	0.6890192038598095	NA	1	0.6699273448846872	NA	1	0.6794732743722484	NA	1	NA	NA	0	0.6370358174458928	NA	1	NA	NA	0	spatially_informed	10000	STOmics-0224	CellCharter	nnSVG
STOmics0224	nnsvg	10000	scvi	0.6745982595749402	NA	1	0.4216846644016011	NA	1	0.5481414619882706	NA	1	0.4364854291773999	NA	1	0.6746597756868964	NA	1	0.5555726024321481	NA	1	NA	NA	0	0.5518570322102094	NA	1	NA	NA	0	spatially_informed	10000	STOmics-0224	scVI	nnSVG
STOmics0224	nnsvg	200	cellcharter	0.4567505558981117	NA	1	0.6754009621032561	NA	1	0.5660757590006839	NA	1	0.6786344479467817	NA	1	0.7582150930201964	NA	1	0.7184247704834891	NA	1	NA	NA	0	0.6422502647420865	NA	1	NA	NA	0	spatially_informed	200	STOmics-0224	CellCharter	nnSVG
STOmics0224	nnsvg	200	scvi	0.8152399384794798	NA	1	0.47837470788947656	NA	1	0.6468073231844782	NA	1	0.3925302382986078	NA	1	0.5970776026553065	NA	1	0.4948039204769571	NA	1	NA	NA	0	0.5708056218307177	NA	1	NA	NA	0	spatially_informed	200	STOmics-0224	scVI	nnSVG
STOmics0224	nnsvg	2000	cellcharter	0.37843795637652033	0.02554890307928343	3	0.7548058085383648	0.01026094427739414	3	0.5666218824574426	0.01790072366139406	3	0.7017173948452345	0.00904847246585832	3	0.6919387159689041	0.02905817653733817	3	0.6968280554070693	0.01028485973519461	3	NA	NA	0	0.6317249689322559	0.00748704634405136	3	NA	NA	0	spatially_informed	2000	STOmics-0224	CellCharter	nnSVG
STOmics0224	nnsvg	2000	scvi	0.7138135199104992	0.00849480694488676	3	0.4530897228751238	0.0689806878882137	3	0.5834516213928116	0.03058424744985283	3	0.5076127607348196	0.01628193410839882	3	0.7151555034765282	0.03421990089020357	3	0.611384132105674	0.02353904193448295	3	NA	NA	0	0.5974178767492427	0.01102250894393546	3	NA	NA	0	spatially_informed	2000	STOmics-0224	scVI	nnSVG
STOmics0224	nnsvg	500	cellcharter	0.40580951062938897	NA	1	0.735535274284544	NA	1	0.5706723924569665	NA	1	0.7070852806277244	NA	1	0.7280250910316501	NA	1	0.7175551858296872	NA	1	NA	NA	0	0.6441137891433268	NA	1	NA	NA	0	spatially_informed	500	STOmics-0224	CellCharter	nnSVG
STOmics0224	nnsvg	500	scvi	0.7928902140544648	NA	1	0.4601349546634995	NA	1	0.6265125843589822	NA	1	0.4563112955780711	NA	1	0.6579548652530471	NA	1	0.5571330804155591	NA	1	NA	NA	0	0.5918228323872706	NA	1	NA	NA	0	spatially_informed	500	STOmics-0224	scVI	nnSVG
STOmics0224	nnsvg	5000	cellcharter	0.3676987654203714	NA	1	0.8448806721077803	NA	1	0.6062897187640759	NA	1	0.7148104547112323	NA	1	0.6997278926656024	NA	1	0.7072691736884174	NA	1	NA	NA	0	0.6567794462262466	NA	1	NA	NA	0	spatially_informed	5000	STOmics-0224	CellCharter	nnSVG
STOmics0224	nnsvg	5000	scvi	0.7002695092376309	NA	1	0.3860662681894882	NA	1	0.5431678887135596	NA	1	0.4531968706522325	NA	1	0.6319991240157	NA	1	0.5425979973339663	NA	1	NA	NA	0	0.5428829430237629	NA	1	NA	NA	0	spatially_informed	5000	STOmics-0224	scVI	nnSVG
STOmics0224	osca	100	cellcharter	0.4350398944757796	NA	1	0.7303514416958133	NA	1	0.5826956680857964	NA	1	0.6860497612942895	NA	1	0.8804081025745434	NA	1	0.7832289319344165	NA	1	NA	NA	0	0.6829623000101064	NA	1	NA	NA	0	expression_driven	100	STOmics-0224	CellCharter	OSCA
STOmics0224	osca	100	scvi	0.8648659694107841	NA	1	0.5513575664090078	NA	1	0.7081117679098959	NA	1	0.27662900226758025	NA	1	0.6919352669299722	NA	1	0.4842821345987762	NA	1	NA	NA	0	0.5961969512543361	NA	1	NA	NA	0	expression_driven	100	STOmics-0224	scVI	OSCA
STOmics0224	osca	1000	cellcharter	0.2843050256390299	NA	1	0.8728445825230293	NA	1	0.5785748040810296	NA	1	0.6872428149594373	NA	1	0.653290609697729	NA	1	0.6702667123285831	NA	1	NA	NA	0	0.6244207582048064	NA	1	NA	NA	0	expression_driven	1000	STOmics-0224	CellCharter	OSCA
STOmics0224	osca	1000	scvi	0.7761989839208614	NA	1	0.6189544447658226	NA	1	0.697576714343342	NA	1	0.3596191019109332	NA	1	0.7936660155945316	NA	1	0.5766425587527324	NA	1	NA	NA	0	0.6371096365480372	NA	1	NA	NA	0	expression_driven	1000	STOmics-0224	scVI	OSCA
STOmics0224	osca	10000	cellcharter	0.38920645908492674	NA	1	0.8453037199430717	NA	1	0.6172550895139992	NA	1	0.6956553423529686	NA	1	0.6751312193426643	NA	1	0.6853932808478165	NA	1	NA	NA	0	0.6513241851809078	NA	1	NA	NA	0	expression_driven	10000	STOmics-0224	CellCharter	OSCA
STOmics0224	osca	10000	scvi	0.6716628889279219	NA	1	0.40822121351351626	NA	1	0.5399420512207191	NA	1	0.4761193873654969	NA	1	0.6512354903962072	NA	1	0.5636774388808521	NA	1	NA	NA	0	0.5518097450507856	NA	1	NA	NA	0	expression_driven	10000	STOmics-0224	scVI	OSCA
STOmics0224	osca	200	cellcharter	0.4081731913373364	NA	1	0.741796728968981	NA	1	0.5749849601531587	NA	1	0.6730667713657322	NA	1	0.7103448234319159	NA	1	0.6917057973988241	NA	1	NA	NA	0	0.6333453787759914	NA	1	NA	NA	0	expression_driven	200	STOmics-0224	CellCharter	OSCA
STOmics0224	osca	200	scvi	0.8249601975524163	NA	1	0.5931810065314036	NA	1	0.70907060204191	NA	1	0.29293232405180886	NA	1	0.7162652299832791	NA	1	0.504598777017544	NA	1	NA	NA	0	0.606834689529727	NA	1	NA	NA	0	expression_driven	200	STOmics-0224	scVI	OSCA
STOmics0224	osca	2000	cellcharter	0.3004010725387258	0.01647567993014897	3	0.8366676909682397	0.03399793833103331	3	0.5685343817534827	0.02222653139820944	3	0.7057146299370661	0.0053823787906196	3	0.7508847375553417	0.03319577362886401	3	0.7282996837462039	0.01659066940623909	3	NA	NA	0	0.6484170327498433	0.01461004162857201	3	NA	NA	0	expression_driven	2000	STOmics-0224	CellCharter	OSCA
STOmics0224	osca	2000	scvi	0.7872659998218662	0.0123765304600004	3	0.5722115564595707	0.01357965933972509	3	0.6797387781407185	0.00190034699986171	3	0.3941487849817844	0.00733343216352941	3	0.8107428688611633	0.03613463004310374	3	0.6024458269214739	0.02131100534673318	3	NA	NA	0	0.6410923025310962	0.01100958468142959	3	NA	NA	0	expression_driven	2000	STOmics-0224	scVI	OSCA
STOmics0224	osca	500	cellcharter	0.31785357389560487	NA	1	0.8097167189356085	NA	1	0.5637851464156067	NA	1	0.70301555672384	NA	1	0.8650629090064792	NA	1	0.7840392328651595	NA	1	NA	NA	0	0.6739121896403831	NA	1	NA	NA	0	expression_driven	500	STOmics-0224	CellCharter	OSCA
STOmics0224	osca	500	scvi	0.7687427318062249	NA	1	0.6273305785793296	NA	1	0.6980366551927772	NA	1	0.32105978990817124	NA	1	0.7304153648080723	NA	1	0.5257375773581218	NA	1	NA	NA	0	0.6118871162754496	NA	1	NA	NA	0	expression_driven	500	STOmics-0224	scVI	OSCA
STOmics0224	osca	5000	cellcharter	0.3240701079797324	NA	1	0.8005458277584243	NA	1	0.5623079678690783	NA	1	0.6988123491428982	NA	1	0.7056253503472664	NA	1	0.7022188497450823	NA	1	NA	NA	0	0.6322634088070803	NA	1	NA	NA	0	expression_driven	5000	STOmics-0224	CellCharter	OSCA
STOmics0224	osca	5000	scvi	0.7095886517866528	NA	1	0.4828876172734554	NA	1	0.596238134530054	NA	1	0.4609315856280653	NA	1	0.7076345342823562	NA	1	0.5842830599552108	NA	1	NA	NA	0	0.5902605972426325	NA	1	NA	NA	0	expression_driven	5000	STOmics-0224	scVI	OSCA
STOmics0224	scPNMF	100	cellcharter	0.387092892409391	NA	1	0.7227757579458216	NA	1	0.5549343251776063	NA	1	0.676496140015236	NA	1	0.7269138567359099	NA	1	0.701704998375573	NA	1	NA	NA	0	0.6283196617765896	NA	1	NA	NA	0	expression_driven	100	STOmics-0224	CellCharter	scPNMF
STOmics0224	scPNMF	100	scvi	0.8450383261486485	NA	1	0.5043599165812503	NA	1	0.6746991213649494	NA	1	0.2560072789580141	NA	1	0.4531936687110591	NA	1	0.35460047383453663	NA	1	NA	NA	0	0.514649797599743	NA	1	NA	NA	0	expression_driven	100	STOmics-0224	scVI	scPNMF
STOmics0224	scPNMF	1000	cellcharter	0.23435189789287397	NA	1	0.9231603313811544	NA	1	0.5787561146370143	NA	1	0.6902210905334855	NA	1	0.7680283763349836	NA	1	0.7291247334342346	NA	1	NA	NA	0	0.6539404240356244	NA	1	NA	NA	0	expression_driven	1000	STOmics-0224	CellCharter	scPNMF
STOmics0224	scPNMF	1000	scvi	0.7609925883739603	NA	1	0.5598603835113026	NA	1	0.6604264859426314	NA	1	0.3397578691068519	NA	1	0.7707981676979371	NA	1	0.5552780184023944	NA	1	NA	NA	0	0.6078522521725129	NA	1	NA	NA	0	expression_driven	1000	STOmics-0224	scVI	scPNMF
STOmics0224	scPNMF	10000	cellcharter	0.3060914882950641	NA	1	0.8087355689229653	NA	1	0.5574135286090147	NA	1	0.7028087187938225	NA	1	0.7051927528789268	NA	1	0.7040007358363747	NA	1	NA	NA	0	0.6307071322226947	NA	1	NA	NA	0	expression_driven	10000	STOmics-0224	CellCharter	scPNMF
STOmics0224	scPNMF	10000	scvi	0.7023159499151472	NA	1	0.4706889677881421	NA	1	0.5865024588516446	NA	1	0.437620470282126	NA	1	0.6874862733477454	NA	1	0.5625533718149357	NA	1	NA	NA	0	0.5745279153332902	NA	1	NA	NA	0	expression_driven	10000	STOmics-0224	scVI	scPNMF
STOmics0224	scPNMF	200	cellcharter	0.41262515552295687	NA	1	0.7592922264862335	NA	1	0.5859586910045952	NA	1	0.6333737602723352	NA	1	0.6340973700966472	NA	1	0.6337355651844911	NA	1	NA	NA	0	0.6098471280945432	NA	1	NA	NA	0	expression_driven	200	STOmics-0224	CellCharter	scPNMF
STOmics0224	scPNMF	200	scvi	0.8189292119708094	NA	1	0.5792715451593092	NA	1	0.6991003785650594	NA	1	0.2804040150248261	NA	1	0.7134327773500617	NA	1	0.49691839618744393	NA	1	NA	NA	0	0.5980093873762516	NA	1	NA	NA	0	expression_driven	200	STOmics-0224	scVI	scPNMF
STOmics0224	scPNMF	2000	cellcharter	0.27246657240240535	0.01432114462200383	3	0.8274028297850716	0.01093506890023938	3	0.5499347010937385	0.01192400070879102	3	0.696826281932451	0.00502967383008331	3	0.7088234743124135	0.08354859528684792	3	0.7028248781224322	0.04161310027660788	3	NA	NA	0	0.6263797896080854	0.02296185001292511	3	NA	NA	0	expression_driven	2000	STOmics-0224	CellCharter	scPNMF
STOmics0224	scPNMF	2000	scvi	0.7819901849883113	0.00765412360424896	3	0.5702185498639858	0.01311144401542277	3	0.6761043674261485	0.00398174143323692	3	0.3548280593899645	0.01100211411280156	3	0.8253141920422861	0.05490700822169912	3	0.5900711257161253	0.02223032393713664	3	NA	NA	0	0.633087746571137	0.01042305465798525	3	NA	NA	0	expression_driven	2000	STOmics-0224	scVI	scPNMF
STOmics0224	scPNMF	500	cellcharter	0.3330108775038287	NA	1	0.8076082376257298	NA	1	0.5703095575647792	NA	1	0.6855918096299615	NA	1	0.7624898482976907	NA	1	0.724040828963826	NA	1	NA	NA	0	0.6471751932643026	NA	1	NA	NA	0	expression_driven	500	STOmics-0224	CellCharter	scPNMF
STOmics0224	scPNMF	500	scvi	0.7829627700130013	NA	1	0.6135769202308492	NA	1	0.6982698451219252	NA	1	0.35556355519518995	NA	1	0.701876945214522	NA	1	0.528720250204856	NA	1	NA	NA	0	0.6134950476633907	NA	1	NA	NA	0	expression_driven	500	STOmics-0224	scVI	scPNMF
STOmics0224	scPNMF	5000	cellcharter	0.257706431662553	NA	1	0.8044158182023484	NA	1	0.5310611249324507	NA	1	0.7045137317213483	NA	1	0.7263084392993193	NA	1	0.7154110855103338	NA	1	NA	NA	0	0.6232361052213923	NA	1	NA	NA	0	expression_driven	5000	STOmics-0224	CellCharter	scPNMF
STOmics0224	scPNMF	5000	scvi	0.7313122682220523	NA	1	0.5500168117926931	NA	1	0.6406645400073727	NA	1	0.4406822036349293	NA	1	0.7402209790190629	NA	1	0.5904515913269961	NA	1	NA	NA	0	0.6155580656671844	NA	1	NA	NA	0	expression_driven	5000	STOmics-0224	scVI	scPNMF
STOmics0224	scanpy_cell_ranger	100	cellcharter	0.6219584539570304	NA	1	0.5556108374301806	NA	1	0.5887846456936054	NA	1	0.6172678255555529	NA	1	0.5572373649000961	NA	1	0.5872525952278245	NA	1	NA	NA	0	0.588018620460715	NA	1	NA	NA	0	expression_driven	100	STOmics-0224	CellCharter	Scanpy Cell Ranger
STOmics0224	scanpy_cell_ranger	100	scvi	0.9392155734074812	NA	1	0.42573798934944423	NA	1	0.6824767813784627	NA	1	0.08268584901001642	NA	1	0.11471949492726229	NA	1	0.098702671968639355	NA	1	NA	NA	0	0.390589726673551	NA	1	NA	NA	0	expression_driven	100	STOmics-0224	scVI	Scanpy Cell Ranger
STOmics0224	scanpy_cell_ranger	1000	cellcharter	0.5488169802409668	NA	1	0.714127095911761	NA	1	0.6314720380763639	NA	1	0.6672674835629399	NA	1	0.7758789210465475	NA	1	0.7215732023047436	NA	1	NA	NA	0	0.6765226201905538	NA	1	NA	NA	0	expression_driven	1000	STOmics-0224	CellCharter	Scanpy Cell Ranger
STOmics0224	scanpy_cell_ranger	1000	scvi	0.9399794336459004	NA	1	0.5172085506681251	NA	1	0.7285939921570128	NA	1	0.1526361160269537	NA	1	0.294542190066289	NA	1	0.22358915304662136	NA	1	NA	NA	0	0.4760915726018171	NA	1	NA	NA	0	expression_driven	1000	STOmics-0224	scVI	Scanpy Cell Ranger
STOmics0224	scanpy_cell_ranger	10000	cellcharter	0.4146017170156736	NA	1	0.7878251251788402	NA	1	0.6012134210972568	NA	1	0.6897119284263017	NA	1	0.7671082642023792	NA	1	0.7284100963143405	NA	1	NA	NA	0	0.6648117587057987	NA	1	NA	NA	0	expression_driven	10000	STOmics-0224	CellCharter	Scanpy Cell Ranger
STOmics0224	scanpy_cell_ranger	10000	scvi	0.7340107253688903	NA	1	0.5109225078331503	NA	1	0.6224666166010203	NA	1	0.46203302488790743	NA	1	0.7723266178598672	NA	1	0.6171798213738873	NA	1	NA	NA	0	0.6198232189874537	NA	1	NA	NA	0	expression_driven	10000	STOmics-0224	scVI	Scanpy Cell Ranger
STOmics0224	scanpy_cell_ranger	200	cellcharter	0.5905958978788276	NA	1	0.6042049060477176	NA	1	0.5974004019632726	NA	1	0.6516409907109559	NA	1	0.716184855509167	NA	1	0.6839129231100615	NA	1	NA	NA	0	0.640656662536667	NA	1	NA	NA	0	expression_driven	200	STOmics-0224	CellCharter	Scanpy Cell Ranger
STOmics0224	scanpy_cell_ranger	200	scvi	0.9561336556621408	NA	1	0.46888493252818986	NA	1	0.7125092940951654	NA	1	0.09065989758525551	NA	1	0.17093869593354635	NA	1	0.13079929675940094	NA	1	NA	NA	0	0.4216542954272832	NA	1	NA	NA	0	expression_driven	200	STOmics-0224	scVI	Scanpy Cell Ranger
STOmics0224	scanpy_cell_ranger	2000	cellcharter	0.4793298306932709	0.03087933452316593	3	0.7308152251064571	0.00823440030216137	3	0.605072527899864	0.01705133560219381	3	0.6734479061394604	0.01042628960676576	3	0.8717199223373964	0.04865073649764561	3	0.7725839142384284	0.02231167561470582	3	NA	NA	0	0.6888282210691461	0.01653544145182299	3	NA	NA	0	expression_driven	2000	STOmics-0224	CellCharter	Scanpy Cell Ranger
STOmics0224	scanpy_cell_ranger	2000	scvi	0.9229975214681264	0.00403742033156611	3	0.5540267953380558	0.02605706838244341	3	0.738512158403091	0.01154991235851088	3	0.1852787215099384	0.02360345511647892	3	0.4468890736225199	0.03434196718030199	3	0.3160838975662291	0.02716246354314031	3	NA	NA	0	0.5272980279846601	0.01016346479161125	3	NA	NA	0	expression_driven	2000	STOmics-0224	scVI	Scanpy Cell Ranger
STOmics0224	scanpy_cell_ranger	500	cellcharter	0.5525996890991977	NA	1	0.7023823885771933	NA	1	0.6274910388381955	NA	1	0.6737015578001498	NA	1	0.7091240747840799	NA	1	0.6914128162921149	NA	1	NA	NA	0	0.6594519275651551	NA	1	NA	NA	0	expression_driven	500	STOmics-0224	CellCharter	Scanpy Cell Ranger
STOmics0224	scanpy_cell_ranger	500	scvi	0.9525524866481532	NA	1	0.5168059251168972	NA	1	0.7346792058825251	NA	1	0.13449508818184666	NA	1	0.2938530932092911	NA	1	0.2141740906955689	NA	1	NA	NA	0	0.474426648289047	NA	1	NA	NA	0	expression_driven	500	STOmics-0224	scVI	Scanpy Cell Ranger
STOmics0224	scanpy_cell_ranger	5000	cellcharter	0.4463890979911572	NA	1	0.7675140577187523	NA	1	0.6069515778549547	NA	1	0.676327483822745	NA	1	0.7406103586330319	NA	1	0.7084689212278885	NA	1	NA	NA	0	0.6577102495414215	NA	1	NA	NA	0	expression_driven	5000	STOmics-0224	CellCharter	Scanpy Cell Ranger
STOmics0224	scanpy_cell_ranger	5000	scvi	0.8271989161421098	NA	1	0.5289848310475757	NA	1	0.6780918735948427	NA	1	0.3282963921220156	NA	1	0.6112033649676014	NA	1	0.46974987854480854	NA	1	NA	NA	0	0.5739208760698256	NA	1	NA	NA	0	expression_driven	5000	STOmics-0224	scVI	Scanpy Cell Ranger
STOmics0224	scanpy_cell_ranger_batch	100	cellcharter	0.7404020295468032	NA	1	0.5307589480144976	NA	1	0.6355804887806504	NA	1	0.47069251167995274	NA	1	0.4212348583248243	NA	1	0.44596368500238853	NA	1	NA	NA	0	0.5407720868915195	NA	1	NA	NA	0	expression_driven	100	STOmics-0224	CellCharter	Scanpy Cell Ranger, batch
STOmics0224	scanpy_cell_ranger_batch	100	scvi	0.943028998036392	NA	1	0.4359919501202977	NA	1	0.6895104740783449	NA	1	0.07391482919984384	NA	1	0.11190543993943863	NA	1	0.09291013456964124	NA	1	NA	NA	0	0.39121030432399306	NA	1	NA	NA	0	expression_driven	100	STOmics-0224	scVI	Scanpy Cell Ranger, batch
STOmics0224	scanpy_cell_ranger_batch	1000	cellcharter	0.591862923531614	NA	1	0.6928959894306435	NA	1	0.6423794564811287	NA	1	0.6159039164193324	NA	1	0.6204334255867487	NA	1	0.6181686710030405	NA	1	NA	NA	0	0.6302740637420846	NA	1	NA	NA	0	expression_driven	1000	STOmics-0224	CellCharter	Scanpy Cell Ranger, batch
STOmics0224	scanpy_cell_ranger_batch	1000	scvi	0.9313114301550602	NA	1	0.5306965231668539	NA	1	0.7310039766609571	NA	1	0.17205986219652292	NA	1	0.4372943022921074	NA	1	0.30467708224431517	NA	1	NA	NA	0	0.5178405294526361	NA	1	NA	NA	0	expression_driven	1000	STOmics-0224	scVI	Scanpy Cell Ranger, batch
STOmics0224	scanpy_cell_ranger_batch	10000	cellcharter	0.42253500380487097	NA	1	0.7916766238688316	NA	1	0.6071058138368512	NA	1	0.6838483794289577	NA	1	0.6248862600877919	NA	1	0.6543673197583748	NA	1	NA	NA	0	0.630736566797613	NA	1	NA	NA	0	expression_driven	10000	STOmics-0224	CellCharter	Scanpy Cell Ranger, batch
STOmics0224	scanpy_cell_ranger_batch	10000	scvi	0.7371806059656714	NA	1	0.4461092342287851	NA	1	0.5916449200972282	NA	1	0.44209604699212407	NA	1	0.7698375671933146	NA	1	0.6059668070927193	NA	1	NA	NA	0	0.5988058635949738	NA	1	NA	NA	0	expression_driven	10000	STOmics-0224	scVI	Scanpy Cell Ranger, batch
STOmics0224	scanpy_cell_ranger_batch	200	cellcharter	0.6679119740949331	NA	1	0.5795727000344583	NA	1	0.6237423370646957	NA	1	0.5587752569488944	NA	1	0.5282544624649526	NA	1	0.5435148597069235	NA	1	NA	NA	0	0.5836285983858096	NA	1	NA	NA	0	expression_driven	200	STOmics-0224	CellCharter	Scanpy Cell Ranger, batch
STOmics0224	scanpy_cell_ranger_batch	200	scvi	0.9609203461922616	NA	1	0.44608546190472953	NA	1	0.7035029040484955	NA	1	0.09410645689562482	NA	1	0.1406112818439892	NA	1	0.117358869369807	NA	1	NA	NA	0	0.4104308867091512	NA	1	NA	NA	0	expression_driven	200	STOmics-0224	scVI	Scanpy Cell Ranger, batch
STOmics0224	scanpy_cell_ranger_batch	2000	cellcharter	0.5193908802294145	0.01718673309992172	3	0.730864447894318	0.01233232859094904	3	0.6251276640618663	0.00245354448253612	3	0.664577267538539	0.00194600229855371	3	0.711489355577715	0.0429263822113752	3	0.6880333115581271	0.022409818105065	3	NA	NA	0	0.6565804878099967	0.01030383994075493	3	NA	NA	0	expression_driven	2000	STOmics-0224	CellCharter	Scanpy Cell Ranger, batch
STOmics0224	scanpy_cell_ranger_batch	2000	scvi	0.9143415201749504	0.00629067265301618	3	0.5429808655757923	0.01242662088490019	3	0.7286611928753713	0.00638959669114539	3	0.1960510271945135	0.02397073939070035	3	0.4678090755447137	0.07037555063718019	3	0.33193005136961357	0.04484706656076668	3	NA	NA	0	0.5302956221224925	0.02343279573629248	3	NA	NA	0	expression_driven	2000	STOmics-0224	scVI	Scanpy Cell Ranger, batch
STOmics0224	scanpy_cell_ranger_batch	500	cellcharter	0.6111199340846243	NA	1	0.7059733869883809	NA	1	0.6585466605365026	NA	1	0.5887032735929009	NA	1	0.5529804364624457	NA	1	0.5708418550276733	NA	1	NA	NA	0	0.614694257782088	NA	1	NA	NA	0	expression_driven	500	STOmics-0224	CellCharter	Scanpy Cell Ranger, batch
STOmics0224	scanpy_cell_ranger_batch	500	scvi	0.9516822399196212	NA	1	0.4861823885852722	NA	1	0.7189323142524467	NA	1	0.137030067955982	NA	1	0.2932586179653509	NA	1	0.21514434296066645	NA	1	NA	NA	0	0.4670383286065566	NA	1	NA	NA	0	expression_driven	500	STOmics-0224	scVI	Scanpy Cell Ranger, batch
STOmics0224	scanpy_cell_ranger_batch	5000	cellcharter	0.4659077928817243	NA	1	0.807449147808075	NA	1	0.6366784703448997	NA	1	0.6754808954863757	NA	1	0.7140830697422709	NA	1	0.6947819826143233	NA	1	NA	NA	0	0.6657302264796114	NA	1	NA	NA	0	expression_driven	5000	STOmics-0224	CellCharter	Scanpy Cell Ranger, batch
STOmics0224	scanpy_cell_ranger_batch	5000	scvi	0.8196484687359542	NA	1	0.5612920458540719	NA	1	0.690470257295013	NA	1	0.34624428337093377	NA	1	0.5946789340983678	NA	1	0.4704616087346508	NA	1	NA	NA	0	0.5804659330148318	NA	1	NA	NA	0	expression_driven	5000	STOmics-0224	scVI	Scanpy Cell Ranger, batch
STOmics0224	scanpy_pearson	100	cellcharter	0.27949913496937784	NA	1	0.699568483339557	NA	1	0.4895338091544674	NA	1	0.7044869111302278	NA	1	0.5762459360049107	NA	1	0.6403664235675692	NA	1	NA	NA	0	0.5649501163610183	NA	1	NA	NA	0	expression_driven	100	STOmics-0224	CellCharter	Scanpy Pearson
STOmics0224	scanpy_pearson	100	scvi	0.8826604733004254	NA	1	0.46316609524605434	NA	1	0.6729132842732399	NA	1	0.22949543266638672	NA	1	0.3902383021439196	NA	1	0.3098668674051531	NA	1	NA	NA	0	0.4913900758391965	NA	1	NA	NA	0	expression_driven	100	STOmics-0224	scVI	Scanpy Pearson
STOmics0224	scanpy_pearson	1000	cellcharter	0.2557358426210981	NA	1	0.8513281394694986	NA	1	0.5535319910452984	NA	1	0.7210689153540123	NA	1	0.7644576109226476	NA	1	0.74276326313833	NA	1	NA	NA	0	0.6481476270918142	NA	1	NA	NA	0	expression_driven	1000	STOmics-0224	CellCharter	Scanpy Pearson
STOmics0224	scanpy_pearson	1000	scvi	0.8130143561118365	NA	1	0.5551009565926317	NA	1	0.684057656352234	NA	1	0.30357063909238197	NA	1	0.6818953388255409	NA	1	0.49273298895896145	NA	1	NA	NA	0	0.5883953226555978	NA	1	NA	NA	0	expression_driven	1000	STOmics-0224	scVI	Scanpy Pearson
STOmics0224	scanpy_pearson	10000	cellcharter	0.27410395531675047	NA	1	0.8759883065128377	NA	1	0.5750461309147941	NA	1	0.7082461208360932	NA	1	0.6904980711650525	NA	1	0.6993720960005728	NA	1	NA	NA	0	0.6372091134576834	NA	1	NA	NA	0	expression_driven	10000	STOmics-0224	CellCharter	Scanpy Pearson
STOmics0224	scanpy_pearson	10000	scvi	0.7061081563686156	NA	1	0.44162092756085136	NA	1	0.5738645419647335	NA	1	0.46075943033777395	NA	1	0.7491081353456601	NA	1	0.6049337828417171	NA	1	NA	NA	0	0.5893991624032253	NA	1	NA	NA	0	expression_driven	10000	STOmics-0224	scVI	Scanpy Pearson
STOmics0224	scanpy_pearson	200	cellcharter	0.29117265890851984	NA	1	0.7535335939445971	NA	1	0.5223531264265584	NA	1	0.7090344885159886	NA	1	0.6082308292119467	NA	1	0.6586326588639677	NA	1	NA	NA	0	0.5904928926452631	NA	1	NA	NA	0	expression_driven	200	STOmics-0224	CellCharter	Scanpy Pearson
STOmics0224	scanpy_pearson	200	scvi	0.8723115092609224	NA	1	0.47788286711175887	NA	1	0.6750971881863406	NA	1	0.2350284623951052	NA	1	0.3403954553724887	NA	1	0.28771195888379697	NA	1	NA	NA	0	0.4814045735350688	NA	1	NA	NA	0	expression_driven	200	STOmics-0224	scVI	Scanpy Pearson
STOmics0224	scanpy_pearson	2000	cellcharter	0.2277200211453929	0.01990030823199446	3	0.816484143012408	0.04441560827010275	3	0.5221020820789004	0.03190813322861795	3	0.7220829782573462	0.00631202152754882	3	0.7761849198287055	0.05658787764366539	3	0.7491339490430259	0.02513972253086638	3	NA	NA	0	0.6356180155609631	0.00915942325739582	3	NA	NA	0	expression_driven	2000	STOmics-0224	CellCharter	Scanpy Pearson
STOmics0224	scanpy_pearson	2000	scvi	0.787903270295106	0.02194828564278405	3	0.5940367025525713	0.0198070610203285	3	0.6909699864238387	0.01887475041979864	3	0.35462199968523506	0.02901694800412868	3	0.7624392681569122	0.03072699916374705	3	0.5585306339210736	0.02883882116587942	3	NA	NA	0	0.6247503101724562	0.0165159836912382	3	NA	NA	0	expression_driven	2000	STOmics-0224	scVI	Scanpy Pearson
STOmics0224	scanpy_pearson	500	cellcharter	0.27764917063257827	NA	1	0.7858617413520412	NA	1	0.5317554559923098	NA	1	0.713757360801532	NA	1	0.5832293525448472	NA	1	0.6484933566731896	NA	1	NA	NA	0	0.5901244063327498	NA	1	NA	NA	0	expression_driven	500	STOmics-0224	CellCharter	Scanpy Pearson
STOmics0224	scanpy_pearson	500	scvi	0.817780420980116	NA	1	0.4892805776617059	NA	1	0.653530499320911	NA	1	0.3241863587086686	NA	1	0.5684311718199917	NA	1	0.44630876526433017	NA	1	NA	NA	0	0.5499196322926205	NA	1	NA	NA	0	expression_driven	500	STOmics-0224	scVI	Scanpy Pearson
STOmics0224	scanpy_pearson	5000	cellcharter	0.19083224553034017	NA	1	0.7897789544650654	NA	1	0.4903055999977028	NA	1	0.7237924784497506	NA	1	0.737077002994309	NA	1	0.7304347407220297	NA	1	NA	NA	0	0.6103701703598663	NA	1	NA	NA	0	expression_driven	5000	STOmics-0224	CellCharter	Scanpy Pearson
STOmics0224	scanpy_pearson	5000	scvi	0.7684382199478621	NA	1	0.5486054590039429	NA	1	0.6585218394759025	NA	1	0.4119022136710451	NA	1	0.923731632325538	NA	1	0.6678169229982915	NA	1	NA	NA	0	0.663169381237097	NA	1	NA	NA	0	expression_driven	5000	STOmics-0224	scVI	Scanpy Pearson
STOmics0224	scanpy_pearson_batch	100	cellcharter	0.3532735445249657	NA	1	0.7309482257759587	NA	1	0.5421108851504622	NA	1	0.6607759015031711	NA	1	0.5877388574023135	NA	1	0.6242573794527423	NA	1	NA	NA	0	0.5831841323016023	NA	1	NA	NA	0	expression_driven	100	STOmics-0224	CellCharter	Scanpy Pearson, batch
STOmics0224	scanpy_pearson_batch	100	scvi	0.8764516650365877	NA	1	0.44352242957132826	NA	1	0.659987047303958	NA	1	0.21718145174643264	NA	1	0.32609449257157186	NA	1	0.27163797215900226	NA	1	NA	NA	0	0.46581250973148014	NA	1	NA	NA	0	expression_driven	100	STOmics-0224	scVI	Scanpy Pearson, batch
STOmics0224	scanpy_pearson_batch	1000	cellcharter	0.44075743212482305	NA	1	0.727796496265839	NA	1	0.584276964195331	NA	1	0.6468346866012006	NA	1	0.6028271192538881	NA	1	0.6248309029275443	NA	1	NA	NA	0	0.6045539335614376	NA	1	NA	NA	0	expression_driven	1000	STOmics-0224	CellCharter	Scanpy Pearson, batch
STOmics0224	scanpy_pearson_batch	1000	scvi	0.7850423202722318	NA	1	0.45813063838268786	NA	1	0.6215864793274598	NA	1	0.35559140460633615	NA	1	0.586515393143884	NA	1	0.4710533988751101	NA	1	NA	NA	0	0.546319939101285	NA	1	NA	NA	0	expression_driven	1000	STOmics-0224	scVI	Scanpy Pearson, batch
STOmics0224	scanpy_pearson_batch	10000	cellcharter	0.24537310704799495	NA	1	0.8206047857732036	NA	1	0.5329889464105992	NA	1	0.7055803335664911	NA	1	0.7091834964376269	NA	1	0.707381915002059	NA	1	NA	NA	0	0.6201854307063291	NA	1	NA	NA	0	expression_driven	10000	STOmics-0224	CellCharter	Scanpy Pearson, batch
STOmics0224	scanpy_pearson_batch	10000	scvi	0.7252600264646698	NA	1	0.5508079525041789	NA	1	0.6380339894844244	NA	1	0.4542944534530058	NA	1	0.7883728007551479	NA	1	0.6213336271040768	NA	1	NA	NA	0	0.6296838082942506	NA	1	NA	NA	0	expression_driven	10000	STOmics-0224	scVI	Scanpy Pearson, batch
STOmics0224	scanpy_pearson_batch	200	cellcharter	0.4055109782313363	NA	1	0.6900798666649259	NA	1	0.5477954224481312	NA	1	0.682783586326222	NA	1	0.7351741210244331	NA	1	0.7089788536753276	NA	1	NA	NA	0	0.6283871380617294	NA	1	NA	NA	0	expression_driven	200	STOmics-0224	CellCharter	Scanpy Pearson, batch
STOmics0224	scanpy_pearson_batch	200	scvi	0.8803636647585451	NA	1	0.4862643048105959	NA	1	0.6833139847845705	NA	1	0.2126623914817027	NA	1	0.3315354962858026	NA	1	0.27209894388375266	NA	1	NA	NA	0	0.4777064643341616	NA	1	NA	NA	0	expression_driven	200	STOmics-0224	scVI	Scanpy Pearson, batch
STOmics0224	scanpy_pearson_batch	2000	cellcharter	0.35098176597669856	0.03304319410226979	3	0.7486999421349436	0.03426263949250995	3	0.5498408540558212	0.00601070269430741	3	0.6857993221942169	0.00228633031860057	3	0.7271152876703993	0.06841824573453849	3	0.7064573049323082	0.0343345039196471	3	NA	NA	0	0.6281490794940646	0.01630770240794884	3	NA	NA	0	expression_driven	2000	STOmics-0224	CellCharter	Scanpy Pearson, batch
STOmics0224	scanpy_pearson_batch	2000	scvi	0.7748348647105742	0.00566431961185599	3	0.5074758961622824	0.02104593709490319	3	0.6411553804364283	0.01071488692439712	3	0.37898534711238424	0.01996938106388716	3	0.657754388692645	0.0196785342942218	3	0.5183698679025146	0.01870386422221312	3	NA	NA	0	0.5797626241694714	0.00748964438337258	3	NA	NA	0	expression_driven	2000	STOmics-0224	scVI	Scanpy Pearson, batch
STOmics0224	scanpy_pearson_batch	500	cellcharter	0.4131966261658391	NA	1	0.7740654809968099	NA	1	0.5936310535813245	NA	1	0.6754048302894052	NA	1	0.6129052606352068	NA	1	0.644155045462306	NA	1	NA	NA	0	0.6188930495218152	NA	1	NA	NA	0	expression_driven	500	STOmics-0224	CellCharter	Scanpy Pearson, batch
STOmics0224	scanpy_pearson_batch	500	scvi	0.8604851971748307	NA	1	0.45572367983283346	NA	1	0.6581044385038322	NA	1	0.27059782059196213	NA	1	0.41083790453784474	NA	1	0.34071786256490344	NA	1	NA	NA	0	0.4994111505343678	NA	1	NA	NA	0	expression_driven	500	STOmics-0224	scVI	Scanpy Pearson, batch
STOmics0224	scanpy_pearson_batch	5000	cellcharter	0.2667889232634587	NA	1	0.8947477025239078	NA	1	0.5807683128936832	NA	1	0.7186873080377835	NA	1	0.7886797875103083	NA	1	0.7536835477740459	NA	1	NA	NA	0	0.6672259303338646	NA	1	NA	NA	0	expression_driven	5000	STOmics-0224	CellCharter	Scanpy Pearson, batch
STOmics0224	scanpy_pearson_batch	5000	scvi	0.7487237769525938	NA	1	0.5520675763710527	NA	1	0.6503956766618233	NA	1	0.40633491199436106	NA	1	0.7632266951870037	NA	1	0.5847808035906824	NA	1	NA	NA	0	0.6175882401262529	NA	1	NA	NA	0	expression_driven	5000	STOmics-0224	scVI	Scanpy Pearson, batch
STOmics0224	scanpy_seurat	100	cellcharter	0.8203681456250704	NA	1	0.44935810191991976	NA	1	0.6348631237724951	NA	1	0.19469069240003944	NA	1	0.2152509572511515	NA	1	0.20497082482559548	NA	1	NA	NA	0	0.4199169742990453	NA	1	NA	NA	0	expression_driven	100	STOmics-0224	CellCharter	Scanpy Seurat
STOmics0224	scanpy_seurat	100	scvi	0.9218507284221072	NA	1	0.39618456955948766	NA	1	0.6590176489907974	NA	1	0.05212781322556154	NA	1	0.04748511882947531	NA	1	0.04980646602751842	NA	1	NA	NA	0	0.35441205750915794	NA	1	NA	NA	0	expression_driven	100	STOmics-0224	scVI	Scanpy Seurat
STOmics0224	scanpy_seurat	1000	cellcharter	0.4314451633275227	NA	1	0.7377446790885558	NA	1	0.5845949212080392	NA	1	0.6435471614880252	NA	1	0.799511783703042	NA	1	0.7215294725955336	NA	1	NA	NA	0	0.6530621969017865	NA	1	NA	NA	0	expression_driven	1000	STOmics-0224	CellCharter	Scanpy Seurat
STOmics0224	scanpy_seurat	1000	scvi	0.8668633901755498	NA	1	0.5578771488944418	NA	1	0.7123702695349958	NA	1	0.23831860888798	NA	1	0.6566442256351661	NA	1	0.44748141726157303	NA	1	NA	NA	0	0.5799258433982845	NA	1	NA	NA	0	expression_driven	1000	STOmics-0224	scVI	Scanpy Seurat
STOmics0224	scanpy_seurat	10000	cellcharter	0.2953028077812266	NA	1	0.8336524204677032	NA	1	0.5644776141244648	NA	1	0.692772499028174	NA	1	0.7448086496170456	NA	1	0.7187905743226097	NA	1	NA	NA	0	0.6416340942235372	NA	1	NA	NA	0	expression_driven	10000	STOmics-0224	CellCharter	Scanpy Seurat
STOmics0224	scanpy_seurat	10000	scvi	0.7347891610333498	NA	1	0.45304894618607783	NA	1	0.5939190536097139	NA	1	0.4736511505871334	NA	1	0.7857275861831309	NA	1	0.6296893683851321	NA	1	NA	NA	0	0.611804210997423	NA	1	NA	NA	0	expression_driven	10000	STOmics-0224	scVI	Scanpy Seurat
STOmics0224	scanpy_seurat	200	cellcharter	0.6875113182670325	NA	1	0.5719905152533776	NA	1	0.6297509167602051	NA	1	0.44646005256339727	NA	1	0.5994331716527419	NA	1	0.5229466121080696	NA	1	NA	NA	0	0.5763487644341374	NA	1	NA	NA	0	expression_driven	200	STOmics-0224	CellCharter	Scanpy Seurat
STOmics0224	scanpy_seurat	200	scvi	0.9357107323238584	NA	1	0.43789129250318715	NA	1	0.6868010124135228	NA	1	0.09781645827705648	NA	1	0.225401606664744	NA	1	0.16160903247090025	NA	1	NA	NA	0	0.4242050224422115	NA	1	NA	NA	0	expression_driven	200	STOmics-0224	scVI	Scanpy Seurat
STOmics0224	scanpy_seurat	2000	cellcharter	0.3617163826106224	0.0275467604583482	3	0.8109507849324009	0.05050143912257265	3	0.5863335837715117	0.0167277245433136	3	0.6815854973381271	0.0118470562947596	3	0.8025688429843729	0.05755111773022378	3	0.7420771701612501	0.03294934211320902	3	NA	NA	0	0.6642053769663808	0.00812550513656852	3	NA	NA	0	expression_driven	2000	STOmics-0224	CellCharter	Scanpy Seurat
STOmics0224	scanpy_seurat	2000	scvi	0.823980644612103	0.00706517611431161	3	0.5620217377278544	0.01492919796282183	3	0.6930011911699786	0.00916478244518534	3	0.31138546309719617	0.02109623743564444	3	0.7320434003143329	0.08691862780673287	3	0.5217144317057646	0.05353276392572367	3	NA	NA	0	0.6073578114378716	0.02644205222722333	3	NA	NA	0	expression_driven	2000	STOmics-0224	scVI	Scanpy Seurat
STOmics0224	scanpy_seurat	500	cellcharter	0.5197905808290608	NA	1	0.6911174686378319	NA	1	0.6054540247334463	NA	1	0.6485466695716938	NA	1	0.7680111672613472	NA	1	0.7082789184165206	NA	1	NA	NA	0	0.6568664715749835	NA	1	NA	NA	0	expression_driven	500	STOmics-0224	CellCharter	Scanpy Seurat
STOmics0224	scanpy_seurat	500	scvi	0.922972176120195	NA	1	0.5155422495758157	NA	1	0.7192572128480054	NA	1	0.18685179767959173	NA	1	0.5930304565634261	NA	1	0.3899411271215089	NA	1	NA	NA	0	0.5545991699847571	NA	1	NA	NA	0	expression_driven	500	STOmics-0224	scVI	Scanpy Seurat
STOmics0224	scanpy_seurat	5000	cellcharter	0.28011197006946925	NA	1	0.8126220150577996	NA	1	0.5463669925636344	NA	1	0.692294909795249	NA	1	0.8323475429037146	NA	1	0.7623212263494819	NA	1	NA	NA	0	0.6543441094565581	NA	1	NA	NA	0	expression_driven	5000	STOmics-0224	CellCharter	Scanpy Seurat
STOmics0224	scanpy_seurat	5000	scvi	0.7684202845298147	NA	1	0.533527171786087	NA	1	0.6509737281579508	NA	1	0.3909668854441547	NA	1	0.848485111623977	NA	1	0.6197259985340658	NA	1	NA	NA	0	0.6353498633460084	NA	1	NA	NA	0	expression_driven	5000	STOmics-0224	scVI	Scanpy Seurat
STOmics0224	scanpy_seurat_batch	100	cellcharter	0.5138491852289094	NA	1	0.6519156857045412	NA	1	0.5828824354667252	NA	1	0.6388141656219805	NA	1	0.7760707548181229	NA	1	0.7074424602200517	NA	1	NA	NA	0	0.6451624478433885	NA	1	NA	NA	0	expression_driven	100	STOmics-0224	CellCharter	Scanpy Seurat, batch
STOmics0224	scanpy_seurat_batch	100	scvi	0.933991177134418	NA	1	0.5150819421447439	NA	1	0.724536559639581	NA	1	0.14183380511307095	NA	1	0.3044033925529438	NA	1	0.2231185988330074	NA	1	NA	NA	0	0.47382757923629415	NA	1	NA	NA	0	expression_driven	100	STOmics-0224	scVI	Scanpy Seurat, batch
STOmics0224	scanpy_seurat_batch	1000	cellcharter	0.3405297580917866	NA	1	0.7929568234748314	NA	1	0.566743290783309	NA	1	0.6859240598009162	NA	1	0.8567092997657366	NA	1	0.7713166797833264	NA	1	NA	NA	0	0.6690299852833177	NA	1	NA	NA	0	expression_driven	1000	STOmics-0224	CellCharter	Scanpy Seurat, batch
STOmics0224	scanpy_seurat_batch	1000	scvi	0.8533763269966781	NA	1	0.5851281516316764	NA	1	0.7192522393141773	NA	1	0.278337941315654	NA	1	0.6761101289059007	NA	1	0.4772240351107774	NA	1	NA	NA	0	0.5982381372124773	NA	1	NA	NA	0	expression_driven	1000	STOmics-0224	scVI	Scanpy Seurat, batch
STOmics0224	scanpy_seurat_batch	10000	cellcharter	0.304768699517081	NA	1	0.7998130086639972	NA	1	0.5522908540905391	NA	1	0.6993247413399771	NA	1	0.658736517940169	NA	1	0.679030629640073	NA	1	NA	NA	0	0.6156607418653061	NA	1	NA	NA	0	expression_driven	10000	STOmics-0224	CellCharter	Scanpy Seurat, batch
STOmics0224	scanpy_seurat_batch	10000	scvi	0.7502893737697641	NA	1	0.524253943441562	NA	1	0.637271658605663	NA	1	0.4391194964854277	NA	1	0.7885171776268576	NA	1	0.6138183370561426	NA	1	NA	NA	0	0.6255449978309029	NA	1	NA	NA	0	expression_driven	10000	STOmics-0224	scVI	Scanpy Seurat, batch
STOmics0224	scanpy_seurat_batch	200	cellcharter	0.4429173579731408	NA	1	0.7310560897543212	NA	1	0.586986723863731	NA	1	0.64719964059179	NA	1	0.68135347172418	NA	1	0.6642765561579851	NA	1	NA	NA	0	0.625631640010858	NA	1	NA	NA	0	expression_driven	200	STOmics-0224	CellCharter	Scanpy Seurat, batch
STOmics0224	scanpy_seurat_batch	200	scvi	0.9156159722556668	NA	1	0.5400308912218613	NA	1	0.727823431738764	NA	1	0.2024765064018624	NA	1	0.5807160570636143	NA	1	0.3915962817327384	NA	1	NA	NA	0	0.5597098567357511	NA	1	NA	NA	0	expression_driven	200	STOmics-0224	scVI	Scanpy Seurat, batch
STOmics0224	scanpy_seurat_batch	2000	cellcharter	0.3130268621098254	0.01790281602347942	3	0.8119284770666391	0.04017858287663353	3	0.5624776695882322	0.01302716772473415	3	0.6963038656822228	0.00428974612254364	3	0.7184381909314314	0.02791451207948863	3	0.707371028306827	0.01191499506303386	3	NA	NA	0	0.6349243489475297	0.01246998926743911	3	NA	NA	0	expression_driven	2000	STOmics-0224	CellCharter	Scanpy Seurat, batch
STOmics0224	scanpy_seurat_batch	2000	scvi	0.8140575603221128	0.01770623218075237	3	0.5641765358793519	0.01276170654652823	3	0.6891170481007324	0.01424739803003499	3	0.33518612022480826	0.01820012613862638	3	0.66067725322288	0.03814416388267751	3	0.4979316867238441	0.02258774143307641	3	NA	NA	0	0.5935243674122882	0.00822570733197122	3	NA	NA	0	expression_driven	2000	STOmics-0224	scVI	Scanpy Seurat, batch
STOmics0224	scanpy_seurat_batch	500	cellcharter	0.38128940461513855	NA	1	0.7915299579589612	NA	1	0.5864096812870498	NA	1	0.6728067057190524	NA	1	0.5416892727539937	NA	1	0.607247989236523	NA	1	NA	NA	0	0.5968288352617864	NA	1	NA	NA	0	expression_driven	500	STOmics-0224	CellCharter	Scanpy Seurat, batch
STOmics0224	scanpy_seurat_batch	500	scvi	0.8782043976264038	NA	1	0.5964284902610265	NA	1	0.7373164439437152	NA	1	0.23248191745702895	NA	1	0.5681635132829352	NA	1	0.4003227153699821	NA	1	NA	NA	0	0.5688195796568487	NA	1	NA	NA	0	expression_driven	500	STOmics-0224	scVI	Scanpy Seurat, batch
STOmics0224	scanpy_seurat_batch	5000	cellcharter	0.30400417781689254	NA	1	0.8451032767049833	NA	1	0.5745537272609379	NA	1	0.6976496240830397	NA	1	0.7118889169834649	NA	1	0.7047692705332522	NA	1	NA	NA	0	0.639661498897095	NA	1	NA	NA	0	expression_driven	5000	STOmics-0224	CellCharter	Scanpy Seurat, batch
STOmics0224	scanpy_seurat_batch	5000	scvi	0.778480822968354	NA	1	0.5239385813591309	NA	1	0.6512097021637424	NA	1	0.39148791826942153	NA	1	0.7712164081866694	NA	1	0.5813521632280454	NA	1	NA	NA	0	0.6162809326958939	NA	1	NA	NA	0	expression_driven	5000	STOmics-0224	scVI	Scanpy Seurat, batch
STOmics0224	scanpy_seurat_v3	100	cellcharter	0.4054004781376314	NA	1	0.6548648337532592	NA	1	0.5301326559454453	NA	1	0.6685030014348562	NA	1	0.6820773458929227	NA	1	0.6752901736638894	NA	1	NA	NA	0	0.6027114148046674	NA	1	NA	NA	0	expression_driven	100	STOmics-0224	CellCharter	Scanpy Seurat v3
STOmics0224	scanpy_seurat_v3	100	scvi	0.8898555210130522	NA	1	0.49270287974642046	NA	1	0.6912792003797363	NA	1	0.19928234619659133	NA	1	0.4409905592925683	NA	1	0.32013645274457986	NA	1	NA	NA	0	0.5057078265621581	NA	1	NA	NA	0	expression_driven	100	STOmics-0224	scVI	Scanpy Seurat v3
STOmics0224	scanpy_seurat_v3	1000	cellcharter	0.37885391600255014	NA	1	0.7703158658682283	NA	1	0.5745848909353892	NA	1	0.6879662560442125	NA	1	0.7195953900510293	NA	1	0.7037808230476209	NA	1	NA	NA	0	0.639182856991505	NA	1	NA	NA	0	expression_driven	1000	STOmics-0224	CellCharter	Scanpy Seurat v3
STOmics0224	scanpy_seurat_v3	1000	scvi	0.7985461043756088	NA	1	0.554265621125273	NA	1	0.6764058627504409	NA	1	0.3976742086027845	NA	1	0.4797254540023402	NA	1	0.4386998313025623	NA	1	NA	NA	0	0.5575528470265017	NA	1	NA	NA	0	expression_driven	1000	STOmics-0224	scVI	Scanpy Seurat v3
STOmics0224	scanpy_seurat_v3	10000	cellcharter	0.42709397283156225	NA	1	0.7498743553900111	NA	1	0.5884841641107867	NA	1	0.7091415552287209	NA	1	0.6590040213379624	NA	1	0.6840727882833417	NA	1	NA	NA	0	0.6362784761970642	NA	1	NA	NA	0	expression_driven	10000	STOmics-0224	CellCharter	Scanpy Seurat v3
STOmics0224	scanpy_seurat_v3	10000	scvi	0.2509297730891682	NA	1	0.4004630483930573	NA	1	0.3256964107411127	NA	1	0.49871165726432326	NA	1	0.596140536005793	NA	1	0.5474260966350581	NA	1	NA	NA	0	0.4365612536880854	NA	1	NA	NA	0	expression_driven	10000	STOmics-0224	scVI	Scanpy Seurat v3
STOmics0224	scanpy_seurat_v3	200	cellcharter	0.4114981155196421	NA	1	0.6875423604273506	NA	1	0.5495202379734964	NA	1	0.6520447167409307	NA	1	0.6741321117087299	NA	1	0.6630884142248303	NA	1	NA	NA	0	0.6063043260991634	NA	1	NA	NA	0	expression_driven	200	STOmics-0224	CellCharter	Scanpy Seurat v3
STOmics0224	scanpy_seurat_v3	200	scvi	0.8968703448715765	NA	1	0.48836240931346314	NA	1	0.6926163770925198	NA	1	0.20580927925343737	NA	1	0.3498873222713694	NA	1	0.2778483007624034	NA	1	NA	NA	0	0.4852323389274616	NA	1	NA	NA	0	expression_driven	200	STOmics-0224	scVI	Scanpy Seurat v3
STOmics0224	scanpy_seurat_v3	2000	cellcharter	0.4037936081388392	0.01532890967694297	3	0.7759314060996694	0.02164835929327749	3	0.5898625071192543	0.00415244930173049	3	0.7016393850780523	0.01334114489001145	3	0.6947914292104055	0.06967406186166605	3	0.6982154071442289	0.04149789785941949	3	NA	NA	0	0.6440389571317416	0.02204445376666564	3	NA	NA	0	expression_driven	2000	STOmics-0224	CellCharter	Scanpy Seurat v3
STOmics0224	scanpy_seurat_v3	2000	scvi	0.7002300848179773	0.11605401655557249	3	0.45261075241470383	0.03352938455444821	3	0.5764204186163405	0.06741569991638885	3	0.4977039391208444	0.0443026351220896	3	0.6462806725621303	0.03083838552553615	3	0.5719923058414874	0.0296452188249582	3	NA	NA	0	0.5742063622289139	0.01901731810511443	3	NA	NA	0	expression_driven	2000	STOmics-0224	scVI	Scanpy Seurat v3
STOmics0224	scanpy_seurat_v3	500	cellcharter	0.46603837205987264	NA	1	0.7041279789914539	NA	1	0.5850831755256632	NA	1	0.6702854293736222	NA	1	0.7451592908857197	NA	1	0.7077223601296709	NA	1	NA	NA	0	0.6464027678276671	NA	1	NA	NA	0	expression_driven	500	STOmics-0224	CellCharter	Scanpy Seurat v3
STOmics0224	scanpy_seurat_v3	500	scvi	0.8921675631080657	NA	1	0.49634729770094954	NA	1	0.6942574304045076	NA	1	0.25089785720752406	NA	1	0.3835549023667956	NA	1	0.31722637978715984	NA	1	NA	NA	0	0.5057419050958337	NA	1	NA	NA	0	expression_driven	500	STOmics-0224	scVI	Scanpy Seurat v3
STOmics0224	scanpy_seurat_v3	5000	cellcharter	0.4144646149721595	NA	1	0.8264571178719545	NA	1	0.620460866422057	NA	1	0.7157923278712216	NA	1	0.6849398033811653	NA	1	0.7003660656261934	NA	1	NA	NA	0	0.6604134660241252	NA	1	NA	NA	0	expression_driven	5000	STOmics-0224	CellCharter	Scanpy Seurat v3
STOmics0224	scanpy_seurat_v3	5000	scvi	0.6568220738361619	NA	1	0.4447256787688155	NA	1	0.5507738763024888	NA	1	0.5162219732447819	NA	1	0.7026004366694099	NA	1	0.6094112049570959	NA	1	NA	NA	0	0.5800925406297923	NA	1	NA	NA	0	expression_driven	5000	STOmics-0224	scVI	Scanpy Seurat v3
STOmics0224	scanpy_seurat_v3_batch	100	cellcharter	0.5259835904135868	NA	1	0.6418323668693156	NA	1	0.5839079786414512	NA	1	0.604824091886877	NA	1	0.5940644920282162	NA	1	0.5994442919575467	NA	1	NA	NA	0	0.5916761352994989	NA	1	NA	NA	0	expression_driven	100	STOmics-0224	CellCharter	Scanpy Seurat v3, batch
STOmics0224	scanpy_seurat_v3_batch	100	scvi	0.883446190788909	NA	1	0.43958452892341726	NA	1	0.6615153598561632	NA	1	0.15259837153183484	NA	1	0.2331968802431133	NA	1	0.19289762588747408	NA	1	NA	NA	0	0.4272064928718186	NA	1	NA	NA	0	expression_driven	100	STOmics-0224	scVI	Scanpy Seurat v3, batch
STOmics0224	scanpy_seurat_v3_batch	1000	cellcharter	0.47444223459318097	NA	1	0.7110508356955618	NA	1	0.5927465351443714	NA	1	0.6484721660603647	NA	1	0.7961624609772435	NA	1	0.7223173135188041	NA	1	NA	NA	0	0.6575319243315878	NA	1	NA	NA	0	expression_driven	1000	STOmics-0224	CellCharter	Scanpy Seurat v3, batch
STOmics0224	scanpy_seurat_v3_batch	1000	scvi	0.8729464742360702	NA	1	0.524008077440224	NA	1	0.6984772758381471	NA	1	0.2514000859367891	NA	1	0.45317504142371096	NA	1	0.35228756368025005	NA	1	NA	NA	0	0.5253824197591985	NA	1	NA	NA	0	expression_driven	1000	STOmics-0224	scVI	Scanpy Seurat v3, batch
STOmics0224	scanpy_seurat_v3_batch	10000	cellcharter	0.4180511154922368	NA	1	0.760029167176806	NA	1	0.5890401413345214	NA	1	0.7278921938186397	NA	1	0.7000839424312273	NA	1	0.7139880681249335	NA	1	NA	NA	0	0.6515141047297275	NA	1	NA	NA	0	expression_driven	10000	STOmics-0224	CellCharter	Scanpy Seurat v3, batch
STOmics0224	scanpy_seurat_v3_batch	10000	scvi	0.34728551224774995	NA	1	0.5133244909515069	NA	1	0.4303050015996284	NA	1	0.6110681394887579	NA	1	0.7528398437178934	NA	1	0.6819539916033257	NA	1	NA	NA	0	0.556129496601477	NA	1	NA	NA	0	expression_driven	10000	STOmics-0224	scVI	Scanpy Seurat v3, batch
STOmics0224	scanpy_seurat_v3_batch	200	cellcharter	0.4791961328388618	NA	1	0.6732230728194706	NA	1	0.5762096028291662	NA	1	0.6634244294912506	NA	1	0.8419072045634246	NA	1	0.7526658170273376	NA	1	NA	NA	0	0.6644377099282519	NA	1	NA	NA	0	expression_driven	200	STOmics-0224	CellCharter	Scanpy Seurat v3, batch
STOmics0224	scanpy_seurat_v3_batch	200	scvi	0.9048026298218212	NA	1	0.4599131861317829	NA	1	0.6823579079768021	NA	1	0.2066139458334736	NA	1	0.41962877899160533	NA	1	0.31312136241253946	NA	1	NA	NA	0	0.4977396351946708	NA	1	NA	NA	0	expression_driven	200	STOmics-0224	scVI	Scanpy Seurat v3, batch
STOmics0224	scanpy_seurat_v3_batch	2000	cellcharter	0.4603176474804809	0.01135078143533939	3	0.7167457327963961	0.01289459989989728	3	0.5885316901384385	0.01025986384794073	3	0.6833571679633685	0.0099606595726194	3	0.8334555108764673	0.0310748253017149	3	0.758406339419918	0.0204941853701616	3	NA	NA	0	0.6734690147791783	0.01365851526555758	3	NA	NA	0	expression_driven	2000	STOmics-0224	CellCharter	Scanpy Seurat v3, batch
STOmics0224	scanpy_seurat_v3_batch	2000	scvi	0.8355480786871033	0.01089398178672562	3	0.5438089059540383	0.00705061919876536	3	0.6896784923205709	0.00862703583166784	3	0.3305942493259404	0.01415866219195146	3	0.6221791496199441	0.06715088353309423	3	0.47638669947294227	0.03619667256291269	3	NA	NA	0	0.5830325958967566	0.01736700199706856	3	NA	NA	0	expression_driven	2000	STOmics-0224	scVI	Scanpy Seurat v3, batch
STOmics0224	scanpy_seurat_v3_batch	500	cellcharter	0.46446446098912914	NA	1	0.7875302220804525	NA	1	0.6259973415347908	NA	1	0.6663551053693914	NA	1	0.7914908435647487	NA	1	0.72892297446707	NA	1	NA	NA	0	0.6774601580009304	NA	1	NA	NA	0	expression_driven	500	STOmics-0224	CellCharter	Scanpy Seurat v3, batch
STOmics0224	scanpy_seurat_v3_batch	500	scvi	0.8855532588150856	NA	1	0.5286669221679863	NA	1	0.707110090491536	NA	1	0.22517426024360696	NA	1	0.5155161099013408	NA	1	0.3703451850724739	NA	1	NA	NA	0	0.5387276377820049	NA	1	NA	NA	0	expression_driven	500	STOmics-0224	scVI	Scanpy Seurat v3, batch
STOmics0224	scanpy_seurat_v3_batch	5000	cellcharter	0.3814148920855134	NA	1	0.8007449284957248	NA	1	0.591079910290619	NA	1	0.6957048705979854	NA	1	0.6974262320336739	NA	1	0.6965655513158296	NA	1	NA	NA	0	0.6438227308032243	NA	1	NA	NA	0	expression_driven	5000	STOmics-0224	CellCharter	Scanpy Seurat v3, batch
STOmics0224	scanpy_seurat_v3_batch	5000	scvi	0.7857740371093991	NA	1	0.5322075145601082	NA	1	0.6589907758347536	NA	1	0.4662267342660205	NA	1	0.7875527148744216	NA	1	0.6268897245702211	NA	1	NA	NA	0	0.6429402502024874	NA	1	NA	NA	0	expression_driven	5000	STOmics-0224	scVI	Scanpy Seurat v3, batch
STOmics0224	scry	100	cellcharter	0.3184055704697701	NA	1	0.7377780563607541	NA	1	0.5280918134152621	NA	1	0.6723712503743337	NA	1	0.956096969793112	NA	1	0.8142341100837229	NA	1	NA	NA	0	0.6711629617494925	NA	1	NA	NA	0	expression_driven	100	STOmics-0224	CellCharter	scry
STOmics0224	scry	100	scvi	0.8278913761698865	NA	1	0.515721635016403	NA	1	0.6718065055931448	NA	1	0.3066008528155282	NA	1	0.6444168941985295	NA	1	0.47550887350702886	NA	1	NA	NA	0	0.5736576895500869	NA	1	NA	NA	0	expression_driven	100	STOmics-0224	scVI	scry
STOmics0224	scry	1000	cellcharter	0.3467943770920172	NA	1	0.7647861779536942	NA	1	0.5557902775228557	NA	1	0.7137184338549036	NA	1	0.7370323209960896	NA	1	0.7253753774254966	NA	1	NA	NA	0	0.6405828274741762	NA	1	NA	NA	0	expression_driven	1000	STOmics-0224	CellCharter	scry
STOmics0224	scry	1000	scvi	0.7372510079607271	NA	1	0.4936340367594134	NA	1	0.6154425223600702	NA	1	0.4600764607432668	NA	1	0.7388526790790068	NA	1	0.5994645699111367	NA	1	NA	NA	0	0.6074535461356034	NA	1	NA	NA	0	expression_driven	1000	STOmics-0224	scVI	scry
STOmics0224	scry	10000	cellcharter	0.4495874871326344	NA	1	0.7619029262206374	NA	1	0.6057452066766359	NA	1	0.7176792577956833	NA	1	0.6501288618798797	NA	1	0.6839040598377815	NA	1	NA	NA	0	0.6448246332572087	NA	1	NA	NA	0	expression_driven	10000	STOmics-0224	CellCharter	scry
STOmics0224	scry	10000	scvi	0.5020889473957657	NA	1	0.32929970965324534	NA	1	0.4156943285245055	NA	1	0.5291692515978038	NA	1	0.6259587635427992	NA	1	0.5775640075703015	NA	1	NA	NA	0	0.4966291680474035	NA	1	NA	NA	0	expression_driven	10000	STOmics-0224	scVI	scry
STOmics0224	scry	200	cellcharter	0.350874772681437	NA	1	0.7557427275235803	NA	1	0.5533087501025087	NA	1	0.6847393951245003	NA	1	0.8474084317977141	NA	1	0.7660739134611072	NA	1	NA	NA	0	0.6596913317818079	NA	1	NA	NA	0	expression_driven	200	STOmics-0224	CellCharter	scry
STOmics0224	scry	200	scvi	0.7794348196626308	NA	1	0.4659615518844532	NA	1	0.6226981857735421	NA	1	0.3844881640738149	NA	1	0.762575498606788	NA	1	0.5735318313403015	NA	1	NA	NA	0	0.5981150085569218	NA	1	NA	NA	0	expression_driven	200	STOmics-0224	scVI	scry
STOmics0224	scry	2000	cellcharter	0.3668573977705451	0.00220966882812843	3	0.7847455517341005	0.03877877915453179	3	0.5758014747523228	0.02017371258888644	3	0.7035261281675734	0.00774419773353189	3	0.6623086987474797	0.04299712058691518	3	0.6829174134575267	0.01764349602889977	3	NA	NA	0	0.6293594441049247	0.01846115779134112	3	NA	NA	0	expression_driven	2000	STOmics-0224	CellCharter	scry
STOmics0224	scry	2000	scvi	0.7189874618718827	0.0235365963145918	3	0.4077913760646539	0.02291341509098649	3	0.5633894189682682	0.00817020988381533	3	0.48971621853871167	0.01256064541648585	3	0.7552688962414223	0.03887946307860752	3	0.6224925573900669	0.01451709205283956	3	NA	NA	0	0.5929409881791676	0.00766608574425818	3	NA	NA	0	expression_driven	2000	STOmics-0224	scVI	scry
STOmics0224	scry	500	cellcharter	0.3351245073747114	NA	1	0.7682429609014251	NA	1	0.5516837341380683	NA	1	0.6985737259790975	NA	1	0.7013413088997132	NA	1	0.6999575174394054	NA	1	NA	NA	0	0.6258206257887369	NA	1	NA	NA	0	expression_driven	500	STOmics-0224	CellCharter	scry
STOmics0224	scry	500	scvi	0.7623550347037369	NA	1	0.5134344644033574	NA	1	0.6378947495535472	NA	1	0.4344254104520626	NA	1	0.7298971689021017	NA	1	0.5821612896770821	NA	1	NA	NA	0	0.6100280196153147	NA	1	NA	NA	0	expression_driven	500	STOmics-0224	scVI	scry
STOmics0224	scry	5000	cellcharter	0.38363050764673856	NA	1	0.7495008249573413	NA	1	0.56656566630204	NA	1	0.6920784141265816	NA	1	0.6627234057229454	NA	1	0.6774009099247635	NA	1	NA	NA	0	0.6219832881134018	NA	1	NA	NA	0	expression_driven	5000	STOmics-0224	CellCharter	scry
STOmics0224	scry	5000	scvi	0.7022063766442184	NA	1	0.3823896678283687	NA	1	0.5422980222362935	NA	1	0.4895526990044506	NA	1	0.6549765885781698	NA	1	0.5722646437913101	NA	1	NA	NA	0	0.5572813330138018	NA	1	NA	NA	0	expression_driven	5000	STOmics-0224	scVI	scry
STOmics0224	seurat_disp	100	cellcharter	0.6397245661524957	NA	1	0.5621034213820117	NA	1	0.6009139937672537	NA	1	0.5843946975738602	NA	1	0.5910906459702245	NA	1	0.5877426717720424	NA	1	NA	NA	0	0.594328332769648	NA	1	NA	NA	0	expression_driven	100	STOmics-0224	CellCharter	Seurat Dispersion
STOmics0224	seurat_disp	100	scvi	0.8679803859192667	NA	1	0.4167554282639882	NA	1	0.6423679070916275	NA	1	0.246932489488547	NA	1	0.4359831557303183	NA	1	0.34145782260943264	NA	1	NA	NA	0	0.4919128648505301	NA	1	NA	NA	0	expression_driven	100	STOmics-0224	scVI	Seurat Dispersion
STOmics0224	seurat_disp	1000	cellcharter	0.31814651790897475	NA	1	0.7854468762759182	NA	1	0.5517966970924465	NA	1	0.6787180736020769	NA	1	0.768353019089522	NA	1	0.7235355463457995	NA	1	NA	NA	0	0.6376661217191231	NA	1	NA	NA	0	expression_driven	1000	STOmics-0224	CellCharter	Seurat Dispersion
STOmics0224	seurat_disp	1000	scvi	0.7160831252075313	NA	1	0.45680124264152255	NA	1	0.5864421839245268	NA	1	0.4288459532821262	NA	1	0.6834131280598577	NA	1	0.556129540670992	NA	1	NA	NA	0	0.5712858622977595	NA	1	NA	NA	0	expression_driven	1000	STOmics-0224	scVI	Seurat Dispersion
STOmics0224	seurat_disp	10000	cellcharter	0.30042428682095856	NA	1	0.7789396920123778	NA	1	0.5396819894166682	NA	1	0.7093589591604853	NA	1	0.6842682414116463	NA	1	0.6968136002860659	NA	1	NA	NA	0	0.618247794851367	NA	1	NA	NA	0	expression_driven	10000	STOmics-0224	CellCharter	Seurat Dispersion
STOmics0224	seurat_disp	10000	scvi	0.5725582040718524	NA	1	0.3835239954484106	NA	1	0.47804109976013154	NA	1	0.5232937316373133	NA	1	0.6552104362342365	NA	1	0.5892520839357749	NA	1	NA	NA	0	0.5336465918479532	NA	1	NA	NA	0	expression_driven	10000	STOmics-0224	scVI	Seurat Dispersion
STOmics0224	seurat_disp	200	cellcharter	0.47505439161573254	NA	1	0.6048923686546899	NA	1	0.5399733801352112	NA	1	0.6489881687415825	NA	1	0.5682417945372245	NA	1	0.6086149816394035	NA	1	NA	NA	0	0.5742941808873074	NA	1	NA	NA	0	expression_driven	200	STOmics-0224	CellCharter	Seurat Dispersion
STOmics0224	seurat_disp	200	scvi	0.8558788483030884	NA	1	0.4266150670735516	NA	1	0.64124695768832	NA	1	0.3018187712625188	NA	1	0.5118619259042727	NA	1	0.4068403485833958	NA	1	NA	NA	0	0.5240436531358579	NA	1	NA	NA	0	expression_driven	200	STOmics-0224	scVI	Seurat Dispersion
STOmics0224	seurat_disp	2000	cellcharter	0.28369866211245687	0.04705368011314724	3	0.8031726490505028	0.01113039697234175	3	0.5434356555814799	0.01835274694279703	3	0.7002311633894956	0.01067288548722528	3	0.7737059937398	0.07540554921702627	3	0.7369685785646478	0.03761318014807428	3	NA	NA	0	0.6402021170730638	0.01013866938419321	3	NA	NA	0	expression_driven	2000	STOmics-0224	CellCharter	Seurat Dispersion
STOmics0224	seurat_disp	2000	scvi	0.7741256609783504	0.01928830159694048	3	0.5607171707824795	0.02351667863102821	3	0.6674214158804149	0.01993038894978794	3	0.38189862851613743	0.04394850212937686	3	0.858987086520831	0.04627575560684512	3	0.6204428575184843	0.02569581561697367	3	NA	NA	0	0.6439321366994496	0.01481054392793832	3	NA	NA	0	expression_driven	2000	STOmics-0224	scVI	Seurat Dispersion
STOmics0224	seurat_disp	500	cellcharter	0.4224849376273135	NA	1	0.6924375063448679	NA	1	0.5574612219860907	NA	1	0.6707341233415077	NA	1	0.7673689077326292	NA	1	0.7190515155370685	NA	1	NA	NA	0	0.6382563687615797	NA	1	NA	NA	0	expression_driven	500	STOmics-0224	CellCharter	Seurat Dispersion
STOmics0224	seurat_disp	500	scvi	0.796229747640324	NA	1	0.4304539082939635	NA	1	0.6133418279671438	NA	1	0.38300735213641185	NA	1	0.625122891097641	NA	1	0.5040651216170264	NA	1	NA	NA	0	0.5587034747920852	NA	1	NA	NA	0	expression_driven	500	STOmics-0224	scVI	Seurat Dispersion
STOmics0224	seurat_disp	5000	cellcharter	0.23586408763414632	NA	1	0.854572032611961	NA	1	0.5452180601230536	NA	1	0.7160611504067118	NA	1	0.7329987768206594	NA	1	0.7245299636136856	NA	1	NA	NA	0	0.6348740118683696	NA	1	NA	NA	0	expression_driven	5000	STOmics-0224	CellCharter	Seurat Dispersion
STOmics0224	seurat_disp	5000	scvi	0.7374015799053804	NA	1	0.5091357434790903	NA	1	0.6232686616922354	NA	1	0.44260072753284785	NA	1	0.8696085331317398	NA	1	0.6561046303322938	NA	1	NA	NA	0	0.6396866460122645	NA	1	NA	NA	0	expression_driven	5000	STOmics-0224	scVI	Seurat Dispersion
STOmics0224	seurat_mvp	100	cellcharter	0.597309167036761	NA	1	0.5707070180261223	NA	1	0.5840080925314417	NA	1	0.5963989835394786	NA	1	0.6705969051282512	NA	1	0.6334979443338649	NA	1	NA	NA	0	0.6087530184326533	NA	1	NA	NA	0	expression_driven	100	STOmics-0224	CellCharter	Seurat MVP
STOmics0224	seurat_mvp	100	scvi	0.9155735117038656	NA	1	0.4491957263590613	NA	1	0.6823846190314634	NA	1	0.17154078122989147	NA	1	0.32835604852001254	NA	1	0.249948414874952	NA	1	NA	NA	0	0.4661665169532077	NA	1	NA	NA	0	expression_driven	100	STOmics-0224	scVI	Seurat MVP
STOmics0224	seurat_mvp	1000	cellcharter	0.3533316822637347	NA	1	0.7510894673619373	NA	1	0.552210574812836	NA	1	0.6658353926907926	NA	1	0.5945775265699533	NA	1	0.6302064596303729	NA	1	NA	NA	0	0.5912085172216044	NA	1	NA	NA	0	expression_driven	1000	STOmics-0224	CellCharter	Seurat MVP
STOmics0224	seurat_mvp	1000	scvi	0.8181569048165072	NA	1	0.5605263231920502	NA	1	0.6893416140042787	NA	1	0.3392947140181782	NA	1	0.7714898662052043	NA	1	0.5553922901116912	NA	1	NA	NA	0	0.622366952057985	NA	1	NA	NA	0	expression_driven	1000	STOmics-0224	scVI	Seurat MVP
STOmics0224	seurat_mvp	10000	cellcharter	0.3644769598035428	NA	1	0.8084952937696506	NA	1	0.5864861267865967	NA	1	0.680313599179776	NA	1	0.81361691911525	NA	1	0.746965259147513	NA	1	NA	NA	0	0.6667256929670549	NA	1	NA	NA	0	expression_driven	10000	STOmics-0224	CellCharter	Seurat MVP
STOmics0224	seurat_mvp	10000	scvi	0.8141725421496081	NA	1	0.5902894099892232	NA	1	0.7022309760694156	NA	1	0.31944733272809683	NA	1	0.6640566352664239	NA	1	0.4917519839972604	NA	1	NA	NA	0	0.596991480033338	NA	1	NA	NA	0	expression_driven	10000	STOmics-0224	scVI	Seurat MVP
STOmics0224	seurat_mvp	200	cellcharter	0.5361711557736846	NA	1	0.6838926831552732	NA	1	0.6100319194644789	NA	1	0.6534633469569561	NA	1	0.8032082845170909	NA	1	0.7283358157370234	NA	1	NA	NA	0	0.6691838676007511	NA	1	NA	NA	0	expression_driven	200	STOmics-0224	CellCharter	Seurat MVP
STOmics0224	seurat_mvp	200	scvi	0.906385716146031	NA	1	0.49167668702109046	NA	1	0.6990312015835607	NA	1	0.197699747072531	NA	1	0.4570386102192941	NA	1	0.32736917864591253	NA	1	NA	NA	0	0.5132001901147366	NA	1	NA	NA	0	expression_driven	200	STOmics-0224	scVI	Seurat MVP
STOmics0224	seurat_mvp	2000	cellcharter	0.3693906488678003	0.01121214798706228	3	0.815883451237274	0.02880684481232094	3	0.5926370500525372	0.01033548718671771	3	0.6827444573665696	0.00824530828018787	3	0.7569279126316418	0.04911169580886022	3	0.7198361849991058	0.02394883452321984	3	NA	NA	0	0.6562366175258215	0.01131713918462009	3	NA	NA	0	expression_driven	2000	STOmics-0224	CellCharter	Seurat MVP
STOmics0224	seurat_mvp	2000	scvi	0.8293090802214985	0.02302384441065812	3	0.576381022994941	0.02850012566464709	3	0.7028450516082198	0.00349170279051064	3	0.3183026298148057	0.00174491294760404	3	0.6760545428882335	0.05965345471087839	3	0.4971785863515196	0.02903565902776367	3	NA	NA	0	0.6000118189798697	0.01286953973389299	3	NA	NA	0	expression_driven	2000	STOmics-0224	scVI	Seurat MVP
STOmics0224	seurat_mvp	500	cellcharter	0.41476571530728457	NA	1	0.7321199805030985	NA	1	0.5734428479051915	NA	1	0.6762275977020654	NA	1	0.8344246191249838	NA	1	0.7553261084135245	NA	1	NA	NA	0	0.664384478159358	NA	1	NA	NA	0	expression_driven	500	STOmics-0224	CellCharter	Seurat MVP
STOmics0224	seurat_mvp	500	scvi	0.8673572484839609	NA	1	0.5454064014889687	NA	1	0.7063818249864648	NA	1	0.2632835795250143	NA	1	0.6009379524980194	NA	1	0.4321107660115169	NA	1	NA	NA	0	0.5692462954989909	NA	1	NA	NA	0	expression_driven	500	STOmics-0224	scVI	Seurat MVP
STOmics0224	seurat_mvp	5000	cellcharter	0.3644769598035428	NA	1	0.8084952937696506	NA	1	0.5864861267865967	NA	1	0.680313599179776	NA	1	0.81361691911525	NA	1	0.746965259147513	NA	1	NA	NA	0	0.6667256929670549	NA	1	NA	NA	0	expression_driven	5000	STOmics-0224	CellCharter	Seurat MVP
STOmics0224	seurat_mvp	5000	scvi	0.8141725421496081	NA	1	0.5902894099892232	NA	1	0.7022309760694156	NA	1	0.31944733272809683	NA	1	0.6640566352664239	NA	1	0.4917519839972604	NA	1	NA	NA	0	0.596991480033338	NA	1	NA	NA	0	expression_driven	5000	STOmics-0224	scVI	Seurat MVP
STOmics0224	seurat_sct	100	cellcharter	0.325550117434769	NA	1	0.7678559301268862	NA	1	0.5467030237808277	NA	1	0.7067721353910007	NA	1	0.8322523319935318	NA	1	0.7695122336922662	NA	1	NA	NA	0	0.6581076287365469	NA	1	NA	NA	0	expression_driven	100	STOmics-0224	CellCharter	Seurat sctransform
STOmics0224	seurat_sct	100	scvi	0.8890294925232769	NA	1	0.5262071744762796	NA	1	0.7076183334997783	NA	1	0.2122343617011807	NA	1	0.45150074675374735	NA	1	0.33186755422746406	NA	1	NA	NA	0	0.5197429438636212	NA	1	NA	NA	0	expression_driven	100	STOmics-0224	scVI	Seurat sctransform
STOmics0224	seurat_sct	1000	cellcharter	0.2592180435388183	NA	1	0.8487199198965814	NA	1	0.5539689817176998	NA	1	0.7164059049144825	NA	1	0.7540739267237841	NA	1	0.7352399158191334	NA	1	NA	NA	0	0.6446044487684166	NA	1	NA	NA	0	expression_driven	1000	STOmics-0224	CellCharter	Seurat sctransform
STOmics0224	seurat_sct	1000	scvi	0.8026418475836563	NA	1	0.5855584646384318	NA	1	0.694100156111044	NA	1	0.38313298637455473	NA	1	0.7792957161288387	NA	1	0.5812143512516967	NA	1	NA	NA	0	0.6376572536813704	NA	1	NA	NA	0	expression_driven	1000	STOmics-0224	scVI	Seurat sctransform
STOmics0224	seurat_sct	10000	cellcharter	0.4194762092909664	NA	1	0.7438883099982392	NA	1	0.5816822596446027	NA	1	0.7022065547735047	NA	1	0.5630234440007693	NA	1	0.6326149993871371	NA	1	NA	NA	0	0.6071486295158699	NA	1	NA	NA	0	expression_driven	10000	STOmics-0224	CellCharter	Seurat sctransform
STOmics0224	seurat_sct	10000	scvi	0.520783516698101	NA	1	0.34777839346930417	NA	1	0.43428095508370257	NA	1	0.5159109018627581	NA	1	0.6186354111649293	NA	1	0.5672731565138437	NA	1	NA	NA	0	0.5007770557987732	NA	1	NA	NA	0	expression_driven	10000	STOmics-0224	scVI	Seurat sctransform
STOmics0224	seurat_sct	200	cellcharter	0.30899845790393	NA	1	0.8345833309273001	NA	1	0.571790894415615	NA	1	0.7082897958058522	NA	1	0.8165677593300025	NA	1	0.7624287775679273	NA	1	NA	NA	0	0.6671098359917711	NA	1	NA	NA	0	expression_driven	200	STOmics-0224	CellCharter	Seurat sctransform
STOmics0224	seurat_sct	200	scvi	0.8481432718595081	NA	1	0.5953994452230364	NA	1	0.7217713585412723	NA	1	0.2734097143804423	NA	1	0.6623541713748824	NA	1	0.4678819428776624	NA	1	NA	NA	0	0.5948266507094673	NA	1	NA	NA	0	expression_driven	200	STOmics-0224	scVI	Seurat sctransform
STOmics0224	seurat_sct	2000	cellcharter	0.27684617363411496	0.02956666648874253	3	0.8410579873628419	0.019486578327866	3	0.5589520804984783	0.02343539389330213	3	0.714710054635523	0.01594552519527418	3	0.7455180780354529	0.02263267259593579	3	0.730114066335488	0.01527617093096875	3	NA	NA	0	0.6445330734169832	0.01438755497712787	3	NA	NA	0	expression_driven	2000	STOmics-0224	CellCharter	Seurat sctransform
STOmics0224	seurat_sct	2000	scvi	0.7841249022784789	0.01482264061123512	3	0.5669037276594955	0.02638540133900229	3	0.6755143149689872	0.00678034026475784	3	0.42388629775729175	0.01380043252329463	3	0.8272282836177114	0.03736236229067022	3	0.6255572906875017	0.01284361231987414	3	NA	NA	0	0.6505358028282444	0.00918739389564308	3	NA	NA	0	expression_driven	2000	STOmics-0224	scVI	Seurat sctransform
STOmics0224	seurat_sct	500	cellcharter	0.25590185418455264	NA	1	0.7832466353606721	NA	1	0.5195742447726124	NA	1	0.7083596441242995	NA	1	0.7141535408226443	NA	1	0.711256592473472	NA	1	NA	NA	0	0.6154154186230422	NA	1	NA	NA	0	expression_driven	500	STOmics-0224	CellCharter	Seurat sctransform
STOmics0224	seurat_sct	500	scvi	0.7883941252008992	NA	1	0.5883897536724865	NA	1	0.6883919394366929	NA	1	0.33266461965107513	NA	1	0.7252844634518056	NA	1	0.5289745415514404	NA	1	NA	NA	0	0.6086832404940666	NA	1	NA	NA	0	expression_driven	500	STOmics-0224	scVI	Seurat sctransform
STOmics0224	seurat_sct	5000	cellcharter	0.3790710819575755	NA	1	0.806888822965529	NA	1	0.5929799524615522	NA	1	0.710729004543393	NA	1	0.6511107740399109	NA	1	0.6809198892916519	NA	1	NA	NA	0	0.6369499208766021	NA	1	NA	NA	0	expression_driven	5000	STOmics-0224	CellCharter	Seurat sctransform
STOmics0224	seurat_sct	5000	scvi	0.706078849606381	NA	1	0.516103214888153	NA	1	0.611091032247267	NA	1	0.5013802224318072	NA	1	0.7589705612186883	NA	1	0.6301753918252477	NA	1	NA	NA	0	0.6206332120362574	NA	1	NA	NA	0	expression_driven	5000	STOmics-0224	scVI	Seurat sctransform
STOmics0224	seurat_vst	100	cellcharter	0.40898331892875306	NA	1	0.644258551948363	NA	1	0.526620935438558	NA	1	0.6677953825236647	NA	1	0.6778357002482203	NA	1	0.6728155413859425	NA	1	NA	NA	0	0.5997182384122502	NA	1	NA	NA	0	expression_driven	100	STOmics-0224	CellCharter	Seurat VST
STOmics0224	seurat_vst	100	scvi	0.8895381519957573	NA	1	0.4711400115105313	NA	1	0.6803390817531443	NA	1	0.17437808599790472	NA	1	0.3971890314619585	NA	1	0.2857835587299316	NA	1	NA	NA	0	0.4830613202415379	NA	1	NA	NA	0	expression_driven	100	STOmics-0224	scVI	Seurat VST
STOmics0224	seurat_vst	1000	cellcharter	0.38218613639213456	NA	1	0.7538892364595847	NA	1	0.5680376864258596	NA	1	0.7057403652666233	NA	1	0.8145603617800456	NA	1	0.7601503635233344	NA	1	NA	NA	0	0.664094024974597	NA	1	NA	NA	0	expression_driven	1000	STOmics-0224	CellCharter	Seurat VST
STOmics0224	seurat_vst	1000	scvi	0.8013792212335749	NA	1	0.5545561793947381	NA	1	0.6779677003141564	NA	1	0.38420488013619103	NA	1	0.5101946294037915	NA	1	0.4471997547699912	NA	1	NA	NA	0	0.5625837275420739	NA	1	NA	NA	0	expression_driven	1000	STOmics-0224	scVI	Seurat VST
STOmics0224	seurat_vst	10000	cellcharter	0.4293067278835168	NA	1	0.7676068625862043	NA	1	0.5984567952348605	NA	1	0.7194813517322484	NA	1	0.6661218626184804	NA	1	0.6928016071753644	NA	1	NA	NA	0	0.6456292012051125	NA	1	NA	NA	0	expression_driven	10000	STOmics-0224	CellCharter	Seurat VST
STOmics0224	seurat_vst	10000	scvi	0.25291428929258364	NA	1	0.410677760402798	NA	1	0.33179602484769083	NA	1	0.5111881985853867	NA	1	0.6095653664227159	NA	1	0.5603767825040513	NA	1	NA	NA	0	0.44608640367587105	NA	1	NA	NA	0	expression_driven	10000	STOmics-0224	scVI	Seurat VST
STOmics0224	seurat_vst	200	cellcharter	0.4090147418295667	NA	1	0.691207038549361	NA	1	0.5501108901894639	NA	1	0.6686299684514769	NA	1	0.7147584395287211	NA	1	0.6916942039900991	NA	1	NA	NA	0	0.6209025470897815	NA	1	NA	NA	0	expression_driven	200	STOmics-0224	CellCharter	Seurat VST
STOmics0224	seurat_vst	200	scvi	0.8966941348427824	NA	1	0.4887539910793792	NA	1	0.6927240629610808	NA	1	0.1992901551074192	NA	1	0.4081176185469112	NA	1	0.3037038868271652	NA	1	NA	NA	0	0.498213974894123	NA	1	NA	NA	0	expression_driven	200	STOmics-0224	scVI	Seurat VST
STOmics0224	seurat_vst	2000	cellcharter	0.4046716263966048	0.0182823252747135	3	0.7980309338849203	0.06186494311274066	3	0.6013512801407626	0.02628365402454986	3	0.6879776724685649	0.00403008297736599	3	0.6518497389473027	0.00658257034565711	3	0.6699137057079337	0.00249190448695251	3	NA	NA	0	0.6356324929243482	0.01416661310867967	3	NA	NA	0	expression_driven	2000	STOmics-0224	CellCharter	Seurat VST
STOmics0224	seurat_vst	2000	scvi	0.7086061999810042	0.11708184024215412	3	0.46300288547366214	0.03035034576410522	3	0.5858045427273332	0.06863261479086254	3	0.4882227603415596	0.02785184996141262	3	0.6324108853946757	0.08647065252247395	3	0.5603168228681176	0.05139690440531193	3	NA	NA	0	0.5730606827977254	0.02477984843138877	3	NA	NA	0	expression_driven	2000	STOmics-0224	scVI	Seurat VST
STOmics0224	seurat_vst	500	cellcharter	0.47101260203615736	NA	1	0.6920000359714492	NA	1	0.5815063190038032	NA	1	0.6659893425143112	NA	1	0.822861033629716	NA	1	0.7444251880720136	NA	1	NA	NA	0	0.6629657535379084	NA	1	NA	NA	0	expression_driven	500	STOmics-0224	CellCharter	Seurat VST
STOmics0224	seurat_vst	500	scvi	0.8968454947275268	NA	1	0.5260375375786122	NA	1	0.7114415161530695	NA	1	0.29142070750366433	NA	1	0.4927025543497495	NA	1	0.39206163092670693	NA	1	NA	NA	0	0.5517515735398882	NA	1	NA	NA	0	expression_driven	500	STOmics-0224	scVI	Seurat VST
STOmics0224	seurat_vst	5000	cellcharter	0.4145223638751432	NA	1	0.8177798286307534	NA	1	0.6161510962529483	NA	1	0.7033860465544081	NA	1	0.6218845924468066	NA	1	0.6626353195006074	NA	1	NA	NA	0	0.6393932078767779	NA	1	NA	NA	0	expression_driven	5000	STOmics-0224	CellCharter	Seurat VST
STOmics0224	seurat_vst	5000	scvi	0.5127600750747376	NA	1	0.47179652607208866	NA	1	0.4922783005734131	NA	1	0.5131476237301315	NA	1	0.7272429004919212	NA	1	0.6201952621110263	NA	1	NA	NA	0	0.5562367813422198	NA	1	NA	NA	0	expression_driven	5000	STOmics-0224	scVI	Seurat VST
STOmics0224	singleCellHaystack	100	cellcharter	0.7168693837784077	NA	1	0.5022095511391235	NA	1	0.6095394674587655	NA	1	0.5071828615245849	NA	1	0.4264571282529659	NA	1	0.4668199948887754	NA	1	NA	NA	0	0.5381797311737705	NA	1	NA	NA	0	expression_driven	100	STOmics-0224	CellCharter	singleCellHaystack
STOmics0224	singleCellHaystack	100	scvi	0.9210914985472156	NA	1	0.37415736102797326	NA	1	0.6476244297875944	NA	1	0.08163888303377999	NA	1	0.02582243420351206	NA	1	0.05373065861864602	NA	1	NA	NA	0	0.3506775442031202	NA	1	NA	NA	0	expression_driven	100	STOmics-0224	scVI	singleCellHaystack
STOmics0224	singleCellHaystack	1000	cellcharter	0.5550518519029091	NA	1	0.7034120652100466	NA	1	0.6292319585564778	NA	1	0.6667274228415371	NA	1	0.63659049137253	NA	1	0.6516589571070335	NA	1	NA	NA	0	0.6404454578317557	NA	1	NA	NA	0	expression_driven	1000	STOmics-0224	CellCharter	singleCellHaystack
STOmics0224	singleCellHaystack	1000	scvi	0.2808391243365242	NA	1	0.2872022704546028	NA	1	0.28402069739556346	NA	1	0.5091162730979139	NA	1	0.4392346790361836	NA	1	0.47417547606704874	NA	1	NA	NA	0	0.37909808673130607	NA	1	NA	NA	0	expression_driven	1000	STOmics-0224	scVI	singleCellHaystack
STOmics0224	singleCellHaystack	10000	cellcharter	0.4310893827835703	NA	1	0.746514150683906	NA	1	0.5888017667337382	NA	1	0.6929024781043275	NA	1	0.5590535121079607	NA	1	0.6259779951061442	NA	1	NA	NA	0	0.6073898809199412	NA	1	NA	NA	0	expression_driven	10000	STOmics-0224	CellCharter	singleCellHaystack
STOmics0224	singleCellHaystack	10000	scvi	0.4872915771170109	NA	1	0.32307337784823564	NA	1	0.40518247748262326	NA	1	0.5327788923354597	NA	1	0.6756049586076786	NA	1	0.6041919254715691	NA	1	NA	NA	0	0.5046872014770962	NA	1	NA	NA	0	expression_driven	10000	STOmics-0224	scVI	singleCellHaystack
STOmics0224	singleCellHaystack	200	cellcharter	0.7455848258564641	NA	1	0.5324579010673631	NA	1	0.6390213634619136	NA	1	0.5198874702524701	NA	1	0.47604341043434656	NA	1	0.4979654403434083	NA	1	NA	NA	0	0.568493401902661	NA	1	NA	NA	0	expression_driven	200	STOmics-0224	CellCharter	singleCellHaystack
STOmics0224	singleCellHaystack	200	scvi	0.6743489674526293	NA	1	0.30765021360100003	NA	1	0.49099959052681463	NA	1	0.3347991088279667	NA	1	0.22362657720014728	NA	1	0.279212843014057	NA	1	NA	NA	0	0.3851062167704358	NA	1	NA	NA	0	expression_driven	200	STOmics-0224	scVI	singleCellHaystack
STOmics0224	singleCellHaystack	2000	cellcharter	0.4877786881993136	0.02308504832402281	3	0.7342128301282344	0.03376849731768904	3	0.6109957591637739	0.00534275492432724	3	0.6885799085401882	0.00566889749776205	3	0.6453119165089376	0.03798276434194127	3	0.666945912524563	0.02182322511691029	3	NA	NA	0	0.6389708358441685	0.01261803048210312	3	NA	NA	0	expression_driven	2000	STOmics-0224	CellCharter	singleCellHaystack
STOmics0224	singleCellHaystack	2000	scvi	0.21927762281889115	0.01558135740106455	3	0.3727793757164499	0.04479624246349879	3	0.29602849926767055	0.02740242528067779	3	0.5499111334594674	0.02738211838818737	3	0.5389129131445873	0.01231394050797536	3	0.5444120233020274	0.01517871033156341	3	NA	NA	0	0.42022026128484896	0.01936212622863244	3	NA	NA	0	expression_driven	2000	STOmics-0224	scVI	singleCellHaystack
STOmics0224	singleCellHaystack	500	cellcharter	0.6443160574877547	NA	1	0.5902134211227523	NA	1	0.6172647393052535	NA	1	0.6521451895783736	NA	1	0.709637714498861	NA	1	0.6808914520386173	NA	1	NA	NA	0	0.6490780956719354	NA	1	NA	NA	0	expression_driven	500	STOmics-0224	CellCharter	singleCellHaystack
STOmics0224	singleCellHaystack	500	scvi	0.22036286763628657	NA	1	0.2563883977935951	NA	1	0.23837563271494083	NA	1	0.4670868700422472	NA	1	0.27192352443884743	NA	1	0.3695051972405473	NA	1	NA	NA	0	0.30394041497774404	NA	1	NA	NA	0	expression_driven	500	STOmics-0224	scVI	singleCellHaystack
STOmics0224	singleCellHaystack	5000	cellcharter	0.43416067311572176	NA	1	0.7053725383544779	NA	1	0.5697666057350999	NA	1	0.707020663480618	NA	1	0.6267330147511667	NA	1	0.6668768391158924	NA	1	NA	NA	0	0.6183217224254961	NA	1	NA	NA	0	expression_driven	5000	STOmics-0224	CellCharter	singleCellHaystack
STOmics0224	singleCellHaystack	5000	scvi	0.28170128657710913	NA	1	0.4275665401033987	NA	1	0.3546339133402539	NA	1	0.5275624351251973	NA	1	0.6422665456656718	NA	1	0.5849144903954345	NA	1	NA	NA	0	0.46977420186784424	NA	1	NA	NA	0	expression_driven	5000	STOmics-0224	scVI	singleCellHaystack
STOmics0224	somde	100	cellcharter	0.4983542785634967	NA	1	0.5980783914916321	NA	1	0.5482163350275644	NA	1	0.6776430982642676	NA	1	0.8349771230820318	NA	1	0.7563101106731497	NA	1	NA	NA	0	0.6522632228503571	NA	1	NA	NA	0	spatially_informed	100	STOmics-0224	CellCharter	SOMDE
STOmics0224	somde	100	scvi	0.8502589880697431	NA	1	0.4165350971814216	NA	1	0.6333970426255824	NA	1	0.34253948445788557	NA	1	0.4808469854631805	NA	1	0.411693234960533	NA	1	NA	NA	0	0.5225451387930578	NA	1	NA	NA	0	spatially_informed	100	STOmics-0224	scVI	SOMDE
STOmics0224	somde	1000	cellcharter	0.33046584080331176	NA	1	0.8020568204801766	NA	1	0.5662613306417441	NA	1	0.7163246209372286	NA	1	0.7517039454471696	NA	1	0.7340142831921991	NA	1	NA	NA	0	0.65013780691697165	NA	1	NA	NA	0	spatially_informed	1000	STOmics-0224	CellCharter	SOMDE
STOmics0224	somde	1000	scvi	0.7999873450516504	NA	1	0.5191441387428505	NA	1	0.6595657418972505	NA	1	0.479602418879804	NA	1	0.7391953784960206	NA	1	0.6093988986879123	NA	1	NA	NA	0	0.6344823202925813	NA	1	NA	NA	0	spatially_informed	1000	STOmics-0224	scVI	SOMDE
STOmics0224	somde	10000	cellcharter	0.32839307803128265	NA	1	0.7553915905883559	NA	1	0.5418923343098193	NA	1	0.7296126133028932	NA	1	0.70733276444024	NA	1	0.7184726888715666	NA	1	NA	NA	0	0.6301825115906929	NA	1	NA	NA	0	spatially_informed	10000	STOmics-0224	CellCharter	SOMDE
STOmics0224	somde	10000	scvi	0.5665814053045108	NA	1	0.3984416268322731	NA	1	0.48251151606839193	NA	1	0.5200783182297467	NA	1	0.6877355790612432	NA	1	0.6039069486454949	NA	1	NA	NA	0	0.5432092323569434	NA	1	NA	NA	0	spatially_informed	10000	STOmics-0224	scVI	SOMDE
STOmics0224	somde	200	cellcharter	0.4762604842793053	NA	1	0.6406204230822621	NA	1	0.5584404536807837	NA	1	0.6855726614961046	NA	1	0.6690089978153626	NA	1	0.6772908296557336	NA	1	NA	NA	0	0.6178656416682586	NA	1	NA	NA	0	spatially_informed	200	STOmics-0224	CellCharter	SOMDE
STOmics0224	somde	200	scvi	0.8064031540850654	NA	1	0.4443085171743776	NA	1	0.6253558356297215	NA	1	0.4207141546937003	NA	1	0.6516333808915481	NA	1	0.5361737677926242	NA	1	NA	NA	0	0.5807648017111728	NA	1	NA	NA	0	spatially_informed	200	STOmics-0224	scVI	SOMDE
STOmics0224	somde	2000	cellcharter	0.3115607734622998	0.01485568898343178	3	0.7970214172047648	0.03218442867613646	3	0.5542910953335323	0.01633348360122106	3	0.7160207700033792	0.00357908370122145	3	0.6608550927698601	0.04443302884265323	3	0.6884379313866197	0.02050928671932903	3	NA	NA	0	0.621364513360076	0.01804295248130535	3	NA	NA	0	spatially_informed	2000	STOmics-0224	CellCharter	SOMDE
STOmics0224	somde	2000	scvi	0.7561658431102067	0.01328612082625691	3	0.5374713882201269	0.05362991856795976	3	0.6468186156651669	0.03345207444570505	3	0.5008469286325062	0.02926421125980444	3	0.7720361166564599	0.06919563861401769	3	0.636441522644483	0.02407422008475768	3	NA	NA	0	0.6416300691548249	0.02575826022955269	3	NA	NA	0	spatially_informed	2000	STOmics-0224	scVI	SOMDE
STOmics0224	somde	500	cellcharter	0.37182829751430735	NA	1	0.6580456400374015	NA	1	0.5149369687758545	NA	1	0.6971445361422273	NA	1	0.6900304260074892	NA	1	0.6935874810748582	NA	1	NA	NA	0	0.6042622249253564	NA	1	NA	NA	0	spatially_informed	500	STOmics-0224	CellCharter	SOMDE
STOmics0224	somde	500	scvi	0.7902254582239909	NA	1	0.4617058161477278	NA	1	0.6259656371858594	NA	1	0.4167982636194762	NA	1	0.5580521672599132	NA	1	0.4874252154396947	NA	1	NA	NA	0	0.556695426312777	NA	1	NA	NA	0	spatially_informed	500	STOmics-0224	scVI	SOMDE
STOmics0224	somde	5000	cellcharter	0.31099925894907005	NA	1	0.8315242947214675	NA	1	0.5712617768352688	NA	1	0.7417869227787502	NA	1	0.7003735707090089	NA	1	0.7210802467438795	NA	1	NA	NA	0	0.6461710117895741	NA	1	NA	NA	0	spatially_informed	5000	STOmics-0224	CellCharter	SOMDE
STOmics0224	somde	5000	scvi	0.7149548896164235	NA	1	0.47342609791870094	NA	1	0.5941904937675622	NA	1	0.5292801033877703	NA	1	0.7902707192716127	NA	1	0.6597754113296915	NA	1	NA	NA	0	0.6269829525486268	NA	1	NA	NA	0	spatially_informed	5000	STOmics-0224	scVI	SOMDE
STOmics0224	sparkx	100	cellcharter	0.6760902502498382	NA	1	0.5519984310411135	NA	1	0.6140443406454759	NA	1	0.5934428583251912	NA	1	0.6580978875438951	NA	1	0.6257703729345432	NA	1	NA	NA	0	0.6199073567900095	NA	1	NA	NA	0	spatially_informed	100	STOmics-0224	CellCharter	SPARK-X
STOmics0224	sparkx	100	scvi	0.7306721265000173	NA	1	0.3118488525296403	NA	1	0.5212604895148288	NA	1	0.4073027804035738	NA	1	0.5785759621011625	NA	1	0.49293937125236814	NA	1	NA	NA	0	0.5070999303835985	NA	1	NA	NA	0	spatially_informed	100	STOmics-0224	scVI	SPARK-X
STOmics0224	sparkx	1000	cellcharter	0.4873817641628927	NA	1	0.6247594073186591	NA	1	0.556070585740776	NA	1	0.6934770451193754	NA	1	0.6658087069712039	NA	1	0.6796428760452896	NA	1	NA	NA	0	0.6178567308930327	NA	1	NA	NA	0	spatially_informed	1000	STOmics-0224	CellCharter	SPARK-X
STOmics0224	sparkx	1000	scvi	0.6399865304057384	NA	1	0.33286149184800307	NA	1	0.4864240111268707	NA	1	0.5514856885920779	NA	1	0.6131306445541508	NA	1	0.5823081665731143	NA	1	NA	NA	0	0.5343660888499926	NA	1	NA	NA	0	spatially_informed	1000	STOmics-0224	scVI	SPARK-X
STOmics0224	sparkx	10000	cellcharter	0.4379893465799389	NA	1	0.781325368656516	NA	1	0.6096573576182275	NA	1	0.6818371592458958	NA	1	0.629390840629411	NA	1	0.6556139999376533	NA	1	NA	NA	0	0.6326356787779404	NA	1	NA	NA	0	spatially_informed	10000	STOmics-0224	CellCharter	SPARK-X
STOmics0224	sparkx	10000	scvi	0.40755457391753375	NA	1	0.32030785548278484	NA	1	0.3639312147001593	NA	1	0.5818710365416763	NA	1	0.673525240616933	NA	1	0.6276981385793046	NA	1	NA	NA	0	0.49581467663973194	NA	1	NA	NA	0	spatially_informed	10000	STOmics-0224	scVI	SPARK-X
STOmics0224	sparkx	200	cellcharter	0.6753096818069171	NA	1	0.5807229783687444	NA	1	0.6280163300878308	NA	1	0.6498675823025711	NA	1	0.6775679070386407	NA	1	0.663717744670606	NA	1	NA	NA	0	0.6458670373792184	NA	1	NA	NA	0	spatially_informed	200	STOmics-0224	CellCharter	SPARK-X
STOmics0224	sparkx	200	scvi	0.6567562229555417	NA	1	0.28064761800464844	NA	1	0.468701920480095	NA	1	0.4753307758028254	NA	1	0.5614706630228145	NA	1	0.51840071941282	NA	1	NA	NA	0	0.4935513199464575	NA	1	NA	NA	0	spatially_informed	200	STOmics-0224	scVI	SPARK-X
STOmics0224	sparkx	2000	cellcharter	0.4228941004327167	0.0158448487456769	3	0.7010877038083106	0.02145031699281173	3	0.5619909021205137	0.00424751740557284	3	0.695373811815882	0.00955574819349014	3	0.6602600959329322	0.05054628295500419	3	0.6778169538744071	0.03004649288545927	3	NA	NA	0	0.6199039279974604	0.01482322462549772	3	NA	NA	0	spatially_informed	2000	STOmics-0224	CellCharter	SPARK-X
STOmics0224	sparkx	2000	scvi	0.6328753764682117	0.04793748517045496	3	0.3591851975769478	0.02263683027439505	3	0.4960302870225798	0.03508926173354949	3	0.5711383812516756	0.0508631930533369	3	0.7034432231640161	0.03447966884464476	3	0.6372908022078458	0.0405648655518343	3	NA	NA	0	0.5666605446152128	0.00775164353769862	3	NA	NA	0	spatially_informed	2000	STOmics-0224	scVI	SPARK-X
STOmics0224	sparkx	500	cellcharter	0.5290700354924377	NA	1	0.6472077068869426	NA	1	0.5881388711896902	NA	1	0.6857389321314237	NA	1	0.6984599901172116	NA	1	0.6920994611243176	NA	1	NA	NA	0	0.6401191661570039	NA	1	NA	NA	0	spatially_informed	500	STOmics-0224	CellCharter	SPARK-X
STOmics0224	sparkx	500	scvi	0.7721041184443385	NA	1	0.3319682326669078	NA	1	0.5520361755556231	NA	1	0.4924319439318872	NA	1	0.621541938874593	NA	1	0.5569869414032401	NA	1	NA	NA	0	0.5545115584794316	NA	1	NA	NA	0	spatially_informed	500	STOmics-0224	scVI	SPARK-X
STOmics0224	sparkx	5000	cellcharter	0.4006162513647716	NA	1	0.7549413981562094	NA	1	0.5777788247604905	NA	1	0.7190263671892824	NA	1	0.6764486117468105	NA	1	0.6977374894680464	NA	1	NA	NA	0	0.6377581571142684	NA	1	NA	NA	0	spatially_informed	5000	STOmics-0224	CellCharter	SPARK-X
STOmics0224	sparkx	5000	scvi	0.5962061836199526	NA	1	0.33056569313400563	NA	1	0.4633859383769791	NA	1	0.5762928934179239	NA	1	0.7048713223306216	NA	1	0.6405821078742727	NA	1	NA	NA	0	0.5519840231256259	NA	1	NA	NA	0	spatially_informed	5000	STOmics-0224	scVI	SPARK-X
STOmics0224	spatialde	100	cellcharter	0.48504324190479287	NA	1	0.6365415545169764	NA	1	0.5607923982108847	NA	1	0.6650696325997011	NA	1	0.8534297583637649	NA	1	0.7592496954817329	NA	1	NA	NA	0	0.6600210468463088	NA	1	NA	NA	0	spatially_informed	100	STOmics-0224	CellCharter	SpatialDE
STOmics0224	spatialde	100	scvi	0.8547497987539484	NA	1	0.4399855701090436	NA	1	0.647367684431496	NA	1	0.3528077362978599	NA	1	0.5568843170680313	NA	1	0.4548460266829456	NA	1	NA	NA	0	0.5511068555572207	NA	1	NA	NA	0	spatially_informed	100	STOmics-0224	scVI	SpatialDE
STOmics0224	spatialde	1000	cellcharter	0.36183338098154866	NA	1	0.75929853351130006	NA	1	0.5605659572464243	NA	1	0.7139475482804186	NA	1	0.7480185050083578	NA	1	0.7309830266443882	NA	1	NA	NA	0	0.6457744919454063	NA	1	NA	NA	0	spatially_informed	1000	STOmics-0224	CellCharter	SpatialDE
STOmics0224	spatialde	1000	scvi	0.7461567278316023	NA	1	0.4765295278426481	NA	1	0.6113431278371252	NA	1	0.4830755394612729	NA	1	0.728443719503905	NA	1	0.6057596294825889	NA	1	NA	NA	0	0.6085513786598571	NA	1	NA	NA	0	spatially_informed	1000	STOmics-0224	scVI	SpatialDE
STOmics0224	spatialde	10000	cellcharter	0.3883594026261044	NA	1	0.7918546318972081	NA	1	0.5901070172616563	NA	1	0.7324504591891664	NA	1	0.6425707698673625	NA	1	0.6875106145282645	NA	1	NA	NA	0	0.6388088158949603	NA	1	NA	NA	0	spatially_informed	10000	STOmics-0224	CellCharter	SpatialDE
STOmics0224	spatialde	10000	scvi	0.5440288829832733	NA	1	0.3538731557711544	NA	1	0.4489510193772139	NA	1	0.5562176918554153	NA	1	0.6910766303443114	NA	1	0.6236471610998633	NA	1	NA	NA	0	0.5362990902385386	NA	1	NA	NA	0	spatially_informed	10000	STOmics-0224	scVI	SpatialDE
STOmics0224	spatialde	200	cellcharter	0.4296537169617506	NA	1	0.6433410834751231	NA	1	0.5364974002184368	NA	1	0.6880786959211457	NA	1	0.8199610965700191	NA	1	0.7540198962455824	NA	1	NA	NA	0	0.6452586482320096	NA	1	NA	NA	0	spatially_informed	200	STOmics-0224	CellCharter	SpatialDE
STOmics0224	spatialde	200	scvi	0.7977903909655426	NA	1	0.43000683769595527	NA	1	0.613898614330749	NA	1	0.4301871228209899	NA	1	0.6429751232166716	NA	1	0.5365811230188308	NA	1	NA	NA	0	0.5752398686747899	NA	1	NA	NA	0	spatially_informed	200	STOmics-0224	scVI	SpatialDE
STOmics0224	spatialde	2000	cellcharter	0.3529625801644453	0.03857804019195398	3	0.7992222926679681	0.04922057471257547	3	0.5760924364162067	0.0125709400905278	3	0.7140390055104886	0.00433575582682906	3	0.7085402638464408	0.03295763926804636	3	0.7112896346784646	0.01463673929467607	3	NA	NA	0	0.6436910355473356	0.00484390691858384	3	NA	NA	0	spatially_informed	2000	STOmics-0224	CellCharter	SpatialDE
STOmics0224	spatialde	2000	scvi	0.728147004170491	0.01454167161347017	3	0.5023906689433449	0.03938644794366222	3	0.615268836556918	0.02695856895138753	3	0.5060360270860432	0.01133600147848965	3	0.7045105599925646	0.02816898014260934	3	0.6052732935393039	0.01809151482945135	3	NA	NA	0	0.610271065048111	0.01996649499435346	3	NA	NA	0	spatially_informed	2000	STOmics-0224	scVI	SpatialDE
STOmics0224	spatialde	500	cellcharter	0.3346107680551458	NA	1	0.7226168357579601	NA	1	0.5286138019065529	NA	1	0.7214824822698466	NA	1	0.7473081529715916	NA	1	0.7343953176207191	NA	1	NA	NA	0	0.631504559763636	NA	1	NA	NA	0	spatially_informed	500	STOmics-0224	CellCharter	SpatialDE
STOmics0224	spatialde	500	scvi	0.7637612494534984	NA	1	0.46543506096700904	NA	1	0.6145981552102537	NA	1	0.45437627811923015	NA	1	0.6951803831355545	NA	1	0.5747783306273924	NA	1	NA	NA	0	0.594688242918823	NA	1	NA	NA	0	spatially_informed	500	STOmics-0224	scVI	SpatialDE
STOmics0224	spatialde	5000	cellcharter	0.3938771804727922	NA	1	0.7493046868583201	NA	1	0.5715909336655561	NA	1	0.7002220094327022	NA	1	0.6133765965025975	NA	1	0.6567993029676498	NA	1	NA	NA	0	0.614195118316603	NA	1	NA	NA	0	spatially_informed	5000	STOmics-0224	CellCharter	SpatialDE
STOmics0224	spatialde	5000	scvi	0.7222302055707387	NA	1	0.4235418222995413	NA	1	0.5728860139351399	NA	1	0.5466431950045844	NA	1	0.6638615748308175	NA	1	0.605252384917701	NA	1	NA	NA	0	0.5890691994264204	NA	1	NA	NA	0	spatially_informed	5000	STOmics-0224	scVI	SpatialDE
STOmics0224	statistic_mean	100	cellcharter	0.450748005583351	NA	1	0.6324717851859228	NA	1	0.5416098953846369	NA	1	0.674385787956188	NA	1	0.8340026633543769	NA	1	0.7541942256552825	NA	1	NA	NA	0	0.6479020605199597	NA	1	NA	NA	0	expression_driven	100	STOmics-0224	CellCharter	Mean expression
STOmics0224	statistic_mean	100	scvi	0.8160279657572249	NA	1	0.4275540152350471	NA	1	0.6217909904961361	NA	1	0.36534548579362086	NA	1	0.5743348625139814	NA	1	0.4698401741538011	NA	1	NA	NA	0	0.5458155823249686	NA	1	NA	NA	0	expression_driven	100	STOmics-0224	scVI	Mean expression
STOmics0224	statistic_mean	1000	cellcharter	0.3502469826748417	NA	1	0.6931370134858645	NA	1	0.5216919980803532	NA	1	0.6980826239963941	NA	1	0.7163660095803244	NA	1	0.7072243167883592	NA	1	NA	NA	0	0.6144581574343562	NA	1	NA	NA	0	expression_driven	1000	STOmics-0224	CellCharter	Mean expression
STOmics0224	statistic_mean	1000	scvi	0.7338666864133011	NA	1	0.3847381806918987	NA	1	0.5593024335525999	NA	1	0.4673101365019962	NA	1	0.6965736020089262	NA	1	0.5819418692554612	NA	1	NA	NA	0	0.5706221514040306	NA	1	NA	NA	0	expression_driven	1000	STOmics-0224	scVI	Mean expression
STOmics0224	statistic_mean	10000	cellcharter	0.44323381683564855	NA	1	0.7643676046935378	NA	1	0.6038007107645932	NA	1	0.7048674838353165	NA	1	0.6446967478496919	NA	1	0.6747821158425042	NA	1	NA	NA	0	0.6392914133035488	NA	1	NA	NA	0	expression_driven	10000	STOmics-0224	CellCharter	Mean expression
STOmics0224	statistic_mean	10000	scvi	0.4471055014972718	NA	1	0.30634683221717	NA	1	0.37672616685722093	NA	1	0.5529308153178415	NA	1	0.6384251623007238	NA	1	0.5956779888092827	NA	1	NA	NA	0	0.4862020778332518	NA	1	NA	NA	0	expression_driven	10000	STOmics-0224	scVI	Mean expression
STOmics0224	statistic_mean	200	cellcharter	0.4753908922662781	NA	1	0.675228277386274	NA	1	0.575309584826276	NA	1	0.6730565789587027	NA	1	0.689826954199011	NA	1	0.6814417665788568	NA	1	NA	NA	0	0.6283756757025665	NA	1	NA	NA	0	expression_driven	200	STOmics-0224	CellCharter	Mean expression
STOmics0224	statistic_mean	200	scvi	0.7883852679602068	NA	1	0.41394162913885463	NA	1	0.6011634485495307	NA	1	0.42199547716041574	NA	1	0.6138899164382349	NA	1	0.5179426967993253	NA	1	NA	NA	0	0.559553072674428	NA	1	NA	NA	0	expression_driven	200	STOmics-0224	scVI	Mean expression
STOmics0224	statistic_mean	2000	cellcharter	0.3774594144316506	0.01159380706121004	3	0.761780588905912	0.02426184226199538	3	0.5696200016687814	0.0117445130328853	3	0.6968596793964825	0.00423806673002272	3	0.6814654377895942	0.04914984643070295	3	0.6891625585930384	0.02669173517250259	3	NA	NA	0	0.62939128013091	0.01439584733892635	3	NA	NA	0	expression_driven	2000	STOmics-0224	CellCharter	Mean expression
STOmics0224	statistic_mean	2000	scvi	0.7382589248104267	0.01999507610957397	3	0.38740893875573174	0.02002450014264666	3	0.5628339317830792	0.00797852123017731	3	0.48701431449176485	0.00913561317184821	3	0.703874318095525	0.04174608034058698	3	0.595444316293645	0.02429329897997695	3	NA	NA	0	0.5791391240383621	0.00851665514589507	3	NA	NA	0	expression_driven	2000	STOmics-0224	scVI	Mean expression
STOmics0224	statistic_mean	500	cellcharter	0.4487931237351304	NA	1	0.659879437742972	NA	1	0.5543362807390512	NA	1	0.6907960007380322	NA	1	0.7274317864097172	NA	1	0.7091138935738747	NA	1	NA	NA	0	0.6317250871564629	NA	1	NA	NA	0	expression_driven	500	STOmics-0224	CellCharter	Mean expression
STOmics0224	statistic_mean	500	scvi	0.7554641888209886	NA	1	0.441862530955415	NA	1	0.5986633598882019	NA	1	0.42884541479719257	NA	1	0.6670833113637644	NA	1	0.5479643630804785	NA	1	NA	NA	0	0.5733138614843402	NA	1	NA	NA	0	expression_driven	500	STOmics-0224	scVI	Mean expression
STOmics0224	statistic_mean	5000	cellcharter	0.3863395227048254	NA	1	0.7640703505309517	NA	1	0.5752049366178886	NA	1	0.7226502629935486	NA	1	0.7060091061822988	NA	1	0.7143296845879237	NA	1	NA	NA	0	0.6447673106029062	NA	1	NA	NA	0	expression_driven	5000	STOmics-0224	CellCharter	Mean expression
STOmics0224	statistic_mean	5000	scvi	0.7197674701894409	NA	1	0.3734658372281568	NA	1	0.5466166537087989	NA	1	0.4982859377194939	NA	1	0.682271933490143	NA	1	0.5902789356048185	NA	1	NA	NA	0	0.5684477946568087	NA	1	NA	NA	0	expression_driven	5000	STOmics-0224	scVI	Mean expression
STOmics0224	statistic_variance	100	cellcharter	0.4212405982886522	NA	1	0.6521690927383135	NA	1	0.5367048455134829	NA	1	0.6586936938332935	NA	1	0.7475375022074449	NA	1	0.7031155980203692	NA	1	NA	NA	0	0.619910221766926	NA	1	NA	NA	0	expression_driven	100	STOmics-0224	CellCharter	Expression variance
STOmics0224	statistic_variance	100	scvi	0.8884220208594117	NA	1	0.4868027022534227	NA	1	0.6876123615564171	NA	1	0.22634837221699056	NA	1	0.5988754672157028	NA	1	0.4126119197163467	NA	1	NA	NA	0	0.5501121406363819	NA	1	NA	NA	0	expression_driven	100	STOmics-0224	scVI	Expression variance
STOmics0224	statistic_variance	1000	cellcharter	0.3927681564005303	NA	1	0.7389867142139127	NA	1	0.5658774353072216	NA	1	0.6905753201943324	NA	1	0.724059606269599	NA	1	0.7073174632319656	NA	1	NA	NA	0	0.6365974492695936	NA	1	NA	NA	0	expression_driven	1000	STOmics-0224	CellCharter	Expression variance
STOmics0224	statistic_variance	1000	scvi	0.7317775806072215	NA	1	0.4080962663806041	NA	1	0.5699369234939128	NA	1	0.4884236710285306	NA	1	0.7242133508584179	NA	1	0.6063185109434742	NA	1	NA	NA	0	0.5881277172186935	NA	1	NA	NA	0	expression_driven	1000	STOmics-0224	scVI	Expression variance
STOmics0224	statistic_variance	10000	cellcharter	0.4159043728959976	NA	1	0.7746659353111397	NA	1	0.5952851541035686	NA	1	0.6544009711007883	NA	1	0.5449420542010339	NA	1	0.5996715126509111	NA	1	NA	NA	0	0.5974783333772399	NA	1	NA	NA	0	expression_driven	10000	STOmics-0224	CellCharter	Expression variance
STOmics0224	statistic_variance	10000	scvi	0.5096860185923	NA	1	0.31785199071932735	NA	1	0.4137690046558137	NA	1	0.5075953764524667	NA	1	0.6102886918956103	NA	1	0.5589420341740385	NA	1	NA	NA	0	0.4863555194149261	NA	1	NA	NA	0	expression_driven	10000	STOmics-0224	scVI	Expression variance
STOmics0224	statistic_variance	200	cellcharter	0.4618403243008774	NA	1	0.6248715798127686	NA	1	0.543355952056823	NA	1	0.6696921979922775	NA	1	0.7807867938903394	NA	1	0.7252394959413084	NA	1	NA	NA	0	0.6342977239990657	NA	1	NA	NA	0	expression_driven	200	STOmics-0224	CellCharter	Expression variance
STOmics0224	statistic_variance	200	scvi	0.8147905576557223	NA	1	0.4623973608695122	NA	1	0.6385939592626173	NA	1	0.3543144631682036	NA	1	0.7069835341536002	NA	1	0.5306489986609019	NA	1	NA	NA	0	0.5846214789617596	NA	1	NA	NA	0	expression_driven	200	STOmics-0224	scVI	Expression variance
STOmics0224	statistic_variance	2000	cellcharter	0.3530394350783947	0.02360846128241468	3	0.7693129683526702	0.01006876756562361	3	0.5611762017155324	0.01538242985768384	3	0.6992776089340054	0.00236968963895175	3	0.706599911856503	0.02657965645504132	3	0.7029387603952543	0.01343880273427451	3	NA	NA	0	0.6320574810553933	0.00669344211781759	3	NA	NA	0	expression_driven	2000	STOmics-0224	CellCharter	Expression variance
STOmics0224	statistic_variance	2000	scvi	0.7352377869597887	0.0247020284467458	3	0.407020274633828	0.01571153067535203	3	0.5711290307968083	0.01943194676387114	3	0.46497996161093497	0.00930852843989779	3	0.6726564372278737	0.03178417712049753	3	0.5688181994194044	0.018546716331305	3	NA	NA	0	0.5699736151081063	0.0188274247151111	3	NA	NA	0	expression_driven	2000	STOmics-0224	scVI	Expression variance
STOmics0224	statistic_variance	500	cellcharter	0.4461971493898628	NA	1	0.6791264461396866	NA	1	0.5626617977647748	NA	1	0.680848742560682	NA	1	0.7453766709631109	NA	1	0.7131127067618964	NA	1	NA	NA	0	0.6378872522633356	NA	1	NA	NA	0	expression_driven	500	STOmics-0224	CellCharter	Expression variance
STOmics0224	statistic_variance	500	scvi	0.7584968455329462	NA	1	0.39241724415201146	NA	1	0.5754570448424788	NA	1	0.44295719970228786	NA	1	0.7013124933206574	NA	1	0.5721348465114726	NA	1	NA	NA	0	0.5737959456769757	NA	1	NA	NA	0	expression_driven	500	STOmics-0224	scVI	Expression variance
STOmics0224	statistic_variance	5000	cellcharter	0.4050011877179253	NA	1	0.8436454363699476	NA	1	0.6243233120439364	NA	1	0.7052646808940941	NA	1	0.6232313165587975	NA	1	0.6642479987264458	NA	1	NA	NA	0	0.6442856553851911	NA	1	NA	NA	0	expression_driven	5000	STOmics-0224	CellCharter	Expression variance
STOmics0224	statistic_variance	5000	scvi	0.5549080505784649	NA	1	0.3106095192887338	NA	1	0.43275878493359937	NA	1	0.5204249798799859	NA	1	0.6547739893111213	NA	1	0.5875994845955537	NA	1	NA	NA	0	0.5101791347645765	NA	1	NA	NA	0	expression_driven	5000	STOmics-0224	scVI	Expression variance
STOmics0224	triku	100	cellcharter	0.31160106908878643	NA	1	0.7137289559783607	NA	1	0.5126650125335735	NA	1	0.6899910304840023	NA	1	0.6100700781891534	NA	1	0.6500305543365779	NA	1	NA	NA	0	0.5813477834350758	NA	1	NA	NA	0	expression_driven	100	STOmics-0224	CellCharter	triku
STOmics0224	triku	100	scvi	0.8657367925861925	NA	1	0.47570631027377663	NA	1	0.6707215514299846	NA	1	0.1901917356837776	NA	1	0.3486877555122375	NA	1	0.26943974559800754	NA	1	NA	NA	0	0.47008064851399606	NA	1	NA	NA	0	expression_driven	100	STOmics-0224	scVI	triku
STOmics0224	triku	1000	cellcharter	0.33967222098859245	NA	1	0.7456628613851625	NA	1	0.5426675411868774	NA	1	0.702084282523059	NA	1	0.7567624532910437	NA	1	0.7294233679070514	NA	1	NA	NA	0	0.6360454545469645	NA	1	NA	NA	0	expression_driven	1000	STOmics-0224	CellCharter	triku
STOmics0224	triku	1000	scvi	0.8136949273103435	NA	1	0.48361774991579914	NA	1	0.6486563386130714	NA	1	0.41261088230191906	NA	1	0.6219753318766386	NA	1	0.5172931070892788	NA	1	NA	NA	0	0.582974722851175	NA	1	NA	NA	0	expression_driven	1000	STOmics-0224	scVI	triku
STOmics0224	triku	10000	cellcharter	0.39177380609560714	NA	1	0.7604570425433219	NA	1	0.5761154243194645	NA	1	0.730639557195475	NA	1	0.771011740370448	NA	1	0.7508256487829614	NA	1	NA	NA	0	0.663470536551213	NA	1	NA	NA	0	expression_driven	10000	STOmics-0224	CellCharter	triku
STOmics0224	triku	10000	scvi	0.4935366255906597	NA	1	0.3637245841249298	NA	1	0.4286306048577947	NA	1	0.551298480269735	NA	1	0.701370791174343	NA	1	0.626334635722039	NA	1	NA	NA	0	0.5274826202899169	NA	1	NA	NA	0	expression_driven	10000	STOmics-0224	scVI	triku
STOmics0224	triku	200	cellcharter	0.35123612749647515	NA	1	0.7656851096549787	NA	1	0.5584606185757269	NA	1	0.6861617834575071	NA	1	0.7163002654954689	NA	1	0.701231024476488	NA	1	NA	NA	0	0.6298458215261075	NA	1	NA	NA	0	expression_driven	200	STOmics-0224	CellCharter	triku
STOmics0224	triku	200	scvi	0.8741870008599597	NA	1	0.4903844050877127	NA	1	0.6822857029738363	NA	1	0.28328970531022396	NA	1	0.5361749672527671	NA	1	0.4097323362814955	NA	1	NA	NA	0	0.5460090196276659	NA	1	NA	NA	0	expression_driven	200	STOmics-0224	scVI	triku
STOmics0224	triku	2000	cellcharter	0.33832614063823985	0.01255769982706214	3	0.7546158855795966	0.0208949978097639	3	0.5464710131089182	0.01065872945862074	3	0.7102904909587169	0.0105581732778601	3	0.7019618675877889	0.01870477419652532	3	0.7061261792732528	0.01438726830251898	3	NA	NA	0	0.6262985961910855	0.00900239090806796	3	NA	NA	0	expression_driven	2000	STOmics-0224	CellCharter	triku
STOmics0224	triku	2000	scvi	0.7862254154839144	0.00684399663180341	3	0.48843193994755846	0.01686058443351187	3	0.6373286777157364	0.00549373207173834	3	0.4790874883151477	0.01537829203723695	3	0.6885606556191192	0.09735397652087574	3	0.5838240719671334	0.05564463026414796	3	NA	NA	0	0.6105763748414349	0.02996947463994613	3	NA	NA	0	expression_driven	2000	STOmics-0224	scVI	triku
STOmics0224	triku	500	cellcharter	0.3911127156271857	NA	1	0.7461886342043935	NA	1	0.5686506749157896	NA	1	0.7026135896346951	NA	1	0.7656149917979099	NA	1	0.7341142907163025	NA	1	NA	NA	0	0.651382482816046	NA	1	NA	NA	0	expression_driven	500	STOmics-0224	CellCharter	triku
STOmics0224	triku	500	scvi	0.8165342983822266	NA	1	0.5144781304480469	NA	1	0.6655062144151367	NA	1	0.41951048576592126	NA	1	0.64795833466836	NA	1	0.5337344102171406	NA	1	NA	NA	0	0.5996203123161387	NA	1	NA	NA	0	expression_driven	500	STOmics-0224	scVI	triku
STOmics0224	triku	5000	cellcharter	0.3771264943330855	NA	1	0.7207003896233286	NA	1	0.548913441978207	NA	1	0.7124296844508633	NA	1	0.6401152923474052	NA	1	0.6762724883991342	NA	1	NA	NA	0	0.6125929651886706	NA	1	NA	NA	0	expression_driven	5000	STOmics-0224	CellCharter	triku
STOmics0224	triku	5000	scvi	0.7215707175958703	NA	1	0.4474561327275249	NA	1	0.5845134251616976	NA	1	0.47684768790331306	NA	1	0.7018161757019765	NA	1	0.5893319318026448	NA	1	NA	NA	0	0.5869226784821712	NA	1	NA	NA	0	expression_driven	5000	STOmics-0224	scVI	triku
